time,date,hour,precip [mm/day],sub721 [m3/s],sub721 (observed) [m3/s]
0,2010-01-01,00:00:00.00,---,32.6472,
1,2010-01-02,00:00:00.00,0.771124,20.7478,20.7846
2,2010-01-03,00:00:00.00,2.06918,4.43028,16.0557
3,2010-01-04,00:00:00.00,4.03755,0.369184,14.3283
4,2010-01-05,00:00:00.00,3.28676,0.520878,14.1867
5,2010-01-06,00:00:00.00,4.14235,0.425974,17.4715
6,2010-01-07,00:00:00.00,2.33626,0.488049,17.4715
7,2010-01-08,00:00:00.00,1.82678,0.458066,16.622
8,2010-01-09,00:00:00.00,2.75252,0.476482,16.4521
9,2010-01-10,00:00:00.00,0.411415,0.474588,16.622
10,2010-01-11,00:00:00.00,0.202677,0.47571,16.2822
11,2010-01-12,00:00:00.00,1.42586,0.4839,25.9099
12,2010-01-13,00:00:00.00,0.60493,0.504726,21.0677
13,2010-01-14,00:00:00.00,0.0887991,0.546975,17.9812
14,2010-01-15,00:00:00.00,0.0142179,0.542081,17.1034
15,2010-01-16,00:00:00.00,0.110122,0.546163,21.8889
16,2010-01-17,00:00:00.00,0.0345178,1.32369,28.2036
17,2010-01-18,00:00:00.00,0.300695,4.51191,34.2634
18,2010-01-19,00:00:00.00,0.0284203,7.25326,32.8475
19,2010-01-20,00:00:00.00,0.225019,5.16187,29.4495
20,2010-01-21,00:00:00.00,0.176505,2.22992,27.7788
21,2010-01-22,00:00:00.00,0.00176986,2.00463,23.8994
22,2010-01-23,00:00:00.00,1.55866,2.18529,21.8323
23,2010-01-24,00:00:00.00,0.0133296,2.22448,25.8816
24,2010-01-25,00:00:00.00,14.2951,4.59793,42.4753
25,2010-01-26,00:00:00.00,16.1895,12.4209,147.814
26,2010-01-27,00:00:00.00,5.09779,18.3112,240.127
27,2010-01-28,00:00:00.00,1.34004,14.6394,133.939
28,2010-01-29,00:00:00.00,2.15217,10.1614,88.3486
29,2010-01-30,00:00:00.00,0.246837,9.72952,66.8278
30,2010-01-31,00:00:00.00,0.0964065,9.5834,43.0416
31,2010-02-01,00:00:00.00,0.117881,9.32819,19.5103
32,2010-02-02,00:00:00.00,0.082393,9.14908,16.8202
33,2010-02-03,00:00:00.00,0.281779,8.93129,16.4804
34,2010-02-04,00:00:00.00,1.41342,8.75521,15.8574
35,2010-02-05,00:00:00.00,0.0510674,8.56128,12.0063
36,2010-02-06,00:00:00.00,0.875481,8.39422,11.7232
37,2010-02-07,00:00:00.00,1.1896,8.21865,11.4683
38,2010-02-08,00:00:00.00,0.228496,8.0623,11.2418
39,2010-02-09,00:00:00.00,0.00961642,7.9006,10.5339
40,2010-02-10,00:00:00.00,5.91163,7.74917,10.817
41,2010-02-11,00:00:00.00,10.6518,7.59978,11.0436
42,2010-02-12,00:00:00.00,2.48718,7.45803,12.1196
43,2010-02-13,00:00:00.00,0.398367,7.31792,13.2523
44,2010-02-14,00:00:00.00,0.892226,7.18239,13.8469
45,2010-02-15,00:00:00.00,0.91171,7.04944,13.8753
46,2010-02-16,00:00:00.00,1.46245,6.92004,13.8753
47,2010-02-17,00:00:00.00,4.59593,6.79449,13.7337
48,2010-02-18,00:00:00.00,0.804719,6.67081,13.8753
49,2010-02-19,00:00:00.00,0.441335,6.55051,15.0646
50,2010-02-20,00:00:00.00,0.0808223,6.43279,15.3477
51,2010-02-21,00:00:00.00,0.000901309,6.31854,18.5475
52,2010-02-22,00:00:00.00,0.0175378,6.20414,20.8129
53,2010-02-23,00:00:00.00,7.05975,11.5506,20.4448
54,2010-02-24,00:00:00.00,0.507041,20.2245,30.0159
55,2010-02-25,00:00:00.00,1.18692,19.2656,41.6258
56,2010-02-26,00:00:00.00,2.57643,13.8833,54.6515
57,2010-02-27,00:00:00.00,8.14578,12.9065,50.404
58,2010-02-28,00:00:00.00,5.86239,12.8387,46.7228
59,2010-03-01,00:00:00.00,2.58822,12.7944,44.1743
60,2010-03-02,00:00:00.00,0.331874,12.408,41.9089
61,2010-03-03,00:00:00.00,0.078894,11.6239,37.3782
62,2010-03-04,00:00:00.00,0.0832116,11.1673,36.2456
63,2010-03-05,00:00:00.00,0.0173705,10.7332,34.5466
64,2010-03-06,00:00:00.00,0.00237864,10.3641,33.1307
65,2010-03-07,00:00:00.00,0.00467458,9.99423,31.1485
66,2010-03-08,00:00:00.00,0.00115408,9.66259,30.5822
67,2010-03-09,00:00:00.00,0,17.3539,31.7149
68,2010-03-10,00:00:00.00,0.0118676,43.6104,46.1565
69,2010-03-11,00:00:00.00,0.230838,62.2603,86.3664
70,2010-03-12,00:00:00.00,0.0639013,51.2742,173.016
71,2010-03-13,00:00:00.00,1.51633,37.7121,271.842
72,2010-03-14,00:00:00.00,12.2953,41.5205,246.923
73,2010-03-15,00:00:00.00,4.32365,52.5332,220.022
74,2010-03-16,00:00:00.00,0.297638,51.5446,159.141
75,2010-03-17,00:00:00.00,0.00203672,41.2875,106.188
76,2010-03-18,00:00:00.00,0,34.9043,80.703
77,2010-03-19,00:00:00.00,1.1453e-308,30.9079,60.0317
78,2010-03-20,00:00:00.00,0.000170731,27.7441,35.9624
79,2010-03-21,00:00:00.00,0.12305,25.2021,21.5774
80,2010-03-22,00:00:00.00,0.200575,23.0388,15.999
81,2010-03-23,00:00:00.00,16.0019,30.3847,23.4463
82,2010-03-24,00:00:00.00,4.5049,44.5231,50.6872
83,2010-03-25,00:00:00.00,0.000250322,44.5947,53.5188
84,2010-03-26,00:00:00.00,17.4424,49.375,41.0594
85,2010-03-27,00:00:00.00,0.0114284,64.1425,44.4574
86,2010-03-28,00:00:00.00,0.000444443,56.7828,42.4753
87,2010-03-29,00:00:00.00,6.80294,47.0268,31.4317
88,2010-03-30,00:00:00.00,1.29192,47.7766,37.0951
89,2010-03-31,00:00:00.00,0.00267646,41.9719,38.5109
90,2010-04-01,00:00:00.00,0.00588078,35.0019,30.5822
91,2010-04-02,00:00:00.00,2.8229e-308,31.0557,23.3048
92,2010-04-03,00:00:00.00,1.4115e-308,27.8599,17.4149
93,2010-04-04,00:00:00.00,0.000463766,25.2757,14.2151
94,2010-04-05,00:00:00.00,7.50354e-308,23.0518,12.2612
95,2010-04-06,00:00:00.00,0.0551161,21.2122,11.2701
96,2010-04-07,00:00:00.00,0.102559,19.5738,9.203
97,2010-04-08,00:00:00.00,0.0756444,18.175,8.0986
98,2010-04-09,00:00:00.00,5.84318,18.1896,11.4683
99,2010-04-10,00:00:00.00,0.473092,19.0669,9.203
100,2010-04-11,00:00:00.00,0,17.9105,9.7976
101,2010-04-12,00:00:00.00,0.00668278,15.9677,9.1747
102,2010-04-13,00:00:00.00,0.000171571,14.9514,7.3907
103,2010-04-14,00:00:00.00,1.28812,14.0973,6.1731
104,2010-04-15,00:00:00.00,0.000282952,13.3108,5.2669
105,2010-04-16,00:00:00.00,0.0174817,12.599,4.7572
106,2010-04-17,00:00:00.00,2.80158,11.9442,4.7289
107,2010-04-18,00:00:00.00,0.370542,11.3771,5.4085
108,2010-04-19,00:00:00.00,0.31813,10.858,5.0404
109,2010-04-20,00:00:00.00,0,10.3649,4.7006
110,2010-04-21,00:00:00.00,0,9.90548,4.559
111,2010-04-22,00:00:00.00,3.07704e-308,9.47738,4.2192
112,2010-04-23,00:00:00.00,0.00253582,9.0823,3.8511
113,2010-04-24,00:00:00.00,1.253e-308,8.71515,3.483
114,2010-04-25,00:00:00.00,2.55158,8.37001,3.398
115,2010-04-26,00:00:00.00,22.8316,12.5882,7.1925
116,2010-04-27,00:00:00.00,10.5284,22.1769,49.8376
117,2010-04-28,00:00:00.00,0.0376681,25.2666,92.3129
118,2010-04-29,00:00:00.00,0.00474685,20.2425,59.4654
119,2010-04-30,00:00:00.00,0.00727433,16.8339,31.1485
120,2010-05-01,00:00:00.00,0.000647188,15.6838,19.1422
121,2010-05-02,00:00:00.00,0.0226673,14.6035,13.3372
122,2010-05-03,00:00:00.00,0.907872,13.7075,9.0048
123,2010-05-04,00:00:00.00,1.6589,12.8677,8.1269
124,2010-05-05,00:00:00.00,0.509905,12.1518,7.6739
125,2010-05-06,00:00:00.00,6.98674,12.2211,6.4279
126,2010-05-07,00:00:00.00,4.24583,13.0549,8.6933
127,2010-05-08,00:00:00.00,4.28134,13.034,7.6172
128,2010-05-09,00:00:00.00,8.03401,13.5178,19.0289
129,2010-05-10,00:00:00.00,0.284915,14.7531,19.2838
130,2010-05-11,00:00:00.00,0.000924059,13.79,21.9456
131,2010-05-12,00:00:00.00,23.4691,18.6431,29.4495
132,2010-05-13,00:00:00.00,0.542357,28.1313,87.2159
133,2010-05-14,00:00:00.00,3.5382,26.6186,72.7743
134,2010-05-15,00:00:00.00,8.47072,22.4023,80.9862
135,2010-05-16,00:00:00.00,0,23.4905,88.6317
136,2010-05-17,00:00:00.00,0,21.7112,60.5981
137,2010-05-18,00:00:00.00,3.29751,18.8265,37.0951
138,2010-05-19,00:00:00.00,12.4655,20.9681,38.2277
139,2010-05-20,00:00:00.00,0.0710082,25.0458,40.2099
140,2010-05-21,00:00:00.00,0.00109388,23.3038,37.0951
141,2010-05-22,00:00:00.00,0.0501668,19.2723,32.8475
142,2010-05-23,00:00:00.00,9.72883,19.7703,31.4317
143,2010-05-24,00:00:00.00,0.0716086,21.656,25.2869
144,2010-05-25,00:00:00.00,0.000162705,20.1114,18.7741
145,2010-05-26,00:00:00.00,4.92365e-308,17.2883,21.4075
146,2010-05-27,00:00:00.00,0.00929103,15.94,17.9529
147,2010-05-28,00:00:00.00,0,14.8461,12.0347
148,2010-05-29,00:00:00.00,0,13.8347,8.1836
149,2010-05-30,00:00:00.00,0.00451308,12.9759,5.9182
150,2010-05-31,00:00:00.00,1.443e-308,12.1699,4.5873
151,2010-06-01,00:00:00.00,26.4589,16.6671,4.3608
152,2010-06-02,00:00:00.00,4.48862,24.163,15.0362
153,2010-06-03,00:00:00.00,1.21664,22.8727,30.8654
154,2010-06-04,00:00:00.00,0.255009,17.65,30.8654
155,2010-06-05,00:00:00.00,0.12838,16.0629,25.117
156,2010-06-06,00:00:00.00,2.87033,14.9794,16.2539
157,2010-06-07,00:00:00.00,21.498,18.9327,68.8099
158,2010-06-08,00:00:00.00,0.551697,25.7333,95.7109
159,2010-06-09,00:00:00.00,0.0291483,24.0163,73.0575
160,2010-06-10,00:00:00.00,8.89993,20.481,53.5188
161,2010-06-11,00:00:00.00,0.0445444,21.166,48.4218
162,2010-06-12,00:00:00.00,0.223845,19.6312,35.9624
163,2010-06-13,00:00:00.00,0.00776757,17.0766,18.9723
164,2010-06-14,00:00:00.00,0.179284,15.7814,12.6293
165,2010-06-15,00:00:00.00,0.379312,14.6401,8.5234
166,2010-06-16,00:00:00.00,0.378803,13.6724,6.4279
167,2010-06-17,00:00:00.00,0.0450613,12.7799,5.2386
168,2010-06-18,00:00:00.00,0.011679,12.0174,4.7006
169,2010-06-19,00:00:00.00,0.0101541,11.3105,4.1626
170,2010-06-20,00:00:00.00,0.0192142,10.6824,3.6812
171,2010-06-21,00:00:00.00,3.73521e-308,10.1094,3.3697
172,2010-06-22,00:00:00.00,0.0911645,9.59939,3.7945
173,2010-06-23,00:00:00.00,4.12937,9.12749,4.644
174,2010-06-24,00:00:00.00,6.44982,8.87073,5.1537
175,2010-06-25,00:00:00.00,2.49319,8.7556,6.0598
176,2010-06-26,00:00:00.00,0.101195,8.36621,4.4741
177,2010-06-27,00:00:00.00,0.0818421,7.86315,3.9927
178,2010-06-28,00:00:00.00,3.87083,7.52121,3.8511
179,2010-06-29,00:00:00.00,1.33058,7.22982,3.1998
180,2010-06-30,00:00:00.00,0.0824016,6.95406,1.985
181,2010-07-01,00:00:00.00,2.4755e-308,6.70492,1.4753
182,2010-07-02,00:00:00.00,0.0149257,6.45793,1.3819
183,2010-07-03,00:00:00.00,0.000175856,6.2315,2.1153
184,2010-07-04,00:00:00.00,0.012521,6.01191,1.7075
185,2010-07-05,00:00:00.00,0,5.80675,1.3564
186,2010-07-06,00:00:00.00,0.000142296,5.61358,1.2006
187,2010-07-07,00:00:00.00,6.75414e-308,5.43565,1.076
188,2010-07-08,00:00:00.00,0.00132674,5.26704,1.0137
189,2010-07-09,00:00:00.00,0.0401128,5.11102,0.892
190,2010-07-10,00:00:00.00,14.0058,5.3643,0.8637
191,2010-07-11,00:00:00.00,0.272001,5.87229,1.5659
192,2010-07-12,00:00:00.00,0.0919613,5.6272,1.447
193,2010-07-13,00:00:00.00,4.47359,5.05922,1.1497
194,2010-07-14,00:00:00.00,6.96381,5.01429,5.2953
195,2010-07-15,00:00:00.00,0.0947376,5.08223,5.097
196,2010-07-16,00:00:00.00,0.332344,4.89643,6.6545
197,2010-07-17,00:00:00.00,1.74441,4.64454,4.1626
198,2010-07-18,00:00:00.00,0.00371064,4.50666,2.8062
199,2010-07-19,00:00:00.00,0.495401,4.39713,1.8406
200,2010-07-20,00:00:00.00,4.2187,4.28224,1.5008
201,2010-07-21,00:00:00.00,2.04834,4.18417,1.6395
202,2010-07-22,00:00:00.00,0.247913,4.08068,2.036
203,2010-07-23,00:00:00.00,0.0964393,3.9823,1.3026
204,2010-07-24,00:00:00.00,20.2826,4.43779,1.4696
205,2010-07-25,00:00:00.00,5.67425,5.28853,5.805
206,2010-07-26,00:00:00.00,10.0842,5.4311,5.097
207,2010-07-27,00:00:00.00,0.177817,5.20141,6.7394
208,2010-07-28,00:00:00.00,0.0331619,4.89571,6.258
209,2010-07-29,00:00:00.00,10.1262,4.76455,3.483
210,2010-07-30,00:00:00.00,4.07017,5.13716,6.3996
211,2010-07-31,00:00:00.00,0.00580732,4.98848,9.0048
212,2010-08-01,00:00:00.00,0.158146,4.49709,8.3252
213,2010-08-02,00:00:00.00,0.0274527,4.34795,4.8422
214,2010-08-03,00:00:00.00,0.0171646,4.24681,3.1149
215,2010-08-04,00:00:00.00,0.350512,4.13736,1.9765
216,2010-08-05,00:00:00.00,2.45812,4.03983,1.4555
217,2010-08-06,00:00:00.00,3.14882,3.94476,1.5886
218,2010-08-07,00:00:00.00,0.409479,3.86105,1.5659
219,2010-08-08,00:00:00.00,0.0647877,3.77663,1.3422
220,2010-08-09,00:00:00.00,0.000572415,3.69312,1.2063
221,2010-08-10,00:00:00.00,0.00685049,3.60819,1.0421
222,2010-08-11,00:00:00.00,0.00253658,3.53202,0.943
223,2010-08-12,00:00:00.00,0.850782,3.45822,0.8835
224,2010-08-13,00:00:00.00,13.7492,3.70807,3.3131
225,2010-08-14,00:00:00.00,4.1585e-308,4.16066,3.5396
226,2010-08-15,00:00:00.00,0.466125,3.98984,3.0016
227,2010-08-16,00:00:00.00,1.71364,3.53319,3.7661
228,2010-08-17,00:00:00.00,0.0284626,3.4271,2.1719
229,2010-08-18,00:00:00.00,0.0168046,3.3775,1.9963
230,2010-08-19,00:00:00.00,0.166616,3.29979,1.5574
231,2010-08-20,00:00:00.00,0.0211663,3.24167,1.212
232,2010-08-21,00:00:00.00,0.0155327,3.17482,0.9798
233,2010-08-22,00:00:00.00,25.3211,3.9029,0.9656
234,2010-08-23,00:00:00.00,4.77087,5.19812,6.0315
235,2010-08-24,00:00:00.00,0.879632,5.00675,5.6351
236,2010-08-25,00:00:00.00,0.111894,3.95903,5.805
237,2010-08-26,00:00:00.00,0.0405017,3.70428,4.021
238,2010-08-27,00:00:00.00,0.0317996,3.66403,2.945
239,2010-08-28,00:00:00.00,0.00695528,3.56663,1.9765
240,2010-08-29,00:00:00.00,0.0202385,3.50536,1.3677
241,2010-08-30,00:00:00.00,0.0162904,3.41947,1.1213
242,2010-08-31,00:00:00.00,0.011978,3.35428,0.9826
243,2010-09-01,00:00:00.00,0.00592648,3.28254,0.8863
244,2010-09-02,00:00:00.00,2.74387e-308,3.22274,0.8297
245,2010-09-03,00:00:00.00,0.000206921,3.16017,0.7561
246,2010-09-04,00:00:00.00,8.44129,3.26244,0.7759
247,2010-09-05,00:00:00.00,10.7345,3.78764,3.7095
248,2010-09-06,00:00:00.00,0.025113,4.20102,2.2653
249,2010-09-07,00:00:00.00,0.0805284,3.84078,1.2714
250,2010-09-08,00:00:00.00,4.9045,3.43573,1.0675
251,2010-09-09,00:00:00.00,0.0595125,3.45969,0.9401
252,2010-09-10,00:00:00.00,0.0171684,3.39221,0.9005
253,2010-09-11,00:00:00.00,0.0140619,3.23884,0.8184
254,2010-09-12,00:00:00.00,4.80145,3.25478,0.7815
255,2010-09-13,00:00:00.00,0.586588,3.33097,0.8835
256,2010-09-14,00:00:00.00,0.166289,3.24521,0.8637
257,2010-09-15,00:00:00.00,0.274196,3.0881,0.7844
258,2010-09-16,00:00:00.00,0.000299346,3.02486,0.7136
259,2010-09-17,00:00:00.00,15.7723,3.54096,0.7674
260,2010-09-18,00:00:00.00,0.829988,4.41022,1.4668
261,2010-09-19,00:00:00.00,0.0346216,4.17407,1.2346
262,2010-09-20,00:00:00.00,0.052223,3.41225,1.1525
263,2010-09-21,00:00:00.00,0.00743673,3.28345,1.1157
264,2010-09-22,00:00:00.00,4.07592e-308,3.25255,0.9854
265,2010-09-23,00:00:00.00,3.41571,3.19416,1.0534
266,2010-09-24,00:00:00.00,0.312257,3.19054,1.0789
267,2010-09-25,00:00:00.00,0.00727642,3.11561,0.9628
268,2010-09-26,00:00:00.00,0.00604728,3.03814,0.8807
269,2010-09-27,00:00:00.00,0.0143049,2.98608,0.7929
270,2010-09-28,00:00:00.00,2.48202,2.95182,0.7589
271,2010-09-29,00:00:00.00,13.8676,3.44998,3.936
272,2010-09-30,00:00:00.00,0.774319,4.26687,4.7289
273,2010-10-01,00:00:00.00,0.0301095,4.02264,1.8406
274,2010-10-02,00:00:00.00,0.00215479,3.30585,1.1836
275,2010-10-03,00:00:00.00,14.9437,3.98388,1.0392
276,2010-10-04,00:00:00.00,9.695,5.93583,8.0986
277,2010-10-05,00:00:00.00,5.52292,7.08232,5.3802
278,2010-10-06,00:00:00.00,5.23977,6.87325,5.0404
279,2010-10-07,00:00:00.00,5.36585,6.85806,7.9287
280,2010-10-08,00:00:00.00,0.362948,6.88368,8.8065
281,2010-10-09,00:00:00.00,0.0672692,6.19195,6.3147
282,2010-10-10,00:00:00.00,0.00630164,5.57203,4.9554
283,2010-10-11,00:00:00.00,0.117639,5.3876,3.8794
284,2010-10-12,00:00:00.00,0.0491958,5.25498,3.1149
285,2010-10-13,00:00:00.00,0.0351747,5.11111,2.4806
286,2010-10-14,00:00:00.00,0.121929,4.98709,1.8859
287,2010-10-15,00:00:00.00,14.2241,6.30105,7.7871
288,2010-10-16,00:00:00.00,6.88255,9.29791,15.461
289,2010-10-17,00:00:00.00,0.000191622,10.078,11.3267
290,2010-10-18,00:00:00.00,0.000708783,8.20819,7.957
291,2010-10-19,00:00:00.00,1.48408,7.08381,4.6723
292,2010-10-20,00:00:00.00,0.78216,6.86204,3.1715
293,2010-10-21,00:00:00.00,0.0105266,6.63562,2.1662
294,2010-10-22,00:00:00.00,6.69774,7.20336,2.3843
295,2010-10-23,00:00:00.00,0.213233,8.24234,4.1626
296,2010-10-24,00:00:00.00,0.00369709,7.88932,2.86
297,2010-10-25,00:00:00.00,0.412286,6.90046,2.2002
298,2010-10-26,00:00:00.00,0.340308,6.61862,1.8491
299,2010-10-27,00:00:00.00,17.1859,9.05109,2.2059
300,2010-10-28,00:00:00.00,0.000698472,13.0225,9.4295
301,2010-10-29,00:00:00.00,3.25077,12.7393,10.2224
302,2010-10-30,00:00:00.00,2.01859,10.7424,11.8648
303,2010-10-31,00:00:00.00,1.18019e-308,10.3965,12.9125
304,2010-11-01,00:00:00.00,0.289091,9.70726,9.9675
305,2010-11-02,00:00:00.00,0.0253982,9.09152,6.5412
306,2010-11-03,00:00:00.00,0.00299393,8.76726,4.559
307,2010-11-04,00:00:00.00,0.237569,8.40963,3.3131
308,2010-11-05,00:00:00.00,4.85156,8.83139,2.6391
309,2010-11-06,00:00:00.00,12.4195,12.3089,9.5711
310,2010-11-07,00:00:00.00,3.46061,16.7408,11.7232
311,2010-11-08,00:00:00.00,1.40907e-308,16.3269,27.6372
312,2010-11-09,00:00:00.00,0,13.374,20.9828
313,2010-11-10,00:00:00.00,8.16712e-308,12.0949,12.1479
314,2010-11-11,00:00:00.00,0.00192615,11.5283,7.957
315,2010-11-12,00:00:00.00,0.000181407,10.9688,5.6917
316,2010-11-13,00:00:00.00,0.00033077,10.4889,4.4174
317,2010-11-14,00:00:00.00,0.00194039,10.0257,3.483
318,2010-11-15,00:00:00.00,1.87559,9.79509,3.0016
319,2010-11-16,00:00:00.00,0.000267428,9.68949,2.8005
320,2010-11-17,00:00:00.00,17.0936,13.6089,3.1998
321,2010-11-18,00:00:00.00,7.01486,22.0926,37.3782
322,2010-11-19,00:00:00.00,3.4934,25.5096,58.6159
323,2010-11-20,00:00:00.00,0.239489,22.4807,42.7584
324,2010-11-21,00:00:00.00,0.0256487,19.3532,24.6923
325,2010-11-22,00:00:00.00,0.0137721,17.3976,14.6115
326,2010-11-23,00:00:00.00,9.81507,19.6417,10.7604
327,2010-11-24,00:00:00.00,4.98461,25.8171,16.7069
328,2010-11-25,00:00:00.00,0.0462832,27.156,22.1721
329,2010-11-26,00:00:00.00,30.0006,44.4687,39.6436
330,2010-11-27,00:00:00.00,4.5832,72.744,114.966
331,2010-11-28,00:00:00.00,0.782343,66.5438,96.2773
332,2010-11-29,00:00:00.00,0.111913,46.8388,52.6693
333,2010-11-30,00:00:00.00,0.0107818,39.7038,31.7149
334,2010-12-01,00:00:00.00,50.9423,131.191,44.4574
335,2010-12-02,00:00:00.00,23.8379,244.639,174.149
336,2010-12-03,00:00:00.00,0.730697,186.946,169.618
337,2010-12-04,00:00:00.00,1.30065,104.639,93.1624
338,2010-12-05,00:00:00.00,1.83515,79.9737,60.5981
339,2010-12-06,00:00:00.00,1.52969,59.9875,47.8555
340,2010-12-07,00:00:00.00,4.07594,52.4155,33.1307
341,2010-12-08,00:00:00.00,1.00191,43.7404,23.3331
342,2010-12-09,00:00:00.00,2.13401,39.5701,20.3598
343,2010-12-10,00:00:00.00,1.01307,35.0792,17.8962
344,2010-12-11,00:00:00.00,1.513,32.2267,17.16
345,2010-12-12,00:00:00.00,0.00583964,29.6543,17.7547
346,2010-12-13,00:00:00.00,14.0279,36.0085,38.7941
347,2010-12-14,00:00:00.00,3.59537,46.7269,75.606
348,2010-12-15,00:00:00.00,2.62294,43.2651,63.1466
349,2010-12-16,00:00:00.00,0.684977,35.1781,45.8733
350,2010-12-17,00:00:00.00,0.960049,31.8985,39.3604
351,2010-12-18,00:00:00.00,0.6447,29.454,36.5287
352,2010-12-19,00:00:00.00,0.066388,27.2869,24.579
353,2010-12-20,00:00:00.00,0.66685,25.6107,18.236
354,2010-12-21,00:00:00.00,1.02198,24.0408,17.8396
355,2010-12-22,00:00:00.00,0.830475,22.8049,16.622
356,2010-12-23,00:00:00.00,0.547912,21.6154,16.0273
357,2010-12-24,00:00:00.00,1.74403,20.651,14.838
358,2010-12-25,00:00:00.00,0.382648,19.7348,14.2151
359,2010-12-26,00:00:00.00,0.833438,18.9519,14.2151
360,2010-12-27,00:00:00.00,1.51408,18.2178,14.1018
361,2010-12-28,00:00:00.00,0.443085,17.554,12.2329
362,2010-12-29,00:00:00.00,0.0330473,16.9534,11.6099
363,2010-12-30,00:00:00.00,0.0362345,16.3808,10.364
364,2010-12-31,00:00:00.00,0.554096,15.8763,10.1657
365,2011-01-01,00:00:00.00,0.812447,52.1962,33.1307
366,2011-01-02,00:00:00.00,12.9688,178.371,101.941
367,2011-01-03,00:00:00.00,0.188197,229.338,160.273
368,2011-01-04,00:00:00.00,0.0600397,143.99,100.808
369,2011-01-05,00:00:00.00,0.173614,89.5002,55.7842
370,2011-01-06,00:00:00.00,1.22918,70.7282,43.8911
371,2011-01-07,00:00:00.00,4.74888,56.6324,28.6
372,2011-01-08,00:00:00.00,2.32802,49.1185,18.6608
373,2011-01-09,00:00:00.00,4.67787,42.4937,13.5921
374,2011-01-10,00:00:00.00,1.88881,38.3445,11.1285
375,2011-01-11,00:00:00.00,0.487651,34.6148,9.2313
376,2011-01-12,00:00:00.00,5.96559,31.9086,8.3818
377,2011-01-13,00:00:00.00,2.79907,29.5529,7.8721
378,2011-01-14,00:00:00.00,1.39868,27.623,8.3818
379,2011-01-15,00:00:00.00,1.40848,26.0002,7.9287
380,2011-01-16,00:00:00.00,1.79316,24.5505,7.8721
381,2011-01-17,00:00:00.00,0.141631,23.3503,7.8154
382,2011-01-18,00:00:00.00,0.00873627,22.228,11.1002
383,2011-01-19,00:00:00.00,2.67712,22.1029,9.9675
384,2011-01-20,00:00:00.00,1.51319,22.4536,9.4295
385,2011-01-21,00:00:00.00,2.7531,21.5843,10.9869
386,2011-01-22,00:00:00.00,1.37105,20.1968,13.6487
387,2011-01-23,00:00:00.00,0.874368,19.4117,15.8858
388,2011-01-24,00:00:00.00,0.527798,18.7078,13.6487
389,2011-01-25,00:00:00.00,1.24053,18.0695,14.2717
390,2011-01-26,00:00:00.00,0.377876,17.4782,12.3745
391,2011-01-27,00:00:00.00,0.132962,16.9203,10.9586
392,2011-01-28,00:00:00.00,2.27917,16.4075,10.1941
393,2011-01-29,00:00:00.00,3.03741,15.9162,9.5428
394,2011-01-30,00:00:00.00,3.19364,15.4663,9.5145
395,2011-01-31,00:00:00.00,0.320915,15.03,9.4295
396,2011-02-01,00:00:00.00,0.0672315,14.6293,8.4951
397,2011-02-02,00:00:00.00,10.9832,14.2398,8.5517
398,2011-02-03,00:00:00.00,9.86256,15.5348,12.1196
399,2011-02-04,00:00:00.00,0.65795,17.7852,14.7814
400,2011-02-05,00:00:00.00,0.00173248,17.2437,20.8695
401,2011-02-06,00:00:00.00,6.03451,15.5494,29.1664
402,2011-02-07,00:00:00.00,0.301531,15.0656,33.1307
403,2011-02-08,00:00:00.00,4.20464,15.1028,28.8832
404,2011-02-09,00:00:00.00,1.18064,15.3686,24.6357
405,2011-02-10,00:00:00.00,0.0343919,14.9149,20.558
406,2011-02-11,00:00:00.00,0.106169,14.1187,20.558
407,2011-02-12,00:00:00.00,0.0698927,13.6955,16.9618
408,2011-02-13,00:00:00.00,4.36449,13.3112,13.6487
409,2011-02-14,00:00:00.00,0.404315,12.9488,10.5905
410,2011-02-15,00:00:00.00,1.19617,14.7159,24.6357
411,2011-02-16,00:00:00.00,0.00929176,17.7092,37.3782
412,2011-02-17,00:00:00.00,0.0338927,17.1021,36.5287
413,2011-02-18,00:00:00.00,0.00850491,100.179,68.2436
414,2011-02-19,00:00:00.00,0.00762993,234.416,116.949
415,2011-02-20,00:00:00.00,0.0824086,208.983,123.462
416,2011-02-21,00:00:00.00,13.9133,118.343,103.64
417,2011-02-22,00:00:00.00,14.2186,85.4203,78.1545
418,2011-02-23,00:00:00.00,0.126848,65.7564,58.3327
419,2011-02-24,00:00:00.00,0.000803809,56.021,44.4574
420,2011-02-25,00:00:00.00,0.73329,46.6262,43.8911
421,2011-02-26,00:00:00.00,10.5687,42.5326,39.0772
422,2011-02-27,00:00:00.00,0.48871,39.1619,25.0604
423,2011-02-28,00:00:00.00,0.685512,35.7131,23.1349
424,2011-03-01,00:00:00.00,32.981,82.7959,308.654
425,2011-03-02,00:00:00.00,1.20349e-308,144.438,314.317
426,2011-03-03,00:00:00.00,0.0838725,116.483,243.808
427,2011-03-04,00:00:00.00,0.0259686,73.6553,167.069
428,2011-03-05,00:00:00.00,7.61079,69.7675,140.168
429,2011-03-06,00:00:00.00,26.5582,282.561,226.818
430,2011-03-07,00:00:00.00,6.55769,434.965,302.99
431,2011-03-08,00:00:00.00,0.0981275,238.242,237.012
432,2011-03-09,00:00:00.00,0.0377873,114.752,163.105
433,2011-03-10,00:00:00.00,13.5627,139.455,150.646
434,2011-03-11,00:00:00.00,16.7897,217.222,222.287
435,2011-03-12,00:00:00.00,9.08123,230.458,234.18
436,2011-03-13,00:00:00.00,0.287287,153.409,173.582
437,2011-03-14,00:00:00.00,0.320059,104.85,157.725
438,2011-03-15,00:00:00.00,0.170586,76.6853,145.265
439,2011-03-16,00:00:00.00,3.44831,66.7798,116.665
440,2011-03-17,00:00:00.00,1.52388,69.236,143.283
441,2011-03-18,00:00:00.00,0.00158475,75.3328,124.311
442,2011-03-19,00:00:00.00,0.0308482,64.5101,86.9327
443,2011-03-20,00:00:00.00,0.0149317,51.7388,54.9347
444,2011-03-21,00:00:00.00,7.15274,52.9824,33.1307
445,2011-03-22,00:00:00.00,10.6668,71.1745,62.2971
446,2011-03-23,00:00:00.00,0.786337,83.2569,62.5802
447,2011-03-24,00:00:00.00,7.15318,77.5367,54.9347
448,2011-03-25,00:00:00.00,0.639266,73.8948,77.8713
449,2011-03-26,00:00:00.00,0.157296,63.4031,52.9525
450,2011-03-27,00:00:00.00,0.00259938,50.909,28.3168
451,2011-03-28,00:00:00.00,6.36442e-308,44.7701,18.1794
452,2011-03-29,00:00:00.00,0.0213303,39.7187,13.4788
453,2011-03-30,00:00:00.00,0.000690958,36.0626,10.902
454,2011-03-31,00:00:00.00,6.77056,34.9488,9.2313
455,2011-04-01,00:00:00.00,0.475356,35.8264,8.9481
456,2011-04-02,00:00:00.00,0.67018,35.6102,10.4206
457,2011-04-03,00:00:00.00,0.0667413,34.7059,14.6964
458,2011-04-04,00:00:00.00,1.13336,32.0614,14.923
459,2011-04-05,00:00:00.00,26.3432,59.3795,50.404
460,2011-04-06,00:00:00.00,1.52995,99.2279,152.061
461,2011-04-07,00:00:00.00,6.29714,93.7701,109.869
462,2011-04-08,00:00:00.00,1.47727,75.6645,94.5783
463,2011-04-09,00:00:00.00,11.8919,79.4185,86.6496
464,2011-04-10,00:00:00.00,0.0182386,86.3005,93.7288
465,2011-04-11,00:00:00.00,0.220347,73.3389,69.0931
466,2011-04-12,00:00:00.00,4.44228,56.4825,57.7664
467,2011-04-13,00:00:00.00,0.40169,51.2633,45.0238
468,2011-04-14,00:00:00.00,1.13291,44.3327,28.1753
469,2011-04-15,00:00:00.00,0.00641535,38.6327,20.5014
470,2011-04-16,00:00:00.00,0.0376287,34.504,16.1972
471,2011-04-17,00:00:00.00,16.3353,45.1017,21.719
472,2011-04-18,00:00:00.00,0.572909,62.2211,56.0674
473,2011-04-19,00:00:00.00,3.22847,57.3412,49.5545
474,2011-04-20,00:00:00.00,18.2003,67.0975,37.6614
475,2011-04-21,00:00:00.00,6.87334,96.493,132.523
476,2011-04-22,00:00:00.00,0.193516,91.1097,142.717
477,2011-04-23,00:00:00.00,12.3681,82.1599,83.5347
478,2011-04-24,00:00:00.00,14.7181,110.95,206.996
479,2011-04-25,00:00:00.00,4.78803,124.425,173.582
480,2011-04-26,00:00:00.00,13.84,120.595,122.329
481,2011-04-27,00:00:00.00,0.969996,118.927,172.166
482,2011-04-28,00:00:00.00,0.067707,92.0946,121.196
483,2011-04-29,00:00:00.00,2.07453,65.9097,76.7387
484,2011-04-30,00:00:00.00,2.7293,55.346,61.1644
485,2011-05-01,00:00:00.00,0.0144766,47.3309,42.7584
486,2011-05-02,00:00:00.00,2.77794,41.6584,25.6267
487,2011-05-03,00:00:00.00,5.74834,39.5836,21.6624
488,2011-05-04,00:00:00.00,20.3181,64.1423,43.8911
489,2011-05-05,00:00:00.00,1.43343,92.4763,116.949
490,2011-05-06,00:00:00.00,7.3532e-308,78.7663,82.1189
491,2011-05-07,00:00:00.00,4.01793,57.418,53.5188
492,2011-05-08,00:00:00.00,1.46576,50.8877,43.6079
493,2011-05-09,00:00:00.00,0.00323669,43.8042,26.6178
494,2011-05-10,00:00:00.00,0.000168105,38.0331,17.8962
495,2011-05-11,00:00:00.00,0.256439,33.7432,13.3939
496,2011-05-12,00:00:00.00,0.11049,30.2733,9.9958
497,2011-05-13,00:00:00.00,8.9014,31.0604,14.1867
498,2011-05-14,00:00:00.00,26.5488,58.7949,56.0674
499,2011-05-15,00:00:00.00,7.16606,95.4363,72.7743
500,2011-05-16,00:00:00.00,18.679,115.85,128.842
501,2011-05-17,00:00:00.00,1.60186,122.216,235.879
502,2011-05-18,00:00:00.00,4.81606,97.6532,202.749
503,2011-05-19,00:00:00.00,8.96362,80.2973,156.592
504,2011-05-20,00:00:00.00,1.28971,78.4092,127.992
505,2011-05-21,00:00:00.00,0.0257648,63.3195,87.2159
506,2011-05-22,00:00:00.00,0.00200369,50.3409,49.5545
507,2011-05-23,00:00:00.00,1.38302,42.7831,31.4317
508,2011-05-24,00:00:00.00,3.76622,37.2648,21.0111
509,2011-05-25,00:00:00.00,1.56193,33.1813,16.8768
510,2011-05-26,00:00:00.00,15.883,40.2325,17.3582
511,2011-05-27,00:00:00.00,13.6637,63.8977,113.834
512,2011-05-28,00:00:00.00,10.8975,83.9848,182.644
513,2011-05-29,00:00:00.00,1.77912,82.1784,111.568
514,2011-05-30,00:00:00.00,5.58269,65.6902,81.5525
515,2011-05-31,00:00:00.00,1.24726,53.2473,66.5446
516,2011-06-01,00:00:00.00,0.0146835,45.3502,43.0416
517,2011-06-02,00:00:00.00,0.00254601,38.4647,24.7206
518,2011-06-03,00:00:00.00,4.2834e-308,33.7637,17.245
519,2011-06-04,00:00:00.00,0.000261042,29.9503,11.525
520,2011-06-05,00:00:00.00,0.00272028,26.898,8.1836
521,2011-06-06,00:00:00.00,0.000190084,24.3413,6.5129
522,2011-06-07,00:00:00.00,0.058651,22.1701,5.3236
523,2011-06-08,00:00:00.00,24.2133,31.5923,24.664
524,2011-06-09,00:00:00.00,2.37494e-308,46.5209,28.6
525,2011-06-10,00:00:00.00,0.200617,42.6423,17.4715
526,2011-06-11,00:00:00.00,1.31492,31.8354,12.9125
527,2011-06-12,00:00:00.00,2.55862,28.0581,9.1463
528,2011-06-13,00:00:00.00,0.318861,25.1006,7.3624
529,2011-06-14,00:00:00.00,0.00865459,22.7016,5.8899
530,2011-06-15,00:00:00.00,0.0302341,20.6787,5.2386
531,2011-06-16,00:00:00.00,0.00924809,18.9285,5.8616
532,2011-06-17,00:00:00.00,14.1616,21.2,5.4935
533,2011-06-18,00:00:00.00,0.777883,25.5225,6.6828
534,2011-06-19,00:00:00.00,0.000600592,23.7478,6.0032
535,2011-06-20,00:00:00.00,1.1566,19.4971,6.4562
536,2011-06-21,00:00:00.00,3.19962,17.8692,6.796
537,2011-06-22,00:00:00.00,2.8663,16.5307,6.3996
538,2011-06-23,00:00:00.00,6.49992,15.9502,5.2386
539,2011-06-24,00:00:00.00,7.64828,16.8332,19.482
540,2011-06-25,00:00:00.00,8.15364,18.7888,27.6372
541,2011-06-26,00:00:00.00,0.361941,19.4203,32.2812
542,2011-06-27,00:00:00.00,0.000285575,17.4471,22.4836
543,2011-06-28,00:00:00.00,0.0372272,15.3321,14.4982
544,2011-06-29,00:00:00.00,0.00978783,14.265,9.3162
545,2011-06-30,00:00:00.00,0.0565695,13.3749,6.2863
546,2011-07-01,00:00:00.00,0.000433515,12.5497,4.6156
547,2011-07-02,00:00:00.00,0.0133408,11.8238,3.5679
548,2011-07-03,00:00:00.00,4.2194,11.1546,2.8883
549,2011-07-04,00:00:00.00,2.85882,10.5787,5.4085
550,2011-07-05,00:00:00.00,0.0174266,10.0403,3.2564
551,2011-07-06,00:00:00.00,0.000203973,9.55646,2.6108
552,2011-07-07,00:00:00.00,0.000705608,9.09385,2.237
553,2011-07-08,00:00:00.00,0.0400528,8.68139,2.0586
554,2011-07-09,00:00:00.00,1.65184,8.29682,2.1662
555,2011-07-10,00:00:00.00,0.0088333,7.94596,1.9057
556,2011-07-11,00:00:00.00,0,7.61058,1.4215
557,2011-07-12,00:00:00.00,2.34136,7.30293,1.2374
558,2011-07-13,00:00:00.00,0.0602943,7.02086,1.1667
559,2011-07-14,00:00:00.00,0.0848131,6.76464,1.0874
560,2011-07-15,00:00:00.00,0.00440121,6.52028,1.0081
561,2011-07-16,00:00:00.00,4.46298e-308,6.2866,0.9543
562,2011-07-17,00:00:00.00,7.59756e-308,6.06698,0.9458
563,2011-07-18,00:00:00.00,3.89897e-308,5.86219,0.9345
564,2011-07-19,00:00:00.00,2.55932,5.67003,0.8835
565,2011-07-20,00:00:00.00,4.05353,5.49264,2.1068
566,2011-07-21,00:00:00.00,0.0230407,5.32556,1.1327
567,2011-07-22,00:00:00.00,3.364e-308,5.15928,0.9571
568,2011-07-23,00:00:00.00,4.85363,5.00724,2.1408
569,2011-07-24,00:00:00.00,5.4025,4.89587,6.1448
570,2011-07-25,00:00:00.00,2.06234,4.81126,2.6505
571,2011-07-26,00:00:00.00,1.18733,4.67698,1.5999
572,2011-07-27,00:00:00.00,0.0170166,4.52431,1.4725
573,2011-07-28,00:00:00.00,0.0617747,4.40637,2.5485
574,2011-07-29,00:00:00.00,15.7563,4.74321,6.9376
575,2011-07-30,00:00:00.00,1.33784,5.35812,3.9077
576,2011-07-31,00:00:00.00,0.171113,5.12958,2.6108
577,2011-08-01,00:00:00.00,0.00508294,4.50748,3.0299
578,2011-08-02,00:00:00.00,0.261614,4.34615,5.1253
579,2011-08-03,00:00:00.00,1.03466,4.26,3.8511
580,2011-08-04,00:00:00.00,5.56972,4.19707,2.5004
581,2011-08-05,00:00:00.00,0.442441,4.19303,2.2852
582,2011-08-06,00:00:00.00,0.0465598,4.07686,1.5772
583,2011-08-07,00:00:00.00,0.0173659,3.92426,1.2516
584,2011-08-08,00:00:00.00,8.80365,3.97524,1.1893
585,2011-08-09,00:00:00.00,0.444617,4.13858,17.2166
586,2011-08-10,00:00:00.00,24.345,5.00872,4.2192
587,2011-08-11,00:00:00.00,1.69127,6.37696,4.3325
588,2011-08-12,00:00:00.00,0.278641,5.98935,2.7297
589,2011-08-13,00:00:00.00,2.57417e-308,4.74121,1.7783
590,2011-08-14,00:00:00.00,0.00280116,4.50699,1.2969
591,2011-08-15,00:00:00.00,28.9171,6.4604,23.7012
592,2011-08-16,00:00:00.00,10.498,10.4546,115.25
593,2011-08-17,00:00:00.00,0.131028,11.258,34.8297
594,2011-08-18,00:00:00.00,0.0687361,8.70919,12.0063
595,2011-08-19,00:00:00.00,8.22614,7.96027,7.2208
596,2011-08-20,00:00:00.00,2.4627,8.58135,23.1915
597,2011-08-21,00:00:00.00,0.336315,8.18658,10.0242
598,2011-08-22,00:00:00.00,7.70487,7.93774,14.923
599,2011-08-23,00:00:00.00,0.216865,8.4836,12.2612
600,2011-08-24,00:00:00.00,0.00138219,8.1352,6.3713
601,2011-08-25,00:00:00.00,3.69687,7.32862,4.0493
602,2011-08-26,00:00:00.00,25.157,10.5255,70.5089
603,2011-08-27,00:00:00.00,0.00839775,15.8182,27.4107
604,2011-08-28,00:00:00.00,0.021499,14.9062,12.3178
605,2011-08-29,00:00:00.00,0.028036,11.2523,7.7871
606,2011-08-30,00:00:00.00,0.0201861,10.4467,5.3802
607,2011-08-31,00:00:00.00,0.0202645,10.0233,3.7378
608,2011-09-01,00:00:00.00,0.338496,9.47508,2.7637
609,2011-09-02,00:00:00.00,24.4824,13.0734,24.7206
610,2011-09-03,00:00:00.00,0.162596,18.9213,41.3426
611,2011-09-04,00:00:00.00,0.13746,17.8527,16.3388
612,2011-09-05,00:00:00.00,11.661,15.697,10.9869
613,2011-09-06,00:00:00.00,1.22715,17.7213,33.9802
614,2011-09-07,00:00:00.00,0.506034,16.7079,21.4642
615,2011-09-08,00:00:00.00,1.75188,14.2186,15.2345
616,2011-09-09,00:00:00.00,1.27581,13.2807,11.3267
617,2011-09-10,00:00:00.00,8.5852,13.7654,8.2402
618,2011-09-11,00:00:00.00,20.3743,20.4514,59.4654
619,2011-09-12,00:00:00.00,5.05763,28.7304,52.9525
620,2011-09-13,00:00:00.00,0.0318894,27.3246,45.8733
621,2011-09-14,00:00:00.00,0.0480804,21.6417,31.998
622,2011-09-15,00:00:00.00,1.24529,19.1942,16.6786
623,2011-09-16,00:00:00.00,9.08637,20.0386,18.2077
624,2011-09-17,00:00:00.00,0.0865199,22.2492,15.8858
625,2011-09-18,00:00:00.00,0.0155852,20.703,10.1941
626,2011-09-19,00:00:00.00,0.021675,17.6745,7.9004
627,2011-09-20,00:00:00.00,8.34632,18.2302,6.5412
628,2011-09-21,00:00:00.00,2.16883,20.0165,6.7394
629,2011-09-22,00:00:00.00,6.33316,19.9771,16.5087
630,2011-09-23,00:00:00.00,0.118649,19.4017,29.4495
631,2011-09-24,00:00:00.00,3.95006,18.5815,25.9382
632,2011-09-25,00:00:00.00,0.0594606,17.3936,19.7935
633,2011-09-26,00:00:00.00,0.400991,16.1949,12.7709
634,2011-09-27,00:00:00.00,29.0934,26.3668,22.5968
635,2011-09-28,00:00:00.00,3.67389,43.5802,118.081
636,2011-09-29,00:00:00.00,0.0544664,41.7381,156.026
637,2011-09-30,00:00:00.00,0.383465,30.8419,56.0674
638,2011-10-01,00:00:00.00,7.90998,30.1079,36.2456
639,2011-10-02,00:00:00.00,10.7078,37.8699,94.5783
640,2011-10-03,00:00:00.00,9.96959,49.652,84.9505
641,2011-10-04,00:00:00.00,1.97894,52.9676,96.8436
642,2011-10-05,00:00:00.00,0.529901,44.201,73.0575
643,2011-10-06,00:00:00.00,0.0900437,35.603,44.7406
644,2011-10-07,00:00:00.00,0.0663191,31.2409,28.8832
645,2011-10-08,00:00:00.00,0.12716,27.8326,18.4626
646,2011-10-09,00:00:00.00,0.118465,25.1026,12.2612
647,2011-10-10,00:00:00.00,0.112458,22.8514,9.2879
648,2011-10-11,00:00:00.00,0.127461,20.9401,7.5323
649,2011-10-12,00:00:00.00,0.0353758,19.3416,6.4562
650,2011-10-13,00:00:00.00,9.36751,21.1593,5.805
651,2011-10-14,00:00:00.00,13.5512,31.407,7.0792
652,2011-10-15,00:00:00.00,9.51725,45.048,54.0852
653,2011-10-16,00:00:00.00,14.6597,60.2747,154.893
654,2011-10-17,00:00:00.00,8.95059,76.8628,142.717
655,2011-10-18,00:00:00.00,0.0463731,76.2382,92.3129
656,2011-10-19,00:00:00.00,0.774035,59.0324,54.3683
657,2011-10-20,00:00:00.00,18.1881,65.0666,73.3406
658,2011-10-21,00:00:00.00,9.12862,94.802,141.867
659,2011-10-22,00:00:00.00,6.80351,104.493,180.661
660,2011-10-23,00:00:00.00,0.116521,89.8991,105.339
661,2011-10-24,00:00:00.00,0.00406365,69.0809,69.6594
662,2011-10-25,00:00:00.00,2.68738,54.7958,47.2891
663,2011-10-26,00:00:00.00,0.0708416,48.6187,30.5822
664,2011-10-27,00:00:00.00,9.28475,50.0323,25.825
665,2011-10-28,00:00:00.00,11.1129,68.5766,63.7129
666,2011-10-29,00:00:00.00,0.155682,79.201,93.7288
667,2011-10-30,00:00:00.00,0.457923,64.4968,67.9604
668,2011-10-31,00:00:00.00,0.0296914,49.4846,47.006
669,2011-11-01,00:00:00.00,0.152451,42.662,35.9624
670,2011-11-02,00:00:00.00,0.0352743,37.3638,24.5224
671,2011-11-03,00:00:00.00,0.000550603,33.4623,17.6131
672,2011-11-04,00:00:00.00,0.000409725,30.2642,13.9885
673,2011-11-05,00:00:00.00,0.00176389,27.6749,11.6665
674,2011-11-06,00:00:00.00,1.924e-308,25.5513,10.0525
675,2011-11-07,00:00:00.00,2.55e-308,23.7028,9.0331
676,2011-11-08,00:00:00.00,0.0048979,22.1749,8.1269
677,2011-11-09,00:00:00.00,3.78533e-308,20.7701,7.6455
678,2011-11-10,00:00:00.00,0.851629,19.6035,7.2208
679,2011-11-11,00:00:00.00,2.02217,19.0918,6.8527
680,2011-11-12,00:00:00.00,4.10452,20.7458,8.3535
681,2011-11-13,00:00:00.00,0.0054934,22.3907,14.6115
682,2011-11-14,00:00:00.00,0.0292414,20.928,22.257
683,2011-11-15,00:00:00.00,30.3066,43.895,45.8733
684,2011-11-16,00:00:00.00,0.0766379,78.9274,152.628
685,2011-11-17,00:00:00.00,0.501657,71.4184,115.816
686,2011-11-18,00:00:00.00,1.11505,49.4327,75.606
687,2011-11-19,00:00:00.00,0.151637,42.6301,56.9169
688,2011-11-20,00:00:00.00,0.0919627,37.193,43.8911
689,2011-11-21,00:00:00.00,0.0448214,33.1505,28.6
690,2011-11-22,00:00:00.00,0.302218,29.9122,19.397
691,2011-11-23,00:00:00.00,20.3248,46.1693,18.7458
692,2011-11-24,00:00:00.00,7.12829,79.1681,115.25
693,2011-11-25,00:00:00.00,4.03489e-308,82.9825,126.01
694,2011-11-26,00:00:00.00,2.01744e-308,62.1284,71.9248
695,2011-11-27,00:00:00.00,2.28016e-308,48.9814,50.404
696,2011-11-28,00:00:00.00,12.5398,55.2934,40.2099
697,2011-11-29,00:00:00.00,7.38721,77.0286,82.9684
698,2011-11-30,00:00:00.00,13.9919,102.813,156.592
699,2011-12-01,00:00:00.00,1.57066,112.642,169.901
700,2011-12-02,00:00:00.00,2.2625e-308,89.6201,124.594
701,2011-12-03,00:00:00.00,0.122938,64.6681,86.6496
702,2011-12-04,00:00:00.00,1e-308,53.7194,66.2614
703,2011-12-05,00:00:00.00,1.81639,46.6316,44.7406
704,2011-12-06,00:00:00.00,30.6529,96.2963,74.4733
705,2011-12-07,00:00:00.00,5.60975,167.849,218.323
706,2011-12-08,00:00:00.00,0.962143,144.657,173.016
707,2011-12-09,00:00:00.00,0.0944162,93.755,106.755
708,2011-12-10,00:00:00.00,1.25413,73.8051,83.8179
709,2011-12-11,00:00:00.00,0.329834,59.7101,67.6773
710,2011-12-12,00:00:00.00,0.0627694,52.2651,42.4753
711,2011-12-13,00:00:00.00,3.48488e-308,44.4281,26.3347
712,2011-12-14,00:00:00.00,0.00703466,40.1695,19.9351
713,2011-12-15,00:00:00.00,6.06942,41.9724,21.3792
714,2011-12-16,00:00:00.00,22.9348,85.5666,73.907
715,2011-12-17,00:00:00.00,0.103306,129.132,104.772
716,2011-12-18,00:00:00.00,4.48316,104.687,73.907
717,2011-12-19,00:00:00.00,1.3657,72.5665,49.2713
718,2011-12-20,00:00:00.00,0.734316,60.9628,37.9446
719,2011-12-21,00:00:00.00,1.92574,58.4751,34.5466
720,2011-12-22,00:00:00.00,19.5523,101.131,88.0654
721,2011-12-23,00:00:00.00,7.01769,153.378,128.559
722,2011-12-24,00:00:00.00,1.81616,138.127,123.178
723,2011-12-25,00:00:00.00,0.292858,95.5179,107.604
724,2011-12-26,00:00:00.00,0.285697,72.9002,88.0654
725,2011-12-27,00:00:00.00,0.113095,59.9608,70.5089
726,2011-12-28,00:00:00.00,10.0651,68.4544,49.8376
727,2011-12-29,00:00:00.00,2.31115,81.3996,57.7664
728,2011-12-30,00:00:00.00,0.785182,70.6613,55.501
729,2011-12-31,00:00:00.00,2.60832,57.0534,50.9703
730,2012-01-01,00:00:00.00,1.70503,59.0993,73.907
731,2012-01-02,00:00:00.00,2.70441,62.5439,63.7129
732,2012-01-03,00:00:00.00,9.2216,59.7123,50.404
733,2012-01-04,00:00:00.00,1.64611,52.569,39.9268
734,2012-01-05,00:00:00.00,0.0164379,45.6989,31.4317
735,2012-01-06,00:00:00.00,0.0158698,40.5653,26.4763
736,2012-01-07,00:00:00.00,0.000252097,47.8037,28.1753
737,2012-01-08,00:00:00.00,0.0215173,60.3014,43.3248
738,2012-01-09,00:00:00.00,0.0156987,54.823,51.8198
739,2012-01-10,00:00:00.00,0.00277568,43.9068,41.9089
740,2012-01-11,00:00:00.00,0.0397309,39.3739,31.7149
741,2012-01-12,00:00:00.00,6.52204,41.7641,25.117
742,2012-01-13,00:00:00.00,6.64655,55.0609,36.2456
743,2012-01-14,00:00:00.00,9.36137,61.5346,51.8198
744,2012-01-15,00:00:00.00,7.56516,52.3313,43.8911
745,2012-01-16,00:00:00.00,0.77313,43.1249,32.2812
746,2012-01-17,00:00:00.00,8.21231,42.1662,25.6551
747,2012-01-18,00:00:00.00,21.5481,76.5203,109.303
748,2012-01-19,00:00:00.00,1.5716,115.241,149.796
749,2012-01-20,00:00:00.00,5.14999,95.329,90.8971
750,2012-01-21,00:00:00.00,1.56118,65.4595,59.7485
751,2012-01-22,00:00:00.00,1.9076,55.5316,47.2891
752,2012-01-23,00:00:00.00,0.00817286,46.9872,32.5644
753,2012-01-24,00:00:00.00,5.34828,47.1982,77.8713
754,2012-01-25,00:00:00.00,0.220462,49.871,132.523
755,2012-01-26,00:00:00.00,0.799039,45.3451,97.41
756,2012-01-27,00:00:00.00,12.1941,46.4411,74.1901
757,2012-01-28,00:00:00.00,18.3345,97.4335,170.467
758,2012-01-29,00:00:00.00,3.84202,144.588,159.99
759,2012-01-30,00:00:00.00,3.68341,114.633,100.525
760,2012-01-31,00:00:00.00,0.24299,78.0805,77.5882
761,2012-02-01,00:00:00.00,0.0214891,64.3072,64.8456
762,2012-02-02,00:00:00.00,2.31507,151.499,61.1644
763,2012-02-03,00:00:00.00,0.272707,243.499,52.6693
764,2012-02-04,00:00:00.00,0,166.853,40.2099
765,2012-02-05,00:00:00.00,0.119312,95.1807,30.5822
766,2012-02-06,00:00:00.00,0.00215139,78.0033,23.3048
767,2012-02-07,00:00:00.00,0.00243292,59.8514,18.859
768,2012-02-08,00:00:00.00,0.104121,53.3313,16.4238
769,2012-02-09,00:00:00.00,0.772782,45.0771,14.385
770,2012-02-10,00:00:00.00,0.00185195,41.2378,12.5444
771,2012-02-11,00:00:00.00,1.52439,36.8685,11.2984
772,2012-02-12,00:00:00.00,5.98742,34.1131,10.364
773,2012-02-13,00:00:00.00,2.11652,31.56,9.656
774,2012-02-14,00:00:00.00,0.0335468,29.4252,9.2879
775,2012-02-15,00:00:00.00,1.52006,27.7705,9.6277
776,2012-02-16,00:00:00.00,0.143591,26.0927,11.1568
777,2012-02-17,00:00:00.00,5.98612,41.7616,16.7636
778,2012-02-18,00:00:00.00,0.126009,64.676,47.006
779,2012-02-19,00:00:00.00,0.317627,59.6813,56.6337
780,2012-02-20,00:00:00.00,0.0332281,44.583,41.6258
781,2012-02-21,00:00:00.00,0.0514025,39.5506,28.3168
782,2012-02-22,00:00:00.00,1.87189,35.7179,19.3121
783,2012-02-23,00:00:00.00,4.48737,36.7553,17.8962
784,2012-02-24,00:00:00.00,8.74692,47.9348,21.3509
785,2012-02-25,00:00:00.00,5.72344,62.7002,50.1208
786,2012-02-26,00:00:00.00,2.20222,63.3029,64.8456
787,2012-02-27,00:00:00.00,0.156005,51.8428,49.2713
788,2012-02-28,00:00:00.00,0.0245446,43.0784,46.7228
789,2012-02-29,00:00:00.00,0.0278891,38.1779,46.4396
790,2012-03-01,00:00:00.00,18.275,54.8545,74.1901
791,2012-03-02,00:00:00.00,0.411391,81.431,111.002
792,2012-03-03,00:00:00.00,11.4469,90.0736,103.356
793,2012-03-04,00:00:00.00,0.142828,90.4164,109.869
794,2012-03-05,00:00:00.00,1.78159,75.2787,94.8614
795,2012-03-06,00:00:00.00,0.993282,56.3258,69.0931
796,2012-03-07,00:00:00.00,0.0722637,48.4476,50.404
797,2012-03-08,00:00:00.00,1.45046e-308,42.4935,35.1129
798,2012-03-09,00:00:00.00,15.7929,56.7059,29.4495
799,2012-03-10,00:00:00.00,0.386787,76.9801,39.3604
800,2012-03-11,00:00:00.00,0.00399138,67.7106,34.2634
801,2012-03-12,00:00:00.00,0.00137803,50.5178,25.0321
802,2012-03-13,00:00:00.00,9.30224,52.5026,23.3048
803,2012-03-14,00:00:00.00,4.28558,62.0104,44.4574
804,2012-03-15,00:00:00.00,0.696752,59.1832,48.1386
805,2012-03-16,00:00:00.00,10.6884,58.1999,45.307
806,2012-03-17,00:00:00.00,4.44412,67.8503,84.101
807,2012-03-18,00:00:00.00,0.00857403,63.5527,74.1901
808,2012-03-19,00:00:00.00,6.43137,55.184,53.2357
809,2012-03-20,00:00:00.00,1.23056,54.1016,73.3406
810,2012-03-21,00:00:00.00,0.0172454,47.39,68.5268
811,2012-03-22,00:00:00.00,2.82944e-308,39.6686,55.7842
812,2012-03-23,00:00:00.00,2.81022e-308,35.137,36.5287
813,2012-03-24,00:00:00.00,0.101904,31.5097,23.8428
814,2012-03-25,00:00:00.00,13.7091,38.0791,24.579
815,2012-03-26,00:00:00.00,0.39891,49.3545,71.0753
816,2012-03-27,00:00:00.00,4.28e-308,45.0451,54.6515
817,2012-03-28,00:00:00.00,0.00701831,35.4524,32.5644
818,2012-03-29,00:00:00.00,0.176626,31.6251,21.3509
819,2012-03-30,00:00:00.00,0.017317,28.4774,14.5265
820,2012-03-31,00:00:00.00,4.81068,27.9497,11.1852
821,2012-04-01,00:00:00.00,0.119706,28.7309,13.9036
822,2012-04-02,00:00:00.00,0.548275,26.5946,12.2329
823,2012-04-03,00:00:00.00,0.0176814,23.481,10.5622
824,2012-04-04,00:00:00.00,0.0275286,21.697,9.0897
825,2012-04-05,00:00:00.00,0.0120602,20.1931,8.0137
826,2012-04-06,00:00:00.00,2.15821e-308,18.8475,7.0509
827,2012-04-07,00:00:00.00,3.81e-308,17.6934,6.2863
828,2012-04-08,00:00:00.00,0,16.6282,5.6917
829,2012-04-09,00:00:00.00,0.00399992,15.6979,5.2669
830,2012-04-10,00:00:00.00,0.0151262,14.8267,4.8422
831,2012-04-11,00:00:00.00,0.910086,14.0655,4.5873
832,2012-04-12,00:00:00.00,0.700841,13.3683,4.6723
833,2012-04-13,00:00:00.00,0,12.7409,4.9554
834,2012-04-14,00:00:00.00,0.00104468,12.147,4.8139
835,2012-04-15,00:00:00.00,0.935756,11.5959,4.7289
836,2012-04-16,00:00:00.00,1.27774,11.0843,4.7006
837,2012-04-17,00:00:00.00,0.00534138,10.6037,4.559
838,2012-04-18,00:00:00.00,0.0400441,10.1649,4.2758
839,2012-04-19,00:00:00.00,0.020048,9.74949,3.936
840,2012-04-20,00:00:00.00,0.0513146,9.35233,3.5962
841,2012-04-21,00:00:00.00,1.09118,8.97257,3.3131
842,2012-04-22,00:00:00.00,9.49377,10.266,3.8511
843,2012-04-23,00:00:00.00,0.152648,12.5364,4.5307
844,2012-04-24,00:00:00.00,0.391549,11.942,4.8139
845,2012-04-25,00:00:00.00,0.0670188,10.0828,4.8988
846,2012-04-26,00:00:00.00,0.00796975,9.5515,4.644
847,2012-04-27,00:00:00.00,0.962412,9.19267,4.2758
848,2012-04-28,00:00:00.00,0.0240525,8.80376,3.7661
849,2012-04-29,00:00:00.00,0.27967,8.48037,3.3414
850,2012-04-30,00:00:00.00,9.0103e-308,8.14292,3.0299
851,2012-05-01,00:00:00.00,15.6945,10.362,3.6812
852,2012-05-02,00:00:00.00,7.33552,15.1149,18.5475
853,2012-05-03,00:00:00.00,0.0904667,16.0056,29.4495
854,2012-05-04,00:00:00.00,0.355311,13.0925,18.8873
855,2012-05-05,00:00:00.00,5.05597,11.7235,13.0541
856,2012-05-06,00:00:00.00,0.235643,11.5583,12.7992
857,2012-05-07,00:00:00.00,6.2312e-308,10.9656,8.4384
858,2012-05-08,00:00:00.00,13.7805,12.5581,6.2014
859,2012-05-09,00:00:00.00,14.8392,19.1111,29.7327
860,2012-05-10,00:00:00.00,0.256248,23.5846,57.2
861,2012-05-11,00:00:00.00,0.0825266,20.423,42.4753
862,2012-05-12,00:00:00.00,5.85712e-308,16.5933,34.5466
863,2012-05-13,00:00:00.00,0.000589084,15.3494,28.2036
864,2012-05-14,00:00:00.00,0.000212065,14.3401,15.999
865,2012-05-15,00:00:00.00,0.000311299,13.4221,8.6933
866,2012-05-16,00:00:00.00,3.00271e-308,12.6115,6.0881
867,2012-05-17,00:00:00.00,0.0559522,11.8743,4.7289
868,2012-05-18,00:00:00.00,5.07765e-308,11.2287,3.8228
869,2012-05-19,00:00:00.00,1.17742e-308,10.6247,3.1998
870,2012-05-20,00:00:00.00,0,10.0765,2.7694
871,2012-05-21,00:00:00.00,3.8069e-308,9.56907,2.4183
872,2012-05-22,00:00:00.00,0.0205034,9.1164,2.1719
873,2012-05-23,00:00:00.00,0.0143219,8.70039,1.9312
874,2012-05-24,00:00:00.00,0.0140641,8.31914,1.8576
875,2012-05-25,00:00:00.00,5.17278e-308,7.95487,1.6622
876,2012-05-26,00:00:00.00,0.244477,7.62165,1.6395
877,2012-05-27,00:00:00.00,0.136853,7.31371,3.7945
878,2012-05-28,00:00:00.00,2.9653,7.03053,5.8333
879,2012-05-29,00:00:00.00,0.143985,6.76235,5.0404
880,2012-05-30,00:00:00.00,1.30892,6.51761,3.4547
881,2012-05-31,00:00:00.00,0.0375553,6.29322,2.6958
882,2012-06-01,00:00:00.00,0.000852678,6.08311,2.1011
883,2012-06-02,00:00:00.00,26.7081,7.85493,2.1974
884,2012-06-03,00:00:00.00,0.386591,10.8272,3.9077
885,2012-06-04,00:00:00.00,1.89991,10.2054,6.2014
886,2012-06-05,00:00:00.00,0.269615,7.96117,6.0032
887,2012-06-06,00:00:00.00,0.0827302,7.491,4.9271
888,2012-06-07,00:00:00.00,0.00588113,7.26561,3.4263
889,2012-06-08,00:00:00.00,0.000420755,6.94038,2.4806
890,2012-06-09,00:00:00.00,0.0111859,6.70785,1.8349
891,2012-06-10,00:00:00.00,0.00122766,6.44004,1.3819
892,2012-06-11,00:00:00.00,0,6.22394,1.1044
893,2012-06-12,00:00:00.00,1.21769,6.00272,0.9769
894,2012-06-13,00:00:00.00,0.517827,5.816,0.9486
895,2012-06-14,00:00:00.00,0.000786108,5.63013,0.9005
896,2012-06-15,00:00:00.00,0,5.45868,0.8835
897,2012-06-16,00:00:00.00,0,5.28296,0.8212
898,2012-06-17,00:00:00.00,0,5.12299,0.7674
899,2012-06-18,00:00:00.00,7.86007,5.12919,0.7646
900,2012-06-19,00:00:00.00,1.70825,5.23431,0.9061
901,2012-06-20,00:00:00.00,0.000416191,5.05484,0.8127
902,2012-06-21,00:00:00.00,0,4.74912,0.7192
903,2012-06-22,00:00:00.00,0.00553351,4.60498,0.6739
904,2012-06-23,00:00:00.00,0.0211517,4.49441,0.64
905,2012-06-24,00:00:00.00,0.0111824,4.38134,0.6683
906,2012-06-25,00:00:00.00,0.683402,4.27173,0.6739
907,2012-06-26,00:00:00.00,2.15262,4.16671,0.6286
908,2012-06-27,00:00:00.00,0.000199724,4.07168,0.6173
909,2012-06-28,00:00:00.00,0.000800629,3.96978,0.5578
910,2012-06-29,00:00:00.00,0.102338,3.86965,0.5352
911,2012-06-30,00:00:00.00,0.316184,3.77656,0.5267
912,2012-07-01,00:00:00.00,0.0075582,3.69394,0.5154
913,2012-07-02,00:00:00.00,0.406558,3.61678,0.5097
914,2012-07-03,00:00:00.00,1.16437,3.53932,0.5097
915,2012-07-04,00:00:00.00,29.8153,4.15224,1.1327
916,2012-07-05,00:00:00.00,1.92828,5.20141,6.4846
917,2012-07-06,00:00:00.00,1.92443,4.9164,2.9733
918,2012-07-07,00:00:00.00,0.0145841,4.01129,2.809
919,2012-07-08,00:00:00.00,0.0921007,3.84242,2.608
920,2012-07-09,00:00:00.00,0.272491,3.79716,2.6391
921,2012-07-10,00:00:00.00,1.4e-308,3.69784,1.7925
922,2012-07-11,00:00:00.00,0.0318696,3.63178,1.2233
923,2012-07-12,00:00:00.00,0.000175831,3.54287,0.9401
924,2012-07-13,00:00:00.00,0.087645,3.4735,0.8014
925,2012-07-14,00:00:00.00,0.000913711,3.39595,0.7136
926,2012-07-15,00:00:00.00,0.000426847,3.33157,0.6683
927,2012-07-16,00:00:00.00,1.70537,3.26379,0.657
928,2012-07-17,00:00:00.00,0.0180469,3.19877,0.6088
929,2012-07-18,00:00:00.00,0.000753417,3.13359,0.5748
930,2012-07-19,00:00:00.00,0.0776071,3.0728,0.5635
931,2012-07-20,00:00:00.00,25.2505,3.5292,2.4749
932,2012-07-21,00:00:00.00,0.305918,4.30958,5.4652
933,2012-07-22,00:00:00.00,0.000324353,4.08756,2.2767
934,2012-07-23,00:00:00.00,0.00348989,3.39341,2.0926
935,2012-07-24,00:00:00.00,0.0346053,3.26056,1.3989
936,2012-07-25,00:00:00.00,0.00781178,3.22745,1.4357
937,2012-07-26,00:00:00.00,0.00499232,3.15298,1.2601
938,2012-07-27,00:00:00.00,3.69154,3.1021,0.9968
939,2012-07-28,00:00:00.00,4.83332,3.05276,0.9231
940,2012-07-29,00:00:00.00,4.88565,3.06024,0.9203
941,2012-07-30,00:00:00.00,0.0510118,3.03789,0.9345
942,2012-07-31,00:00:00.00,0.000674301,2.95533,0.9061
943,2012-08-01,00:00:00.00,0.0373443,2.86912,2.0926
944,2012-08-02,00:00:00.00,0.00102021,2.81919,2.7071
945,2012-08-03,00:00:00.00,0.000247035,2.77316,1.9425
946,2012-08-04,00:00:00.00,0.000534322,2.72145,1.3705
947,2012-08-05,00:00:00.00,0.0555827,2.67565,1.1129
948,2012-08-06,00:00:00.00,5.03107,2.64873,0.9656
949,2012-08-07,00:00:00.00,3.0416e-308,2.63366,0.8495
950,2012-08-08,00:00:00.00,0,2.58791,0.7929
951,2012-08-09,00:00:00.00,0.228967,2.52677,0.7419
952,2012-08-10,00:00:00.00,7.05936,2.53119,0.7023
953,2012-08-11,00:00:00.00,19.3747,2.92037,3.4263
954,2012-08-12,00:00:00.00,3.46236,3.44589,2.373
955,2012-08-13,00:00:00.00,0.607795,3.23233,5.3802
956,2012-08-14,00:00:00.00,0.528424,2.72788,5.9749
957,2012-08-15,00:00:00.00,7.20938,2.74397,4.1909
958,2012-08-16,00:00:00.00,0.0441308,2.90027,2.86
959,2012-08-17,00:00:00.00,0.119036,2.80547,1.7358
960,2012-08-18,00:00:00.00,0.800029,2.63293,1.2516
961,2012-08-19,00:00:00.00,0.00241113,2.57775,1.0449
962,2012-08-20,00:00:00.00,0.289988,2.54872,0.8976
963,2012-08-21,00:00:00.00,1.29336,2.50251,0.8184
964,2012-08-22,00:00:00.00,1.4089,2.46961,0.7617
965,2012-08-23,00:00:00.00,0.0624512,2.43033,0.7164
966,2012-08-24,00:00:00.00,0.0202738,2.39346,1.2346
967,2012-08-25,00:00:00.00,0.000403261,2.35438,2.8034
968,2012-08-26,00:00:00.00,0.000213748,2.32045,2.0926
969,2012-08-27,00:00:00.00,0.000240812,2.28963,1.5234
970,2012-08-28,00:00:00.00,26.1331,2.88288,2.4862
971,2012-08-29,00:00:00.00,0.233578,3.87799,3.0299
972,2012-08-30,00:00:00.00,3.5523e-308,3.61723,1.6792
973,2012-08-31,00:00:00.00,0.0842635,2.76213,1.464
974,2012-09-01,00:00:00.00,5.1748e-308,2.6315,1.9284
975,2012-09-02,00:00:00.00,0.295619,2.62904,1.8179
976,2012-09-03,00:00:00.00,0.265255,2.56639,1.3337
977,2012-09-04,00:00:00.00,0.201801,2.54132,1.0562
978,2012-09-05,00:00:00.00,11.0716,2.74341,0.9005
979,2012-09-06,00:00:00.00,0.0697274,3.12564,0.824
980,2012-09-07,00:00:00.00,0.198958,2.99266,0.8693
981,2012-09-08,00:00:00.00,5.54462,2.71023,0.79
982,2012-09-09,00:00:00.00,28.7819,4.25227,6.5978
983,2012-09-10,00:00:00.00,7.09228,7.03024,7.7305
984,2012-09-11,00:00:00.00,0.0187082,7.03568,4.0493
985,2012-09-12,00:00:00.00,0.00898116,5.02652,3.0016
986,2012-09-13,00:00:00.00,0.00106857,4.3054,2.8883
987,2012-09-14,00:00:00.00,0.00117053,4.24754,2.1238
988,2012-09-15,00:00:00.00,5.53197,4.33934,1.5688
989,2012-09-16,00:00:00.00,0.159663,4.6277,1.4413
990,2012-09-17,00:00:00.00,3.95279e-308,4.46279,1.1355
991,2012-09-18,00:00:00.00,0.00645423,4.12662,0.9656
992,2012-09-19,00:00:00.00,10.4953,4.65323,1.161
993,2012-09-20,00:00:00.00,0.855687,5.63435,1.43
994,2012-09-21,00:00:00.00,0.0024566,5.3586,1.0109
995,2012-09-22,00:00:00.00,0.413389,4.52125,0.858
996,2012-09-23,00:00:00.00,31.7863,8.06301,3.5679
997,2012-09-24,00:00:00.00,9.08293,15.501,4.8988
998,2012-09-25,00:00:00.00,0.715986,16.9116,8.9481
999,2012-09-26,00:00:00.00,1.52309,12.5874,6.7111
1000,2012-09-27,00:00:00.00,9.76366,12.2303,5.7766
1001,2012-09-28,00:00:00.00,0.711127,14.5298,5.4935
1002,2012-09-29,00:00:00.00,0.0254653,13.7239,4.6156
1003,2012-09-30,00:00:00.00,0.679543,11.7371,4.7855
1004,2012-10-01,00:00:00.00,0.870461,11.0352,4.9838
1005,2012-10-02,00:00:00.00,0.0630755,10.5608,3.6529
1006,2012-10-03,00:00:00.00,9.57292,11.6934,3.4263
1007,2012-10-04,00:00:00.00,0.383668,13.8734,3.8511
1008,2012-10-05,00:00:00.00,0.000387726,13.1468,5.72
1009,2012-10-06,00:00:00.00,9.64979,13.0733,6.2863
1010,2012-10-07,00:00:00.00,11.7586,18.4972,12.2046
1011,2012-10-08,00:00:00.00,4.94306,23.8679,11.7232
1012,2012-10-09,00:00:00.00,0.40261,23.0849,13.2806
1013,2012-10-10,00:00:00.00,0.00124047,19.3581,9.4861
1014,2012-10-11,00:00:00.00,6.29172,18.835,7.3907
1015,2012-10-12,00:00:00.00,0.000677165,20.3073,6.3713
1016,2012-10-13,00:00:00.00,0.284311,18.984,4.8139
1017,2012-10-14,00:00:00.00,1.40952,16.6067,3.8228
1018,2012-10-15,00:00:00.00,3.35772,15.9076,3.1998
1019,2012-10-16,00:00:00.00,3.02007,16.1215,3.0865
1020,2012-10-17,00:00:00.00,0.15423,15.9395,2.86
1021,2012-10-18,00:00:00.00,0.0224785,14.755,4.4457
1022,2012-10-19,00:00:00.00,1.65069,13.5914,4.8705
1023,2012-10-20,00:00:00.00,2.33883,13.1218,4.5873
1024,2012-10-21,00:00:00.00,1.44754,12.8804,3.0299
1025,2012-10-22,00:00:00.00,0.366371,12.2917,2.2427
1026,2012-10-23,00:00:00.00,0.0132785,11.5405,1.9425
1027,2012-10-24,00:00:00.00,6.91887,12.4598,2.2399
1028,2012-10-25,00:00:00.00,0.5138,14.2747,4.6723
1029,2012-10-26,00:00:00.00,0.00574579,13.5893,5.1253
1030,2012-10-27,00:00:00.00,1.95183,11.9531,4.8422
1031,2012-10-28,00:00:00.00,24.753,20.6694,17.9529
1032,2012-10-29,00:00:00.00,19.2536,47.4176,44.7406
1033,2012-10-30,00:00:00.00,38.7297,125.725,107.038
1034,2012-10-31,00:00:00.00,46.197,328.023,438.911
1035,2012-11-01,00:00:00.00,20.9962,453.502,416.258
1036,2012-11-02,00:00:00.00,8.34079,350.402,314.317
1037,2012-11-03,00:00:00.00,0.753626,211.097,199.067
1038,2012-11-04,00:00:00.00,1.53521,128.701,124.877
1039,2012-11-05,00:00:00.00,0.154057,90.1843,86.9327
1040,2012-11-06,00:00:00.00,0.136746,72.1998,58.0495
1041,2012-11-07,00:00:00.00,0.103541,58.4628,32.8475
1042,2012-11-08,00:00:00.00,0.00052263,50.9443,20.4164
1043,2012-11-09,00:00:00.00,0.00324126,44.4608,15.4044
1044,2012-11-10,00:00:00.00,0.129447,40.1764,12.3178
1045,2012-11-11,00:00:00.00,3.51586,39.0142,11.0436
1046,2012-11-12,00:00:00.00,1.513e-308,39.8347,10.6188
1047,2012-11-13,00:00:00.00,16.756,57.5794,11.3834
1048,2012-11-14,00:00:00.00,0.87162,81.8568,26.0798
1049,2012-11-15,00:00:00.00,0.0562435,72.9047,29.1664
1050,2012-11-16,00:00:00.00,2.4929e-308,53.6166,21.2943
1051,2012-11-17,00:00:00.00,0.00886056,46.7442,16.1406
1052,2012-11-18,00:00:00.00,0.0094965,40.9814,12.5727
1053,2012-11-19,00:00:00.00,2.44958e-308,37.1075,10.5056
1054,2012-11-20,00:00:00.00,0.000537096,33.6689,9.118
1055,2012-11-21,00:00:00.00,0.000145896,31.0624,8.2968
1056,2012-11-22,00:00:00.00,0.00447998,28.7972,7.1925
1057,2012-11-23,00:00:00.00,0.00159308,26.8821,5.6067
1058,2012-11-24,00:00:00.00,3.39091,27.2031,5.2103
1059,2012-11-25,00:00:00.00,1.51694,29.2139,5.6634
1060,2012-11-26,00:00:00.00,1.01465,28.536,6.5978
1061,2012-11-27,00:00:00.00,0.0791307,25.7935,6.3147
1062,2012-11-28,00:00:00.00,0.298267,24.0352,6.2014
1063,2012-11-29,00:00:00.00,0.161105,22.7389,6.0881
1064,2012-11-30,00:00:00.00,0.00417382,21.628,5.8333
1065,2012-12-01,00:00:00.00,0.0132388,20.8587,5.6351
1066,2012-12-02,00:00:00.00,0.000284616,20.3279,5.3236
1067,2012-12-03,00:00:00.00,14.2885,29.6182,17.3865
1068,2012-12-04,00:00:00.00,0.156497,43.833,42.4753
1069,2012-12-05,00:00:00.00,12.5079,53.4945,37.3782
1070,2012-12-06,00:00:00.00,0.0056738,61.4242,58.0495
1071,2012-12-07,00:00:00.00,9.33433e-308,54.9911,62.2971
1072,2012-12-08,00:00:00.00,4.84932,46.9165,43.0416
1073,2012-12-09,00:00:00.00,3.03631,50.3622,33.9802
1074,2012-12-10,00:00:00.00,4.37253,52.4957,33.4139
1075,2012-12-11,00:00:00.00,11.0499,64.1958,51.2535
1076,2012-12-12,00:00:00.00,1.10044,75.3932,84.9505
1077,2012-12-13,00:00:00.00,0.0630682,63.8744,66.5446
1078,2012-12-14,00:00:00.00,0.0315552,49.2235,50.6872
1079,2012-12-15,00:00:00.00,0,42.8702,43.6079
1080,2012-12-16,00:00:00.00,0.924981,38.1277,31.7149
1081,2012-12-17,00:00:00.00,0.671976,34.8804,20.105
1082,2012-12-18,00:00:00.00,0.534313,31.8591,15.6875
1083,2012-12-19,00:00:00.00,15.77,45.5669,56.6337
1084,2012-12-20,00:00:00.00,1.05859,66.9303,75.8891
1085,2012-12-21,00:00:00.00,17.802,88.4739,52.9525
1086,2012-12-22,00:00:00.00,15.4736,134.863,61.1644
1087,2012-12-23,00:00:00.00,1.69914,141.826,69.6594
1088,2012-12-24,00:00:00.00,0.0700538,99.7134,57.4832
1089,2012-12-25,00:00:00.00,1.49612,72.5254,46.4396
1090,2012-12-26,00:00:00.00,0.295084,58.5544,38.2277
1091,2012-12-27,00:00:00.00,20.309,54.0499,31.7149
1092,2012-12-28,00:00:00.00,1.8136,52.8371,28.1186
1093,2012-12-29,00:00:00.00,0.0985503,47.1973,26.6462
1094,2012-12-30,00:00:00.00,4.51332,40.9446,26.4196
1095,2012-12-31,00:00:00.00,0.816412,37.8605,26.5895
1096,2013-01-01,00:00:00.00,1.19664,34.6699,24.4658
1097,2013-01-02,00:00:00.00,0.667557,31.7979,24.3242
1098,2013-01-03,00:00:00.00,0.219581,29.6565,24.664
1099,2013-01-04,00:00:00.00,0.441559,27.7681,21.5208
1100,2013-01-05,00:00:00.00,0.294189,26.2555,21.266
1101,2013-01-06,00:00:00.00,0.202621,24.8302,20.8695
1102,2013-01-07,00:00:00.00,1.05935,23.6886,22.4836
1103,2013-01-08,00:00:00.00,0.267766,22.5892,22.3986
1104,2013-01-09,00:00:00.00,0.00429432,21.6876,22.0305
1105,2013-01-10,00:00:00.00,0.852404,35.6947,25.117
1106,2013-01-11,00:00:00.00,5.19937e-308,58.5557,36.2456
1107,2013-01-12,00:00:00.00,11.1289,97.9076,77.8713
1108,2013-01-13,00:00:00.00,0.330869,134.384,146.115
1109,2013-01-14,00:00:00.00,7.60098,119.23,134.222
1110,2013-01-15,00:00:00.00,0.718623,97.6264,110.719
1111,2013-01-16,00:00:00.00,0.0259898,79.8947,90.8971
1112,2013-01-17,00:00:00.00,0.00470761,59.6935,69.6594
1113,2013-01-18,00:00:00.00,0.910981,51.6944,47.006
1114,2013-01-19,00:00:00.00,0.340905,44.1734,29.4495
1115,2013-01-20,00:00:00.00,0.0103406,39.753,20.2182
1116,2013-01-21,00:00:00.00,0.200269,35.7166,16.3105
1117,2013-01-22,00:00:00.00,1.16103,32.7325,12.7709
1118,2013-01-23,00:00:00.00,0.810404,30.3436,11.4966
1119,2013-01-24,00:00:00.00,0.801531,28.1894,11.3834
1120,2013-01-25,00:00:00.00,1.58498,26.6325,11.3834
1121,2013-01-26,00:00:00.00,1.9566,25.006,11.8931
1122,2013-01-27,00:00:00.00,1.10093,23.881,11.6949
1123,2013-01-28,00:00:00.00,0.454157,22.6149,11.2984
1124,2013-01-29,00:00:00.00,13.4536,32.4433,19.2555
1125,2013-01-30,00:00:00.00,4.69112,64.6128,77.0218
1126,2013-01-31,00:00:00.00,12.5762,105.569,191.705
1127,2013-02-01,00:00:00.00,2.64183,113.4,193.97
1128,2013-02-02,00:00:00.00,2.46062,85.6458,125.444
1129,2013-02-03,00:00:00.00,3.99072,63.0603,80.4198
1130,2013-02-04,00:00:00.00,1.26824,52.763,56.3505
1131,2013-02-05,00:00:00.00,1.94013,45.4473,37.9446
1132,2013-02-06,00:00:00.00,0.892461,40.2353,27.3541
1133,2013-02-07,00:00:00.00,0.417677,36.1751,23.7012
1134,2013-02-08,00:00:00.00,0.0251969,32.9773,20.0766
1135,2013-02-09,00:00:00.00,10.7752,33.0782,27.4107
1136,2013-02-10,00:00:00.00,0.487978,34.8603,28.3168
1137,2013-02-11,00:00:00.00,0.201303,32.5399,26.3913
1138,2013-02-12,00:00:00.00,1.13237,28.8509,53.5188
1139,2013-02-13,00:00:00.00,0.264217,27.0043,92.5961
1140,2013-02-14,00:00:00.00,0.0159068,25.3383,67.6773
1141,2013-02-15,00:00:00.00,0.713152,23.875,46.7228
1142,2013-02-16,00:00:00.00,0.224853,22.613,37.0951
1143,2013-02-17,00:00:00.00,2.34222,21.487,26.9576
1144,2013-02-18,00:00:00.00,2.14088,20.5089,19.5386
1145,2013-02-19,00:00:00.00,0.0921985,19.5924,12.9408
1146,2013-02-20,00:00:00.00,9.55079,21.0439,19.7935
1147,2013-02-21,00:00:00.00,0.989178,23.727,21.7757
1148,2013-02-22,00:00:00.00,0.821214,22.7677,22.2287
1149,2013-02-23,00:00:00.00,1.59055,20.2687,20.02
1150,2013-02-24,00:00:00.00,0.0244737,19.2945,19.2271
1151,2013-02-25,00:00:00.00,0.309637,18.4381,17.9529
1152,2013-02-26,00:00:00.00,0.018812,17.6672,16.6503
1153,2013-02-27,00:00:00.00,16.1675,22.1916,22.6252
1154,2013-02-28,00:00:00.00,6.83393,65.244,103.923
1155,2013-03-01,00:00:00.00,2.49414,112.378,117.798
1156,2013-03-02,00:00:00.00,0.703097,93.9789,86.0832
1157,2013-03-03,00:00:00.00,0.995616,62.2294,65.6951
1158,2013-03-04,00:00:00.00,1.93088,52.3049,49.5545
1159,2013-03-05,00:00:00.00,0.5067,43.9062,32.5644
1160,2013-03-06,00:00:00.00,0.00935966,39.0163,21.3792
1161,2013-03-07,00:00:00.00,0.0544063,34.4842,19.1139
1162,2013-03-08,00:00:00.00,0.67585,31.3549,20.1616
1163,2013-03-09,00:00:00.00,0.373876,28.626,19.7935
1164,2013-03-10,00:00:00.00,0.0293576,26.3925,17.8396
1165,2013-03-11,00:00:00.00,0.355708,45.2788,17.3299
1166,2013-03-12,00:00:00.00,17.4661,99.5403,21.8323
1167,2013-03-13,00:00:00.00,1.88188,123.457,76.4555
1168,2013-03-14,00:00:00.00,1.99896,92.0224,69.9426
1169,2013-03-15,00:00:00.00,0.0603203,65.4578,45.307
1170,2013-03-16,00:00:00.00,2.73254,53.9772,32.5644
1171,2013-03-17,00:00:00.00,8.01951,47.5676,25.9665
1172,2013-03-18,00:00:00.00,0.286362,44.0554,24.0976
1173,2013-03-19,00:00:00.00,7.62831,42.7408,24.8339
1174,2013-03-20,00:00:00.00,2.10238,43.2235,53.5188
1175,2013-03-21,00:00:00.00,1.5162,39.2381,70.7921
1176,2013-03-22,00:00:00.00,1.9128,33.7972,53.802
1177,2013-03-23,00:00:00.00,1.35022,30.8475,44.4574
1178,2013-03-24,00:00:00.00,0.0364676,28.3383,34.5466
1179,2013-03-25,00:00:00.00,0.00218968,26.292,27.6939
1180,2013-03-26,00:00:00.00,4.35136,25.3309,25.5701
1181,2013-03-27,00:00:00.00,2.20412,29.475,26.0232
1182,2013-03-28,00:00:00.00,1.39124,37.634,39.9268
1183,2013-03-29,00:00:00.00,1.54601,50.996,76.4555
1184,2013-03-30,00:00:00.00,0.0127934,61.8174,94.2951
1185,2013-03-31,00:00:00.00,0.00823037,53.9149,87.2159
1186,2013-04-01,00:00:00.00,1.41429,41.8937,62.2971
1187,2013-04-02,00:00:00.00,1.30429,36.9658,41.0594
1188,2013-04-03,00:00:00.00,0.408347,33.027,27.8638
1189,2013-04-04,00:00:00.00,0.0421696,30.0028,19.5669
1190,2013-04-05,00:00:00.00,0.0146212,27.4535,14.6681
1191,2013-04-06,00:00:00.00,0.0260425,25.3014,11.8081
1192,2013-04-07,00:00:00.00,0.000152108,23.5159,9.9392
1193,2013-04-08,00:00:00.00,0.0801212,21.8766,8.8349
1194,2013-04-09,00:00:00.00,0.000748762,20.4943,7.8438
1195,2013-04-10,00:00:00.00,1.03084,19.1781,7.1925
1196,2013-04-11,00:00:00.00,11.9331,23.3162,9.0614
1197,2013-04-12,00:00:00.00,3.23178,30.6956,52.103
1198,2013-04-13,00:00:00.00,8.62921,33.9506,85.8
1199,2013-04-14,00:00:00.00,1.15542,34.943,88.9149
1200,2013-04-15,00:00:00.00,0.02392,31.9314,79.004
1201,2013-04-16,00:00:00.00,0.0731255,26.8599,62.8634
1202,2013-04-17,00:00:00.00,3.06335,24.6151,44.1743
1203,2013-04-18,00:00:00.00,0.199968,22.8615,31.998
1204,2013-04-19,00:00:00.00,0.00102622,21.1648,21.3509
1205,2013-04-20,00:00:00.00,7.58859,22.0085,25.74
1206,2013-04-21,00:00:00.00,1.65874,24.346,29.7327
1207,2013-04-22,00:00:00.00,0.00566334,22.8688,23.9561
1208,2013-04-23,00:00:00.00,0.000677249,19.8267,17.7263
1209,2013-04-24,00:00:00.00,0.0339358,18.4424,13.0541
1210,2013-04-25,00:00:00.00,13.6976,22.7068,16.9052
1211,2013-04-26,00:00:00.00,1.77493,29.973,31.998
1212,2013-04-27,00:00:00.00,0.0135804,28.119,30.5822
1213,2013-04-28,00:00:00.00,2.71943e-308,22.6345,23.3331
1214,2013-04-29,00:00:00.00,5.18994,21.7564,18.236
1215,2013-04-30,00:00:00.00,3.77048,22.1747,18.3493
1216,2013-05-01,00:00:00.00,0.311268,21.1352,22.2287
1217,2013-05-02,00:00:00.00,5.36233e-308,19.0383,28.8832
1218,2013-05-03,00:00:00.00,2.51666e-308,17.4861,22.7667
1219,2013-05-04,00:00:00.00,0,16.328,15.8291
1220,2013-05-05,00:00:00.00,0,15.2657,10.5056
1221,2013-05-06,00:00:00.00,0,14.3427,7.9287
1222,2013-05-07,00:00:00.00,0,13.4839,6.3996
1223,2013-05-08,00:00:00.00,0.0136225,12.7264,5.4085
1224,2013-05-09,00:00:00.00,3.62623,12.0539,4.8422
1225,2013-05-10,00:00:00.00,0.230941,11.4848,5.3519
1226,2013-05-11,00:00:00.00,15.5419,14.0729,13.6204
1227,2013-05-12,00:00:00.00,4.61867,19.0455,34.2634
1228,2013-05-13,00:00:00.00,1.23609,18.9115,16.5937
1229,2013-05-14,00:00:00.00,0.0653284,15.5039,11.2418
1230,2013-05-15,00:00:00.00,0.0672162,14.04,8.7216
1231,2013-05-16,00:00:00.00,0.189186,13.2352,7.0226
1232,2013-05-17,00:00:00.00,0.000457166,12.4433,5.5784
1233,2013-05-18,00:00:00.00,0.00403728,11.778,4.3891
1234,2013-05-19,00:00:00.00,0.00436832,11.1353,3.5113
1235,2013-05-20,00:00:00.00,0.00289919,10.5673,2.9733
1236,2013-05-21,00:00:00.00,0.0117329,10.0294,2.5882
1237,2013-05-22,00:00:00.00,0.0507662,9.54828,2.271
1238,2013-05-23,00:00:00.00,0.207053,9.09661,1.6707
1239,2013-05-24,00:00:00.00,10.3734,9.70804,2.4126
1240,2013-05-25,00:00:00.00,0.860988,10.9513,2.5457
1241,2013-05-26,00:00:00.00,0.00340309,10.4124,2.1266
1242,2013-05-27,00:00:00.00,6.0729e-308,9.0901,1.784
1243,2013-05-28,00:00:00.00,3.13675,8.62272,1.6339
1244,2013-05-29,00:00:00.00,24.371,11.9909,5.2953
1245,2013-05-30,00:00:00.00,0.758592,17.4871,20.3315
1246,2013-05-31,00:00:00.00,0.250468,16.5039,15.8574
1247,2013-06-01,00:00:00.00,12.8322,14.4996,16.1123
1248,2013-06-02,00:00:00.00,1.58633,16.4649,24.2959
1249,2013-06-03,00:00:00.00,28.8358,23.8564,66.8278
1250,2013-06-04,00:00:00.00,0.00975506,34.1014,46.1565
1251,2013-06-05,00:00:00.00,0.00793797,31.7291,22.4836
1252,2013-06-06,00:00:00.00,0.0838372,23.7667,16.537
1253,2013-06-07,00:00:00.00,28.4532,33.3045,15.7442
1254,2013-06-08,00:00:00.00,0.476779,48.9707,76.4555
1255,2013-06-09,00:00:00.00,0.059124,44.4447,68.2436
1256,2013-06-10,00:00:00.00,0.0334762,32.8388,39.6436
1257,2013-06-11,00:00:00.00,11.1523,32.1249,34.8297
1258,2013-06-12,00:00:00.00,1.06608,33.9557,54.9347
1259,2013-06-13,00:00:00.00,0.86393,30.5286,40.7763
1260,2013-06-14,00:00:00.00,17.7484,32.5454,93.1624
1261,2013-06-15,00:00:00.00,0.0621043,40.1244,104.772
1262,2013-06-16,00:00:00.00,0.0438933,36.3436,56.9169
1263,2013-06-17,00:00:00.00,0.572487,28.563,25.9949
1264,2013-06-18,00:00:00.00,0.67338,25.3942,14.1867
1265,2013-06-19,00:00:00.00,2.66984,22.7563,12.8275
1266,2013-06-20,00:00:00.00,0.00228542,20.707,12.7709
1267,2013-06-21,00:00:00.00,0.00761401,18.8861,7.5606
1268,2013-06-22,00:00:00.00,0.000242635,17.3743,5.182
1269,2013-06-23,00:00:00.00,0.000231233,16.0358,3.8228
1270,2013-06-24,00:00:00.00,0.38652,14.8804,3.0016
1271,2013-06-25,00:00:00.00,0.0781393,13.8707,2.4296
1272,2013-06-26,00:00:00.00,14.1008,15.0022,2.2427
1273,2013-06-27,00:00:00.00,9.61235,18.7285,4.2192
1274,2013-06-28,00:00:00.00,14.2906,22.8356,5.6917
1275,2013-06-29,00:00:00.00,4.07755,24.8567,71.0753
1276,2013-06-30,00:00:00.00,12.8658,25.4905,111.568
1277,2013-07-01,00:00:00.00,0.293015,26.8349,88.3486
1278,2013-07-02,00:00:00.00,0.340715,24.6355,42.4753
1279,2013-07-03,00:00:00.00,0.0282004,20.5485,19.2838
1280,2013-07-04,00:00:00.00,1.51247,18.6925,10.7604
1281,2013-07-05,00:00:00.00,6.53212,17.8832,10.0808
1282,2013-07-06,00:00:00.00,1.36713,17.5646,13.5921
1283,2013-07-07,00:00:00.00,1.53481,16.3593,16.3671
1284,2013-07-08,00:00:00.00,0.520709,14.7842,12.9691
1285,2013-07-09,00:00:00.00,11.6351,15.5958,14.7531
1286,2013-07-10,00:00:00.00,6.03861,17.9386,82.402
1287,2013-07-11,00:00:00.00,38.8153,33.5871,123.745
1288,2013-07-12,00:00:00.00,0.211563,54.8019,199.634
1289,2013-07-13,00:00:00.00,0.0138324,49.8574,145.549
1290,2013-07-14,00:00:00.00,0.000185504,35.1253,76.1723
1291,2013-07-15,00:00:00.00,0.0232288,30.3459,54.0852
1292,2013-07-16,00:00:00.00,0.0100754,26.7516,48.4218
1293,2013-07-17,00:00:00.00,0.250098,23.8594,29.4495
1294,2013-07-18,00:00:00.00,0.031877,21.5182,12.1196
1295,2013-07-19,00:00:00.00,0.021002,19.506,7.1358
1296,2013-07-20,00:00:00.00,2.91937,17.8935,5.805
1297,2013-07-21,00:00:00.00,27.5893,24.2634,191.705
1298,2013-07-22,00:00:00.00,0.137937,34.8579,101.374
1299,2013-07-23,00:00:00.00,2.95977,32.199,45.8733
1300,2013-07-24,00:00:00.00,9.81241,26.8194,37.0951
1301,2013-07-25,00:00:00.00,0.0274611,27.5794,27.8638
1302,2013-07-26,00:00:00.00,0.00851243,25.1463,19.9351
1303,2013-07-27,00:00:00.00,0.00400848,21.4652,18.2927
1304,2013-07-28,00:00:00.00,7.4569,20.7025,16.084
1305,2013-07-29,00:00:00.00,1.39859,20.8001,10.1091
1306,2013-07-30,00:00:00.00,0.0352601,19.2311,6.7677
1307,2013-07-31,00:00:00.00,0.00346092,16.9998,5.2103
1308,2013-08-01,00:00:00.00,0.0505062,15.7207,4.4741
1309,2013-08-02,00:00:00.00,2.76784,14.6132,4.5873
1310,2013-08-03,00:00:00.00,0.978559,13.6582,3.5396
1311,2013-08-04,00:00:00.00,0.467127,12.8074,2.86
1312,2013-08-05,00:00:00.00,0.0932415,12.0433,2.5117
1313,2013-08-06,00:00:00.00,0.0347394,11.365,2.254
1314,2013-08-07,00:00:00.00,0.00251756,10.7366,2.54
1315,2013-08-08,00:00:00.00,5.8843,10.4573,3.0865
1316,2013-08-09,00:00:00.00,5.97009,10.7252,3.1149
1317,2013-08-10,00:00:00.00,4.29625,10.8642,9.0048
1318,2013-08-11,00:00:00.00,0.0993355,10.2601,29.1664
1319,2013-08-12,00:00:00.00,0.0252626,9.48461,21.804
1320,2013-08-13,00:00:00.00,2.40419,8.9496,10.1941
1321,2013-08-14,00:00:00.00,10.9846,9.67556,33.1307
1322,2013-08-15,00:00:00.00,0.238631,11.0781,32.2812
1323,2013-08-16,00:00:00.00,6.7275e-308,10.5191,12.9974
1324,2013-08-17,00:00:00.00,0.00920646,9.09595,6.4846
1325,2013-08-18,00:00:00.00,0.00627969,8.61843,4.1626
1326,2013-08-19,00:00:00.00,0.00788515,8.27074,2.8883
1327,2013-08-20,00:00:00.00,0.000914795,7.90613,2.2852
1328,2013-08-21,00:00:00.00,0.010199,7.59339,1.8349
1329,2013-08-22,00:00:00.00,0.00866898,7.28232,1.5093
1330,2013-08-23,00:00:00.00,0.0134286,7.00906,1.2743
1331,2013-08-24,00:00:00.00,0.00998633,6.74671,1.1129
1332,2013-08-25,00:00:00.00,0.00896743,6.50864,0.9769
1333,2013-08-26,00:00:00.00,0.00763637,6.27749,0.875
1334,2013-08-27,00:00:00.00,3.0749,6.06328,0.8155
1335,2013-08-28,00:00:00.00,9.1491,6.24892,1.3252
1336,2013-08-29,00:00:00.00,19.7767,8.32231,44.1743
1337,2013-08-30,00:00:00.00,0.16539,10.6707,46.7228
1338,2013-08-31,00:00:00.00,0.0245386,9.71422,24.6357
1339,2013-09-01,00:00:00.00,0.0617968,7.78351,12.2895
1340,2013-09-02,00:00:00.00,2.20657,7.36894,7.419
1341,2013-09-03,00:00:00.00,0.407051,7.13779,5.8899
1342,2013-09-04,00:00:00.00,0.00822316,6.84761,5.3519
1343,2013-09-05,00:00:00.00,0.00782939,6.62154,3.9927
1344,2013-09-06,00:00:00.00,0.00126618,6.37527,3.2564
1345,2013-09-07,00:00:00.00,0.00868517,6.16995,2.9733
1346,2013-09-08,00:00:00.00,0.00313433,5.95736,2.4154
1347,2013-09-09,00:00:00.00,0.0147035,5.76813,1.9425
1348,2013-09-10,00:00:00.00,0.110495,5.58445,1.5914
1349,2013-09-11,00:00:00.00,0.0443158,5.41061,1.4045
1350,2013-09-12,00:00:00.00,0.00520758,5.24225,1.3337
1351,2013-09-13,00:00:00.00,12.3016,5.68074,1.2346
1352,2013-09-14,00:00:00.00,3.30598,6.55291,2.0501
1353,2013-09-15,00:00:00.00,0.0176275,6.37015,2.0954
1354,2013-09-16,00:00:00.00,0.324613,5.56916,2.1606
1355,2013-09-17,00:00:00.00,0.344201,5.28631,2.2795
1356,2013-09-18,00:00:00.00,0.00845851,5.15548,3.0016
1357,2013-09-19,00:00:00.00,0.00365793,4.99724,2.2767
1358,2013-09-20,00:00:00.00,0.138024,4.8647,1.7556
1359,2013-09-21,00:00:00.00,6.74726,4.9592,2.6986
1360,2013-09-22,00:00:00.00,25.9337,7.36533,33.4139
1361,2013-09-23,00:00:00.00,0.772587,10.6477,97.9763
1362,2013-09-24,00:00:00.00,0.052062,9.7648,53.5188
1363,2013-09-25,00:00:00.00,0.00426639,7.29318,24.0127
1364,2013-09-26,00:00:00.00,0.000870025,6.85746,13.2523
1365,2013-09-27,00:00:00.00,0.180393,6.69529,8.3818
1366,2013-09-28,00:00:00.00,0.00799558,6.41836,6.0881
1367,2013-09-29,00:00:00.00,0.00753145,6.23544,4.6156
1368,2013-09-30,00:00:00.00,0.00788191,6.01076,3.5962
1369,2013-10-01,00:00:00.00,0.425664,5.83676,2.945
1370,2013-10-02,00:00:00.00,0.0527762,5.64581,2.54
1371,2013-10-03,00:00:00.00,0.00526483,5.48308,2.3163
1372,2013-10-04,00:00:00.00,1.19636,5.31727,2.0728
1373,2013-10-05,00:00:00.00,0.8037,5.16783,3.4263
1374,2013-10-06,00:00:00.00,3.0566,5.06621,3.6529
1375,2013-10-07,00:00:00.00,4.60175,5.16394,8.7782
1376,2013-10-08,00:00:00.00,17.8384,6.84903,28.6
1377,2013-10-09,00:00:00.00,0.00791116,9.15878,28.6
1378,2013-10-10,00:00:00.00,0.002524,8.47161,19.7652
1379,2013-10-11,00:00:00.00,0.0285377,6.62816,13.1957
1380,2013-10-12,00:00:00.00,0.0363239,6.28032,8.5517
1381,2013-10-13,00:00:00.00,0.0201955,6.13719,6.3147
1382,2013-10-14,00:00:00.00,0.226256,5.90948,4.9554
1383,2013-10-15,00:00:00.00,0.0010016,5.75426,4.1343
1384,2013-10-16,00:00:00.00,1.0789,5.56808,3.6529
1385,2013-10-17,00:00:00.00,20.579,7.62059,13.139
1386,2013-10-18,00:00:00.00,3.84096,11.375,30.8654
1387,2013-10-19,00:00:00.00,1.94582,11.389,60.3149
1388,2013-10-20,00:00:00.00,11.4736,10.7962,51.8198
1389,2013-10-21,00:00:00.00,0.580228,12.8941,73.3406
1390,2013-10-22,00:00:00.00,3.17739,12.5859,45.307
1391,2013-10-23,00:00:00.00,1.493,11.0554,27.5806
1392,2013-10-24,00:00:00.00,7.92521,12.0693,23.4747
1393,2013-10-25,00:00:00.00,8.49558,15.7763,59.1822
1394,2013-10-26,00:00:00.00,1.19674,18.1784,101.941
1395,2013-10-27,00:00:00.00,1.67672,16.2412,66.5446
1396,2013-10-28,00:00:00.00,0.115711,14.0527,45.307
1397,2013-10-29,00:00:00.00,0.0641738,13.2187,32.8475
1398,2013-10-30,00:00:00.00,0,12.4086,21.9172
1399,2013-10-31,00:00:00.00,0.0132306,11.7707,16.537
1400,2013-11-01,00:00:00.00,16.7179,15.7669,17.2166
1401,2013-11-02,00:00:00.00,3.77093,23.2802,60.8812
1402,2013-11-03,00:00:00.00,7.52957,26.1629,84.9505
1403,2013-11-04,00:00:00.00,0.0613145,25.5434,134.788
1404,2013-11-05,00:00:00.00,0.000205513,23.0243,82.402
1405,2013-11-06,00:00:00.00,0.00491692,19.6996,42.1921
1406,2013-11-07,00:00:00.00,7.08796,20.5314,27.0992
1407,2013-11-08,00:00:00.00,9.27636,27.0348,48.1386
1408,2013-11-09,00:00:00.00,3.50419,32.9472,55.7842
1409,2013-11-10,00:00:00.00,0.20842,31.1645,58.3327
1410,2013-11-11,00:00:00.00,0.348874,26.1206,42.4753
1411,2013-11-12,00:00:00.00,6.65977,26.0958,29.7327
1412,2013-11-13,00:00:00.00,7.24908,29.9136,39.0772
1413,2013-11-14,00:00:00.00,0.167568,29.6334,38.2277
1414,2013-11-15,00:00:00.00,0.000355875,25.5204,33.4139
1415,2013-11-16,00:00:00.00,0,24.6797,31.998
1416,2013-11-17,00:00:00.00,0.00102011,25.9023,29.4495
1417,2013-11-18,00:00:00.00,12.8745,31.1422,25.5418
1418,2013-11-19,00:00:00.00,0.088462,38.6847,57.4832
1419,2013-11-20,00:00:00.00,0.0960236,35.6839,62.0139
1420,2013-11-21,00:00:00.00,4.78108e-308,28.4881,41.3426
1421,2013-11-22,00:00:00.00,2.6522,26.8065,32.5644
1422,2013-11-23,00:00:00.00,4.5288,28.4274,28.1753
1423,2013-11-24,00:00:00.00,1.46196,29.6911,33.1307
1424,2013-11-25,00:00:00.00,0.639459,26.8821,24.4941
1425,2013-11-26,00:00:00.00,0.362147,23.5093,18.6325
1426,2013-11-27,00:00:00.00,5.02139,22.6854,15.6026
1427,2013-11-28,00:00:00.00,2.14731,22.567,14.5265
1428,2013-11-29,00:00:00.00,0.601155,21.1808,14.3
1429,2013-11-30,00:00:00.00,2.61157,19.3004,14.0168
1430,2013-12-01,00:00:00.00,0.0308658,18.1789,13.5355
1431,2013-12-02,00:00:00.00,0.00920404,17.1818,13.3372
1432,2013-12-03,00:00:00.00,0.0288618,20.7359,14.9796
1433,2013-12-04,00:00:00.00,0.0626015,26.7218,19.3121
1434,2013-12-05,00:00:00.00,0.0654867,25.3219,23.7862
1435,2013-12-06,00:00:00.00,2.11989,21.5706,28.8832
1436,2013-12-07,00:00:00.00,4.93787,21.4172,28.3168
1437,2013-12-08,00:00:00.00,0.527864,20.7055,27.6939
1438,2013-12-09,00:00:00.00,0.533718,19.0958,24.126
1439,2013-12-10,00:00:00.00,0.822652,17.8479,20.4731
1440,2013-12-11,00:00:00.00,0.758766,16.8992,17.7263
1441,2013-12-12,00:00:00.00,1.77641,16.1034,14.7814
1442,2013-12-13,00:00:00.00,0.578955,15.3542,10.364
1443,2013-12-14,00:00:00.00,0.254013,14.7131,9.8259
1444,2013-12-15,00:00:00.00,15.3054,15.1622,11.6949
1445,2013-12-16,00:00:00.00,5.29306,16.2839,10.9303
1446,2013-12-17,00:00:00.00,1.86634,15.6283,9.8826
1447,2013-12-18,00:00:00.00,3.63072,14.261,10.8737
1448,2013-12-19,00:00:00.00,0.91323,13.6599,12.1762
1449,2013-12-20,00:00:00.00,0.786491,13.1782,12.4028
1450,2013-12-21,00:00:00.00,4.90163,39.9025,56.9169
1451,2013-12-22,00:00:00.00,41.002,173.782,178.396
1452,2013-12-23,00:00:00.00,8.32416,274.405,368.119
1453,2013-12-24,00:00:00.00,0.671988,198.688,269.576
1454,2013-12-25,00:00:00.00,1.85621,114.415,173.299
1455,2013-12-26,00:00:00.00,0.147972,83.3661,137.053
1456,2013-12-27,00:00:00.00,1.44487,63.746,103.923
1457,2013-12-28,00:00:00.00,0.559795,54.1816,63.7129
1458,2013-12-29,00:00:00.00,0,45.8842,33.1307
1459,2013-12-30,00:00:00.00,2.0168,47.0324,30.5822
1460,2013-12-31,00:00:00.00,1.12917,51.2006,33.1307
1461,2014-01-01,00:00:00.00,2.58944,46.4123,26.3913
1462,2014-01-02,00:00:00.00,4.83533,38.7863,20.4164
1463,2014-01-03,00:00:00.00,9.33798,35.1334,17.1034
1464,2014-01-04,00:00:00.00,0.809203,32.1609,12.4877
1465,2014-01-05,00:00:00.00,0.00274528,29.7608,11.1002
1466,2014-01-06,00:00:00.00,8.09651,30.8094,14.1301
1467,2014-01-07,00:00:00.00,5.45811,33.5468,42.1921
1468,2014-01-08,00:00:00.00,0.251549,31.6141,22.3703
1469,2014-01-09,00:00:00.00,0.308053,27.911,21.0961
1470,2014-01-10,00:00:00.00,0.631045,26.2037,21.5491
1471,2014-01-11,00:00:00.00,4.29663,26.9512,20.6713
1472,2014-01-12,00:00:00.00,13.5995,107.464,63.9961
1473,2014-01-13,00:00:00.00,0.469866,196.157,132.806
1474,2014-01-14,00:00:00.00,1.75474,148.29,112.701
1475,2014-01-15,00:00:00.00,1.71605,92.055,94.2951
1476,2014-01-16,00:00:00.00,1.20694,77.8419,87.2159
1477,2014-01-17,00:00:00.00,0.46117,60.2215,66.2614
1478,2014-01-18,00:00:00.00,7.63084,56.0112,47.006
1479,2014-01-19,00:00:00.00,1.41731,53.0072,27.7788
1480,2014-01-20,00:00:00.00,0.662326,47.7976,16.9052
1481,2014-01-21,00:00:00.00,1.18634,40.7518,15.2911
1482,2014-01-22,00:00:00.00,0.186632,37.0357,10.9586
1483,2014-01-23,00:00:00.00,0.584744,33.9142,9.9392
1484,2014-01-24,00:00:00.00,1.23546,31.3506,9.0897
1485,2014-01-25,00:00:00.00,0.118632,29.4249,8.5517
1486,2014-01-26,00:00:00.00,7.27357,27.5196,8.4951
1487,2014-01-27,00:00:00.00,3.28182,26.1892,8.4101
1488,2014-01-28,00:00:00.00,6.6732,24.725,8.3252
1489,2014-01-29,00:00:00.00,0.0810942,23.7322,8.1836
1490,2014-01-30,00:00:00.00,4.89665e-308,22.6148,7.957
1491,2014-01-31,00:00:00.00,0.0150524,21.8233,7.7871
1492,2014-02-01,00:00:00.00,0.39954,20.9281,7.5889
1493,2014-02-02,00:00:00.00,4.30045,21.3537,7.4756
1494,2014-02-03,00:00:00.00,3.51791,22.3523,36.2456
1495,2014-02-04,00:00:00.00,0.00708782,21.6162,22.4836
1496,2014-02-05,00:00:00.00,1.08769,20.1157,17.3865
1497,2014-02-06,00:00:00.00,13.1826,19.3658,15.5743
1498,2014-02-07,00:00:00.00,1.02592,18.7115,15.3477
1499,2014-02-08,00:00:00.00,0.0725197,18.0896,15.461
1500,2014-02-09,00:00:00.00,0.491967,17.5513,14.6681
1501,2014-02-10,00:00:00.00,4.51319,17.0138,13.5921
1502,2014-02-11,00:00:00.00,0.57772,16.5494,11.4683
1503,2014-02-12,00:00:00.00,0.42132,16.0741,10.0808
1504,2014-02-13,00:00:00.00,0.0094574,15.668,8.7782
1505,2014-02-14,00:00:00.00,0.627293,15.2405,8.4384
1506,2014-02-15,00:00:00.00,2.80946,14.8685,7.957
1507,2014-02-16,00:00:00.00,0.401326,14.4794,7.5606
1508,2014-02-17,00:00:00.00,2.11518,14.1405,6.9093
1509,2014-02-18,00:00:00.00,5.86694,13.79,6.5978
1510,2014-02-19,00:00:00.00,5.16133,14.2188,7.7022
1511,2014-02-20,00:00:00.00,0.210318,15.0654,7.419
1512,2014-02-21,00:00:00.00,14.2137,35.2059,8.7216
1513,2014-02-22,00:00:00.00,4.33285,101.067,112.418
1514,2014-02-23,00:00:00.00,0.239463,173.122,88.9149
1515,2014-02-24,00:00:00.00,0.440386,167.222,91.4634
1516,2014-02-25,00:00:00.00,0.116533,111.752,83.2515
1517,2014-02-26,00:00:00.00,0.621153,77.4412,63.1466
1518,2014-02-27,00:00:00.00,0.783174,61.6465,55.2179
1519,2014-02-28,00:00:00.00,1.29426,51.5991,41.9089
1520,2014-03-01,00:00:00.00,0.0133451,44.5501,32.2812
1521,2014-03-02,00:00:00.00,1.01842,39.4968,25.2303
1522,2014-03-03,00:00:00.00,3.81264,35.476,19.6519
1523,2014-03-04,00:00:00.00,0.00465369,32.4615,14.5265
1524,2014-03-05,00:00:00.00,0.00196332,29.8766,11.2701
1525,2014-03-06,00:00:00.00,0.0893103,27.8703,8.6083
1526,2014-03-07,00:00:00.00,0.00270159,26.0379,6.881
1527,2014-03-08,00:00:00.00,0.000582533,24.5547,6.6261
1528,2014-03-09,00:00:00.00,2.87096,23.313,7.2208
1529,2014-03-10,00:00:00.00,0.0335467,22.4289,7.1358
1530,2014-03-11,00:00:00.00,0.0302188,21.3092,12.8558
1531,2014-03-12,00:00:00.00,0.180445,53.7509,66.5446
1532,2014-03-13,00:00:00.00,30.012,105.373,137.337
1533,2014-03-14,00:00:00.00,0.23512,99.7668,111.002
1534,2014-03-15,00:00:00.00,2.44099,68.6018,100.525
1535,2014-03-16,00:00:00.00,0.315352,60.37,147.248
1536,2014-03-17,00:00:00.00,0.0084557,56.189,119.497
1537,2014-03-18,00:00:00.00,0.00497406,48.9286,88.6317
1538,2014-03-19,00:00:00.00,0.000886064,41.2174,67.1109
1539,2014-03-20,00:00:00.00,9.41186,87.013,64.2792
1540,2014-03-21,00:00:00.00,1.15704,145.714,84.3842
1541,2014-03-22,00:00:00.00,0.300092,116.348,78.4377
1542,2014-03-23,00:00:00.00,0.767381,73.8793,58.6159
1543,2014-03-24,00:00:00.00,0.333831,61.5561,41.9089
1544,2014-03-25,00:00:00.00,0.237391,50.0003,28.6
1545,2014-03-26,00:00:00.00,1.53495,44.4182,20.2749
1546,2014-03-27,00:00:00.00,0.727766,38.6314,15.1212
1547,2014-03-28,00:00:00.00,0.607376,35.124,11.1002
1548,2014-03-29,00:00:00.00,0.829003,31.832,22.342
1549,2014-03-30,00:00:00.00,6.62868,36.8562,33.697
1550,2014-03-31,00:00:00.00,1.28109,45.7917,51.2535
1551,2014-04-01,00:00:00.00,0.00177593,42.2038,105.055
1552,2014-04-02,00:00:00.00,0.0349483,34.584,98.5426
1553,2014-04-03,00:00:00.00,0.000225366,31.2113,92.5961
1554,2014-04-04,00:00:00.00,14.5951,40.7542,88.3486
1555,2014-04-05,00:00:00.00,7.35027,61.7135,85.8
1556,2014-04-06,00:00:00.00,0.360861,64.955,123.462
1557,2014-04-07,00:00:00.00,0.000833824,51.2112,97.6931
1558,2014-04-08,00:00:00.00,11.5905,52.6222,74.4733
1559,2014-04-09,00:00:00.00,7.90101,69.7652,143
1560,2014-04-10,00:00:00.00,0.0375596,72.6519,124.028
1561,2014-04-11,00:00:00.00,3.31045,58.7073,76.4555
1562,2014-04-12,00:00:00.00,8.87862,55.8858,79.8535
1563,2014-04-13,00:00:00.00,0.00392606,59.6394,66.2614
1564,2014-04-14,00:00:00.00,0.00294941,51.6858,44.7406
1565,2014-04-15,00:00:00.00,14.3816,54.2602,37.6614
1566,2014-04-16,00:00:00.00,21.2438,72.2996,97.1268
1567,2014-04-17,00:00:00.00,0.0375749,71.8944,80.703
1568,2014-04-18,00:00:00.00,0,56.0689,52.103
1569,2014-04-19,00:00:00.00,1.5541e-308,61.2601,37.3782
1570,2014-04-20,00:00:00.00,9.16014e-308,76.2533,25.2303
1571,2014-04-21,00:00:00.00,6.62001e-308,65.878,17.3865
1572,2014-04-22,00:00:00.00,0.0165294,49.0733,13.0824
1573,2014-04-23,00:00:00.00,2.37514,42.1489,11.1285
1574,2014-04-24,00:00:00.00,0.357047,36.5862,9.8543
1575,2014-04-25,00:00:00.00,0.00351043,32.6757,8.665
1576,2014-04-26,00:00:00.00,7.26149,32.7951,8.1269
1577,2014-04-27,00:00:00.00,0.0845179,35.2152,8.7782
1578,2014-04-28,00:00:00.00,0.00479102,32.2727,9.118
1579,2014-04-29,00:00:00.00,2.15356,27.5079,9.6844
1580,2014-04-30,00:00:00.00,14.7951,33.9053,13.9036
1581,2014-05-01,00:00:00.00,17.7668,60.7727,59.7485
1582,2014-05-02,00:00:00.00,0.905632,79.0465,147.531
1583,2014-05-03,00:00:00.00,0.0891726,64.5167,111.002
1584,2014-05-04,00:00:00.00,2.75913,47.7206,81.2693
1585,2014-05-05,00:00:00.00,0.140286,40.9782,66.8278
1586,2014-05-06,00:00:00.00,0.393252,35.5673,43.8911
1587,2014-05-07,00:00:00.00,0.0107775,31.6683,23.0782
1588,2014-05-08,00:00:00.00,0.523929,28.3383,14.8663
1589,2014-05-09,00:00:00.00,0.558263,25.6938,11.2418
1590,2014-05-10,00:00:00.00,9.07102,26.3735,9.5711
1591,2014-05-11,00:00:00.00,0.719204,28.8517,11.9497
1592,2014-05-12,00:00:00.00,0.000941066,26.6864,12.7992
1593,2014-05-13,00:00:00.00,12.0073,27.3347,12.7143
1594,2014-05-14,00:00:00.00,3.45869,32.2457,15.0929
1595,2014-05-15,00:00:00.00,18.4913,40.4007,23.6729
1596,2014-05-16,00:00:00.00,12.586,59.3972,105.622
1597,2014-05-17,00:00:00.00,0.0693541,66.5643,141.867
1598,2014-05-18,00:00:00.00,2.71785,52.9039,113.551
1599,2014-05-19,00:00:00.00,0.02989,41.5385,83.5347
1600,2014-05-20,00:00:00.00,0.000260342,36.0244,62.2971
1601,2014-05-21,00:00:00.00,0.361756,31.5566,35.6792
1602,2014-05-22,00:00:00.00,1.70839,28.1998,18.8024
1603,2014-05-23,00:00:00.00,0.461399,25.3606,131.957
1604,2014-05-24,00:00:00.00,0.028691,23.0972,114.966
1605,2014-05-25,00:00:00.00,0.0101002,21.1122,31.1485
1606,2014-05-26,00:00:00.00,0.00157286,19.4332,14.2434
1607,2014-05-27,00:00:00.00,0.0589037,17.9462,9.3162
1608,2014-05-28,00:00:00.00,0.809141,16.6521,6.1731
1609,2014-05-29,00:00:00.00,0.100508,15.5157,5.2386
1610,2014-05-30,00:00:00.00,0.00612039,14.5056,4.559
1611,2014-05-31,00:00:00.00,4.3739e-308,13.6045,3.8794
1612,2014-06-01,00:00:00.00,2.012e-308,12.7838,3.3697
1613,2014-06-02,00:00:00.00,2.8936e-308,12.0514,2.9733
1614,2014-06-03,00:00:00.00,0.527136,11.3768,2.9733
1615,2014-06-04,00:00:00.00,5.73692,11.0486,2.7071
1616,2014-06-05,00:00:00.00,4.14838,10.9914,2.4154
1617,2014-06-06,00:00:00.00,0.0116258,10.5542,2.523
1618,2014-06-07,00:00:00.00,5.15e-308,9.83439,2.2682
1619,2014-06-08,00:00:00.00,0.000357557,9.31061,2.0615
1620,2014-06-09,00:00:00.00,19.6262,11.8019,2.0303
1621,2014-06-10,00:00:00.00,0.0961681,16.0146,3.1149
1622,2014-06-11,00:00:00.00,0.145258,15.117,6.5978
1623,2014-06-12,00:00:00.00,0.427954,11.9875,7.6172
1624,2014-06-13,00:00:00.00,0.160709,11.1603,5.72
1625,2014-06-14,00:00:00.00,0.478213,10.6343,3.9927
1626,2014-06-15,00:00:00.00,0.00755209,10.0497,2.9733
1627,2014-06-16,00:00:00.00,1.846e-308,9.58054,2.3786
1628,2014-06-17,00:00:00.00,1.14986,9.0943,1.9793
1629,2014-06-18,00:00:00.00,1.56732,8.6865,1.6679
1630,2014-06-19,00:00:00.00,28.2178,12.068,1.9199
1631,2014-06-20,00:00:00.00,6.9414,18.338,19.3121
1632,2014-06-21,00:00:00.00,0.487833,18.3142,62.5802
1633,2014-06-22,00:00:00.00,1.29091,14.2783,42.4753
1634,2014-06-23,00:00:00.00,0.0241927,12.7372,28.8832
1635,2014-06-24,00:00:00.00,5.46109,12.2004,28.1469
1636,2014-06-25,00:00:00.00,14.6424,13.8135,47.5723
1637,2014-06-26,00:00:00.00,30.5406,25.6992,195.669
1638,2014-06-27,00:00:00.00,0.223319,38.5248,163.105
1639,2014-06-28,00:00:00.00,0.00247994,34.3049,97.41
1640,2014-06-29,00:00:00.00,0.00201496,25.3671,42.7584
1641,2014-06-30,00:00:00.00,6.19742,23.2122,20.9545
1642,2014-07-01,00:00:00.00,7.73711e-308,22.0002,11.9214
1643,2014-07-02,00:00:00.00,0.0630274,20.0734,7.6172
1644,2014-07-03,00:00:00.00,1.80475,18.0535,6.2014
1645,2014-07-04,00:00:00.00,1.06888,16.6017,5.097
1646,2014-07-05,00:00:00.00,0.00385275,15.4052,3.9077
1647,2014-07-06,00:00:00.00,0,14.3035,3.0016
1648,2014-07-07,00:00:00.00,0.0199522,13.3745,2.4466
1649,2014-07-08,00:00:00.00,0.908761,12.508,2.6306
1650,2014-07-09,00:00:00.00,22.9193,15.7483,37.3782
1651,2014-07-10,00:00:00.00,0.757587,21.2099,39.9268
1652,2014-07-11,00:00:00.00,0.0122065,19.9116,27.0992
1653,2014-07-12,00:00:00.00,0.00401317,15.7392,15.1212
1654,2014-07-13,00:00:00.00,0.000249738,14.4674,8.2402
1655,2014-07-14,00:00:00.00,5.09269,13.6722,5.6634
1656,2014-07-15,00:00:00.00,3.26267,12.9793,4.5873
1657,2014-07-16,00:00:00.00,1.83436,12.2312,3.8794
1658,2014-07-17,00:00:00.00,0.567197,11.4253,3.7378
1659,2014-07-18,00:00:00.00,0.222756,10.8101,3.5962
1660,2014-07-19,00:00:00.00,0.0975883,10.2225,3.2564
1661,2014-07-20,00:00:00.00,13.1792,11.1274,3.3131
1662,2014-07-21,00:00:00.00,0.211527,12.8663,4.4457
1663,2014-07-22,00:00:00.00,0.0198688,12.1649,4.0776
1664,2014-07-23,00:00:00.00,0.00285901,10.3972,4.1059
1665,2014-07-24,00:00:00.00,0.437318,9.79169,3.6529
1666,2014-07-25,00:00:00.00,2.3136e-308,9.34548,2.86
1667,2014-07-26,00:00:00.00,0.64663,8.88765,2.1662
1668,2014-07-27,00:00:00.00,3.28168,8.49169,1.7698
1669,2014-07-28,00:00:00.00,34.3646,12.9972,10.5339
1670,2014-07-29,00:00:00.00,15.1103,23.6736,79.2872
1671,2014-07-30,00:00:00.00,0.0801952,27.509,56.3505
1672,2014-07-31,00:00:00.00,0.984795,21.9514,48.4218
1673,2014-08-01,00:00:00.00,0.272388,17.8802,37.0951
1674,2014-08-02,00:00:00.00,0.0904605,16.5049,22.8517
1675,2014-08-03,00:00:00.00,5.39661,15.6582,18.4626
1676,2014-08-04,00:00:00.00,1.11933,15.2598,19.3687
1677,2014-08-05,00:00:00.00,0.0125775,14.2376,14.3
1678,2014-08-06,00:00:00.00,4.07706,13.1149,11.7798
1679,2014-08-07,00:00:00.00,0.327699,12.3736,12.4877
1680,2014-08-08,00:00:00.00,0.000227156,11.6719,12.1196
1681,2014-08-09,00:00:00.00,0,10.9862,11.2135
1682,2014-08-10,00:00:00.00,4.47314e-308,10.4011,7.6172
1683,2014-08-11,00:00:00.00,2.23657e-308,9.86691,5.3802
1684,2014-08-12,00:00:00.00,15.7607,11.2252,4.1343
1685,2014-08-13,00:00:00.00,20.7034,17.6083,5.72
1686,2014-08-14,00:00:00.00,4.03473,23.1228,19.8784
1687,2014-08-15,00:00:00.00,0.0041185,20.5955,31.7149
1688,2014-08-16,00:00:00.00,1.70641e-308,16.3577,21.6341
1689,2014-08-17,00:00:00.00,2.8508,14.9733,14.923
1690,2014-08-18,00:00:00.00,8.68723,15.27,18.859
1691,2014-08-19,00:00:00.00,0.00268628,16.3302,11.6382
1692,2014-08-20,00:00:00.00,8.09893,16.4111,12.2046
1693,2014-08-21,00:00:00.00,21.458,22.1754,25.2869
1694,2014-08-22,00:00:00.00,2.57797,30.1495,66.2614
1695,2014-08-23,00:00:00.00,1.10264,27.3836,72.208
1696,2014-08-24,00:00:00.00,0.0237957,21.3609,65.4119
1697,2014-08-25,00:00:00.00,0.00472399,19.373,55.7842
1698,2014-08-26,00:00:00.00,8.69849e-308,17.8259,45.8733
1699,2014-08-27,00:00:00.00,0.241053,16.4419,26.1931
1700,2014-08-28,00:00:00.00,0.0303877,15.2736,12.0347
1701,2014-08-29,00:00:00.00,0,14.2242,7.2774
1702,2014-08-30,00:00:00.00,0,13.3268,5.3802
1703,2014-08-31,00:00:00.00,0.163263,12.491,4.2192
1704,2014-09-01,00:00:00.00,2.32367,11.776,3.4547
1705,2014-09-02,00:00:00.00,0.029672,11.1154,2.9166
1706,2014-09-03,00:00:00.00,2.11361,10.5399,3.0299
1707,2014-09-04,00:00:00.00,0.00801753,10.0003,3.5679
1708,2014-09-05,00:00:00.00,0.000362106,9.51916,3.1715
1709,2014-09-06,00:00:00.00,7.18706,9.57928,2.9166
1710,2014-09-07,00:00:00.00,9.68808,11.058,9.4012
1711,2014-09-08,00:00:00.00,0.000878606,12.2657,5.9465
1712,2014-09-09,00:00:00.00,0.000405308,11.208,4.9838
1713,2014-09-10,00:00:00.00,0.152655,9.76874,5.2103
1714,2014-09-11,00:00:00.00,6.896,9.82483,4.9554
1715,2014-09-12,00:00:00.00,28.4934,16.2133,44.4574
1716,2014-09-13,00:00:00.00,0.761946,24.9113,55.7842
1717,2014-09-14,00:00:00.00,0.581667,23.0206,31.998
1718,2014-09-15,00:00:00.00,0.0393576,17.1998,16.7353
1719,2014-09-16,00:00:00.00,7.65307,17.2141,9.741
1720,2014-09-17,00:00:00.00,0.969821,18.5156,9.5711
1721,2014-09-18,00:00:00.00,0.0200249,17.2511,7.9004
1722,2014-09-19,00:00:00.00,0.0119136,15.1384,6.2863
1723,2014-09-20,00:00:00.00,0.00288469,14.0705,5.0404
1724,2014-09-21,00:00:00.00,0.385216,13.2367,3.936
1725,2014-09-22,00:00:00.00,4.56442,12.8754,3.5679
1726,2014-09-23,00:00:00.00,1.41286,12.9158,3.8511
1727,2014-09-24,00:00:00.00,1.0866e-308,12.2002,3.5113
1728,2014-09-25,00:00:00.00,0,11.2371,4.644
1729,2014-09-26,00:00:00.00,9.90562e-308,10.6289,4.3608
1730,2014-09-27,00:00:00.00,4.75034e-308,10.1259,2.6391
1731,2014-09-28,00:00:00.00,0,9.63334,1.6877
1732,2014-09-29,00:00:00.00,0,9.20332,1.4073
1733,2014-09-30,00:00:00.00,1.9406e-308,8.7921,1.2997
1734,2014-10-01,00:00:00.00,11.7272,9.9793,1.5489
1735,2014-10-02,00:00:00.00,0.201397,12.0972,1.9312
1736,2014-10-03,00:00:00.00,0.000864537,11.476,1.9567
1737,2014-10-04,00:00:00.00,14.5459,12.0967,1.9595
1738,2014-10-05,00:00:00.00,2.79902,15.7062,7.3624
1739,2014-10-06,00:00:00.00,0.894433,15.3735,8.6933
1740,2014-10-07,00:00:00.00,2.55944,12.8066,8.665
1741,2014-10-08,00:00:00.00,4.5102,12.7035,5.7483
1742,2014-10-09,00:00:00.00,0.404432,13.0701,6.258
1743,2014-10-10,00:00:00.00,0.000575405,12.2423,5.6917
1744,2014-10-11,00:00:00.00,0.0279147,11.1665,3.936
1745,2014-10-12,00:00:00.00,0.0087787,10.5861,3.3414
1746,2014-10-13,00:00:00.00,0.0559962,10.1061,2.7439
1747,2014-10-14,00:00:00.00,4.29076,10.08,3.4263
1748,2014-10-15,00:00:00.00,9.147,11.8788,2.792
1749,2014-10-16,00:00:00.00,7.4553,15.2198,11.4966
1750,2014-10-17,00:00:00.00,3.84827,17.0142,9.9958
1751,2014-10-18,00:00:00.00,1.33118,15.8721,12.3178
1752,2014-10-19,00:00:00.00,7.75958,15.7851,24.4941
1753,2014-10-20,00:00:00.00,0.756631,17.51,31.1485
1754,2014-10-21,00:00:00.00,11.3776,20.0519,27.1275
1755,2014-10-22,00:00:00.00,12.1731,28.2907,40.7763
1756,2014-10-23,00:00:00.00,0.713825,34.4057,83.8179
1757,2014-10-24,00:00:00.00,8.6062e-308,29.6404,58.3327
1758,2014-10-25,00:00:00.00,7.9157e-308,23.9834,32.8475
1759,2014-10-26,00:00:00.00,0.00110432,21.8399,20.4164
1760,2014-10-27,00:00:00.00,0.00262731,20.0382,13.2806
1761,2014-10-28,00:00:00.00,6.758e-308,18.545,9.1747
1762,2014-10-29,00:00:00.00,1.43769,17.2277,7.2774
1763,2014-10-30,00:00:00.00,0.937261,16.1179,6.2297
1764,2014-10-31,00:00:00.00,2.02561,15.4351,6.0598
1765,2014-11-01,00:00:00.00,1.30041,15.0829,6.2863
1766,2014-11-02,00:00:00.00,3.59388,15.2283,11.5533
1767,2014-11-03,00:00:00.00,0.00122309,15.6131,14.4982
1768,2014-11-04,00:00:00.00,0.00032783,14.7608,11.0153
1769,2014-11-05,00:00:00.00,3.85708,14.2279,8.9481
1770,2014-11-06,00:00:00.00,1.8386,15.0368,11.2984
1771,2014-11-07,00:00:00.00,9.17362,17.6671,10.4206
1772,2014-11-08,00:00:00.00,2.30258,21.5504,15.2345
1773,2014-11-09,00:00:00.00,0.575675,21.067,23.3897
1774,2014-11-10,00:00:00.00,0.348644,17.7867,22.0588
1775,2014-11-11,00:00:00.00,0.00283257,16.275,20.105
1776,2014-11-12,00:00:00.00,1.16193,15.3713,16.3671
1777,2014-11-13,00:00:00.00,0.900383,14.5347,13.9319
1778,2014-11-14,00:00:00.00,2.48831,13.9548,12.4028
1779,2014-11-15,00:00:00.00,1.6945,13.4826,12.7992
1780,2014-11-16,00:00:00.00,0.556478,12.8951,15.2628
1781,2014-11-17,00:00:00.00,1.76206,12.2544,17.5281
1782,2014-11-18,00:00:00.00,7.66901,12.1141,20.6996
1783,2014-11-19,00:00:00.00,0.919323,12.2142,23.9844
1784,2014-11-20,00:00:00.00,1.84942,11.7512,19.2271
1785,2014-11-21,00:00:00.00,4.33917,11.0485,13.762
1786,2014-11-22,00:00:00.00,1.65865,10.6431,11.8931
1787,2014-11-23,00:00:00.00,9.11386,11.5075,15.4044
1788,2014-11-24,00:00:00.00,4.22034,26.8034,59.7485
1789,2014-11-25,00:00:00.00,3.15222,48.8078,122.895
1790,2014-11-26,00:00:00.00,0.130697,47.3978,107.604
1791,2014-11-27,00:00:00.00,0.023752,34.6738,67.1109
1792,2014-11-28,00:00:00.00,1.70273,29.9239,44.7406
1793,2014-11-29,00:00:00.00,1.04378,27.1176,31.7149
1794,2014-11-30,00:00:00.00,0.152203,24.6982,23.1915
1795,2014-12-01,00:00:00.00,1.89258,24.5823,26.4196
1796,2014-12-02,00:00:00.00,0.950559,25.6396,31.4317
1797,2014-12-03,00:00:00.00,1.06564,24.0509,30.8654
1798,2014-12-04,00:00:00.00,0.0921386,21.3225,25.4852
1799,2014-12-05,00:00:00.00,0.031908,19.9069,20.9545
1800,2014-12-06,00:00:00.00,2.10395,19.1036,17.6131
1801,2014-12-07,00:00:00.00,15.3937,29.1011,58.3327
1802,2014-12-08,00:00:00.00,0.000433432,43.5863,92.5961
1803,2014-12-09,00:00:00.00,0.0022368,40.4664,63.9961
1804,2014-12-10,00:00:00.00,0.664201,30.9496,45.0238
1805,2014-12-11,00:00:00.00,1.77083,27.9674,38.7941
1806,2014-12-12,00:00:00.00,0.466137,25.7313,31.1485
1807,2014-12-13,00:00:00.00,0.0326891,23.7507,22.4269
1808,2014-12-14,00:00:00.00,0.0654728,22.5853,17.9246
1809,2014-12-15,00:00:00.00,0.285648,21.9361,15.2911
1810,2014-12-16,00:00:00.00,0.215079,20.657,14.5265
1811,2014-12-17,00:00:00.00,10.6704,25.1152,16.9335
1812,2014-12-18,00:00:00.00,2.00213,34.0272,30.0159
1813,2014-12-19,00:00:00.00,0.777233,33.3557,33.1307
1814,2014-12-20,00:00:00.00,0.309446,27.3986,28.1753
1815,2014-12-21,00:00:00.00,0.0360543,24.6744,22.965
1816,2014-12-22,00:00:00.00,0.0124613,22.9313,18.6891
1817,2014-12-23,00:00:00.00,0.0111008,21.3868,15.4327
1818,2014-12-24,00:00:00.00,1.10571,20.8183,13.9602
1819,2014-12-25,00:00:00.00,5.08809,23.1693,15.0079
1820,2014-12-26,00:00:00.00,0.630126,25.7729,27.7505
1821,2014-12-27,00:00:00.00,0.000620436,23.9015,31.4317
1822,2014-12-28,00:00:00.00,0.829291,21.0013,24.2392
1823,2014-12-29,00:00:00.00,7.54275,23.9435,26.9576
1824,2014-12-30,00:00:00.00,0.0452135,29.2683,27.6656
1825,2014-12-31,00:00:00.00,0.219398,27.6112,24.8622
