time,date,hour,precip [mm/day],sub676 [m3/s],sub676 (observed) [m3/s]
0,2010-01-01,00:00:00.00,---,4.46582,
1,2010-01-02,00:00:00.00,5.49192,2.57315,2.4
2,2010-01-03,00:00:00.00,0.356382,0.340748,2
3,2010-01-04,00:00:00.00,1.12241,0.0328509,1.62
4,2010-01-05,00:00:00.00,0.294345,0.0732752,1.32
5,2010-01-06,00:00:00.00,1.31823,0.0979948,1.13
6,2010-01-07,00:00:00.00,0.0460497,0.111361,0.99
7,2010-01-08,00:00:00.00,0.741921,0.111544,0.876
8,2010-01-09,00:00:00.00,1.81946,0.112009,0.815
9,2010-01-10,00:00:00.00,0.0206231,0.110727,0.75
10,2010-01-11,00:00:00.00,0.0158011,0.110633,0.697
11,2010-01-12,00:00:00.00,4.67368,0.109758,0.65
12,2010-01-13,00:00:00.00,0.172335,0.109449,0.6
13,2010-01-14,00:00:00.00,0.00943891,0.108774,0.56
14,2010-01-15,00:00:00.00,0.0441314,0.108345,0.52
15,2010-01-16,00:00:00.00,0.211251,0.10772,0.49
16,2010-01-17,00:00:00.00,0.0774791,0.107171,0.463
17,2010-01-18,00:00:00.00,0.0248459,0.106501,0.443
18,2010-01-19,00:00:00.00,0.0110904,0.105864,0.42
19,2010-01-20,00:00:00.00,1.585,0.105185,0.402
20,2010-01-21,00:00:00.00,0.260434,0.10454,0.387
21,2010-01-22,00:00:00.00,0.00228206,0.103906,0.376
22,2010-01-23,00:00:00.00,0.00243108,0.103321,0.36
23,2010-01-24,00:00:00.00,0.00984964,0.102739,0.356
24,2010-01-25,00:00:00.00,5.6084,0.106592,0.38
25,2010-01-26,00:00:00.00,7.08754,0.133614,7.5
26,2010-01-27,00:00:00.00,4.06315,0.206057,10.7
27,2010-01-28,00:00:00.00,4.27479,0.295382,7.5
28,2010-01-29,00:00:00.00,5.9754,0.316085,6
29,2010-01-30,00:00:00.00,1.87731,0.243628,4.5
30,2010-01-31,00:00:00.00,0.00604384,0.156932,3.5
31,2010-02-01,00:00:00.00,7.93651,0.114973,2.6
32,2010-02-02,00:00:00.00,0.794617,0.105686,1.9
33,2010-02-03,00:00:00.00,2.02978,0.104952,1.5
34,2010-02-04,00:00:00.00,1.70582,0.104516,1.2
35,2010-02-05,00:00:00.00,0.0600703,0.103964,1.02
36,2010-02-06,00:00:00.00,0.00368845,0.103412,0.92
37,2010-02-07,00:00:00.00,0.00322714,0.102801,0.82
38,2010-02-08,00:00:00.00,0.00364013,0.102204,0.73
39,2010-02-09,00:00:00.00,0.000503867,0.101623,0.65
40,2010-02-10,00:00:00.00,1.54927,0.101103,0.61
41,2010-02-11,00:00:00.00,3.17263,0.100614,0.56
42,2010-02-12,00:00:00.00,0.00216001,0.100125,0.51
43,2010-02-13,00:00:00.00,0.743746,0.0996066,0.475
44,2010-02-14,00:00:00.00,0.286129,0.0990666,0.437
45,2010-02-15,00:00:00.00,0.875795,0.0985174,0.41
46,2010-02-16,00:00:00.00,1.02562,0.0979664,0.377
47,2010-02-17,00:00:00.00,0.719857,0.0974045,0.352
48,2010-02-18,00:00:00.00,0.177828,0.0968257,0.338
49,2010-02-19,00:00:00.00,0.175212,0.0962313,0.328
50,2010-02-20,00:00:00.00,0.0614547,0.0956244,0.318
51,2010-02-21,00:00:00.00,0.0054993,0.0950014,0.308
52,2010-02-22,00:00:00.00,0.000895578,0.0943627,0.3
53,2010-02-23,00:00:00.00,12.7276,0.0937178,0.294
54,2010-02-24,00:00:00.00,0.901856,0.0930859,0.287
55,2010-02-25,00:00:00.00,0.477928,0.0924916,0.28
56,2010-02-26,00:00:00.00,2.88067,0.0919388,0.277
57,2010-02-27,00:00:00.00,5.61694,0.0917814,0.272
58,2010-02-28,00:00:00.00,1.95493,0.0931518,0.267
59,2010-03-01,00:00:00.00,0.040443,0.0965815,0.263
60,2010-03-02,00:00:00.00,0.0012863,0.0989888,0.28
61,2010-03-03,00:00:00.00,0.00114369,0.0967904,0.3
62,2010-03-04,00:00:00.00,0.000563051,0.0922716,0.328
63,2010-03-05,00:00:00.00,0.00038145,0.0893723,0.365
64,2010-03-06,00:00:00.00,0.000197097,0.0882099,0.42
65,2010-03-07,00:00:00.00,0,0.0875703,0.48
66,2010-03-08,00:00:00.00,0,0.0869538,0.56
67,2010-03-09,00:00:00.00,0,0.0863209,0.7
68,2010-03-10,00:00:00.00,0,0.085662,0.95
69,2010-03-11,00:00:00.00,0.100304,0.134969,2
70,2010-03-12,00:00:00.00,0.00714479,0.430188,15
71,2010-03-13,00:00:00.00,1.13574,1.17748,34
72,2010-03-14,00:00:00.00,8.06506,2.04176,69
73,2010-03-15,00:00:00.00,4.09556,2.20456,60
74,2010-03-16,00:00:00.00,0.055711,1.56589,31.3
75,2010-03-17,00:00:00.00,8.491e-308,0.873788,17.9
76,2010-03-18,00:00:00.00,0.000407717,0.508111,12.8
77,2010-03-19,00:00:00.00,0,0.332053,8.5
78,2010-03-20,00:00:00.00,0,0.239744,6
79,2010-03-21,00:00:00.00,0.338877,0.204816,4.5
80,2010-03-22,00:00:00.00,0.350214,0.19877,3.6
81,2010-03-23,00:00:00.00,2.73666,0.199805,3.01
82,2010-03-24,00:00:00.00,0.295489,0.206116,2.8
83,2010-03-25,00:00:00.00,0.000981458,0.219845,2.58
84,2010-03-26,00:00:00.00,0.00127309,0.22995,2.15
85,2010-03-27,00:00:00.00,0.000306108,0.224461,1.74
86,2010-03-28,00:00:00.00,0.00153618,0.211388,1.39
87,2010-03-29,00:00:00.00,7.53579,0.210703,1.5
88,2010-03-30,00:00:00.00,1.43299,0.243035,1.8
89,2010-03-31,00:00:00.00,1.11677e-308,0.314494,1.68
90,2010-04-01,00:00:00.00,2.17005e-308,0.368304,1.45
91,2010-04-02,00:00:00.00,0.00728498,0.34041,1.3
92,2010-04-03,00:00:00.00,0,0.271199,1.12
93,2010-04-04,00:00:00.00,0.162388,0.229571,0.973
94,2010-04-05,00:00:00.00,0.216218,0.218705,0.881
95,2010-04-06,00:00:00.00,0.0597014,0.217678,0.778
96,2010-04-07,00:00:00.00,13.1622,0.231675,2.1
97,2010-04-08,00:00:00.00,6.59908,0.309292,2.8
98,2010-04-09,00:00:00.00,15.385,0.507497,17.1
99,2010-04-10,00:00:00.00,0.313882,0.771047,14.4
100,2010-04-11,00:00:00.00,0.885864,0.948237,7.5
101,2010-04-12,00:00:00.00,0.00340158,0.92302,4.4
102,2010-04-13,00:00:00.00,0,0.701221,2.8
103,2010-04-14,00:00:00.00,0,0.462255,2
104,2010-04-15,00:00:00.00,0.000147435,0.348181,1.67
105,2010-04-16,00:00:00.00,6.73454e-308,0.324198,1.45
106,2010-04-17,00:00:00.00,0.12382,0.324715,1.27
107,2010-04-18,00:00:00.00,1.32323,0.325616,1.13
108,2010-04-19,00:00:00.00,0.353046,0.326134,0.984
109,2010-04-20,00:00:00.00,0,0.327195,0.828
110,2010-04-21,00:00:00.00,0,0.328439,0.697
111,2010-04-22,00:00:00.00,0,0.329844,0.613
112,2010-04-23,00:00:00.00,0.000618628,0.330913,0.565
113,2010-04-24,00:00:00.00,0,0.331784,0.536
114,2010-04-25,00:00:00.00,2.28e-308,0.332529,0.518
115,2010-04-26,00:00:00.00,16.0031,0.351555,0.66
116,2010-04-27,00:00:00.00,0.0196763,0.444486,0.79
117,2010-04-28,00:00:00.00,0.00125876,0.640883,0.65
118,2010-04-29,00:00:00.00,0,0.785354,0.53
119,2010-04-30,00:00:00.00,0.0160889,0.707537,0.47
120,2010-05-01,00:00:00.00,0.0123214,0.529301,0.42
121,2010-05-02,00:00:00.00,2.76236,0.428503,0.389
122,2010-05-03,00:00:00.00,2.61942,0.405632,0.387
123,2010-05-04,00:00:00.00,14.7793,0.422102,1.27
124,2010-05-05,00:00:00.00,0.254656,0.502294,3.48
125,2010-05-06,00:00:00.00,10.8368,0.68207,3.22
126,2010-05-07,00:00:00.00,0.000160091,0.860646,2.48
127,2010-05-08,00:00:00.00,26.7758,0.946616,4.02
128,2010-05-09,00:00:00.00,6.28766,1.0705,54.7
129,2010-05-10,00:00:00.00,0.16247,1.3681,18.3
130,2010-05-11,00:00:00.00,0.000210209,1.60726,8.04
131,2010-05-12,00:00:00.00,5.22857,1.45754,4.55
132,2010-05-13,00:00:00.00,0.142079,1.11193,3.63
133,2010-05-14,00:00:00.00,13.9059,0.943667,3.42
134,2010-05-15,00:00:00.00,0.0934755,1.0053,18.2
135,2010-05-16,00:00:00.00,0.000161755,1.18841,7.89
136,2010-05-17,00:00:00.00,0.00106864,1.30193,4.23
137,2010-05-18,00:00:00.00,0.00050344,1.20832,2.83
138,2010-05-19,00:00:00.00,0.0636185,1.03838,2.01
139,2010-05-20,00:00:00.00,0.000377019,0.945962,1.47
140,2010-05-21,00:00:00.00,0.00115749,0.923692,1.11
141,2010-05-22,00:00:00.00,0.000610437,0.923334,0.887
142,2010-05-23,00:00:00.00,3.47229,0.922444,0.813
143,2010-05-24,00:00:00.00,0.0446459,0.921427,0.746
144,2010-05-25,00:00:00.00,0.000199323,0.920514,0.631
145,2010-05-26,00:00:00.00,0,0.919717,0.555
146,2010-05-27,00:00:00.00,0,0.918347,0.497
147,2010-05-28,00:00:00.00,0.000407159,0.916155,0.456
148,2010-05-29,00:00:00.00,0.268755,0.913328,0.428
149,2010-05-30,00:00:00.00,0.275056,0.910182,0.398
150,2010-05-31,00:00:00.00,0.00139946,0.90689,0.368
151,2010-06-01,00:00:00.00,1.79037,0.903523,0.362
152,2010-06-02,00:00:00.00,2.74417,0.900105,0.373
153,2010-06-03,00:00:00.00,21.1203,0.920702,0.364
154,2010-06-04,00:00:00.00,8.38601,1.04777,1.61
155,2010-06-05,00:00:00.00,6.39404,1.35686,3.84
156,2010-06-06,00:00:00.00,0.533416,1.65746,2.89
157,2010-06-07,00:00:00.00,23.7182,1.69999,9.96
158,2010-06-08,00:00:00.00,0,1.65936,8.78
159,2010-06-09,00:00:00.00,0,1.83169,2.87
160,2010-06-10,00:00:00.00,19.1609,2.03431,2.59
161,2010-06-11,00:00:00.00,0.0631839,2.0207,9.66
162,2010-06-12,00:00:00.00,0.0502081,2.04464,5.71
163,2010-06-13,00:00:00.00,0.646219,2.11754,2.58
164,2010-06-14,00:00:00.00,0.837507,1.97836,1.68
165,2010-06-15,00:00:00.00,0.542084,1.75166,1.23
166,2010-06-16,00:00:00.00,0,1.61928,0.914
167,2010-06-17,00:00:00.00,10.7343,1.58817,0.807
168,2010-06-18,00:00:00.00,0.0346305,1.63422,0.804
169,2010-06-19,00:00:00.00,0.0222632,1.75332,0.657
170,2010-06-20,00:00:00.00,0.193234,1.83988,0.555
171,2010-06-21,00:00:00.00,0.0102951,1.78626,0.452
172,2010-06-22,00:00:00.00,0,1.67937,0.374
173,2010-06-23,00:00:00.00,12.2359,1.62531,0.396
174,2010-06-24,00:00:00.00,0.0714011,1.66275,0.505
175,2010-06-25,00:00:00.00,11.147,1.80716,1.26
176,2010-06-26,00:00:00.00,0.0099545,1.96347,4.43
177,2010-06-27,00:00:00.00,7.72762,2.04563,1.3
178,2010-06-28,00:00:00.00,31.3837,2.10717,3.78
179,2010-06-29,00:00:00.00,0.542644,2.31149,63.4
180,2010-06-30,00:00:00.00,0.192843,2.81049,11.8
181,2010-07-01,00:00:00.00,0,3.15407,4.07
182,2010-07-02,00:00:00.00,0.0127163,2.91156,1.95
183,2010-07-03,00:00:00.00,0,2.4885,1.12
184,2010-07-04,00:00:00.00,0,2.24959,0.741
185,2010-07-05,00:00:00.00,1.81331e-308,2.16764,0.555
186,2010-07-06,00:00:00.00,0.000543383,2.13724,0.437
187,2010-07-07,00:00:00.00,1.68955e-308,2.10489,0.348
188,2010-07-08,00:00:00.00,0.855393,2.07403,0.281
189,2010-07-09,00:00:00.00,4.03256,2.0425,0.237
190,2010-07-10,00:00:00.00,27.0235,2.05038,0.256
191,2010-07-11,00:00:00.00,0,2.22166,0.464
192,2010-07-12,00:00:00.00,0.615005,2.6558,0.326
193,2010-07-13,00:00:00.00,18.164,3.0034,0.32
194,2010-07-14,00:00:00.00,0.167806,2.9789,0.756
195,2010-07-15,00:00:00.00,0.00516952,2.95763,0.567
196,2010-07-16,00:00:00.00,3.066,2.99324,0.387
197,2010-07-17,00:00:00.00,20.871,2.86182,0.866
198,2010-07-18,00:00:00.00,0.4109,2.7943,0.902
199,2010-07-19,00:00:00.00,3.19405,3.02353,0.581
200,2010-07-20,00:00:00.00,3.78594,3.23949,0.477
201,2010-07-21,00:00:00.00,0.0266506,3.09786,0.412
202,2010-07-22,00:00:00.00,2.43982,2.82559,0.324
203,2010-07-23,00:00:00.00,1.59233,2.65668,0.263
204,2010-07-24,00:00:00.00,30.3363,2.62747,2.59
205,2010-07-25,00:00:00.00,7.37144,2.85194,6.73
206,2010-07-26,00:00:00.00,0.246828,3.45796,2.11
207,2010-07-27,00:00:00.00,0.000160956,3.96614,1.28
208,2010-07-28,00:00:00.00,0.0168641,3.82048,0.714
209,2010-07-29,00:00:00.00,3.32549,3.37994,0.481
210,2010-07-30,00:00:00.00,0,3.07653,0.35
211,2010-07-31,00:00:00.00,0,2.93953,0.28
212,2010-08-01,00:00:00.00,1.27274,2.87509,0.239
213,2010-08-02,00:00:00.00,0.595147,2.81595,0.211
214,2010-08-03,00:00:00.00,0.205528,2.7603,0.19
215,2010-08-04,00:00:00.00,0.0113697,2.70516,0.173
216,2010-08-05,00:00:00.00,0.147163,2.65232,0.156
217,2010-08-06,00:00:00.00,0.0199645,2.60019,0.15
218,2010-08-07,00:00:00.00,0.362175,2.5497,0.122
219,2010-08-08,00:00:00.00,0.480629,2.50039,0.065
220,2010-08-09,00:00:00.00,4.4682,2.45405,0.042
221,2010-08-10,00:00:00.00,2.87215,2.41432,0.065
222,2010-08-11,00:00:00.00,0.0392076,2.38437,1.9
223,2010-08-12,00:00:00.00,0.0178468,2.35278,0.094
224,2010-08-13,00:00:00.00,0.00521759,2.30829,0.078
225,2010-08-14,00:00:00.00,0.00261517,2.25937,0.062
226,2010-08-15,00:00:00.00,0.000314031,2.21479,0.05
227,2010-08-16,00:00:00.00,1.31355,2.17442,0.04
228,2010-08-17,00:00:00.00,0.00494264,2.13625,0.037
229,2010-08-18,00:00:00.00,0,2.09913,0.033
230,2010-08-19,00:00:00.00,0.000144652,2.06316,0.029
231,2010-08-20,00:00:00.00,0.816036,2.02811,0.028
232,2010-08-21,00:00:00.00,0.23661,1.99398,0.027
233,2010-08-22,00:00:00.00,7.11272,1.96591,0.336
234,2010-08-23,00:00:00.00,1.58408,1.96051,1.04
235,2010-08-24,00:00:00.00,2.06317,1.98973,0.642
236,2010-08-25,00:00:00.00,0.0604925,2.0049,0.5
237,2010-08-26,00:00:00.00,0.025442,1.95833,0.244
238,2010-08-27,00:00:00.00,0.0231989,1.8896,0.119
239,2010-08-28,00:00:00.00,0.00799356,1.83893,0.077
240,2010-08-29,00:00:00.00,0.00398799,1.8049,0.056
241,2010-08-30,00:00:00.00,0,1.77701,0.045
242,2010-08-31,00:00:00.00,0.000549742,1.74949,0.038
243,2010-09-01,00:00:00.00,0.000584333,1.72265,0.035
244,2010-09-02,00:00:00.00,0.952037,1.69622,0.033
245,2010-09-03,00:00:00.00,7.11821,1.67511,0.033
246,2010-09-04,00:00:00.00,9.41407,1.6825,0.374
247,2010-09-05,00:00:00.00,15.6781,1.77251,2.56
248,2010-09-06,00:00:00.00,1.69538,1.97583,2.1
249,2010-09-07,00:00:00.00,1.25382,2.21348,0.742
250,2010-09-08,00:00:00.00,0.189317,2.27926,0.294
251,2010-09-09,00:00:00.00,4.83692,2.11248,0.182
252,2010-09-10,00:00:00.00,2.01437,1.92432,0.132
253,2010-09-11,00:00:00.00,0.0670866,1.85068,0.098
254,2010-09-12,00:00:00.00,4.88162,1.8369,0.074
255,2010-09-13,00:00:00.00,1.48957,1.81728,0.059
256,2010-09-14,00:00:00.00,1.13738,1.80383,0.05
257,2010-09-15,00:00:00.00,0.0160938,1.79323,0.047
258,2010-09-16,00:00:00.00,0.00997253,1.75457,0.046
259,2010-09-17,00:00:00.00,21.1137,1.73098,0.829
260,2010-09-18,00:00:00.00,0.00693051,1.82568,0.175
261,2010-09-19,00:00:00.00,0.777994,2.09888,0.15
262,2010-09-20,00:00:00.00,2.97214e-308,2.30144,0.123
263,2010-09-21,00:00:00.00,0.0300219,2.18936,0.091
264,2010-09-22,00:00:00.00,3.53513,1.96319,0.087
265,2010-09-23,00:00:00.00,2.81752,1.83404,0.121
266,2010-09-24,00:00:00.00,0.0246246,1.7997,0.117
267,2010-09-25,00:00:00.00,0.21696,1.79348,0.107
268,2010-09-26,00:00:00.00,2.76236,1.76913,0.115
269,2010-09-27,00:00:00.00,0.0341795,1.73791,0.105
270,2010-09-28,00:00:00.00,3.97863,1.71911,0.108
271,2010-09-29,00:00:00.00,33.542,1.76067,0.598
272,2010-09-30,00:00:00.00,0.14144,2.00099,2.5
273,2010-10-01,00:00:00.00,0.00538752,2.5349,1.75
274,2010-10-02,00:00:00.00,0.251825,2.90808,0.662
275,2010-10-03,00:00:00.00,6.75436,2.71249,0.431
276,2010-10-04,00:00:00.00,0.0617473,2.35612,0.342
277,2010-10-05,00:00:00.00,0.182792,2.22261,0.253
278,2010-10-06,00:00:00.00,0.591908,2.21446,0.208
279,2010-10-07,00:00:00.00,4.64773,2.16253,0.196
280,2010-10-08,00:00:00.00,0.528292,2.09271,0.189
281,2010-10-09,00:00:00.00,0.00893849,2.08213,0.165
282,2010-10-10,00:00:00.00,0,2.08321,0.147
283,2010-10-11,00:00:00.00,0.00112838,2.03961,0.129
284,2010-10-12,00:00:00.00,0.92506,1.97603,0.112
285,2010-10-13,00:00:00.00,0,1.92895,0.118
286,2010-10-14,00:00:00.00,3.19987,1.8988,0.105
287,2010-10-15,00:00:00.00,13.0331,1.90286,0.256
288,2010-10-16,00:00:00.00,0.0312909,1.9981,0.416
289,2010-10-17,00:00:00.00,0,2.20249,0.304
290,2010-10-18,00:00:00.00,1.6092e-308,2.32427,0.244
291,2010-10-19,00:00:00.00,0.116026,2.21926,0.214
292,2010-10-20,00:00:00.00,0.170892,2.04521,0.178
293,2010-10-21,00:00:00.00,2.24171,1.94212,0.155
294,2010-10-22,00:00:00.00,8.2549,1.91473,0.186
295,2010-10-23,00:00:00.00,1.89303,1.96359,0.239
296,2010-10-24,00:00:00.00,8.13947,2.09651,0.276
297,2010-10-25,00:00:00.00,6.43973,2.24356,0.938
298,2010-10-26,00:00:00.00,0.0255407,2.3522,3.64
299,2010-10-27,00:00:00.00,10.472,2.43829,2.21
300,2010-10-28,00:00:00.00,0.0814299,2.46777,3.42
301,2010-10-29,00:00:00.00,1.94932,2.49207,2.58
302,2010-10-30,00:00:00.00,0.323606,2.49607,1.27
303,2010-10-31,00:00:00.00,0.089485,2.3887,0.8
304,2010-11-01,00:00:00.00,0.0286315,2.24952,0.616
305,2010-11-02,00:00:00.00,0.00447499,2.15304,0.514
306,2010-11-03,00:00:00.00,0.000214598,2.09725,0.433
307,2010-11-04,00:00:00.00,2.10274,2.06437,0.379
308,2010-11-05,00:00:00.00,0.351373,2.04258,0.351
309,2010-11-06,00:00:00.00,0.716826,2.03413,0.334
310,2010-11-07,00:00:00.00,0.0119135,2.02147,0.309
311,2010-11-08,00:00:00.00,0.000794402,1.99039,0.283
312,2010-11-09,00:00:00.00,0.000403573,1.95275,0.252
313,2010-11-10,00:00:00.00,0,1.92128,0.231
314,2010-11-11,00:00:00.00,0,1.89526,0.219
315,2010-11-12,00:00:00.00,4.2945e-308,1.87157,0.208
316,2010-11-13,00:00:00.00,0,1.84832,0.19
317,2010-11-14,00:00:00.00,0.0451759,1.82571,0.184
318,2010-11-15,00:00:00.00,2.15687,1.80558,0.187
319,2010-11-16,00:00:00.00,0.00288142,1.79443,0.182
320,2010-11-17,00:00:00.00,7.73337,1.80743,0.185
321,2010-11-18,00:00:00.00,10.4184,1.87563,0.291
322,2010-11-19,00:00:00.00,1.8206,2.05686,0.397
323,2010-11-20,00:00:00.00,0.0815697,2.30639,0.445
324,2010-11-21,00:00:00.00,0.000237805,2.3954,0.425
325,2010-11-22,00:00:00.00,0.23318,2.24779,0.374
326,2010-11-23,00:00:00.00,8.59254,2.06634,0.447
327,2010-11-24,00:00:00.00,6.5479,2.03083,2.09
328,2010-11-25,00:00:00.00,0.0118119,2.18751,3.02
329,2010-11-26,00:00:00.00,8.99461,2.40424,1.61
330,2010-11-27,00:00:00.00,3.39373,2.479,3
331,2010-11-28,00:00:00.00,3.86457,2.44222,3.54
332,2010-11-29,00:00:00.00,0.192239,2.38496,1.85
333,2010-11-30,00:00:00.00,0.00978396,2.29543,1.17
334,2010-12-01,00:00:00.00,18.5321,2.23449,4.94
335,2010-12-02,00:00:00.00,8.04763,2.33451,36.7
336,2010-12-03,00:00:00.00,3.68301,2.69354,12.6
337,2010-12-04,00:00:00.00,1.40759,3.00308,5.47
338,2010-12-05,00:00:00.00,0.331888,2.90404,3.54
339,2010-12-06,00:00:00.00,3.34617,2.61648,2.69
340,2010-12-07,00:00:00.00,13.1286,2.42201,1.8
341,2010-12-08,00:00:00.00,7.28374,2.34061,1.43
342,2010-12-09,00:00:00.00,5.30232,2.30649,1.23
343,2010-12-10,00:00:00.00,0.78182,2.27586,1.09
344,2010-12-11,00:00:00.00,2.44534,2.24706,0.94
345,2010-12-12,00:00:00.00,0.408788,2.21856,0.9
346,2010-12-13,00:00:00.00,19.0722,2.20284,0.83
347,2010-12-14,00:00:00.00,1.21313,2.23647,0.73
348,2010-12-15,00:00:00.00,2.40632,2.34785,0.64
349,2010-12-16,00:00:00.00,5.36318,2.42585,0.62
350,2010-12-17,00:00:00.00,3.54627,2.36308,0.575
351,2010-12-18,00:00:00.00,2.98483,2.25048,0.538
352,2010-12-19,00:00:00.00,1.23179,2.17746,0.5
353,2010-12-20,00:00:00.00,1.1271,2.14028,0.478
354,2010-12-21,00:00:00.00,0.715936,2.11602,0.458
355,2010-12-22,00:00:00.00,0.52287,2.09186,0.439
356,2010-12-23,00:00:00.00,0.101417,2.06872,0.42
357,2010-12-24,00:00:00.00,0.0382579,2.04591,0.402
358,2010-12-25,00:00:00.00,0.0365377,2.02385,0.394
359,2010-12-26,00:00:00.00,0.000831002,2.00221,0.38
360,2010-12-27,00:00:00.00,0.0692202,1.9812,0.363
361,2010-12-28,00:00:00.00,0.110643,1.96065,0.358
362,2010-12-29,00:00:00.00,0.408993,1.94066,0.343
363,2010-12-30,00:00:00.00,0.189321,1.92113,0.338
364,2010-12-31,00:00:00.00,0.293431,1.90206,0.325
365,2011-01-01,00:00:00.00,2.87726,1.8867,0.48
366,2011-01-02,00:00:00.00,14.5838,1.91051,72.6
367,2011-01-03,00:00:00.00,1.32935,2.06179,54.2
368,2011-01-04,00:00:00.00,2.2176,2.37026,12.1
369,2011-01-05,00:00:00.00,11.3453,2.56679,5.81
370,2011-01-06,00:00:00.00,1.38525,2.44381,3.4
371,2011-01-07,00:00:00.00,5.93479,2.22694,2.63
372,2011-01-08,00:00:00.00,2.1275,2.10485,2.35
373,2011-01-09,00:00:00.00,0.240603,2.0542,2.23
374,2011-01-10,00:00:00.00,0.952916,2.02688,1.99
375,2011-01-11,00:00:00.00,0.226772,2.0022,1.52
376,2011-01-12,00:00:00.00,4.16475,1.98164,1.24
377,2011-01-13,00:00:00.00,4.79078,1.96208,1.05
378,2011-01-14,00:00:00.00,1.28918,1.94327,0.948
379,2011-01-15,00:00:00.00,1.58481,1.92469,0.846
380,2011-01-16,00:00:00.00,11.0321,1.90666,0.8
381,2011-01-17,00:00:00.00,0.610074,1.88893,0.744
382,2011-01-18,00:00:00.00,0.0933827,1.87163,0.663
383,2011-01-19,00:00:00.00,1.10909,1.85467,0.718
384,2011-01-20,00:00:00.00,1.22817,1.83814,0.728
385,2011-01-21,00:00:00.00,2.86474,1.82198,0.684
386,2011-01-22,00:00:00.00,6.69752,1.80618,0.658
387,2011-01-23,00:00:00.00,4.61996,1.79068,0.638
388,2011-01-24,00:00:00.00,0.763985,1.7755,0.614
389,2011-01-25,00:00:00.00,1.12177,1.76067,0.59
390,2011-01-26,00:00:00.00,0.482788,1.74621,0.568
391,2011-01-27,00:00:00.00,0.406089,1.73207,0.548
392,2011-01-28,00:00:00.00,1.97816,1.71816,0.529
393,2011-01-29,00:00:00.00,1.51497,1.70439,0.513
394,2011-01-30,00:00:00.00,2.29828,1.69076,0.499
395,2011-01-31,00:00:00.00,0.628481,1.67733,0.486
396,2011-02-01,00:00:00.00,0.0481321,1.66414,0.475
397,2011-02-02,00:00:00.00,0.877999,1.65123,0.465
398,2011-02-03,00:00:00.00,14.3081,1.63862,0.457
399,2011-02-04,00:00:00.00,0.0392131,1.62628,0.448
400,2011-02-05,00:00:00.00,0.0241305,1.61415,0.446
401,2011-02-06,00:00:00.00,3.4448,1.6022,0.461
402,2011-02-07,00:00:00.00,3.16472,1.59045,0.468
403,2011-02-08,00:00:00.00,1.08343,1.57886,0.463
404,2011-02-09,00:00:00.00,0.542019,1.56741,0.434
405,2011-02-10,00:00:00.00,0.834137,1.55607,0.418
406,2011-02-11,00:00:00.00,0.450967,1.5449,0.406
407,2011-02-12,00:00:00.00,1.58271,1.53398,0.387
408,2011-02-13,00:00:00.00,6.15933,1.5233,0.376
409,2011-02-14,00:00:00.00,2.01973,1.51283,0.387
410,2011-02-15,00:00:00.00,0.0297139,1.50249,0.398
411,2011-02-16,00:00:00.00,4.04361e-308,1.49226,0.385
412,2011-02-17,00:00:00.00,0.597085,1.48212,0.357
413,2011-02-18,00:00:00.00,0.758395,1.47205,0.454
414,2011-02-19,00:00:00.00,0.47601,1.48728,32
415,2011-02-20,00:00:00.00,1.30289,1.6089,54.3
416,2011-02-21,00:00:00.00,4.63843,1.89567,24.8
417,2011-02-22,00:00:00.00,2.85974,2.10957,10.5
418,2011-02-23,00:00:00.00,0,2.01014,5.9
419,2011-02-24,00:00:00.00,0.00550677,1.79195,4.58
420,2011-02-25,00:00:00.00,3.12514,1.66569,3.22
421,2011-02-26,00:00:00.00,1.15196,1.62514,2.13
422,2011-02-27,00:00:00.00,8.98763,1.61334,1.67
423,2011-02-28,00:00:00.00,3.17639,1.60078,1.43
424,2011-03-01,00:00:00.00,15.5973,1.59192,4.36
425,2011-03-02,00:00:00.00,0.0140588,1.59523,8.63
426,2011-03-03,00:00:00.00,0.115806,1.61787,4.84
427,2011-03-04,00:00:00.00,0.0517879,1.63195,2.39
428,2011-03-05,00:00:00.00,6.32099,1.61443,1.69
429,2011-03-06,00:00:00.00,32.0254,1.63741,47.7
430,2011-03-07,00:00:00.00,2.64626,1.85633,53
431,2011-03-08,00:00:00.00,0,2.32732,17.3
432,2011-03-09,00:00:00.00,0,2.64447,8.1
433,2011-03-10,00:00:00.00,11.1966,2.47653,5.27
434,2011-03-11,00:00:00.00,14.566,2.20092,33.9
435,2011-03-12,00:00:00.00,14.907,2.22608,53.7
436,2011-03-13,00:00:00.00,1.78288,2.54517,20.2
437,2011-03-14,00:00:00.00,0.568531,2.82348,9.97
438,2011-03-15,00:00:00.00,0.00848644,2.7737,6.4
439,2011-03-16,00:00:00.00,0.845191,2.52229,5.52
440,2011-03-17,00:00:00.00,5.00472,2.3234,24.4
441,2011-03-18,00:00:00.00,0.00233286,2.36446,49.6
442,2011-03-19,00:00:00.00,0.476032,3.04828,78.9
443,2011-03-20,00:00:00.00,0.0275661,5.04693,30.8
444,2011-03-21,00:00:00.00,1.89351,7.34578,12
445,2011-03-22,00:00:00.00,5.33052,7.7386,12.4
446,2011-03-23,00:00:00.00,0.662964,6.57099,14.9
447,2011-03-24,00:00:00.00,23.3735,5.59462,8.77
448,2011-03-25,00:00:00.00,0.0566348,5.18984,5.76
449,2011-03-26,00:00:00.00,0.00275882,4.97991,4.22
450,2011-03-27,00:00:00.00,1.81001e-308,4.7876,3.23
451,2011-03-28,00:00:00.00,0,4.62523,2.63
452,2011-03-29,00:00:00.00,0.000204778,4.50267,2.17
453,2011-03-30,00:00:00.00,9.60168e-308,4.39993,1.92
454,2011-03-31,00:00:00.00,0.0142307,4.3006,2.31
455,2011-04-01,00:00:00.00,0.0478953,4.20615,5.98
456,2011-04-02,00:00:00.00,2.01204e-308,4.11565,13.6
457,2011-04-03,00:00:00.00,0.00624255,4.06888,13.9
458,2011-04-04,00:00:00.00,3.8133,4.23444,8.03
459,2011-04-05,00:00:00.00,18.6596,5.18952,31.3
460,2011-04-06,00:00:00.00,0.453345,7.66169,25.2
461,2011-04-07,00:00:00.00,0.225766,12.3483,9.06
462,2011-04-08,00:00:00.00,0.0219785,15.2906,5.56
463,2011-04-09,00:00:00.00,0.000186727,14.6835,4.43
464,2011-04-10,00:00:00.00,7.48698e-308,16.1346,3.57
465,2011-04-11,00:00:00.00,5.49928,20.1552,3.37
466,2011-04-12,00:00:00.00,0.180602,22.9702,3.95
467,2011-04-13,00:00:00.00,0.000123246,22.2678,2.91
468,2011-04-14,00:00:00.00,5.3285e-308,19.257,2.05
469,2011-04-15,00:00:00.00,0,16.6385,1.64
470,2011-04-16,00:00:00.00,0,14.876,1.31
471,2011-04-17,00:00:00.00,19.432,13.8009,1.57
472,2011-04-18,00:00:00.00,2.26655,13.4707,2.89
473,2011-04-19,00:00:00.00,0.0316488,14.147,4.41
474,2011-04-20,00:00:00.00,5.12383,14.3772,3.06
475,2011-04-21,00:00:00.00,18.8914,13.4614,24.2
476,2011-04-22,00:00:00.00,0.275001,13.0214,14.4
477,2011-04-23,00:00:00.00,0.347758,13.7162,6.79
478,2011-04-24,00:00:00.00,12.8803,14.0564,16.1
479,2011-04-25,00:00:00.00,0.0260222,13.3884,9.48
480,2011-04-26,00:00:00.00,1.73939,13.108,5.22
481,2011-04-27,00:00:00.00,7.11142,12.854,5.32
482,2011-04-28,00:00:00.00,14.3564,12.1934,12.3
483,2011-04-29,00:00:00.00,7.48696,12.1114,34.1
484,2011-04-30,00:00:00.00,0.692527,12.766,14.9
485,2011-05-01,00:00:00.00,0.0597933,13.1606,7.17
486,2011-05-02,00:00:00.00,2.84051,12.5489,4.63
487,2011-05-03,00:00:00.00,0.551249,11.526,3.44
488,2011-05-04,00:00:00.00,5.3786,10.7038,2.71
489,2011-05-05,00:00:00.00,0.0470056,10.2068,2.37
490,2011-05-06,00:00:00.00,0.000338502,9.97785,1.92
491,2011-05-07,00:00:00.00,8.1269,9.75479,1.67
492,2011-05-08,00:00:00.00,0.0490519,9.47829,1.55
493,2011-05-09,00:00:00.00,0.0028619,9.41539,1.25
494,2011-05-10,00:00:00.00,0,9.28906,1.02
495,2011-05-11,00:00:00.00,0.390777,8.85839,0.897
496,2011-05-12,00:00:00.00,0.0477415,8.39914,0.815
497,2011-05-13,00:00:00.00,0.00192777,8.02453,0.759
498,2011-05-14,00:00:00.00,7.75868,7.74143,4.68
499,2011-05-15,00:00:00.00,30.365,7.71302,10.8
500,2011-05-16,00:00:00.00,9.7616,8.47214,15.1
501,2011-05-17,00:00:00.00,7.07583,10.4362,11.8
502,2011-05-18,00:00:00.00,1.16341,12.0348,6.83
503,2011-05-19,00:00:00.00,12.6754,11.9656,4.57
504,2011-05-20,00:00:00.00,10.3888,11.3276,55.1
505,2011-05-21,00:00:00.00,0.000745337,11.2387,17.1
506,2011-05-22,00:00:00.00,0.00558877,11.5274,7
507,2011-05-23,00:00:00.00,1.31903,11.2111,4.28
508,2011-05-24,00:00:00.00,9.22247,10.4045,5.47
509,2011-05-25,00:00:00.00,0.130286,9.82273,12.7
510,2011-05-26,00:00:00.00,9.64859,9.69559,5.5
511,2011-05-27,00:00:00.00,6.29878,9.75019,8.25
512,2011-05-28,00:00:00.00,2.31994,9.82582,9.38
513,2011-05-29,00:00:00.00,0.368401,9.84782,5.44
514,2011-05-30,00:00:00.00,4.93633,9.4727,3.95
515,2011-05-31,00:00:00.00,5.83784,8.93842,6.17
516,2011-06-01,00:00:00.00,0,8.56214,4.29
517,2011-06-02,00:00:00.00,3.47171e-308,8.34351,2.59
518,2011-06-03,00:00:00.00,0.00721256,8.09691,1.69
519,2011-06-04,00:00:00.00,0.000770646,7.76237,1.21
520,2011-06-05,00:00:00.00,8.61897,7.46091,1.04
521,2011-06-06,00:00:00.00,0.00561415,7.29696,0.905
522,2011-06-07,00:00:00.00,0.00718552,7.32119,0.737
523,2011-06-08,00:00:00.00,9.59023,7.30026,0.719
524,2011-06-09,00:00:00.00,1.74171,7.13874,0.635
525,2011-06-10,00:00:00.00,0.652601,7.10064,0.564
526,2011-06-11,00:00:00.00,0.123257,7.03218,0.532
527,2011-06-12,00:00:00.00,0.0175073,6.74644,0.509
528,2011-06-13,00:00:00.00,0.151552,6.43115,0.457
529,2011-06-14,00:00:00.00,0.00372458,6.17688,0.42
530,2011-06-15,00:00:00.00,3.064e-308,5.97707,0.362
531,2011-06-16,00:00:00.00,0.000338811,5.80099,0.333
532,2011-06-17,00:00:00.00,0.230956,5.63286,0.292
533,2011-06-18,00:00:00.00,0.0103099,5.47296,0.262
534,2011-06-19,00:00:00.00,0,5.3196,0.22
535,2011-06-20,00:00:00.00,0,5.1733,0.171
536,2011-06-21,00:00:00.00,0.0204058,5.03283,0.161
537,2011-06-22,00:00:00.00,0.653034,4.89854,0.22
538,2011-06-23,00:00:00.00,18.7056,4.81779,1.46
539,2011-06-24,00:00:00.00,8.08725,4.9617,3.61
540,2011-06-25,00:00:00.00,7.09801,5.52146,3.8
541,2011-06-26,00:00:00.00,1.14639,6.05749,1.94
542,2011-06-27,00:00:00.00,0.0586777,6.05547,1.17
543,2011-06-28,00:00:00.00,0.00805818,5.71064,0.812
544,2011-06-29,00:00:00.00,2.01293,5.31776,0.752
545,2011-06-30,00:00:00.00,0.173659,5.03906,0.566
546,2011-07-01,00:00:00.00,0,4.86178,0.453
547,2011-07-02,00:00:00.00,0,4.72276,0.372
548,2011-07-03,00:00:00.00,18.1203,4.64281,0.33
549,2011-07-04,00:00:00.00,2.60046e-308,4.74923,0.307
550,2011-07-05,00:00:00.00,5.84958e-308,5.16095,0.287
551,2011-07-06,00:00:00.00,0.00961079,5.41061,0.364
552,2011-07-07,00:00:00.00,0.134252,5.15574,0.281
553,2011-07-08,00:00:00.00,0.0982881,4.78549,0.246
554,2011-07-09,00:00:00.00,0.00261343,4.53667,0.194
555,2011-07-10,00:00:00.00,0.000621797,4.38577,0.157
556,2011-07-11,00:00:00.00,0.00341186,4.27212,0.136
557,2011-07-12,00:00:00.00,0.267424,4.15749,0.126
558,2011-07-13,00:00:00.00,0.00498943,4.05113,0.11
559,2011-07-14,00:00:00.00,1.05432e-308,3.9462,0.089
560,2011-07-15,00:00:00.00,0.000440048,3.84718,0.082
561,2011-07-16,00:00:00.00,0,3.75101,0.077
562,2011-07-17,00:00:00.00,0,3.6595,0.073
563,2011-07-18,00:00:00.00,0,3.57083,0.068
564,2011-07-19,00:00:00.00,1.68091,3.48562,0.064
565,2011-07-20,00:00:00.00,0.00326107,3.40312,0.063
566,2011-07-21,00:00:00.00,0.00386184,3.32394,0.063
567,2011-07-22,00:00:00.00,6.9174e-308,3.24762,0.056
568,2011-07-23,00:00:00.00,0.278261,3.1738,0.053
569,2011-07-24,00:00:00.00,0.0844985,3.10204,0.116
570,2011-07-25,00:00:00.00,0.331178,3.03256,0.048
571,2011-07-26,00:00:00.00,1.68914,2.96545,0.045
572,2011-07-27,00:00:00.00,0.00345071,2.90089,0.055
573,2011-07-28,00:00:00.00,0.0345388,2.83892,0.155
574,2011-07-29,00:00:00.00,4.60829,2.78024,0.295
575,2011-07-30,00:00:00.00,12.065,2.74201,0.171
576,2011-07-31,00:00:00.00,0.000522064,2.77446,0.065
577,2011-08-01,00:00:00.00,0.336962,2.90629,0.057
578,2011-08-02,00:00:00.00,0.0489577,2.98503,0.038
579,2011-08-03,00:00:00.00,0.0590553,2.88076,0.043
580,2011-08-04,00:00:00.00,4.96093,2.7212,0.059
581,2011-08-05,00:00:00.00,0,2.62152,0.063
582,2011-08-06,00:00:00.00,0.0859499,2.58006,0.051
583,2011-08-07,00:00:00.00,1.6113,2.54936,0.056
584,2011-08-08,00:00:00.00,9.94243,2.50455,0.075
585,2011-08-09,00:00:00.00,0.145949,2.49653,0.069
586,2011-08-10,00:00:00.00,16.8388,2.58748,0.08
587,2011-08-11,00:00:00.00,2.73376,2.75253,0.392
588,2011-08-12,00:00:00.00,0.501258,2.95085,0.389
589,2011-08-13,00:00:00.00,0.0208338,3.03927,0.206
590,2011-08-14,00:00:00.00,0.0350223,2.88047,0.133
591,2011-08-15,00:00:00.00,13.0876,2.6718,0.108
592,2011-08-16,00:00:00.00,0.12745,2.6184,0.121
593,2011-08-17,00:00:00.00,0.0391561,2.74191,0.112
594,2011-08-18,00:00:00.00,0.889261,2.84255,0.106
595,2011-08-19,00:00:00.00,0.00331785,2.74312,0.11
596,2011-08-20,00:00:00.00,0.00091405,2.57735,0.094
597,2011-08-21,00:00:00.00,19.075,2.49082,0.097
598,2011-08-22,00:00:00.00,15.6268,2.58524,0.104
599,2011-08-23,00:00:00.00,0.363988,2.97119,0.114
600,2011-08-24,00:00:00.00,0.0461831,3.4378,0.573
601,2011-08-25,00:00:00.00,21.1215,3.5498,0.363
602,2011-08-26,00:00:00.00,0.819133,3.41378,0.17
603,2011-08-27,00:00:00.00,0.0790618,3.50381,0.197
604,2011-08-28,00:00:00.00,0.0605983,3.64362,0.328
605,2011-08-29,00:00:00.00,0.00058483,3.45768,0.16
606,2011-08-30,00:00:00.00,0.0149244,3.1563,0.09
607,2011-08-31,00:00:00.00,0.0112487,2.96386,0.064
608,2011-09-01,00:00:00.00,2.16457,2.86699,0.058
609,2011-09-02,00:00:00.00,6.06321,2.8116,0.072
610,2011-09-03,00:00:00.00,0.000418552,2.77845,0.068
611,2011-09-04,00:00:00.00,7.79694,2.79178,0.056
612,2011-09-05,00:00:00.00,11.9276,2.84026,0.077
613,2011-09-06,00:00:00.00,0.314621,2.95119,0.079
614,2011-09-07,00:00:00.00,0.0254988,3.13014,0.069
615,2011-09-08,00:00:00.00,0.673391,3.18268,0.066
616,2011-09-09,00:00:00.00,0.124301,3.01787,0.058
617,2011-09-10,00:00:00.00,0,2.81763,0.052
618,2011-09-11,00:00:00.00,0.00537954,2.69304,0.051
619,2011-09-12,00:00:00.00,0.330675,2.62414,0.052
620,2011-09-13,00:00:00.00,0.402589,2.57272,0.054
621,2011-09-14,00:00:00.00,0.0920785,2.52241,0.066
622,2011-09-15,00:00:00.00,6.6301,2.48157,0.051
623,2011-09-16,00:00:00.00,2.55409,2.47469,0.071
624,2011-09-17,00:00:00.00,0.166097,2.52395,0.083
625,2011-09-18,00:00:00.00,0.000707294,2.56006,0.08
626,2011-09-19,00:00:00.00,0.00184522,2.50401,0.07
627,2011-09-20,00:00:00.00,24.9202,2.44291,0.131
628,2011-09-21,00:00:00.00,0.283742,2.5676,0.317
629,2011-09-22,00:00:00.00,1.44442,2.98627,0.346
630,2011-09-23,00:00:00.00,0.0181778,3.30232,0.188
631,2011-09-24,00:00:00.00,19.196,3.16544,0.191
632,2011-09-25,00:00:00.00,0.208505,2.99701,0.182
633,2011-09-26,00:00:00.00,0.204149,3.1767,0.23
634,2011-09-27,00:00:00.00,9.36613,3.39175,0.273
635,2011-09-28,00:00:00.00,22.6947,3.35472,0.676
636,2011-09-29,00:00:00.00,4.1357,3.45959,1.57
637,2011-09-30,00:00:00.00,3.27995,3.94674,1.18
638,2011-10-01,00:00:00.00,6.63255,4.28627,0.495
639,2011-10-02,00:00:00.00,0.0837192,4.13502,0.959
640,2011-10-03,00:00:00.00,7.00089,3.88275,1.58
641,2011-10-04,00:00:00.00,5.57454,3.78098,0.923
642,2011-10-05,00:00:00.00,0.0285229,3.80017,0.574
643,2011-10-06,00:00:00.00,0.012795,3.86525,0.474
644,2011-10-07,00:00:00.00,0.027048,3.79422,0.421
645,2011-10-08,00:00:00.00,0.0135136,3.5999,0.336
646,2011-10-09,00:00:00.00,0,3.42045,0.305
647,2011-10-10,00:00:00.00,0,3.30343,0.269
648,2011-10-11,00:00:00.00,0.0337774,3.22429,0.267
649,2011-10-12,00:00:00.00,0.0191462,3.15565,0.297
650,2011-10-13,00:00:00.00,13.5304,3.11406,0.423
651,2011-10-14,00:00:00.00,4.59259,3.18698,0.603
652,2011-10-15,00:00:00.00,33.875,3.5353,2.39
653,2011-10-16,00:00:00.00,10.8078,4.20858,8.14
654,2011-10-17,00:00:00.00,3.50883,5.28131,8.1
655,2011-10-18,00:00:00.00,0.0595825,6.08416,4.61
656,2011-10-19,00:00:00.00,0.291558,5.89476,2.62
657,2011-10-20,00:00:00.00,12.0358,5.25013,1.66
658,2011-10-21,00:00:00.00,24.6779,4.9307,21.7
659,2011-10-22,00:00:00.00,1.49543,5.40806,15.3
660,2011-10-23,00:00:00.00,0.252962,6.44374,5.37
661,2011-10-24,00:00:00.00,0.00154137,6.86512,2.9
662,2011-10-25,00:00:00.00,4.69807,6.32703,1.86
663,2011-10-26,00:00:00.00,12.9654,5.75942,1.4
664,2011-10-27,00:00:00.00,3.89815,5.71765,8.49
665,2011-10-28,00:00:00.00,0.477583,6.14759,7.32
666,2011-10-29,00:00:00.00,0.0762048,6.42005,3.77
667,2011-10-30,00:00:00.00,0.0779342,6.15475,2.41
668,2011-10-31,00:00:00.00,0.0128277,5.71187,1.74
669,2011-11-01,00:00:00.00,0.0494139,5.37473,1.33
670,2011-11-02,00:00:00.00,0.0121738,5.16457,1.06
671,2011-11-03,00:00:00.00,0,5.00981,0.838
672,2011-11-04,00:00:00.00,0.00149572,4.87031,0.713
673,2011-11-05,00:00:00.00,0.00137562,4.7388,0.631
674,2011-11-06,00:00:00.00,0.000201756,4.61496,0.532
675,2011-11-07,00:00:00.00,0,4.50037,0.465
676,2011-11-08,00:00:00.00,0.138697,4.39276,0.405
677,2011-11-09,00:00:00.00,0.501381,4.28807,0.371
678,2011-11-10,00:00:00.00,3.43662,4.19478,0.359
679,2011-11-11,00:00:00.00,2.11298,4.13665,0.367
680,2011-11-12,00:00:00.00,1.53124,4.14164,0.364
681,2011-11-13,00:00:00.00,5.12152e-308,4.15861,0.37
682,2011-11-14,00:00:00.00,0.660118,4.10142,0.35
683,2011-11-15,00:00:00.00,9.61407,4.00652,0.408
684,2011-11-16,00:00:00.00,0.0728508,4.0099,0.546
685,2011-11-17,00:00:00.00,0.0239759,4.20437,0.581
686,2011-11-18,00:00:00.00,1.00188,4.3465,0.543
687,2011-11-19,00:00:00.00,0.0220876,4.20389,0.475
688,2011-11-20,00:00:00.00,0.119901,3.97438,0.416
689,2011-11-21,00:00:00.00,1.07764,3.81961,0.381
690,2011-11-22,00:00:00.00,0.00136181,3.73202,0.35
691,2011-11-23,00:00:00.00,5.93617,3.68198,0.318
692,2011-11-24,00:00:00.00,6.91612,3.65603,0.451
693,2011-11-25,00:00:00.00,0.00879143,3.68941,0.767
694,2011-11-26,00:00:00.00,0.00157552,3.78914,0.942
695,2011-11-27,00:00:00.00,0.356132,3.8694,0.76
696,2011-11-28,00:00:00.00,19.0471,3.95178,1.23
697,2011-11-29,00:00:00.00,2.61022,4.19851,9.65
698,2011-11-30,00:00:00.00,51.4575,4.93461,49.6
699,2011-12-01,00:00:00.00,4.97591,6.2766,88.1
700,2011-12-02,00:00:00.00,0.000587618,8.43262,23.2
701,2011-12-03,00:00:00.00,1.28046,9.75411,11
702,2011-12-04,00:00:00.00,0.191091,8.86619,6.86
703,2011-12-05,00:00:00.00,20.9411,7.65056,9.2
704,2011-12-06,00:00:00.00,11.5276,7.41033,49.9
705,2011-12-07,00:00:00.00,2.53437,8.50244,29.4
706,2011-12-08,00:00:00.00,0.076383,9.76063,14.6
707,2011-12-09,00:00:00.00,0.785145,9.6675,7.57
708,2011-12-10,00:00:00.00,6.00883,8.76899,4.69
709,2011-12-11,00:00:00.00,0.193248,7.97592,3.29
710,2011-12-12,00:00:00.00,0.0023988,7.50363,2.38
711,2011-12-13,00:00:00.00,0,7.20003,2.04
712,2011-12-14,00:00:00.00,6.3591e-308,6.94853,1.69
713,2011-12-15,00:00:00.00,13.9082,6.76109,1.65
714,2011-12-16,00:00:00.00,11.901,6.90483,38.5
715,2011-12-17,00:00:00.00,1.79193,7.87942,27.6
716,2011-12-18,00:00:00.00,0.550325,9.51141,10
717,2011-12-19,00:00:00.00,2.04283,10.1416,5.44
718,2011-12-20,00:00:00.00,0.256199,9.31939,3.75
719,2011-12-21,00:00:00.00,0.0479239,8.36037,3.22
720,2011-12-22,00:00:00.00,7.41702,7.78398,3.31
721,2011-12-23,00:00:00.00,0.974895,7.56264,8.48
722,2011-12-24,00:00:00.00,0.71855,7.60097,8.07
723,2011-12-25,00:00:00.00,0.0154091,7.55705,4.78
724,2011-12-26,00:00:00.00,1.01132,7.26302,3.3
725,2011-12-27,00:00:00.00,0.385463,6.92771,2.53
726,2011-12-28,00:00:00.00,8.62092,6.68102,2.22
727,2011-12-29,00:00:00.00,1.18925,6.55501,1.96
728,2011-12-30,00:00:00.00,3.93644,6.56918,1.74
729,2011-12-31,00:00:00.00,7.51582,6.54748,1.65
730,2012-01-01,00:00:00.00,2.17989,6.44305,6.92
731,2012-01-02,00:00:00.00,16.8471,6.50096,24.4
732,2012-01-03,00:00:00.00,6.57612,6.75372,39.1
733,2012-01-04,00:00:00.00,1.87854,7.12459,12.7
734,2012-01-05,00:00:00.00,0.0891802,7.24435,7.25
735,2012-01-06,00:00:00.00,0.00498927,6.87809,4.8
736,2012-01-07,00:00:00.00,0.000496525,6.46189,3.61
737,2012-01-08,00:00:00.00,0.0472741,6.17989,4.28
738,2012-01-09,00:00:00.00,0.0403118,5.99602,6.25
739,2012-01-10,00:00:00.00,0.00185523,5.85117,4.38
740,2012-01-11,00:00:00.00,0.00386954,5.71181,3.33
741,2012-01-12,00:00:00.00,0.157565,5.58296,2.71
742,2012-01-13,00:00:00.00,4.58816,5.53176,5.86
743,2012-01-14,00:00:00.00,2.46048,5.8012,18.3
744,2012-01-15,00:00:00.00,0.519854,6.60153,6.63
745,2012-01-16,00:00:00.00,0.000953256,7.12462,3.36
746,2012-01-17,00:00:00.00,2.46188,6.77413,3
747,2012-01-18,00:00:00.00,9.36737,6.27267,3.45
748,2012-01-19,00:00:00.00,0.852384,6.08339,9.76
749,2012-01-20,00:00:00.00,7.47417,6.25301,4.45
750,2012-01-21,00:00:00.00,1.47887,6.36819,3.02
751,2012-01-22,00:00:00.00,1.13113,6.14681,2.93
752,2012-01-23,00:00:00.00,3.99741e-308,5.86475,2.89
753,2012-01-24,00:00:00.00,5.71309,5.67555,3.21
754,2012-01-25,00:00:00.00,0.304432,5.63582,11.8
755,2012-01-26,00:00:00.00,1.11868,5.75247,4.44
756,2012-01-27,00:00:00.00,1.88722,5.80072,2.85
757,2012-01-28,00:00:00.00,7.54848,5.641,3.61
758,2012-01-29,00:00:00.00,6.73181,5.48064,3.23
759,2012-01-30,00:00:00.00,4.25996,5.44655,1.93
760,2012-01-31,00:00:00.00,6.50466,5.43124,1.96
761,2012-02-01,00:00:00.00,0.553295,5.31609,2.32
762,2012-02-02,00:00:00.00,0.0121894,5.15977,31.6
763,2012-02-03,00:00:00.00,2.99681e-308,5.0287,15.4
764,2012-02-04,00:00:00.00,0.0283916,4.92493,6.6
765,2012-02-05,00:00:00.00,0.0680237,4.83602,4.25
766,2012-02-06,00:00:00.00,0.00348863,4.75058,3.56
767,2012-02-07,00:00:00.00,0.0303182,4.66955,3.55
768,2012-02-08,00:00:00.00,0.0693422,4.59086,3.43
769,2012-02-09,00:00:00.00,1.359e-308,4.51674,2.74
770,2012-02-10,00:00:00.00,0,4.44611,2.03
771,2012-02-11,00:00:00.00,2.54646,4.37713,1.51
772,2012-02-12,00:00:00.00,4.94884,4.30932,1.37
773,2012-02-13,00:00:00.00,3.71664,4.2449,1.19
774,2012-02-14,00:00:00.00,0.00275558,4.1822,1.04
775,2012-02-15,00:00:00.00,0.171606,4.12221,0.873
776,2012-02-16,00:00:00.00,0.182708,4.06387,0.782
777,2012-02-17,00:00:00.00,3.85604,4.01116,0.759
778,2012-02-18,00:00:00.00,0.513535,3.97603,0.794
779,2012-02-19,00:00:00.00,7.26543,3.97196,0.8
780,2012-02-20,00:00:00.00,0.149172,3.97135,0.748
781,2012-02-21,00:00:00.00,1.31079e-308,3.94794,0.705
782,2012-02-22,00:00:00.00,1.52569,3.90252,0.781
783,2012-02-23,00:00:00.00,0.330734,3.8326,1.65
784,2012-02-24,00:00:00.00,0.39889,3.7616,4.02
785,2012-02-25,00:00:00.00,12.2272,3.71571,4.15
786,2012-02-26,00:00:00.00,2.02743,3.72767,2.32
787,2012-02-27,00:00:00.00,0.00174012,3.82478,1.6
788,2012-02-28,00:00:00.00,0.00925757,3.88817,1.7
789,2012-02-29,00:00:00.00,0.049675,3.81103,1.88
790,2012-03-01,00:00:00.00,0.14761,3.68919,2.14
791,2012-03-02,00:00:00.00,0.0380008,3.60309,2.44
792,2012-03-03,00:00:00.00,7.15351,3.55924,4.78
793,2012-03-04,00:00:00.00,8.81525,3.59031,38.3
794,2012-03-05,00:00:00.00,1.28734,3.75593,15.4
795,2012-03-06,00:00:00.00,0.0138267,3.97118,6.5
796,2012-03-07,00:00:00.00,0.0296777,4.00507,3.97
797,2012-03-08,00:00:00.00,0,3.84724,10
798,2012-03-09,00:00:00.00,7.45748,3.82789,45.3
799,2012-03-10,00:00:00.00,5.37025,4.57147,19.9
800,2012-03-11,00:00:00.00,0.267815,6.6682,6.75
801,2012-03-12,00:00:00.00,4.293e-308,8.14277,5.09
802,2012-03-13,00:00:00.00,6.34107,7.78335,10.4
803,2012-03-14,00:00:00.00,4.23901,8.25598,30.5
804,2012-03-15,00:00:00.00,0.059823,11.8206,12.4
805,2012-03-16,00:00:00.00,0.969472,14.6532,6.5
806,2012-03-17,00:00:00.00,0.0250655,13.4398,4.72
807,2012-03-18,00:00:00.00,0.000227528,11.3731,3.57
808,2012-03-19,00:00:00.00,0.250763,10.0507,2.85
809,2012-03-20,00:00:00.00,0.023084,9.34065,2.38
810,2012-03-21,00:00:00.00,0,8.91959,2.09
811,2012-03-22,00:00:00.00,0,8.5059,1.69
812,2012-03-23,00:00:00.00,0.00460272,8.16057,1.42
813,2012-03-24,00:00:00.00,0.0353618,7.81722,1.22
814,2012-03-25,00:00:00.00,0.901058,7.52377,1.07
815,2012-03-26,00:00:00.00,0.0232263,7.23468,0.93
816,2012-03-27,00:00:00.00,0.000186164,6.98425,0.767
817,2012-03-28,00:00:00.00,0.00504956,6.74002,0.638
818,2012-03-29,00:00:00.00,0.404093,6.52481,0.607
819,2012-03-30,00:00:00.00,0.530291,6.31563,0.598
820,2012-03-31,00:00:00.00,0.59607,6.12832,0.548
821,2012-04-01,00:00:00.00,0.0116074,5.94678,0.516
822,2012-04-02,00:00:00.00,2.50514,5.78466,0.503
823,2012-04-03,00:00:00.00,0.00569338,5.63816,0.491
824,2012-04-04,00:00:00.00,0.00391551,5.52108,0.437
825,2012-04-05,00:00:00.00,0.00663747,5.39999,0.395
826,2012-04-06,00:00:00.00,0.002535,5.2615,0.363
827,2012-04-07,00:00:00.00,0,5.12084,0.338
828,2012-04-08,00:00:00.00,0,4.9939,0.324
829,2012-04-09,00:00:00.00,0.233545,4.87587,0.299
830,2012-04-10,00:00:00.00,0.0803793,4.76599,0.296
831,2012-04-11,00:00:00.00,0.64897,4.65956,0.294
832,2012-04-12,00:00:00.00,0.148076,4.55885,0.292
833,2012-04-13,00:00:00.00,0.000573221,4.46515,0.284
834,2012-04-14,00:00:00.00,0.000337129,4.37459,0.257
835,2012-04-15,00:00:00.00,0.263502,4.28435,0.244
836,2012-04-16,00:00:00.00,3.96145,4.20201,0.271
837,2012-04-17,00:00:00.00,0.000642067,4.13454,0.303
838,2012-04-18,00:00:00.00,4.83706e-308,4.09268,0.268
839,2012-04-19,00:00:00.00,0.000575166,4.04385,0.241
840,2012-04-20,00:00:00.00,0.0775636,3.96029,0.22
841,2012-04-21,00:00:00.00,3.82046,3.86993,0.214
842,2012-04-22,00:00:00.00,3.47817,3.80728,0.242
843,2012-04-23,00:00:00.00,0.00221528,3.79075,0.241
844,2012-04-24,00:00:00.00,1.37599,3.79615,0.219
845,2012-04-25,00:00:00.00,1.39642,3.75717,0.241
846,2012-04-26,00:00:00.00,0.106496,3.66603,0.276
847,2012-04-27,00:00:00.00,1.50554,3.57199,0.253
848,2012-04-28,00:00:00.00,0.388497,3.49791,0.229
849,2012-04-29,00:00:00.00,0,3.43728,0.213
850,2012-04-30,00:00:00.00,0.038208,3.38157,0.189
851,2012-05-01,00:00:00.00,11.8527,3.35138,0.202
852,2012-05-02,00:00:00.00,0.14597,3.42751,0.31
853,2012-05-03,00:00:00.00,0.204285,3.67713,0.313
854,2012-05-04,00:00:00.00,10.6085,3.87268,0.294
855,2012-05-05,00:00:00.00,7.90675,3.85519,0.498
856,2012-05-06,00:00:00.00,0.0422677,3.92065,1.23
857,2012-05-07,00:00:00.00,1.19159e-308,4.09183,0.665
858,2012-05-08,00:00:00.00,0.852332,4.06559,0.478
859,2012-05-09,00:00:00.00,5.60869,3.85134,0.461
860,2012-05-10,00:00:00.00,1.35003,3.67349,0.391
861,2012-05-11,00:00:00.00,0.00130504,3.62683,0.355
862,2012-05-12,00:00:00.00,0.00780628,3.61123,0.286
863,2012-05-13,00:00:00.00,0.843011,3.53072,0.23
864,2012-05-14,00:00:00.00,0.254737,3.42604,0.206
865,2012-05-15,00:00:00.00,7.411e-308,3.34176,0.173
866,2012-05-16,00:00:00.00,4.13867e-308,3.27492,0.146
867,2012-05-17,00:00:00.00,1.24337,3.21551,0.147
868,2012-05-18,00:00:00.00,1.03064e-308,3.1568,0.136
869,2012-05-19,00:00:00.00,5.1532e-308,3.10014,0.119
870,2012-05-20,00:00:00.00,0.00107857,3.04502,0.122
871,2012-05-21,00:00:00.00,0,2.99125,0.115
872,2012-05-22,00:00:00.00,1.47859,2.93802,0.11
873,2012-05-23,00:00:00.00,0.0595453,2.88553,0.112
874,2012-05-24,00:00:00.00,0.00183558,2.83411,0.117
875,2012-05-25,00:00:00.00,0.0130119,2.7841,0.117
876,2012-05-26,00:00:00.00,0.00399525,2.73515,0.106
877,2012-05-27,00:00:00.00,0,2.68699,0.096
878,2012-05-28,00:00:00.00,0.973238,2.63957,0.096
879,2012-05-29,00:00:00.00,0.0548457,2.5931,0.085
880,2012-05-30,00:00:00.00,3.07794,2.5478,0.076
881,2012-05-31,00:00:00.00,0.00329591,2.50377,0.212
882,2012-06-01,00:00:00.00,0.00432609,2.46113,0.131
883,2012-06-02,00:00:00.00,44.2934,2.49813,0.393
884,2012-06-03,00:00:00.00,4.6566,2.87983,6.21
885,2012-06-04,00:00:00.00,4.86632,3.86077,4.15
886,2012-06-05,00:00:00.00,0.825306,4.66664,2.2
887,2012-06-06,00:00:00.00,7.28538e-308,4.42616,1.36
888,2012-06-07,00:00:00.00,0.609015,3.80938,0.917
889,2012-06-08,00:00:00.00,0.000114693,3.40508,0.681
890,2012-06-09,00:00:00.00,0.186564,3.20787,0.487
891,2012-06-10,00:00:00.00,7.92822,3.13909,0.723
892,2012-06-11,00:00:00.00,0,3.10447,1.8
893,2012-06-12,00:00:00.00,0.443176,3.13873,1.24
894,2012-06-13,00:00:00.00,5.07523,3.14729,0.758
895,2012-06-14,00:00:00.00,0.021733,3.07796,0.528
896,2012-06-15,00:00:00.00,0,2.9923,0.413
897,2012-06-16,00:00:00.00,0.004434,2.92805,0.3
898,2012-06-17,00:00:00.00,0.00213629,2.8559,0.235
899,2012-06-18,00:00:00.00,7.22847,2.78949,0.217
900,2012-06-19,00:00:00.00,0.205601,2.75481,0.224
901,2012-06-20,00:00:00.00,0.0478202,2.76755,0.182
902,2012-06-21,00:00:00.00,0,2.76695,0.151
903,2012-06-22,00:00:00.00,7.111,2.70307,0.134
904,2012-06-23,00:00:00.00,0.0370387,2.63569,0.219
905,2012-06-24,00:00:00.00,0.00306028,2.61854,0.193
906,2012-06-25,00:00:00.00,0.259151,2.60563,0.154
907,2012-06-26,00:00:00.00,0.0907302,2.54457,0.134
908,2012-06-27,00:00:00.00,0,2.46512,0.109
909,2012-06-28,00:00:00.00,0.00307688,2.40177,0.084
910,2012-06-29,00:00:00.00,0.00148244,2.35255,0.06
911,2012-06-30,00:00:00.00,0.000472142,2.30919,0.047
912,2012-07-01,00:00:00.00,0.000340749,2.26642,0.04
913,2012-07-02,00:00:00.00,2.17424e-308,2.22478,0.049
914,2012-07-03,00:00:00.00,0,2.18394,0.044
915,2012-07-04,00:00:00.00,1.37043,2.14427,0.047
916,2012-07-05,00:00:00.00,0.175944,2.1056,0.047
917,2012-07-06,00:00:00.00,0.0050242,2.06807,0.041
918,2012-07-07,00:00:00.00,0.000471142,2.03149,0.037
919,2012-07-08,00:00:00.00,0.00723254,1.99574,0.034
920,2012-07-09,00:00:00.00,0.0176701,1.96071,0.036
921,2012-07-10,00:00:00.00,0.00447887,1.92649,0.035
922,2012-07-11,00:00:00.00,9.63257e-308,1.89315,0.032
923,2012-07-12,00:00:00.00,0.000414039,1.86075,0.028
924,2012-07-13,00:00:00.00,0.000213391,1.82921,0.016
925,2012-07-14,00:00:00.00,0.0529743,1.79844,0.01
926,2012-07-15,00:00:00.00,0.165359,1.76836,0.023
927,2012-07-16,00:00:00.00,2.37588,1.73896,0.06
928,2012-07-17,00:00:00.00,1.24228,1.71031,0.033
929,2012-07-18,00:00:00.00,0.540078,1.68254,0.062
930,2012-07-19,00:00:00.00,0.35964,1.65565,0.052
931,2012-07-20,00:00:00.00,1.79584,1.62944,0.034
932,2012-07-21,00:00:00.00,0.58383,1.6038,0.023
933,2012-07-22,00:00:00.00,4.57926e-308,1.57881,0.019
934,2012-07-23,00:00:00.00,0.777959,1.5545,0.028
935,2012-07-24,00:00:00.00,0.363327,1.53075,0.02
936,2012-07-25,00:00:00.00,0.0301765,1.50745,0.014
937,2012-07-26,00:00:00.00,8.14477,1.48893,0.117
938,2012-07-27,00:00:00.00,25.2597,1.51198,0.159
939,2012-07-28,00:00:00.00,6.23669,1.6631,0.128
940,2012-07-29,00:00:00.00,0.94559,1.96479,0.077
941,2012-07-30,00:00:00.00,0.0031655,2.16482,0.051
942,2012-07-31,00:00:00.00,0,2.05033,0.038
943,2012-08-01,00:00:00.00,0.510032,1.80931,0.025
944,2012-08-02,00:00:00.00,0.0455722,1.65354,0.019
945,2012-08-03,00:00:00.00,0.0361994,1.59048,0.017
946,2012-08-04,00:00:00.00,0.0261488,1.56316,0.015
947,2012-08-05,00:00:00.00,0.915812,1.53878,0.017
948,2012-08-06,00:00:00.00,3.8756,1.51541,0.031
949,2012-08-07,00:00:00.00,0,1.4926,0.04
950,2012-08-08,00:00:00.00,0,1.47105,0.026
951,2012-08-09,00:00:00.00,0.465148,1.44989,0.02
952,2012-08-10,00:00:00.00,9.52721,1.43472,0.052
953,2012-08-11,00:00:00.00,27.1609,1.47056,0.13
954,2012-08-12,00:00:00.00,7.6382,1.65882,0.199
955,2012-08-13,00:00:00.00,2.70011,2.01906,0.147
956,2012-08-14,00:00:00.00,0.154066,2.26283,0.101
957,2012-08-15,00:00:00.00,5.04908,2.14622,0.089
958,2012-08-16,00:00:00.00,0.0386646,1.87861,0.071
959,2012-08-17,00:00:00.00,1.46173,1.71539,0.066
960,2012-08-18,00:00:00.00,2.10072,1.65801,0.057
961,2012-08-19,00:00:00.00,0.0230083,1.62186,0.053
962,2012-08-20,00:00:00.00,0.0138872,1.58185,0.031
963,2012-08-21,00:00:00.00,0.00397395,1.54994,0.028
964,2012-08-22,00:00:00.00,0.00035305,1.52488,0.025
965,2012-08-23,00:00:00.00,1.62306e-308,1.50261,0.024
966,2012-08-24,00:00:00.00,0,1.48059,0.019
967,2012-08-25,00:00:00.00,0,1.45915,0.014
968,2012-08-26,00:00:00.00,0,1.43806,0.015
969,2012-08-27,00:00:00.00,0.0263498,1.41745,0.018
970,2012-08-28,00:00:00.00,9.12774,1.40312,0.025
971,2012-08-29,00:00:00.00,0.00871971,1.41405,0.021
972,2012-08-30,00:00:00.00,0.00223314,1.46296,0.025
973,2012-08-31,00:00:00.00,0,1.49494,0.019
974,2012-09-01,00:00:00.00,0.00872194,1.45494,0.024
975,2012-09-02,00:00:00.00,0.00256874,1.38753,0.036
976,2012-09-03,00:00:00.00,8.45785e-308,1.342,0.041
977,2012-09-04,00:00:00.00,0.011545,1.31707,0.068
978,2012-09-05,00:00:00.00,13.5028,1.3092,0.308
979,2012-09-06,00:00:00.00,0.100362,1.34331,0.316
980,2012-09-07,00:00:00.00,0.166588,1.44109,0.218
981,2012-09-08,00:00:00.00,6.56941,1.51325,0.146
982,2012-09-09,00:00:00.00,27.1811,1.50341,0.173
983,2012-09-10,00:00:00.00,1.43497,1.57638,0.24
984,2012-09-11,00:00:00.00,0.00816394,1.84282,0.249
985,2012-09-12,00:00:00.00,0.016636,2.02645,0.248
986,2012-09-13,00:00:00.00,0,1.88616,0.167
987,2012-09-14,00:00:00.00,0,1.63708,0.118
988,2012-09-15,00:00:00.00,16.7111,1.51085,0.123
989,2012-09-16,00:00:00.00,0.330149,1.54377,0.142
990,2012-09-17,00:00:00.00,0.0794155,1.70885,0.132
991,2012-09-18,00:00:00.00,0.000310914,1.82685,0.158
992,2012-09-19,00:00:00.00,15.9843,1.76592,0.201
993,2012-09-20,00:00:00.00,1.42063,1.69766,0.205
994,2012-09-21,00:00:00.00,3.28843,1.79172,0.161
995,2012-09-22,00:00:00.00,0.237698,1.89879,0.133
996,2012-09-23,00:00:00.00,7.03503,1.84359,0.122
997,2012-09-24,00:00:00.00,5.40041,1.74115,0.126
998,2012-09-25,00:00:00.00,2.11524,1.73918,0.121
999,2012-09-26,00:00:00.00,0.000211217,1.79666,0.111
1000,2012-09-27,00:00:00.00,0.0212343,1.79135,0.099
1001,2012-09-28,00:00:00.00,0.196589,1.70618,0.126
1002,2012-09-29,00:00:00.00,0.000294797,1.62008,0.12
1003,2012-09-30,00:00:00.00,8.10831,1.57608,0.105
1004,2012-10-01,00:00:00.00,4.88457,1.5914,0.098
1005,2012-10-02,00:00:00.00,0.0314997,1.67785,0.092
1006,2012-10-03,00:00:00.00,0.0314059,1.76756,0.083
1007,2012-10-04,00:00:00.00,2.74677,1.7544,0.081
1008,2012-10-05,00:00:00.00,0.148591,1.66385,0.076
1009,2012-10-06,00:00:00.00,5.98937,1.59425,0.076
1010,2012-10-07,00:00:00.00,1.1195,1.58317,0.077
1011,2012-10-08,00:00:00.00,0.560223,1.61588,0.077
1012,2012-10-09,00:00:00.00,0.242961,1.63382,0.071
1013,2012-10-10,00:00:00.00,0.00129952,1.59235,0.063
1014,2012-10-11,00:00:00.00,6.30931,1.53636,0.069
1015,2012-10-12,00:00:00.00,3.25497,1.52774,0.068
1016,2012-10-13,00:00:00.00,1.33721,1.58506,0.071
1017,2012-10-14,00:00:00.00,10.6055,1.65851,0.075
1018,2012-10-15,00:00:00.00,17.7936,1.72352,0.295
1019,2012-10-16,00:00:00.00,3.33548,1.90097,3.03
1020,2012-10-17,00:00:00.00,0.351983,2.2058,1.54
1021,2012-10-18,00:00:00.00,2.54497,2.35135,0.775
1022,2012-10-19,00:00:00.00,0.615609,2.19035,0.529
1023,2012-10-20,00:00:00.00,1.72009,1.95209,0.404
1024,2012-10-21,00:00:00.00,7.87566,1.82479,0.359
1025,2012-10-22,00:00:00.00,0.0353416,1.81643,0.343
1026,2012-10-23,00:00:00.00,0.794237,1.8942,0.408
1027,2012-10-24,00:00:00.00,24.9216,1.98134,2.58
1028,2012-10-25,00:00:00.00,1.17689,2.10541,8.6
1029,2012-10-26,00:00:00.00,0.174558,2.42725,3.46
1030,2012-10-27,00:00:00.00,4.97131,2.68732,1.82
1031,2012-10-28,00:00:00.00,11.6983,2.58047,1.78
1032,2012-10-29,00:00:00.00,5.4299,2.44365,4.32
1033,2012-10-30,00:00:00.00,14.8946,2.57964,6.61
1034,2012-10-31,00:00:00.00,5.95842,2.85449,14.3
1035,2012-11-01,00:00:00.00,6.6305,3.11846,9.18
1036,2012-11-02,00:00:00.00,2.07851,3.30187,10.6
1037,2012-11-03,00:00:00.00,1.30216,3.31457,6.13
1038,2012-11-04,00:00:00.00,0.0244757,3.16977,3.24
1039,2012-11-05,00:00:00.00,0.0263916,2.95154,1.99
1040,2012-11-06,00:00:00.00,0.0206115,2.75955,1.37
1041,2012-11-07,00:00:00.00,0.0143389,2.64098,1.02
1042,2012-11-08,00:00:00.00,9.95413e-308,2.57115,0.803
1043,2012-11-09,00:00:00.00,0.00143839,2.52466,0.658
1044,2012-11-10,00:00:00.00,0.0506277,2.48323,0.558
1045,2012-11-11,00:00:00.00,0.0760469,2.44444,0.64
1046,2012-11-12,00:00:00.00,0.0294001,2.40655,0.548
1047,2012-11-13,00:00:00.00,11.6405,2.38997,0.666
1048,2012-11-14,00:00:00.00,0.0397378,2.45899,0.706
1049,2012-11-15,00:00:00.00,0.000625765,2.66417,0.511
1050,2012-11-16,00:00:00.00,0,2.81135,0.524
1051,2012-11-17,00:00:00.00,0.000918508,2.71319,0.471
1052,2012-11-18,00:00:00.00,0.00742935,2.53012,0.427
1053,2012-11-19,00:00:00.00,0.0201514,2.41438,0.381
1054,2012-11-20,00:00:00.00,0.102998,2.35893,0.342
1055,2012-11-21,00:00:00.00,7.64762e-308,2.32549,0.34
1056,2012-11-22,00:00:00.00,0.117673,2.29198,0.313
1057,2012-11-23,00:00:00.00,0.23924,2.26023,0.33
1058,2012-11-24,00:00:00.00,5.67424,2.23779,0.395
1059,2012-11-25,00:00:00.00,2.83174,2.25505,0.371
1060,2012-11-26,00:00:00.00,0.869157,2.33465,0.35
1061,2012-11-27,00:00:00.00,0.15302,2.39229,0.348
1062,2012-11-28,00:00:00.00,0.0278911,2.3396,0.334
1063,2012-11-29,00:00:00.00,1.14028,2.24273,0.305
1064,2012-11-30,00:00:00.00,0.0261234,2.17445,0.263
1065,2012-12-01,00:00:00.00,0.698679,2.13581,0.229
1066,2012-12-02,00:00:00.00,0.451825,2.10888,0.235
1067,2012-12-03,00:00:00.00,16.8289,2.11158,3.55
1068,2012-12-04,00:00:00.00,0.281928,2.24259,13.1
1069,2012-12-05,00:00:00.00,8.07034,2.60475,5.66
1070,2012-12-06,00:00:00.00,0.130288,2.97823,5.93
1071,2012-12-07,00:00:00.00,0,3.08198,3.68
1072,2012-12-08,00:00:00.00,1.39944,2.95875,2.37
1073,2012-12-09,00:00:00.00,4.85887,2.73803,1.95
1074,2012-12-10,00:00:00.00,3.21274,2.59569,3.16
1075,2012-12-11,00:00:00.00,2.66683,2.60173,3.34
1076,2012-12-12,00:00:00.00,0.744627,2.63305,3.94
1077,2012-12-13,00:00:00.00,0.179515,2.59608,2.82
1078,2012-12-14,00:00:00.00,0.000119436,2.51989,1.87
1079,2012-12-15,00:00:00.00,5.30441e-308,2.44876,1.44
1080,2012-12-16,00:00:00.00,1.07877,2.39411,1.18
1081,2012-12-17,00:00:00.00,9.98368,2.37416,1.3
1082,2012-12-18,00:00:00.00,0.841771,2.45043,6.18
1083,2012-12-19,00:00:00.00,0.246639,2.70689,5.26
1084,2012-12-20,00:00:00.00,0.0940601,2.99524,3.2
1085,2012-12-21,00:00:00.00,9.80603,3.03962,2.25
1086,2012-12-22,00:00:00.00,3.80086,2.92706,6.26
1087,2012-12-23,00:00:00.00,0.424317,2.95207,7.54
1088,2012-12-24,00:00:00.00,0.110526,3.04532,3.84
1089,2012-12-25,00:00:00.00,0.0869933,2.97571,2.35
1090,2012-12-26,00:00:00.00,0.0134136,2.80621,1.76
1091,2012-12-27,00:00:00.00,3.66687,2.6793,0.982
1092,2012-12-28,00:00:00.00,3.52492,2.6134,0.987
1093,2012-12-29,00:00:00.00,0.287686,2.57572,1.33
1094,2012-12-30,00:00:00.00,4.63443,2.54156,0.877
1095,2012-12-31,00:00:00.00,0.575718,2.50896,0.77
1096,2013-01-01,00:00:00.00,0.417331,2.47702,0.649
1097,2013-01-02,00:00:00.00,0.392556,2.44623,0.586
1098,2013-01-03,00:00:00.00,0.360764,2.41618,0.528
1099,2013-01-04,00:00:00.00,0.814318,2.38711,0.469
1100,2013-01-05,00:00:00.00,0.0846249,2.35881,0.431
1101,2013-01-06,00:00:00.00,0.95034,2.33137,0.402
1102,2013-01-07,00:00:00.00,7.79186,2.30855,0.4
1103,2013-01-08,00:00:00.00,0.0868715,2.30309,0.383
1104,2013-01-09,00:00:00.00,0,2.32442,0.356
1105,2013-01-10,00:00:00.00,0.00682302,2.33488,0.344
1106,2013-01-11,00:00:00.00,0.00153481,2.29797,0.382
1107,2013-01-12,00:00:00.00,16.4347,2.27384,3.58
1108,2013-01-13,00:00:00.00,0.0237884,2.44276,29.2
1109,2013-01-14,00:00:00.00,9.91526,3.08775,56.7
1110,2013-01-15,00:00:00.00,0.188746,4.16012,36.7
1111,2013-01-16,00:00:00.00,0.0204145,4.84945,11
1112,2013-01-17,00:00:00.00,0.181666,4.59629,5.44
1113,2013-01-18,00:00:00.00,2.69344,3.96656,3.44
1114,2013-01-19,00:00:00.00,0.838841,3.52085,2.19
1115,2013-01-20,00:00:00.00,0.850929,3.32118,1.75
1116,2013-01-21,00:00:00.00,4.75394,3.25192,1.53
1117,2013-01-22,00:00:00.00,2.74653,3.19617,1.37
1118,2013-01-23,00:00:00.00,4.98524,3.14827,1.23
1119,2013-01-24,00:00:00.00,3.44737,3.09841,1.07
1120,2013-01-25,00:00:00.00,0.297875,3.05309,0.937
1121,2013-01-26,00:00:00.00,2.8931,3.00775,0.814
1122,2013-01-27,00:00:00.00,0.328309,2.96532,0.734
1123,2013-01-28,00:00:00.00,0.279848,2.92357,0.683
1124,2013-01-29,00:00:00.00,10.7579,2.89588,0.735
1125,2013-01-30,00:00:00.00,23.8096,2.97365,4.44
1126,2013-01-31,00:00:00.00,8.07655,3.38518,83.3
1127,2013-02-01,00:00:00.00,9.48221,4.24053,51.1
1128,2013-02-02,00:00:00.00,10.3174,4.91429,13.6
1129,2013-02-03,00:00:00.00,5.36856,4.75701,5.71
1130,2013-02-04,00:00:00.00,2.3481,4.23624,4.32
1131,2013-02-05,00:00:00.00,1.26744,3.85059,3.59
1132,2013-02-06,00:00:00.00,1.08679,3.65883,2.88
1133,2013-02-07,00:00:00.00,2.12545,3.58674,2.15
1134,2013-02-08,00:00:00.00,4.57113,3.52088,1.6
1135,2013-02-09,00:00:00.00,24.5356,3.46574,1.24
1136,2013-02-10,00:00:00.00,0.329997,3.40715,1.2
1137,2013-02-11,00:00:00.00,0.00837991,3.3545,1.3
1138,2013-02-12,00:00:00.00,3.49598,3.30565,1.73
1139,2013-02-13,00:00:00.00,0.629955,3.2796,2.6
1140,2013-02-14,00:00:00.00,0.0965218,3.28485,2.92
1141,2013-02-15,00:00:00.00,5.0617,3.27969,2.61
1142,2013-02-16,00:00:00.00,2.40481,3.22293,2.13
1143,2013-02-17,00:00:00.00,2.01084,3.1533,1.77
1144,2013-02-18,00:00:00.00,0.14937,3.09738,1.64
1145,2013-02-19,00:00:00.00,0.112658,3.04945,1.62
1146,2013-02-20,00:00:00.00,12.531,3.01413,1.68
1147,2013-02-21,00:00:00.00,2.27053,3.01917,1.74
1148,2013-02-22,00:00:00.00,0.209437,3.08759,1.73
1149,2013-02-23,00:00:00.00,0.646231,3.13115,1.67
1150,2013-02-24,00:00:00.00,0.972468,3.06716,1.61
1151,2013-02-25,00:00:00.00,2.38228,2.96766,1.54
1152,2013-02-26,00:00:00.00,0.00089027,2.89711,1.47
1153,2013-02-27,00:00:00.00,3.51122,2.8525,1.45
1154,2013-02-28,00:00:00.00,9.58759,2.82748,1.43
1155,2013-03-01,00:00:00.00,3.80897,2.83979,1.41
1156,2013-03-02,00:00:00.00,0.0341757,2.90791,1.38
1157,2013-03-03,00:00:00.00,0.17826,2.95449,1.34
1158,2013-03-04,00:00:00.00,0.213268,2.90412,1.31
1159,2013-03-05,00:00:00.00,0.0500984,2.81282,1.27
1160,2013-03-06,00:00:00.00,0.000563709,2.74418,1.23
1161,2013-03-07,00:00:00.00,0.112432,2.70119,1.19
1162,2013-03-08,00:00:00.00,1.70549,2.66924,1.18
1163,2013-03-09,00:00:00.00,0.0162373,2.63841,1.2
1164,2013-03-10,00:00:00.00,0.00137789,2.60853,1.3
1165,2013-03-11,00:00:00.00,0.000264365,2.57909,2.3
1166,2013-03-12,00:00:00.00,18.4901,2.70777,32.4
1167,2013-03-13,00:00:00.00,1.15096,3.55364,88.5
1168,2013-03-14,00:00:00.00,4.59781,5.9077,50.6
1169,2013-03-15,00:00:00.00,0.523289,7.74412,24.6
1170,2013-03-16,00:00:00.00,1.28894,7.20696,14.1
1171,2013-03-17,00:00:00.00,0.794528,5.91493,9.02
1172,2013-03-18,00:00:00.00,0.14596,5.09489,6.14
1173,2013-03-19,00:00:00.00,1.47966,4.78545,4.19
1174,2013-03-20,00:00:00.00,5.64224,4.66144,3.79
1175,2013-03-21,00:00:00.00,2.44112,4.55185,2.74
1176,2013-03-22,00:00:00.00,1.68101,4.45493,2.52
1177,2013-03-23,00:00:00.00,1.25108,4.35699,2.14
1178,2013-03-24,00:00:00.00,0.0317273,4.26472,1.93
1179,2013-03-25,00:00:00.00,6.8369e-308,4.17573,2.16
1180,2013-03-26,00:00:00.00,0,4.09123,2.8
1181,2013-03-27,00:00:00.00,5.44342e-308,4.00977,5.2
1182,2013-03-28,00:00:00.00,0.122351,3.9318,12.1
1183,2013-03-29,00:00:00.00,0.186064,3.85657,19.1
1184,2013-03-30,00:00:00.00,0,3.82313,28.3
1185,2013-03-31,00:00:00.00,0,4.04394,31.9
1186,2013-04-01,00:00:00.00,0.380863,5.12962,26.8
1187,2013-04-02,00:00:00.00,1.17583,7.47103,20.7
1188,2013-04-03,00:00:00.00,0.394071,10.2515,9.73
1189,2013-04-04,00:00:00.00,0.734399,11.0933,5.95
1190,2013-04-05,00:00:00.00,0,9.68287,4.55
1191,2013-04-06,00:00:00.00,0.00231869,8.22815,8.33
1192,2013-04-07,00:00:00.00,0.0316946,7.43223,5.89
1193,2013-04-08,00:00:00.00,0.467223,7.04678,6.1
1194,2013-04-09,00:00:00.00,9.59089,6.84052,9.45
1195,2013-04-10,00:00:00.00,24.1671,6.93991,18
1196,2013-04-11,00:00:00.00,16.3521,7.90607,70.3
1197,2013-04-12,00:00:00.00,10.2873,9.79621,44.3
1198,2013-04-13,00:00:00.00,16.4822,11.3934,45.9
1199,2013-04-14,00:00:00.00,3.37496,11.7058,44.5
1200,2013-04-15,00:00:00.00,0.299777,11.676,17
1201,2013-04-16,00:00:00.00,0.0357123,11.9446,9.37
1202,2013-04-17,00:00:00.00,1.98146,11.6186,6.57
1203,2013-04-18,00:00:00.00,10.5668,10.6732,4.73
1204,2013-04-19,00:00:00.00,18.0414,10.1127,16.4
1205,2013-04-20,00:00:00.00,16.9322,10.6275,47.5
1206,2013-04-21,00:00:00.00,0.763145,12.1558,17.3
1207,2013-04-22,00:00:00.00,0.00353981,13.4733,8.14
1208,2013-04-23,00:00:00.00,0,13.2693,5.46
1209,2013-04-24,00:00:00.00,0.168818,11.9648,3.98
1210,2013-04-25,00:00:00.00,11.8427,10.8644,3.42
1211,2013-04-26,00:00:00.00,4.55179,10.4152,4.51
1212,2013-04-27,00:00:00.00,0.0268807,10.6621,5.16
1213,2013-04-28,00:00:00.00,0.00034181,10.8468,3.84
1214,2013-04-29,00:00:00.00,6.60047,10.3633,3.01
1215,2013-04-30,00:00:00.00,1.87898,9.75978,3.41
1216,2013-05-01,00:00:00.00,0.00207047,9.43482,2.62
1217,2013-05-02,00:00:00.00,0.0417203,9.17131,2.16
1218,2013-05-03,00:00:00.00,0.00628782,8.74095,1.73
1219,2013-05-04,00:00:00.00,2.63741e-308,8.29871,1.44
1220,2013-05-05,00:00:00.00,0,7.9273,1.19
1221,2013-05-06,00:00:00.00,0,7.6124,1
1222,2013-05-07,00:00:00.00,0,7.33306,0.87
1223,2013-05-08,00:00:00.00,0,7.0702,0.76
1224,2013-05-09,00:00:00.00,0.642449,6.82672,0.689
1225,2013-05-10,00:00:00.00,0.0549545,6.59654,0.658
1226,2013-05-11,00:00:00.00,23.6327,6.46772,0.746
1227,2013-05-12,00:00:00.00,2.66472,6.72064,2.62
1228,2013-05-13,00:00:00.00,2.53756,7.61937,1.77
1229,2013-05-14,00:00:00.00,0.328436,8.19097,1.19
1230,2013-05-15,00:00:00.00,0.0824304,7.73421,0.927
1231,2013-05-16,00:00:00.00,0.537175,7.07391,0.815
1232,2013-05-17,00:00:00.00,0,6.62806,0.701
1233,2013-05-18,00:00:00.00,0,6.35885,0.596
1234,2013-05-19,00:00:00.00,0,6.16174,0.509
1235,2013-05-20,00:00:00.00,0.0202921,5.96849,0.462
1236,2013-05-21,00:00:00.00,8.23318,5.8074,0.463
1237,2013-05-22,00:00:00.00,13.084,5.75219,4.27
1238,2013-05-23,00:00:00.00,2.30622,5.9676,13.8
1239,2013-05-24,00:00:00.00,2.5334,6.37031,4.57
1240,2013-05-25,00:00:00.00,0.36577,6.4671,2.21
1241,2013-05-26,00:00:00.00,0.000280253,6.12469,1.37
1242,2013-05-27,00:00:00.00,0,5.74408,0.994
1243,2013-05-28,00:00:00.00,0.0479785,5.48438,0.794
1244,2013-05-29,00:00:00.00,24.8189,5.3911,0.983
1245,2013-05-30,00:00:00.00,8.61636,5.67976,6.5
1246,2013-05-31,00:00:00.00,4.92216,6.62398,7.92
1247,2013-06-01,00:00:00.00,16.5577,7.46045,7.5
1248,2013-06-02,00:00:00.00,2.5855,7.51477,16.3
1249,2013-06-03,00:00:00.00,9.25426,7.53218,11.6
1250,2013-06-04,00:00:00.00,0.000498533,7.58421,7.35
1251,2013-06-05,00:00:00.00,0,7.41737,3.54
1252,2013-06-06,00:00:00.00,0,7.13968,2.08
1253,2013-06-07,00:00:00.00,3.28958,6.72072,1.45
1254,2013-06-08,00:00:00.00,0.380505,6.35822,1.19
1255,2013-06-09,00:00:00.00,0.014869,6.0959,0.953
1256,2013-06-10,00:00:00.00,0.0013827,5.89024,0.722
1257,2013-06-11,00:00:00.00,38.024,5.84323,0.905
1258,2013-06-12,00:00:00.00,4.68177,6.3771,24.5
1259,2013-06-13,00:00:00.00,0.945445,7.94602,12.1
1260,2013-06-14,00:00:00.00,3.3663,9.02045,6.18
1261,2013-06-15,00:00:00.00,0.000577971,8.43102,3.86
1262,2013-06-16,00:00:00.00,0.000154378,7.47486,2.23
1263,2013-06-17,00:00:00.00,9.17145,6.87244,1.7
1264,2013-06-18,00:00:00.00,0.831615,6.64464,1.7
1265,2013-06-19,00:00:00.00,0.013765,6.68189,1.21
1266,2013-06-20,00:00:00.00,0.000484632,6.63935,0.863
1267,2013-06-21,00:00:00.00,0.000142143,6.37315,0.665
1268,2013-06-22,00:00:00.00,0,6.05928,0.548
1269,2013-06-23,00:00:00.00,5.15871,5.81491,0.495
1270,2013-06-24,00:00:00.00,1.41204,5.62547,0.526
1271,2013-06-25,00:00:00.00,0.00819443,5.4822,0.467
1272,2013-06-26,00:00:00.00,6.25309,5.34154,0.471
1273,2013-06-27,00:00:00.00,0.0233956,5.21418,0.546
1274,2013-06-28,00:00:00.00,0.137472,5.12573,0.525
1275,2013-06-29,00:00:00.00,52.5473,5.1982,47.2
1276,2013-06-30,00:00:00.00,0.0639803,5.94305,72.9
1277,2013-07-01,00:00:00.00,0.0249166,8.01219,16.5
1278,2013-07-02,00:00:00.00,0.00252109,9.42345,7.05
1279,2013-07-03,00:00:00.00,0.00232579,8.66194,3.42
1280,2013-07-04,00:00:00.00,2.23574,7.46854,2.06
1281,2013-07-05,00:00:00.00,8.81865,6.74587,6.62
1282,2013-07-06,00:00:00.00,12.8353,6.5009,3.53
1283,2013-07-07,00:00:00.00,2.18405,6.66906,1.96
1284,2013-07-08,00:00:00.00,11.6708,7.03525,1.8
1285,2013-07-09,00:00:00.00,6.1164,7.22272,5.69
1286,2013-07-10,00:00:00.00,0.861779,7.21116,4.06
1287,2013-07-11,00:00:00.00,3.40483,7.1177,2.6
1288,2013-07-12,00:00:00.00,0.0193071,6.77097,2.1
1289,2013-07-13,00:00:00.00,0,6.36475,1.68
1290,2013-07-14,00:00:00.00,0,6.03796,0.975
1291,2013-07-15,00:00:00.00,2.9115e-308,5.7981,0.653
1292,2013-07-16,00:00:00.00,0.0847063,5.59996,0.511
1293,2013-07-17,00:00:00.00,0.0423595,5.41692,0.416
1294,2013-07-18,00:00:00.00,0.0393478,5.24293,0.351
1295,2013-07-19,00:00:00.00,0.00290998,5.07821,0.301
1296,2013-07-20,00:00:00.00,10.0958,4.93876,0.28
1297,2013-07-21,00:00:00.00,4.40085,4.88208,0.93
1298,2013-07-22,00:00:00.00,0.00605621,4.95554,0.923
1299,2013-07-23,00:00:00.00,0.000148935,4.98116,0.735
1300,2013-07-24,00:00:00.00,0.759443,4.81057,0.529
1301,2013-07-25,00:00:00.00,0.00193703,4.58557,0.366
1302,2013-07-26,00:00:00.00,0.000460437,4.41136,0.261
1303,2013-07-27,00:00:00.00,0.000189602,4.27669,0.206
1304,2013-07-28,00:00:00.00,10.7353,4.17936,0.231
1305,2013-07-29,00:00:00.00,1.26354,4.16823,0.353
1306,2013-07-30,00:00:00.00,0.621053,4.29169,0.548
1307,2013-07-31,00:00:00.00,0.0711464,4.36437,0.324
1308,2013-08-01,00:00:00.00,17.2989,4.24908,0.193
1309,2013-08-02,00:00:00.00,31.6956,4.29403,1.47
1310,2013-08-03,00:00:00.00,7.13378,5.04991,4.6
1311,2013-08-04,00:00:00.00,0.0452295,6.37668,5.24
1312,2013-08-05,00:00:00.00,0.000378734,7.0312,2.29
1313,2013-08-06,00:00:00.00,0.000175538,6.51124,1.2
1314,2013-08-07,00:00:00.00,0.595988,5.72116,0.889
1315,2013-08-08,00:00:00.00,13.6897,5.24907,0.983
1316,2013-08-09,00:00:00.00,0.00451631,5.16154,1.53
1317,2013-08-10,00:00:00.00,0.082496,5.38747,1.24
1318,2013-08-11,00:00:00.00,0.0101543,5.50215,0.815
1319,2013-08-12,00:00:00.00,0.0014878,5.25839,0.602
1320,2013-08-13,00:00:00.00,0.535112,4.93557,0.545
1321,2013-08-14,00:00:00.00,0.421042,4.70307,0.514
1322,2013-08-15,00:00:00.00,0.0211058,4.54314,0.442
1323,2013-08-16,00:00:00.00,0.00546234,4.42058,0.392
1324,2013-08-17,00:00:00.00,0,4.29527,0.369
1325,2013-08-18,00:00:00.00,0,4.17869,0.397
1326,2013-08-19,00:00:00.00,0,4.06567,0.39
1327,2013-08-20,00:00:00.00,0.00730594,3.95881,0.407
1328,2013-08-21,00:00:00.00,0,3.85571,0.385
1329,2013-08-22,00:00:00.00,0.000143909,3.75754,0.394
1330,2013-08-23,00:00:00.00,1.18057,3.6631,0.356
1331,2013-08-24,00:00:00.00,0.0683176,3.57291,0.344
1332,2013-08-25,00:00:00.00,0.00754898,3.48651,0.278
1333,2013-08-26,00:00:00.00,0.217602,3.40401,0.226
1334,2013-08-27,00:00:00.00,1.59325,3.32477,0.253
1335,2013-08-28,00:00:00.00,0.0711239,3.24868,0.395
1336,2013-08-29,00:00:00.00,1.86384,3.17567,0.471
1337,2013-08-30,00:00:00.00,0.0177876,3.10569,0.351
1338,2013-08-31,00:00:00.00,11.0999,3.05374,0.354
1339,2013-09-01,00:00:00.00,0.254597,3.0701,0.97
1340,2013-09-02,00:00:00.00,2.74486,3.19474,1.38
1341,2013-09-03,00:00:00.00,1.1696,3.27542,1.32
1342,2013-09-04,00:00:00.00,1.56639,3.16902,0.998
1343,2013-09-05,00:00:00.00,0.062285,3.0023,0.525
1344,2013-09-06,00:00:00.00,0,2.88633,0.296
1345,2013-09-07,00:00:00.00,6.6702e-308,2.81444,0.177
1346,2013-09-08,00:00:00.00,10.5591,2.77437,0.15
1347,2013-09-09,00:00:00.00,0.0338567,2.79829,0.156
1348,2013-09-10,00:00:00.00,0.00999741,2.9261,0.122
1349,2013-09-11,00:00:00.00,0.0368582,3.01065,0.11
1350,2013-09-12,00:00:00.00,6.37451,2.91977,0.099
1351,2013-09-13,00:00:00.00,0.293552,2.79285,0.393
1352,2013-09-14,00:00:00.00,0.244696,2.75492,0.492
1353,2013-09-15,00:00:00.00,0.0157898,2.74343,0.313
1354,2013-09-16,00:00:00.00,0.954263,2.67756,0.19
1355,2013-09-17,00:00:00.00,0.231673,2.58797,0.185
1356,2013-09-18,00:00:00.00,0.02773,2.51941,0.131
1357,2013-09-19,00:00:00.00,0,2.46859,0.106
1358,2013-09-20,00:00:00.00,0.0817995,2.4254,0.081
1359,2013-09-21,00:00:00.00,56.317,2.48214,0.201
1360,2013-09-22,00:00:00.00,35.6824,3.04723,20.7
1361,2013-09-23,00:00:00.00,0.215356,4.78553,19.9
1362,2013-09-24,00:00:00.00,6.64413e-308,6.8153,4.89
1363,2013-09-25,00:00:00.00,0.0137306,7.1199,1.92
1364,2013-09-26,00:00:00.00,0,6.00179,1.04
1365,2013-09-27,00:00:00.00,0,4.98024,0.64
1366,2013-09-28,00:00:00.00,0.00346089,4.49285,0.418
1367,2013-09-29,00:00:00.00,0.0174847,4.30871,0.3
1368,2013-09-30,00:00:00.00,0.583313,4.18428,0.226
1369,2013-10-01,00:00:00.00,2.44012,4.07308,0.214
1370,2013-10-02,00:00:00.00,0.0362839,3.9673,0.204
1371,2013-10-03,00:00:00.00,0.00037353,3.87548,0.208
1372,2013-10-04,00:00:00.00,0.371112,3.78491,0.292
1373,2013-10-05,00:00:00.00,8.65438,3.70602,1.93
1374,2013-10-06,00:00:00.00,0.313896,3.69183,1.68
1375,2013-10-07,00:00:00.00,31.2753,3.85959,0.972
1376,2013-10-08,00:00:00.00,13.9221,4.33435,47.2
1377,2013-10-09,00:00:00.00,0.00703286,5.35595,21.3
1378,2013-10-10,00:00:00.00,0,6.28204,7.34
1379,2013-10-11,00:00:00.00,0.0129581,6.17842,3.59
1380,2013-10-12,00:00:00.00,0.00657301,5.46976,2.1
1381,2013-10-13,00:00:00.00,0.0224361,4.88953,1.35
1382,2013-10-14,00:00:00.00,5.63909,4.60402,1.01
1383,2013-10-15,00:00:00.00,0.0810537,4.50984,0.771
1384,2013-10-16,00:00:00.00,1.87081,4.52132,0.642
1385,2013-10-17,00:00:00.00,7.65161,4.51894,0.932
1386,2013-10-18,00:00:00.00,9.01233,4.49303,2.11
1387,2013-10-19,00:00:00.00,0.645822,4.64966,11.7
1388,2013-10-20,00:00:00.00,9.85352,4.94534,7.77
1389,2013-10-21,00:00:00.00,0.242895,5.09507,8.04
1390,2013-10-22,00:00:00.00,13.4548,5.16789,6.36
1391,2013-10-23,00:00:00.00,1.56139,5.29343,15.6
1392,2013-10-24,00:00:00.00,5.3682,5.49719,8.2
1393,2013-10-25,00:00:00.00,4.14496,5.61928,12.6
1394,2013-10-26,00:00:00.00,6.20991,5.51619,25.2
1395,2013-10-27,00:00:00.00,17.3823,5.5035,26.2
1396,2013-10-28,00:00:00.00,3.70405,5.79911,33
1397,2013-10-29,00:00:00.00,0.0158275,6.40242,12.6
1398,2013-10-30,00:00:00.00,0.0478406,6.72483,6.47
1399,2013-10-31,00:00:00.00,0.070426,6.37941,4.17
1400,2013-11-01,00:00:00.00,42.7074,5.9961,25.6
1401,2013-11-02,00:00:00.00,7.14536,6.45677,83.1
1402,2013-11-03,00:00:00.00,2.51347,8.4038,24.2
1403,2013-11-04,00:00:00.00,1.6559e-308,10.0257,10.5
1404,2013-11-05,00:00:00.00,0,9.63096,5.89
1405,2013-11-06,00:00:00.00,0.210709,8.50892,4.02
1406,2013-11-07,00:00:00.00,15.3295,7.70662,3.58
1407,2013-11-08,00:00:00.00,2.77147,7.55031,13.2
1408,2013-11-09,00:00:00.00,4.28706,8.07981,8.68
1409,2013-11-10,00:00:00.00,1.47257,8.49977,10.2
1410,2013-11-11,00:00:00.00,1.8052,8.29879,9.18
1411,2013-11-12,00:00:00.00,3.14772,7.89064,8.45
1412,2013-11-13,00:00:00.00,0.59225,7.52421,10.7
1413,2013-11-14,00:00:00.00,0.344327,7.22855,5.69
1414,2013-11-15,00:00:00.00,0,6.9537,3.89
1415,2013-11-16,00:00:00.00,3.31435e-308,6.66722,3.02
1416,2013-11-17,00:00:00.00,0.0711892,6.42566,2.56
1417,2013-11-18,00:00:00.00,17.2025,6.29286,4.14
1418,2013-11-19,00:00:00.00,2.66894,6.51188,30.2
1419,2013-11-20,00:00:00.00,0.195417,7.26506,11.6
1420,2013-11-21,00:00:00.00,5.8696e-308,7.79126,5.73
1421,2013-11-22,00:00:00.00,1.84505,7.46188,3.8
1422,2013-11-23,00:00:00.00,6.66227,6.92401,4.18
1423,2013-11-24,00:00:00.00,5.05246,6.67849,6.68
1424,2013-11-25,00:00:00.00,3.38561,6.75582,3.87
1425,2013-11-26,00:00:00.00,1.88546,6.76196,2.4
1426,2013-11-27,00:00:00.00,0.662727,6.48861,2.41
1427,2013-11-28,00:00:00.00,0.344432,6.18126,1.99
1428,2013-11-29,00:00:00.00,0.873521,5.94784,1.69
1429,2013-11-30,00:00:00.00,0.0358753,5.77605,1.34
1430,2013-12-01,00:00:00.00,0.0299415,5.62863,1.26
1431,2013-12-02,00:00:00.00,0.504349,5.49004,1.23
1432,2013-12-03,00:00:00.00,0.0426287,5.3599,1.22
1433,2013-12-04,00:00:00.00,0.774564,5.23704,1.18
1434,2013-12-05,00:00:00.00,2.57042,5.12552,1.31
1435,2013-12-06,00:00:00.00,2.4885,5.0452,8.48
1436,2013-12-07,00:00:00.00,0.0260862,5.02826,8.23
1437,2013-12-08,00:00:00.00,0.249057,5.04489,3.57
1438,2013-12-09,00:00:00.00,0.387628,4.9915,1.9
1439,2013-12-10,00:00:00.00,4.06622,4.85547,1.86
1440,2013-12-11,00:00:00.00,4.08629,4.71976,1.55
1441,2013-12-12,00:00:00.00,5.12682,4.61835,1.07
1442,2013-12-13,00:00:00.00,6.34264,4.53623,0.94
1443,2013-12-14,00:00:00.00,3.51831,4.45871,0.962
1444,2013-12-15,00:00:00.00,8.58166,4.38037,0.834
1445,2013-12-16,00:00:00.00,7.25075,4.3054,0.753
1446,2013-12-17,00:00:00.00,7.21933,4.23581,0.773
1447,2013-12-18,00:00:00.00,3.64492,4.16894,0.793
1448,2013-12-19,00:00:00.00,1.17429,4.10519,0.778
1449,2013-12-20,00:00:00.00,0.388762,4.04365,0.762
1450,2013-12-21,00:00:00.00,11.7144,4.00239,0.739
1451,2013-12-22,00:00:00.00,5.11526,4.0468,3.74
1452,2013-12-23,00:00:00.00,8.47605,4.25898,23.3
1453,2013-12-24,00:00:00.00,1.08047,4.51288,20.4
1454,2013-12-25,00:00:00.00,0.75336,4.59213,9.91
1455,2013-12-26,00:00:00.00,2.83379,4.49439,6.52
1456,2013-12-27,00:00:00.00,2.92037,4.30717,4.92
1457,2013-12-28,00:00:00.00,0.172069,4.14069,4.1
1458,2013-12-29,00:00:00.00,0.0149779,4.0399,3.48
1459,2013-12-30,00:00:00.00,0.231895,3.97117,3.01
1460,2013-12-31,00:00:00.00,0.728671,3.91486,2.65
1461,2014-01-01,00:00:00.00,2.23437,3.85923,2.38
1462,2014-01-02,00:00:00.00,0.339219,3.80646,2.19
1463,2014-01-03,00:00:00.00,0.812258,3.75515,2.07
1464,2014-01-04,00:00:00.00,0.0227221,3.70619,1.96
1465,2014-01-05,00:00:00.00,2.32435,3.65882,1.88
1466,2014-01-06,00:00:00.00,19.9381,3.61568,1.77
1467,2014-01-07,00:00:00.00,13.9455,3.58398,1.64
1468,2014-01-08,00:00:00.00,2.37754,3.57001,1.5
1469,2014-01-09,00:00:00.00,1.22076,3.55025,1.39
1470,2014-01-10,00:00:00.00,0.600596,3.50315,1.26
1471,2014-01-11,00:00:00.00,3.64727,3.44956,1.21
1472,2014-01-12,00:00:00.00,22.702,3.46884,3.13
1473,2014-01-13,00:00:00.00,0.356558,3.76051,20.9
1474,2014-01-14,00:00:00.00,0.0416397,4.50506,20.6
1475,2014-01-15,00:00:00.00,0.0288767,5.02538,20.9
1476,2014-01-16,00:00:00.00,1.40786,4.76242,19.3
1477,2014-01-17,00:00:00.00,2.17798,4.32233,12.6
1478,2014-01-18,00:00:00.00,4.41368,4.05753,8.61
1479,2014-01-19,00:00:00.00,2.50507,3.9367,6.51
1480,2014-01-20,00:00:00.00,2.02533,3.88567,4.85
1481,2014-01-21,00:00:00.00,1.62427,3.82576,3.44
1482,2014-01-22,00:00:00.00,0.00915118,3.7754,2.55
1483,2014-01-23,00:00:00.00,0.433248,3.7219,2.47
1484,2014-01-24,00:00:00.00,0.584799,3.67389,2
1485,2014-01-25,00:00:00.00,5.79836,3.62549,1.45
1486,2014-01-26,00:00:00.00,9.86068,3.58051,1.07
1487,2014-01-27,00:00:00.00,4.24729,3.53598,1.14
1488,2014-01-28,00:00:00.00,5.27102,3.49355,1.18
1489,2014-01-29,00:00:00.00,0.343437,3.45186,1.11
1490,2014-01-30,00:00:00.00,0.213411,3.41181,1.03
1491,2014-01-31,00:00:00.00,2.01527,3.37284,1.04
1492,2014-02-01,00:00:00.00,2.16377,3.33527,1.06
1493,2014-02-02,00:00:00.00,17.8211,3.30163,1.05
1494,2014-02-03,00:00:00.00,1.32629,3.28187,1.09
1495,2014-02-04,00:00:00.00,0.0635231,3.28377,1.11
1496,2014-02-05,00:00:00.00,1.65817,3.27755,1.1
1497,2014-02-06,00:00:00.00,12.8826,3.23508,1.08
1498,2014-02-07,00:00:00.00,2.75341,3.18119,1.03
1499,2014-02-08,00:00:00.00,0.591352,3.13751,0.999
1500,2014-02-09,00:00:00.00,0.557428,3.10287,0.996
1501,2014-02-10,00:00:00.00,3.01393,3.07212,1
1502,2014-02-11,00:00:00.00,0.863394,3.04202,1.01
1503,2014-02-12,00:00:00.00,0.136654,3.01281,0.997
1504,2014-02-13,00:00:00.00,0.00940168,2.98418,0.965
1505,2014-02-14,00:00:00.00,0.00437022,2.9563,0.922
1506,2014-02-15,00:00:00.00,0.799188,2.92901,0.876
1507,2014-02-16,00:00:00.00,1.5203,2.90224,0.837
1508,2014-02-17,00:00:00.00,1.50995,2.87585,0.815
1509,2014-02-18,00:00:00.00,3.00782,2.84993,0.814
1510,2014-02-19,00:00:00.00,7.28804,2.82457,0.826
1511,2014-02-20,00:00:00.00,0.00537656,2.79976,0.835
1512,2014-02-21,00:00:00.00,5.73962,2.7791,0.824
1513,2014-02-22,00:00:00.00,3.84461,2.77758,0.783
1514,2014-02-23,00:00:00.00,5.63709e-308,2.8138,0.744
1515,2014-02-24,00:00:00.00,0.824651,2.8575,0.79
1516,2014-02-25,00:00:00.00,1.86781,2.84702,1.01
1517,2014-02-26,00:00:00.00,2.50704,2.78811,1.35
1518,2014-02-27,00:00:00.00,1.22416,2.73063,1.56
1519,2014-02-28,00:00:00.00,2.92165,2.69316,1.56
1520,2014-03-01,00:00:00.00,0.050145,2.66782,1.49
1521,2014-03-02,00:00:00.00,4.42006,2.64563,1.4
1522,2014-03-03,00:00:00.00,2.36278,2.62402,1.3
1523,2014-03-04,00:00:00.00,0.0038407,2.60282,1.22
1524,2014-03-05,00:00:00.00,2.70485,2.582,1.14
1525,2014-03-06,00:00:00.00,0.328288,2.56165,1.06
1526,2014-03-07,00:00:00.00,0.0248426,2.54171,0.995
1527,2014-03-08,00:00:00.00,0,2.522,0.934
1528,2014-03-09,00:00:00.00,0.0176365,2.5024,0.889
1529,2014-03-10,00:00:00.00,0.0231802,2.4828,0.873
1530,2014-03-11,00:00:00.00,0.000316875,2.46317,0.896
1531,2014-03-12,00:00:00.00,0.0314293,2.44359,1.01
1532,2014-03-13,00:00:00.00,10.6253,2.42404,1.19
1533,2014-03-14,00:00:00.00,0.00425395,2.40447,1.45
1534,2014-03-15,00:00:00.00,0.111068,2.38508,1.81
1535,2014-03-16,00:00:00.00,0.541148,2.3661,2.22
1536,2014-03-17,00:00:00.00,0.0232116,2.34747,2.65
1537,2014-03-18,00:00:00.00,4.78852e-308,2.329,3.05
1538,2014-03-19,00:00:00.00,0.00166042,2.3108,3.4
1539,2014-03-20,00:00:00.00,3.8332,2.29562,3.88
1540,2014-03-21,00:00:00.00,0.946905,2.29194,6.35
1541,2014-03-22,00:00:00.00,0.124206,2.30603,10.9
1542,2014-03-23,00:00:00.00,7.165,2.31254,11.5
1543,2014-03-24,00:00:00.00,0.0686062,2.28684,9.44
1544,2014-03-25,00:00:00.00,0.223329,2.24986,8.04
1545,2014-03-26,00:00:00.00,1.03764,2.22211,7.14
1546,2014-03-27,00:00:00.00,0.0029346,2.20267,6.27
1547,2014-03-28,00:00:00.00,3.73603,2.18614,5.48
1548,2014-03-29,00:00:00.00,4.72495,2.17467,5.85
1549,2014-03-30,00:00:00.00,0,2.18502,20.9
1550,2014-03-31,00:00:00.00,0,2.22927,20.4
1551,2014-04-01,00:00:00.00,0,2.25867,28.6
1552,2014-04-02,00:00:00.00,0.176271,2.26423,42.8
1553,2014-04-03,00:00:00.00,0.00723081,2.41376,56.1
1554,2014-04-04,00:00:00.00,0.0251334,2.85074,49.3
1555,2014-04-05,00:00:00.00,5.90572,3.1978,33.3
1556,2014-04-06,00:00:00.00,0.975502,3.09085,47
1557,2014-04-07,00:00:00.00,0.000495389,2.86181,38.6
1558,2014-04-08,00:00:00.00,2.81731,2.81789,47.6
1559,2014-04-09,00:00:00.00,2.34801,3.19964,64.5
1560,2014-04-10,00:00:00.00,0.00101663,4.63862,61.3
1561,2014-04-11,00:00:00.00,0.41105,7.17382,48.4
1562,2014-04-12,00:00:00.00,0.0536627,10.5619,43.7
1563,2014-04-13,00:00:00.00,18.0946,16.9185,25.4
1564,2014-04-14,00:00:00.00,2.26968,27.7843,60.9
1565,2014-04-15,00:00:00.00,2.59204,38.7877,35
1566,2014-04-16,00:00:00.00,9.48219,39.5986,22.9
1567,2014-04-17,00:00:00.00,0.000360573,31.6348,13.8
1568,2014-04-18,00:00:00.00,0.0030317,25.2944,12.1
1569,2014-04-19,00:00:00.00,0.987391,21.571,8.67
1570,2014-04-20,00:00:00.00,0.00465014,19.5505,6.32
1571,2014-04-21,00:00:00.00,0,18.71,4.55
1572,2014-04-22,00:00:00.00,0.00219125,17.7449,3.57
1573,2014-04-23,00:00:00.00,7.3134,16.2825,3.02
1574,2014-04-24,00:00:00.00,0.0308886,15.0732,2.95
1575,2014-04-25,00:00:00.00,0.0052246,14.4565,2.18
1576,2014-04-26,00:00:00.00,6.40113,13.8649,1.8
1577,2014-04-27,00:00:00.00,0.260295,13.1319,1.88
1578,2014-04-28,00:00:00.00,0,12.6109,1.61
1579,2014-04-29,00:00:00.00,0.003898,12.1409,1.31
1580,2014-04-30,00:00:00.00,24.5443,11.5673,6.24
1581,2014-05-01,00:00:00.00,7.12245,11.6998,20.6
1582,2014-05-02,00:00:00.00,1.13287,13.155,13.3
1583,2014-05-03,00:00:00.00,3.81714,14.3235,8.28
1584,2014-05-04,00:00:00.00,5.82182,13.6847,6.74
1585,2014-05-05,00:00:00.00,0.114446,12.6327,9.56
1586,2014-05-06,00:00:00.00,3.82127e-308,11.9851,5.37
1587,2014-05-07,00:00:00.00,0.000128196,11.4573,3.49
1588,2014-05-08,00:00:00.00,0.00916127,10.8192,2.48
1589,2014-05-09,00:00:00.00,0.303558,10.2148,1.93
1590,2014-05-10,00:00:00.00,3.32147,9.71738,1.59
1591,2014-05-11,00:00:00.00,0.0307436,9.29407,1.49
1592,2014-05-12,00:00:00.00,0.000124423,8.92366,1.21
1593,2014-05-13,00:00:00.00,0.443593,8.5801,0.999
1594,2014-05-14,00:00:00.00,18.316,8.3396,2.15
1595,2014-05-15,00:00:00.00,11.3882,8.48437,7.59
1596,2014-05-16,00:00:00.00,11.3773,9.4462,20
1597,2014-05-17,00:00:00.00,0.0494973,10.6474,14.7
1598,2014-05-18,00:00:00.00,0.0240081,11.1156,5.98
1599,2014-05-19,00:00:00.00,0.00501236,10.6988,3.54
1600,2014-05-20,00:00:00.00,0.00204336,9.81781,2.43
1601,2014-05-21,00:00:00.00,17.0009,9.16401,2.21
1602,2014-05-22,00:00:00.00,3.53059,9.07649,3.89
1603,2014-05-23,00:00:00.00,0.329765,9.65476,2.81
1604,2014-05-24,00:00:00.00,0.0172174,9.97744,2.07
1605,2014-05-25,00:00:00.00,0.00257772,9.42978,1.59
1606,2014-05-26,00:00:00.00,0,8.75378,1.26
1607,2014-05-27,00:00:00.00,0,8.25285,1.05
1608,2014-05-28,00:00:00.00,0.00364393,7.89912,0.918
1609,2014-05-29,00:00:00.00,0.000388564,7.60851,0.813
1610,2014-05-30,00:00:00.00,0.0019071,7.33222,0.711
1611,2014-05-31,00:00:00.00,0.000524538,7.07687,0.619
1612,2014-06-01,00:00:00.00,2.9654e-308,6.83489,0.551
1613,2014-06-02,00:00:00.00,0,6.61009,0.5
1614,2014-06-03,00:00:00.00,2.78078,6.39636,0.476
1615,2014-06-04,00:00:00.00,2.80924,6.19684,0.471
1616,2014-06-05,00:00:00.00,0.00182832,6.00886,0.435
1617,2014-06-06,00:00:00.00,0.000920531,5.83467,0.408
1618,2014-06-07,00:00:00.00,0,5.66914,0.372
1619,2014-06-08,00:00:00.00,0,5.51153,0.339
1620,2014-06-09,00:00:00.00,0.217281,5.35955,0.326
1621,2014-06-10,00:00:00.00,0.000671005,5.2142,0.317
1622,2014-06-11,00:00:00.00,0.000225432,5.07418,0.297
1623,2014-06-12,00:00:00.00,3.6793,4.94034,0.283
1624,2014-06-13,00:00:00.00,5.55484,4.81748,0.408
1625,2014-06-14,00:00:00.00,3.75171,4.7245,0.689
1626,2014-06-15,00:00:00.00,1.62e-308,4.67524,0.562
1627,2014-06-16,00:00:00.00,6.55514e-308,4.61633,0.468
1628,2014-06-17,00:00:00.00,0.490767,4.50435,0.39
1629,2014-06-18,00:00:00.00,9.20724,4.39085,0.349
1630,2014-06-19,00:00:00.00,3.52925,4.3479,0.34
1631,2014-06-20,00:00:00.00,0.0011208,4.41923,0.356
1632,2014-06-21,00:00:00.00,0,4.45825,0.424
1633,2014-06-22,00:00:00.00,0.000791809,4.32972,0.342
1634,2014-06-23,00:00:00.00,0.084955,4.15082,0.286
1635,2014-06-24,00:00:00.00,4.26081,4.01353,0.295
1636,2014-06-25,00:00:00.00,33.2426,3.99205,0.489
1637,2014-06-26,00:00:00.00,0.0536456,4.344,1.06
1638,2014-06-27,00:00:00.00,0.0765819,5.35345,1.07
1639,2014-06-28,00:00:00.00,0.0014187,6.0248,0.655
1640,2014-06-29,00:00:00.00,0.000359608,5.63523,0.471
1641,2014-06-30,00:00:00.00,11.0589,5.02881,0.403
1642,2014-07-01,00:00:00.00,0.0140707,4.74378,0.383
1643,2014-07-02,00:00:00.00,1.67802,4.80718,0.387
1644,2014-07-03,00:00:00.00,1.11145,4.86049,0.452
1645,2014-07-04,00:00:00.00,0.209713,4.67837,0.518
1646,2014-07-05,00:00:00.00,0.00043537,4.45353,0.53
1647,2014-07-06,00:00:00.00,7.80793e-308,4.28076,0.391
1648,2014-07-07,00:00:00.00,0,4.15421,0.306
1649,2014-07-08,00:00:00.00,24.8928,4.10283,5.46
1650,2014-07-09,00:00:00.00,23.4423,4.34403,14.4
1651,2014-07-10,00:00:00.00,0.0606655,5.28764,20.2
1652,2014-07-11,00:00:00.00,0.0155963,6.44028,5.41
1653,2014-07-12,00:00:00.00,0.000783838,6.65947,2.28
1654,2014-07-13,00:00:00.00,0.000849975,5.99433,1.34
1655,2014-07-14,00:00:00.00,4.28345,5.32276,1.43
1656,2014-07-15,00:00:00.00,0.312665,4.95467,1.63
1657,2014-07-16,00:00:00.00,4.49301,4.77325,1.33
1658,2014-07-17,00:00:00.00,0.782289,4.65567,0.966
1659,2014-07-18,00:00:00.00,0.000665538,4.55545,0.842
1660,2014-07-19,00:00:00.00,0.0451781,4.45785,0.671
1661,2014-07-20,00:00:00.00,0.634432,4.32868,0.541
1662,2014-07-21,00:00:00.00,0.129731,4.19752,0.509
1663,2014-07-22,00:00:00.00,3.18135e-308,4.07694,0.47
1664,2014-07-23,00:00:00.00,0,3.96878,0.426
1665,2014-07-24,00:00:00.00,0.849531,3.86636,0.413
1666,2014-07-25,00:00:00.00,2.774e-308,3.7684,0.407
1667,2014-07-26,00:00:00.00,4.34131e-308,3.67427,0.403
1668,2014-07-27,00:00:00.00,0.0929638,3.58447,0.402
1669,2014-07-28,00:00:00.00,17.6968,3.52893,0.406
1670,2014-07-29,00:00:00.00,34.0662,3.68348,17.7
1671,2014-07-30,00:00:00.00,2.60616,4.4131,11
1672,2014-07-31,00:00:00.00,1.0547,5.65107,3.57
1673,2014-08-01,00:00:00.00,1.81407,6.16698,2.28
1674,2014-08-02,00:00:00.00,0.0343927,5.5836,1.47
1675,2014-08-03,00:00:00.00,0.479791,4.87206,1.25
1676,2014-08-04,00:00:00.00,0.0845356,4.47013,10.7
1677,2014-08-05,00:00:00.00,0.0756334,4.28799,3.63
1678,2014-08-06,00:00:00.00,2.46791,4.16584,1.63
1679,2014-08-07,00:00:00.00,0.0467313,4.05222,1.17
1680,2014-08-08,00:00:00.00,0,3.94278,0.846
1681,2014-08-09,00:00:00.00,0.00186939,3.84018,0.628
1682,2014-08-10,00:00:00.00,0.0368978,3.7412,0.579
1683,2014-08-11,00:00:00.00,0.0532106,3.64668,0.481
1684,2014-08-12,00:00:00.00,18.9163,3.58952,0.421
1685,2014-08-13,00:00:00.00,11.8931,3.70362,0.957
1686,2014-08-14,00:00:00.00,0.0386022,4.15366,0.92
1687,2014-08-15,00:00:00.00,0.0489506,4.66139,0.705
1688,2014-08-16,00:00:00.00,0.0168127,4.64154,0.478
1689,2014-08-17,00:00:00.00,2.06686,4.26239,0.374
1690,2014-08-18,00:00:00.00,0.0500144,3.92444,0.362
1691,2014-08-19,00:00:00.00,0.0939955,3.71847,0.328
1692,2014-08-20,00:00:00.00,0.897336,3.61512,0.299
1693,2014-08-21,00:00:00.00,15.8466,3.54993,0.307
1694,2014-08-22,00:00:00.00,0.38974,3.61454,0.412
1695,2014-08-23,00:00:00.00,0.00422227,3.8741,0.468
1696,2014-08-24,00:00:00.00,0.018269,4.05537,0.375
1697,2014-08-25,00:00:00.00,0.0531953,3.8914,0.339
1698,2014-08-26,00:00:00.00,0.0504696,3.62167,0.312
1699,2014-08-27,00:00:00.00,0.0165557,3.43884,0.304
1700,2014-08-28,00:00:00.00,0,3.33181,0.283
1701,2014-08-29,00:00:00.00,0,3.25462,0.25
1702,2014-08-30,00:00:00.00,0.0585266,3.17871,0.235
1703,2014-08-31,00:00:00.00,0.029218,3.10712,0.244
1704,2014-09-01,00:00:00.00,0.268156,3.03755,0.251
1705,2014-09-02,00:00:00.00,4.17152,2.97287,0.259
1706,2014-09-03,00:00:00.00,6.91357,2.92497,0.366
1707,2014-09-04,00:00:00.00,0.124925,2.92289,0.523
1708,2014-09-05,00:00:00.00,0,2.9675,0.483
1709,2014-09-06,00:00:00.00,48.1967,3.06075,0.489
1710,2014-09-07,00:00:00.00,7.9288,3.46238,9.36
1711,2014-09-08,00:00:00.00,0.0222106,4.61035,13.1
1712,2014-09-09,00:00:00.00,0.0539526,5.55989,4.37
1713,2014-09-10,00:00:00.00,0.741884,5.25298,2.49
1714,2014-09-11,00:00:00.00,42.185,4.59796,7.56
1715,2014-09-12,00:00:00.00,2.0136,4.63636,58.4
1716,2014-09-13,00:00:00.00,0.0187215,5.73169,15.4
1717,2014-09-14,00:00:00.00,3.02398,6.54883,6
1718,2014-09-15,00:00:00.00,0.00864095,6.0864,3.93
1719,2014-09-16,00:00:00.00,2.45735,5.36493,2.95
1720,2014-09-17,00:00:00.00,0.364652,4.92141,2.19
1721,2014-09-18,00:00:00.00,0.00637119,4.70299,1.71
1722,2014-09-19,00:00:00.00,0.0185006,4.55832,1.37
1723,2014-09-20,00:00:00.00,0.0213274,4.4203,1.1
1724,2014-09-21,00:00:00.00,3.60023,4.29557,0.942
1725,2014-09-22,00:00:00.00,5.89425,4.19878,5.19
1726,2014-09-23,00:00:00.00,0.0502004,4.17508,6.45
1727,2014-09-24,00:00:00.00,0.00677774,4.21281,3.14
1728,2014-09-25,00:00:00.00,0.0158972,4.19211,1.88
1729,2014-09-26,00:00:00.00,0.0152653,4.04839,1.34
1730,2014-09-27,00:00:00.00,0.0487071,3.88252,1.06
1731,2014-09-28,00:00:00.00,0,3.75474,0.874
1732,2014-09-29,00:00:00.00,0,3.65687,0.751
1733,2014-09-30,00:00:00.00,0.037971,3.57114,0.672
1734,2014-10-01,00:00:00.00,13.6096,3.51456,0.823
1735,2014-10-02,00:00:00.00,0.00649308,3.57427,1.13
1736,2014-10-03,00:00:00.00,0.0259693,3.82184,1.08
1737,2014-10-04,00:00:00.00,14.2379,4.02135,2.09
1738,2014-10-05,00:00:00.00,8.85806,4.03839,19.8
1739,2014-10-06,00:00:00.00,0.471458,4.23633,16.5
1740,2014-10-07,00:00:00.00,7.77617,4.58487,7.32
1741,2014-10-08,00:00:00.00,0.126776,4.63533,18.1
1742,2014-10-09,00:00:00.00,0.0440246,4.49755,8.95
1743,2014-10-10,00:00:00.00,0.0170184,4.34033,4.56
1744,2014-10-11,00:00:00.00,0.00451657,4.11155,2.84
1745,2014-10-12,00:00:00.00,0.0230026,3.90663,2.05
1746,2014-10-13,00:00:00.00,0.0299905,3.76269,1.58
1747,2014-10-14,00:00:00.00,0.327185,3.66385,1.33
1748,2014-10-15,00:00:00.00,11.8936,3.60522,1.22
1749,2014-10-16,00:00:00.00,7.26294,3.66556,8.53
1750,2014-10-17,00:00:00.00,7.72923,3.97131,10
1751,2014-10-18,00:00:00.00,5.0788,4.38479,6.75
1752,2014-10-19,00:00:00.00,3.59495,4.62131,6.3
1753,2014-10-20,00:00:00.00,0.0450889,4.63179,5
1754,2014-10-21,00:00:00.00,4.01695,4.49755,3.43
1755,2014-10-22,00:00:00.00,6.61517,4.32793,3.34
1756,2014-10-23,00:00:00.00,0.00181469,4.26202,4.15
1757,2014-10-24,00:00:00.00,0.000745023,4.33249,3.19
1758,2014-10-25,00:00:00.00,0.0043031,4.33027,2.38
1759,2014-10-26,00:00:00.00,0.00382846,4.1503,1.93
1760,2014-10-27,00:00:00.00,0.00981226,3.94695,1.63
1761,2014-10-28,00:00:00.00,0.736044,3.80647,1.34
1762,2014-10-29,00:00:00.00,4.70114,3.72033,1.22
1763,2014-10-30,00:00:00.00,0.2298,3.6859,1.19
1764,2014-10-31,00:00:00.00,0.22074,3.71182,1.22
1765,2014-11-01,00:00:00.00,7.17853,3.73113,1.15
1766,2014-11-02,00:00:00.00,1.53704,3.71579,1.24
1767,2014-11-03,00:00:00.00,0.0174541,3.77441,1.47
1768,2014-11-04,00:00:00.00,0,3.81586,1.3
1769,2014-11-05,00:00:00.00,7.05518,3.71501,1.2
1770,2014-11-06,00:00:00.00,0.0855749,3.63243,1.48
1771,2014-11-07,00:00:00.00,4.57973,3.7132,2.04
1772,2014-11-08,00:00:00.00,0.806833,3.82907,1.99
1773,2014-11-09,00:00:00.00,5.44669,3.84728,1.98
1774,2014-11-10,00:00:00.00,0.716538,3.81836,2.21
1775,2014-11-11,00:00:00.00,0.457921,3.79158,2.33
1776,2014-11-12,00:00:00.00,0.199609,3.74753,2.05
1777,2014-11-13,00:00:00.00,0.474201,3.63341,1.74
1778,2014-11-14,00:00:00.00,6.12017,3.49943,1.42
1779,2014-11-15,00:00:00.00,8.42588,3.41145,1.28
1780,2014-11-16,00:00:00.00,1.97218,3.37052,1.13
1781,2014-11-17,00:00:00.00,2.94687,3.35266,1.01
1782,2014-11-18,00:00:00.00,9.51929,3.31119,0.939
1783,2014-11-19,00:00:00.00,6.01787,3.24258,0.83
1784,2014-11-20,00:00:00.00,10.3398,3.17247,0.969
1785,2014-11-21,00:00:00.00,8.53194,3.11478,1.13
1786,2014-11-22,00:00:00.00,3.83557,3.06535,1.31
1787,2014-11-23,00:00:00.00,3.3695,3.02105,1.79
1788,2014-11-24,00:00:00.00,2.29587,2.98786,26.4
1789,2014-11-25,00:00:00.00,27.1652,3.20097,138
1790,2014-11-26,00:00:00.00,0.215196,4.48022,56.9
1791,2014-11-27,00:00:00.00,0.293825,7.85481,15.7
1792,2014-11-28,00:00:00.00,3.95304,10.2264,8.86
1793,2014-11-29,00:00:00.00,1.11263,9.19709,5.76
1794,2014-11-30,00:00:00.00,0.154855,7.45786,4
1795,2014-12-01,00:00:00.00,0.0495603,6.44968,3.38
1796,2014-12-02,00:00:00.00,0.165432,6.05584,3.6
1797,2014-12-03,00:00:00.00,0.489053,5.87475,2.7
1798,2014-12-04,00:00:00.00,2.4017,5.69072,1.98
1799,2014-12-05,00:00:00.00,0.162845,5.53252,1.46
1800,2014-12-06,00:00:00.00,0.000878378,5.37413,1.2
1801,2014-12-07,00:00:00.00,0.0074872,5.23517,1.05
1802,2014-12-08,00:00:00.00,0.0131635,5.09703,0.989
1803,2014-12-09,00:00:00.00,0.00658814,4.97344,1.42
1804,2014-12-10,00:00:00.00,0.113311,4.85158,1.11
1805,2014-12-11,00:00:00.00,0.120343,4.74109,0.884
1806,2014-12-12,00:00:00.00,0.315941,4.63283,1.06
1807,2014-12-13,00:00:00.00,0.108107,4.53441,0.98
1808,2014-12-14,00:00:00.00,0.190864,4.44014,0.77
1809,2014-12-15,00:00:00.00,0.329859,4.35171,0.677
1810,2014-12-16,00:00:00.00,0.229098,4.28578,0.714
1811,2014-12-17,00:00:00.00,7.55041,4.34451,0.977
1812,2014-12-18,00:00:00.00,2.98235,4.67617,5.79
1813,2014-12-19,00:00:00.00,0.199864,5.08632,8.48
1814,2014-12-20,00:00:00.00,0.00371185,5.14821,4.59
1815,2014-12-21,00:00:00.00,0.0178206,4.8805,2.58
1816,2014-12-22,00:00:00.00,0.0299718,4.58629,2.12
1817,2014-12-23,00:00:00.00,2.84376e-308,4.40441,1.6
1818,2014-12-24,00:00:00.00,0.642953,4.29461,1.36
1819,2014-12-25,00:00:00.00,22.9302,4.27791,9.02
1820,2014-12-26,00:00:00.00,1.04694,4.58518,50.4
1821,2014-12-27,00:00:00.00,0.0176462,5.45761,17
1822,2014-12-28,00:00:00.00,1.90831,6.09689,8.66
1823,2014-12-29,00:00:00.00,0.336649,5.85393,5.91
1824,2014-12-30,00:00:00.00,0.126281,5.38108,3.99
1825,2014-12-31,00:00:00.00,0.897332,5.06796,2.66
