time,date,hour,precip [mm/day],sub700 [m3/s],sub700 (observed) [m3/s]
0,2010-01-01,00:00:00.00,---,4.70158,
1,2010-01-02,00:00:00.00,2.68667,2.76989,0.983
2,2010-01-03,00:00:00.00,3.73563,0.805359,0.85
3,2010-01-04,00:00:00.00,2.07132,0.750517,0.803
4,2010-01-05,00:00:00.00,0.544402,0.702546,0.78
5,2010-01-06,00:00:00.00,2.58999,0.660225,0.749
6,2010-01-07,00:00:00.00,0.0648812,0.622636,0.722
7,2010-01-08,00:00:00.00,5.21632,0.589005,0.7
8,2010-01-09,00:00:00.00,3.71046,0.558784,0.668
9,2010-01-10,00:00:00.00,0.000527089,0.531501,0.66
10,2010-01-11,00:00:00.00,0.00554693,0.506789,0.648
11,2010-01-12,00:00:00.00,2.0544,0.484268,0.64
12,2010-01-13,00:00:00.00,0.0557778,0.463682,0.628
13,2010-01-14,00:00:00.00,0.000175725,0.444761,0.62
14,2010-01-15,00:00:00.00,0.174192,0.427309,0.61
15,2010-01-16,00:00:00.00,0.345763,0.411136,0.605
16,2010-01-17,00:00:00.00,0.0121422,0.396129,0.598
17,2010-01-18,00:00:00.00,0.0163904,0.382118,0.594
18,2010-01-19,00:00:00.00,0.0324132,0.369027,0.591
19,2010-01-20,00:00:00.00,0.196381,0.356753,0.588
20,2010-01-21,00:00:00.00,0.00159052,0.345251,0.585
21,2010-01-22,00:00:00.00,0.000291534,0.334429,0.583
22,2010-01-23,00:00:00.00,0.0241274,0.32424,0.581
23,2010-01-24,00:00:00.00,0,0.314593,0.58
24,2010-01-25,00:00:00.00,13.203,0.893839,1.85
25,2010-01-26,00:00:00.00,7.20157,3.18106,42.8
26,2010-01-27,00:00:00.00,1.419,3.74709,17.7
27,2010-01-28,00:00:00.00,1.50031,2.39542,6.51
28,2010-01-29,00:00:00.00,3.17039,2.03086,3.2
29,2010-01-30,00:00:00.00,0.183669,1.75967,2.2
30,2010-01-31,00:00:00.00,0.0219802,1.551,1.5
31,2010-02-01,00:00:00.00,0.802835,1.38594,1.32
32,2010-02-02,00:00:00.00,0.155218,1.25229,1.28
33,2010-02-03,00:00:00.00,2.43813,1.14199,1.14
34,2010-02-04,00:00:00.00,0.494326,1.04948,1.09
35,2010-02-05,00:00:00.00,0.0290485,0.970799,1.03
36,2010-02-06,00:00:00.00,1.4809e-308,0.903085,0.92
37,2010-02-07,00:00:00.00,0.0025545,0.844289,0.865
38,2010-02-08,00:00:00.00,0.000901844,0.792868,0.815
39,2010-02-09,00:00:00.00,0.00535964,0.747514,0.79
40,2010-02-10,00:00:00.00,4.31351,0.707177,0.73
41,2010-02-11,00:00:00.00,7.91798,0.671228,0.705
42,2010-02-12,00:00:00.00,0.0102756,0.638988,0.68
43,2010-02-13,00:00:00.00,0.194324,0.609762,0.655
44,2010-02-14,00:00:00.00,0.84788,0.583133,0.63
45,2010-02-15,00:00:00.00,1.77366,0.558739,0.61
46,2010-02-16,00:00:00.00,0.173686,0.536276,0.59
47,2010-02-17,00:00:00.00,0.474326,0.515521,0.573
48,2010-02-18,00:00:00.00,0.281184,0.496267,0.569
49,2010-02-19,00:00:00.00,0.0205309,0.478319,0.545
50,2010-02-20,00:00:00.00,0.013088,0.461519,0.53
51,2010-02-21,00:00:00.00,0.0007879,0.445768,0.525
52,2010-02-22,00:00:00.00,4.7334e-308,0.43094,0.512
53,2010-02-23,00:00:00.00,15.1218,0.525074,0.503
54,2010-02-24,00:00:00.00,0.627746,0.56818,0.495
55,2010-02-25,00:00:00.00,0.226272,0.499665,0.492
56,2010-02-26,00:00:00.00,1.31469,0.480381,0.488
57,2010-02-27,00:00:00.00,3.53213,0.462588,0.484
58,2010-02-28,00:00:00.00,3.52943,0.457484,0.483
59,2010-03-01,00:00:00.00,0.239161,0.452733,0.482
60,2010-03-02,00:00:00.00,0.000231938,0.436848,0.74
61,2010-03-03,00:00:00.00,0.000509481,0.421905,0.92
62,2010-03-04,00:00:00.00,0.00373406,0.407806,1.6
63,2010-03-05,00:00:00.00,0,0.394479,4.25
64,2010-03-06,00:00:00.00,0,0.381858,4.3
65,2010-03-07,00:00:00.00,4.02588e-308,0.369883,4.4
66,2010-03-08,00:00:00.00,2.01294e-308,0.358473,5.2
67,2010-03-09,00:00:00.00,0,2.66338,6.1
68,2010-03-10,00:00:00.00,0.0272223,6.21616,5.75
69,2010-03-11,00:00:00.00,0.0177338,6.09008,5.4
70,2010-03-12,00:00:00.00,0.00828609,4.16133,7.5
71,2010-03-13,00:00:00.00,1.2854,3.25444,9.09
72,2010-03-14,00:00:00.00,19.6811,6.28376,13.1
73,2010-03-15,00:00:00.00,3.83979,8.23932,30.4
74,2010-03-16,00:00:00.00,0.0329744,5.81898,15.8
75,2010-03-17,00:00:00.00,1.43858e-308,4.26859,9.01
76,2010-03-18,00:00:00.00,0.000155388,3.35588,5.89
77,2010-03-19,00:00:00.00,6.82266e-308,2.75742,4.5
78,2010-03-20,00:00:00.00,9.809e-308,2.33607,3.53
79,2010-03-21,00:00:00.00,0.0784338,2.02425,2.8
80,2010-03-22,00:00:00.00,0.39138,1.78531,2.29
81,2010-03-23,00:00:00.00,3.72409,1.72755,2.04
82,2010-03-24,00:00:00.00,4.72957,1.95089,2.1
83,2010-03-25,00:00:00.00,0.0215846,1.99716,1.84
84,2010-03-26,00:00:00.00,1.32927,1.76574,1.61
85,2010-03-27,00:00:00.00,0.000692178,1.5835,1.36
86,2010-03-28,00:00:00.00,0.00222183,1.4353,1.19
87,2010-03-29,00:00:00.00,13.5869,2.90237,1.23
88,2010-03-30,00:00:00.00,0.837245,3.6567,2.71
89,2010-03-31,00:00:00.00,0.0025117,2.64527,2.52
90,2010-04-01,00:00:00.00,1.23067e-308,2.25018,1.96
91,2010-04-02,00:00:00.00,0,1.95393,1.57
92,2010-04-03,00:00:00.00,0,1.72284,1.36
93,2010-04-04,00:00:00.00,0.0821364,1.53719,1.23
94,2010-04-05,00:00:00.00,0.0132704,1.38501,1.11
95,2010-04-06,00:00:00.00,0.348816,1.2581,1.03
96,2010-04-07,00:00:00.00,21.442,3.6801,2.51
97,2010-04-08,00:00:00.00,25.9756,10.878,7.84
98,2010-04-09,00:00:00.00,23.3058,20.7658,51.3
99,2010-04-10,00:00:00.00,0.14399,18.5561,23
100,2010-04-11,00:00:00.00,0.00675036,9.04386,9.85
101,2010-04-12,00:00:00.00,0.043132,5.94872,6.76
102,2010-04-13,00:00:00.00,0.0368922,4.41313,5.37
103,2010-04-14,00:00:00.00,1.73947,3.50421,4.78
104,2010-04-15,00:00:00.00,0,2.90663,4.26
105,2010-04-16,00:00:00.00,0,2.47947,3.78
106,2010-04-17,00:00:00.00,0.576571,2.15861,3.44
107,2010-04-18,00:00:00.00,1.46613,1.91167,3.07
108,2010-04-19,00:00:00.00,0.000291279,1.71632,2.68
109,2010-04-20,00:00:00.00,0,1.55533,2.34
110,2010-04-21,00:00:00.00,0,1.41981,2.06
111,2010-04-22,00:00:00.00,0.0033514,1.30351,1.87
112,2010-04-23,00:00:00.00,5e-308,1.20276,1.62
113,2010-04-24,00:00:00.00,0,1.11469,1.35
114,2010-04-25,00:00:00.00,0.202586,1.0369,1.14
115,2010-04-26,00:00:00.00,20.2586,3.27177,2.9
116,2010-04-27,00:00:00.00,0.588851,4.36632,3.18
117,2010-04-28,00:00:00.00,0.00175689,2.90127,2.29
118,2010-04-29,00:00:00.00,0.00236397,2.41835,1.75
119,2010-04-30,00:00:00.00,0.0146243,2.06651,1.4
120,2010-05-01,00:00:00.00,0.000485371,1.79814,1.16
121,2010-05-02,00:00:00.00,4.80073,1.68153,1.09
122,2010-05-03,00:00:00.00,0.378675,1.58916,1.01
123,2010-05-04,00:00:00.00,6.13541,1.58599,0.946
124,2010-05-05,00:00:00.00,0.223442,1.583,1.02
125,2010-05-06,00:00:00.00,10.954,2.10582,0.763
126,2010-05-07,00:00:00.00,0.0860264,2.39192,1.74
127,2010-05-08,00:00:00.00,17.9317,4.09671,1.63
128,2010-05-09,00:00:00.00,5.79842,5.58149,5.5
129,2010-05-10,00:00:00.00,0.0494937,4.409,3.38
130,2010-05-11,00:00:00.00,0.000590272,3.4086,2.19
131,2010-05-12,00:00:00.00,21.2357,6.50554,3.25
132,2010-05-13,00:00:00.00,0.117972,7.95327,8.13
133,2010-05-14,00:00:00.00,22.1249,10.3858,6.04
134,2010-05-15,00:00:00.00,7.37945,12.7342,18.4
135,2010-05-16,00:00:00.00,0.000180567,8.6197,5.18
136,2010-05-17,00:00:00.00,0.000237738,5.70869,2.9
137,2010-05-18,00:00:00.00,0.12799,4.23593,2.11
138,2010-05-19,00:00:00.00,1.40273,3.35238,1.77
139,2010-05-20,00:00:00.00,0.00319301,2.7653,1.54
140,2010-05-21,00:00:00.00,0.000581297,2.34359,1.33
141,2010-05-22,00:00:00.00,0.0159367,2.02497,1.2
142,2010-05-23,00:00:00.00,17.5913,3.90823,2.04
143,2010-05-24,00:00:00.00,0.0806298,4.87066,2.95
144,2010-05-25,00:00:00.00,0.000293257,3.42057,2
145,2010-05-26,00:00:00.00,4.639e-308,2.77164,1.56
146,2010-05-27,00:00:00.00,2.4421e-308,2.31534,1.31
147,2010-05-28,00:00:00.00,0.000132,1.97711,1.38
148,2010-05-29,00:00:00.00,0.169219,1.71678,1.03
149,2010-05-30,00:00:00.00,0.0867983,1.5106,1.04
150,2010-05-31,00:00:00.00,0.0216986,1.34326,0.84
151,2010-06-01,00:00:00.00,7.09189,1.32742,0.843
152,2010-06-02,00:00:00.00,6.29403,1.41988,6.8
153,2010-06-03,00:00:00.00,5.47742,1.4475,2.83
154,2010-06-04,00:00:00.00,3.61554,1.36701,1.73
155,2010-06-05,00:00:00.00,5.61651,1.3121,1.43
156,2010-06-06,00:00:00.00,6.38908,1.3792,1.47
157,2010-06-07,00:00:00.00,43.3852,9.51516,18.7
158,2010-06-08,00:00:00.00,0.0788017,12.9031,7.21
159,2010-06-09,00:00:00.00,0.0150824,6.82249,3.54
160,2010-06-10,00:00:00.00,8.44668,5.54121,2.51
161,2010-06-11,00:00:00.00,0.0944378,4.8813,2.06
162,2010-06-12,00:00:00.00,0.0836719,3.69647,1.51
163,2010-06-13,00:00:00.00,0.35204,2.95167,1.21
164,2010-06-14,00:00:00.00,1.96868,2.44313,1.34
165,2010-06-15,00:00:00.00,0.0844066,2.07515,1.17
166,2010-06-16,00:00:00.00,0.0733937,1.79498,0.915
167,2010-06-17,00:00:00.00,6.69295,1.73476,0.837
168,2010-06-18,00:00:00.00,0.00116313,1.68712,0.741
169,2010-06-19,00:00:00.00,0.0206171,1.48815,0.608
170,2010-06-20,00:00:00.00,0.179219,1.3258,0.551
171,2010-06-21,00:00:00.00,0.0717021,1.19107,0.477
172,2010-06-22,00:00:00.00,0.0636305,1.07744,0.453
173,2010-06-23,00:00:00.00,1.32247,0.980877,0.426
174,2010-06-24,00:00:00.00,2.87077,0.898292,0.419
175,2010-06-25,00:00:00.00,0.431535,0.82696,0.417
176,2010-06-26,00:00:00.00,0.00668614,0.76414,0.344
177,2010-06-27,00:00:00.00,0.00197333,0.70857,0.478
178,2010-06-28,00:00:00.00,5.64832,0.685072,0.48
179,2010-06-29,00:00:00.00,9.97379,0.859115,0.629
180,2010-06-30,00:00:00.00,0.101888,0.93201,0.723
181,2010-07-01,00:00:00.00,4.7263e-308,0.800573,0.436
182,2010-07-02,00:00:00.00,0.000365525,0.73901,0.338
183,2010-07-03,00:00:00.00,0,0.684864,0.292
184,2010-07-04,00:00:00.00,0,0.636696,0.257
185,2010-07-05,00:00:00.00,0,0.59374,0.232
186,2010-07-06,00:00:00.00,0.000254411,0.555033,0.218
187,2010-07-07,00:00:00.00,0.000495181,0.520198,0.233
188,2010-07-08,00:00:00.00,0.0018822,0.488547,0.246
189,2010-07-09,00:00:00.00,0.0268396,0.459895,0.253
190,2010-07-10,00:00:00.00,21.6298,1.02355,0.599
191,2010-07-11,00:00:00.00,0.00282855,1.22358,0.609
192,2010-07-12,00:00:00.00,0.00276653,0.808554,0.34
193,2010-07-13,00:00:00.00,5.77678,0.769297,0.487
194,2010-07-14,00:00:00.00,0.000452359,0.735394,0.54
195,2010-07-15,00:00:00.00,0.0415832,0.678353,0.396
196,2010-07-16,00:00:00.00,5.84108,0.646728,0.318
197,2010-07-17,00:00:00.00,26.6938,1.68261,2.55
198,2010-07-18,00:00:00.00,0.226592,2.10966,1.3
199,2010-07-19,00:00:00.00,0.754488,1.4011,0.609
200,2010-07-20,00:00:00.00,12.5228,1.5799,1.48
201,2010-07-21,00:00:00.00,1.28286,1.68969,0.723
202,2010-07-22,00:00:00.00,0.35634,1.43268,0.481
203,2010-07-23,00:00:00.00,0.927723,1.26138,0.383
204,2010-07-24,00:00:00.00,17.2747,1.81372,1.16
205,2010-07-25,00:00:00.00,4.24334,2.09072,1.36
206,2010-07-26,00:00:00.00,0.236991,1.62073,0.791
207,2010-07-27,00:00:00.00,0.00598009,1.4124,0.506
208,2010-07-28,00:00:00.00,0.0361681,1.24616,0.387
209,2010-07-29,00:00:00.00,3.07547,1.11133,0.326
210,2010-07-30,00:00:00.00,0.00445094,0.999946,0.303
211,2010-07-31,00:00:00.00,0.245046,0.906333,0.262
212,2010-08-01,00:00:00.00,0.128171,0.826528,0.245
213,2010-08-02,00:00:00.00,0.00913597,0.757908,0.236
214,2010-08-03,00:00:00.00,0.0376113,0.698171,0.226
215,2010-08-04,00:00:00.00,0.0487523,0.645907,0.219
216,2010-08-05,00:00:00.00,0.196862,0.599694,0.222
217,2010-08-06,00:00:00.00,10.0696,0.65696,0.401
218,2010-08-07,00:00:00.00,0.597566,0.691868,0.658
219,2010-08-08,00:00:00.00,0.240838,0.624576,0.307
220,2010-08-09,00:00:00.00,0.604846,0.580808,0.246
221,2010-08-10,00:00:00.00,1.76945,0.542034,0.234
222,2010-08-11,00:00:00.00,0.162563,0.507306,0.316
223,2010-08-12,00:00:00.00,0.0157008,0.476161,0.253
224,2010-08-13,00:00:00.00,0.260023,0.447939,0.237
225,2010-08-14,00:00:00.00,0.00254178,0.42244,0.221
226,2010-08-15,00:00:00.00,2.37949,0.399177,0.198
227,2010-08-16,00:00:00.00,2.9598,0.378099,0.251
228,2010-08-17,00:00:00.00,0,0.358731,0.208
229,2010-08-18,00:00:00.00,0.000379229,0.341013,0.179
230,2010-08-19,00:00:00.00,0.241726,0.324594,0.164
231,2010-08-20,00:00:00.00,0.0511501,0.309515,0.151
232,2010-08-21,00:00:00.00,0.00124139,0.295459,0.138
233,2010-08-22,00:00:00.00,39.0861,1.30776,0.242
234,2010-08-23,00:00:00.00,1.94219,1.63179,0.894
235,2010-08-24,00:00:00.00,0.282085,0.89118,0.343
236,2010-08-25,00:00:00.00,0.126219,0.812136,0.233
237,2010-08-26,00:00:00.00,0.00131018,0.74438,0.192
238,2010-08-27,00:00:00.00,0.0106722,0.685573,0.205
239,2010-08-28,00:00:00.00,0.000591257,0.634297,0.182
240,2010-08-29,00:00:00.00,0,0.589052,0.168
241,2010-08-30,00:00:00.00,0,0.549031,0.158
242,2010-08-31,00:00:00.00,2.0159e-308,0.513229,0.152
243,2010-09-01,00:00:00.00,4.7918e-308,0.481218,0.118
244,2010-09-02,00:00:00.00,0.0397383,0.452281,0.107
245,2010-09-03,00:00:00.00,1.47779,0.426231,0.123
246,2010-09-04,00:00:00.00,13.1065,0.577459,0.166
247,2010-09-05,00:00:00.00,0.281944,0.632492,0.228
248,2010-09-06,00:00:00.00,0.259928,0.506789,0.133
249,2010-09-07,00:00:00.00,0.320661,0.475577,0.115
250,2010-09-08,00:00:00.00,0.00511845,0.44735,0.107
251,2010-09-09,00:00:00.00,0.0431091,0.421893,0.13
252,2010-09-10,00:00:00.00,0.786506,0.398689,0.135
253,2010-09-11,00:00:00.00,0,0.377641,0.155
254,2010-09-12,00:00:00.00,3.65904,0.364418,0.144
255,2010-09-13,00:00:00.00,1.14151,0.352447,0.177
256,2010-09-14,00:00:00.00,0.621131,0.33525,0.168
257,2010-09-15,00:00:00.00,0.00427644,0.319494,0.139
258,2010-09-16,00:00:00.00,0.00302375,0.304835,0.137
259,2010-09-17,00:00:00.00,23.8371,0.815295,0.409
260,2010-09-18,00:00:00.00,0.0761644,0.963553,0.377
261,2010-09-19,00:00:00.00,0.506068,0.572866,0.243
262,2010-09-20,00:00:00.00,0.000483339,0.535012,0.184
263,2010-09-21,00:00:00.00,0.00660694,0.501295,0.166
264,2010-09-22,00:00:00.00,0.0151989,0.470908,0.127
265,2010-09-23,00:00:00.00,11.1831,0.623904,0.269
266,2010-09-24,00:00:00.00,0.0329877,0.682972,0.283
267,2010-09-25,00:00:00.00,0.163686,0.555407,0.215
268,2010-09-26,00:00:00.00,0.961555,0.519586,0.16
269,2010-09-27,00:00:00.00,0.260483,0.487651,0.162
270,2010-09-28,00:00:00.00,1.87722,0.458875,0.179
271,2010-09-29,00:00:00.00,16.0543,0.867461,0.71
272,2010-09-30,00:00:00.00,0.76216,1.01103,0.689
273,2010-10-01,00:00:00.00,0.155701,0.703488,0.414
274,2010-10-02,00:00:00.00,0.222775,0.651272,0.301
275,2010-10-03,00:00:00.00,12.1,0.965319,0.299
276,2010-10-04,00:00:00.00,6.96416,1.24142,0.463
277,2010-10-05,00:00:00.00,1.35788,1.118,0.534
278,2010-10-06,00:00:00.00,12.3946,1.55882,0.644
279,2010-10-07,00:00:00.00,0.34466,1.77777,1.29
280,2010-10-08,00:00:00.00,0.258344,1.40464,0.981
281,2010-10-09,00:00:00.00,0.0142709,1.24374,0.634
282,2010-10-10,00:00:00.00,0.0141747,1.11277,0.496
283,2010-10-11,00:00:00.00,0.033313,1.00445,0.411
284,2010-10-12,00:00:00.00,6.89927,1.06009,0.375
285,2010-10-13,00:00:00.00,0.0750113,1.10741,0.54
286,2010-10-14,00:00:00.00,3.64155,1.06378,0.46
287,2010-10-15,00:00:00.00,17.2563,2.18412,1.95
288,2010-10-16,00:00:00.00,1.22216,2.68923,2.1
289,2010-10-17,00:00:00.00,0.000294646,1.93394,1.04
290,2010-10-18,00:00:00.00,0.00015679,1.66616,0.647
291,2010-10-19,00:00:00.00,0.0455901,1.45909,0.467
292,2010-10-20,00:00:00.00,0.0175333,1.29448,0.398
293,2010-10-21,00:00:00.00,2.38844,1.19672,0.365
294,2010-10-22,00:00:00.00,7.07575,1.41187,0.471
295,2010-10-23,00:00:00.00,1.23691,1.52187,0.604
296,2010-10-24,00:00:00.00,1.67376,1.32736,0.682
297,2010-10-25,00:00:00.00,3.8556,1.30075,0.635
298,2010-10-26,00:00:00.00,2.7301,1.32056,0.773
299,2010-10-27,00:00:00.00,9.09831,1.77723,0.862
300,2010-10-28,00:00:00.00,0.250793,1.99338,1.84
301,2010-10-29,00:00:00.00,0.0681886,1.629,1.42
302,2010-10-30,00:00:00.00,1.46193,1.45893,0.954
303,2010-10-31,00:00:00.00,0.0101806,1.32335,0.72
304,2010-11-01,00:00:00.00,0.377495,1.19456,0.625
305,2010-11-02,00:00:00.00,0.00180909,1.08793,0.529
306,2010-11-03,00:00:00.00,0.000146979,0.997995,0.457
307,2010-11-04,00:00:00.00,0.321638,0.921424,0.436
308,2010-11-05,00:00:00.00,0.0685792,0.855296,0.439
309,2010-11-06,00:00:00.00,0.498972,0.797872,0.433
310,2010-11-07,00:00:00.00,0.167974,0.747462,0.446
311,2010-11-08,00:00:00.00,0.000170946,0.702937,0.365
312,2010-11-09,00:00:00.00,7.57489e-308,0.663057,0.38
313,2010-11-10,00:00:00.00,0.00779733,0.627305,0.454
314,2010-11-11,00:00:00.00,0.00165199,0.594897,0.341
315,2010-11-12,00:00:00.00,0.00826887,0.565569,0.327
316,2010-11-13,00:00:00.00,0.00270446,0.53869,0.404
317,2010-11-14,00:00:00.00,0.563003,0.514236,1.03
318,2010-11-15,00:00:00.00,0.962741,0.491871,1.01
319,2010-11-16,00:00:00.00,0.0175779,0.471467,0.97
320,2010-11-17,00:00:00.00,14.7622,1.39259,0.959
321,2010-11-18,00:00:00.00,8.1823,2.2797,1.5
322,2010-11-19,00:00:00.00,3.05901,2.12405,1.45
323,2010-11-20,00:00:00.00,0.423863,1.88079,1.29
324,2010-11-21,00:00:00.00,4.65415e-308,1.64401,1.18
325,2010-11-22,00:00:00.00,2.5229,1.55852,1.08
326,2010-11-23,00:00:00.00,19.9239,4.11239,1.86
327,2010-11-24,00:00:00.00,12.9363,7.64995,12.3
328,2010-11-25,00:00:00.00,0.00782755,7.17743,5.84
329,2010-11-26,00:00:00.00,16.912,8.89682,3.49
330,2010-11-27,00:00:00.00,2.0059,9.62871,10.6
331,2010-11-28,00:00:00.00,0.360669,6.10117,4.81
332,2010-11-29,00:00:00.00,1.78875e-308,4.46002,2.82
333,2010-11-30,00:00:00.00,0.224581,3.51068,2.15
334,2010-12-01,00:00:00.00,31.1085,13.3286,14.3
335,2010-12-02,00:00:00.00,6.64861,17.6063,21.9
336,2010-12-03,00:00:00.00,0.303336,9.44148,7.69
337,2010-12-04,00:00:00.00,0.879111,6.20257,4.54
338,2010-12-05,00:00:00.00,0.31336,4.63256,3.37
339,2010-12-06,00:00:00.00,5.44177,3.71447,2.74
340,2010-12-07,00:00:00.00,22.9918,3.29697,2.32
341,2010-12-08,00:00:00.00,7.86425,3.01148,2.13
342,2010-12-09,00:00:00.00,1.98285,2.62448,1.7
343,2010-12-10,00:00:00.00,0.613676,2.33697,1.5
344,2010-12-11,00:00:00.00,1.20201,2.11892,1.35
345,2010-12-12,00:00:00.00,0.42185,1.94693,1.55
346,2010-12-13,00:00:00.00,17.4589,4.64431,2
347,2010-12-14,00:00:00.00,0.758898,6.05079,3.4
348,2010-12-15,00:00:00.00,3.79205,4.21501,3
349,2010-12-16,00:00:00.00,3.66933,3.45486,2.6
350,2010-12-17,00:00:00.00,0.0731138,2.94403,2.2
351,2010-12-18,00:00:00.00,0.0978118,2.57905,1.88
352,2010-12-19,00:00:00.00,0.126691,2.30598,1.65
353,2010-12-20,00:00:00.00,0.885274,2.09447,1.5
354,2010-12-21,00:00:00.00,1.0977,1.92586,1.4
355,2010-12-22,00:00:00.00,0.00526431,1.78821,1.32
356,2010-12-23,00:00:00.00,0.0726387,1.67369,1.23
357,2010-12-24,00:00:00.00,0.0507361,1.57677,1.17
358,2010-12-25,00:00:00.00,0.0331019,1.4935,1.12
359,2010-12-26,00:00:00.00,0.0023165,1.42121,1.08
360,2010-12-27,00:00:00.00,0.0183847,1.35787,1.05
361,2010-12-28,00:00:00.00,0.00164741,1.30182,0.995
362,2010-12-29,00:00:00.00,0.130565,1.25168,0.96
363,2010-12-30,00:00:00.00,0.00891399,1.20639,0.93
364,2010-12-31,00:00:00.00,0.584676,1.16536,0.925
365,2011-01-01,00:00:00.00,3.37444,10.2631,1.4
366,2011-01-02,00:00:00.00,16.9516,55.7793,69.7
367,2011-01-03,00:00:00.00,0.0634826,54.6729,52.3
368,2011-01-04,00:00:00.00,1.74331,13.2542,12.4
369,2011-01-05,00:00:00.00,5.60168,8.35881,6.65
370,2011-01-06,00:00:00.00,0.220881,6.38341,4.95
371,2011-01-07,00:00:00.00,3.9403,4.98559,4.33
372,2011-01-08,00:00:00.00,0.804294,4.1464,3.92
373,2011-01-09,00:00:00.00,1.27631,3.59009,3.54
374,2011-01-10,00:00:00.00,1.43733,3.19585,3.17
375,2011-01-11,00:00:00.00,0.754829,2.9015,2.98
376,2011-01-12,00:00:00.00,6.42977,2.67391,2.87
377,2011-01-13,00:00:00.00,2.5478,2.4918,2.77
378,2011-01-14,00:00:00.00,1.54497,2.34302,2.68
379,2011-01-15,00:00:00.00,1.05909,2.21804,2.6
380,2011-01-16,00:00:00.00,6.67675,2.11128,2.52
381,2011-01-17,00:00:00.00,0.135413,2.01803,2.46
382,2011-01-18,00:00:00.00,0.00237061,1.93674,2.5
383,2011-01-19,00:00:00.00,4.12616,2.07835,2.69
384,2011-01-20,00:00:00.00,0.573239,2.19055,2.68
385,2011-01-21,00:00:00.00,2.9677,2.06456,2.62
386,2011-01-22,00:00:00.00,1.87855,1.95843,2.57
387,2011-01-23,00:00:00.00,3.68535,1.86744,2.51
388,2011-01-24,00:00:00.00,0.290333,1.78942,2.46
389,2011-01-25,00:00:00.00,2.95716,1.72096,2.48
390,2011-01-26,00:00:00.00,0.735408,1.65995,2.59
391,2011-01-27,00:00:00.00,0.128777,1.6035,2.57
392,2011-01-28,00:00:00.00,2.27275,1.5516,2.54
393,2011-01-29,00:00:00.00,2.50863,1.50288,2.51
394,2011-01-30,00:00:00.00,5.84772,1.4577,2.48
395,2011-01-31,00:00:00.00,0.45147,1.41504,2.45
396,2011-02-01,00:00:00.00,0.000825172,1.3758,2.42
397,2011-02-02,00:00:00.00,2.67548,1.33895,2.39
398,2011-02-03,00:00:00.00,17.1924,1.30437,2.36
399,2011-02-04,00:00:00.00,0.0461609,1.27121,2.33
400,2011-02-05,00:00:00.00,3.14598e-308,1.24048,2.31
401,2011-02-06,00:00:00.00,18.1909,1.21093,2.28
402,2011-02-07,00:00:00.00,0.65318,1.1828,2.25
403,2011-02-08,00:00:00.00,0.898326,1.15522,2.23
404,2011-02-09,00:00:00.00,0.0899051,1.12913,2.2
405,2011-02-10,00:00:00.00,0.0398701,1.10403,2.17
406,2011-02-11,00:00:00.00,0.0153864,1.08084,2.15
407,2011-02-12,00:00:00.00,1.29153,1.05863,2.12
408,2011-02-13,00:00:00.00,4.58388,1.03738,2.1
409,2011-02-14,00:00:00.00,4.74477,1.09903,2.13
410,2011-02-15,00:00:00.00,0.192417,1.15272,2.2
411,2011-02-16,00:00:00.00,0.0979644,1.11565,2.27
412,2011-02-17,00:00:00.00,0.603817,1.08153,2.34
413,2011-02-18,00:00:00.00,0.519754,1.04912,2.72
414,2011-02-19,00:00:00.00,0.0994083,7.94115,38.5
415,2011-02-20,00:00:00.00,0.227637,11.1033,41.2
416,2011-02-21,00:00:00.00,7.19465,6.28928,14.5
417,2011-02-22,00:00:00.00,10.986,4.65691,7.57
418,2011-02-23,00:00:00.00,0.0109873,3.71094,5.62
419,2011-02-24,00:00:00.00,0.016941,3.09759,4.86
420,2011-02-25,00:00:00.00,4.28617,2.67359,4.48
421,2011-02-26,00:00:00.00,2.49607,2.36284,4.06
422,2011-02-27,00:00:00.00,4.86046,2.12286,3.85
423,2011-02-28,00:00:00.00,1.36649,1.93291,3.65
424,2011-03-01,00:00:00.00,16.7987,2.81796,17.5
425,2011-03-02,00:00:00.00,0.00629633,3.32401,19.2
426,2011-03-03,00:00:00.00,0.315286,2.67398,9.04
427,2011-03-04,00:00:00.00,0.101121,2.35028,5.52
428,2011-03-05,00:00:00.00,3.12737,2.20464,4.82
429,2011-03-06,00:00:00.00,40.7339,49.0095,74.7
430,2011-03-07,00:00:00.00,2.17851,56.4828,67.4
431,2011-03-08,00:00:00.00,0.00111591,13.1862,19.6
432,2011-03-09,00:00:00.00,0.00051702,7.93121,9.95
433,2011-03-10,00:00:00.00,21.5315,11.2197,16.7
434,2011-03-11,00:00:00.00,14.4026,58.6685,82.4
435,2011-03-12,00:00:00.00,16.7823,65.8318,59.3
436,2011-03-13,00:00:00.00,3.40006,21.7911,21.6
437,2011-03-14,00:00:00.00,0.717247,10.9754,19.7
438,2011-03-15,00:00:00.00,0.02728,7.45878,18.1
439,2011-03-16,00:00:00.00,4.34628,6.35627,16.1
440,2011-03-17,00:00:00.00,3.51525,48.2309,40.2
441,2011-03-18,00:00:00.00,0.0299882,107.018,30.6
442,2011-03-19,00:00:00.00,0.0243664,71.4695,26.1
443,2011-03-20,00:00:00.00,0.047597,14.8545,13.1
444,2011-03-21,00:00:00.00,0.301386,9.15963,7.54
445,2011-03-22,00:00:00.00,19.0882,19.2162,30
446,2011-03-23,00:00:00.00,1.85884,21.9964,14.2
447,2011-03-24,00:00:00.00,12.2469,10.9569,9.54
448,2011-03-25,00:00:00.00,0.0155174,7.71291,8.48
449,2011-03-26,00:00:00.00,0.0706767,6.07913,6.89
450,2011-03-27,00:00:00.00,0.000667684,5.11845,5.64
451,2011-03-28,00:00:00.00,9.186e-308,4.48395,5.19
452,2011-03-29,00:00:00.00,0.00917464,4.02954,4.96
453,2011-03-30,00:00:00.00,0.00186247,3.68192,4.74
454,2011-03-31,00:00:00.00,0.405152,3.40269,5.28
455,2011-04-01,00:00:00.00,0.494219,3.17073,5.89
456,2011-04-02,00:00:00.00,0.0145557,3.92619,5.68
457,2011-04-03,00:00:00.00,0.00251197,4.46096,5.39
458,2011-04-04,00:00:00.00,10.5292,7.00872,4.75
459,2011-04-05,00:00:00.00,20.6645,21.1306,21.2
460,2011-04-06,00:00:00.00,0.232335,22.6457,30.1
461,2011-04-07,00:00:00.00,10.7944,14.2353,8.54
462,2011-04-08,00:00:00.00,0.0550662,12.3946,8.81
463,2011-04-09,00:00:00.00,0.0804311,7.90081,4.87
464,2011-04-10,00:00:00.00,0.00283478,5.91569,3.85
465,2011-04-11,00:00:00.00,0.0379813,4.78935,3.34
466,2011-04-12,00:00:00.00,0.10788,4.05426,3.04
467,2011-04-13,00:00:00.00,0.000272535,3.5331,2.65
468,2011-04-14,00:00:00.00,0.00105475,3.14186,2.41
469,2011-04-15,00:00:00.00,0.0262528,2.83332,2.25
470,2011-04-16,00:00:00.00,0.0558987,2.58253,2.04
471,2011-04-17,00:00:00.00,17.8478,7.3085,2.59
472,2011-04-18,00:00:00.00,1.58228,9.59355,3.32
473,2011-04-19,00:00:00.00,3.67953,6.40034,2.73
474,2011-04-20,00:00:00.00,4.30377,5.70437,2.62
475,2011-04-21,00:00:00.00,13.7562,9.44136,5.01
476,2011-04-22,00:00:00.00,0.104025,10.6078,4.79
477,2011-04-23,00:00:00.00,0.944924,6.85599,3.62
478,2011-04-24,00:00:00.00,25.8495,17.5097,38.5
479,2011-04-25,00:00:00.00,0.779152,20.6329,16.2
480,2011-04-26,00:00:00.00,12.5844,14.5133,11.2
481,2011-04-27,00:00:00.00,3.9972,13.7939,21
482,2011-04-28,00:00:00.00,8.15237,10.8849,15.1
483,2011-04-29,00:00:00.00,7.62771,11.4554,16.6
484,2011-04-30,00:00:00.00,0.319222,9.61021,10.2
485,2011-05-01,00:00:00.00,0.0939865,6.59722,6.64
486,2011-05-02,00:00:00.00,7.74359,6.56169,5.57
487,2011-05-03,00:00:00.00,0.415432,6.5304,6.28
488,2011-05-04,00:00:00.00,11.2983,8.09627,10.2
489,2011-05-05,00:00:00.00,0.137896,8.82076,11.5
490,2011-05-06,00:00:00.00,0.0828746,6.12901,6.44
491,2011-05-07,00:00:00.00,8.61357,6.4328,5.24
492,2011-05-08,00:00:00.00,0.170747,6.58297,5.14
493,2011-05-09,00:00:00.00,0.0964724,4.95948,4.71
494,2011-05-10,00:00:00.00,0.00639497,3.98895,4.35
495,2011-05-11,00:00:00.00,0.0142222,3.33951,4.28
496,2011-05-12,00:00:00.00,0.0126709,2.87042,4.08
497,2011-05-13,00:00:00.00,0.0182779,2.51183,3.92
498,2011-05-14,00:00:00.00,0.00383068,2.2265,3.86
499,2011-05-15,00:00:00.00,1.78945,1.99633,3.72
500,2011-05-16,00:00:00.00,17.1342,4.78785,5.4
501,2011-05-17,00:00:00.00,6.29637,7.07914,13.7
502,2011-05-18,00:00:00.00,4.78002,6.0513,7.84
503,2011-05-19,00:00:00.00,6.8452,5.73494,7.75
504,2011-05-20,00:00:00.00,4.25265,5.34928,17
505,2011-05-21,00:00:00.00,1.59537,4.35122,8.59
506,2011-05-22,00:00:00.00,0.192903,3.50562,5.67
507,2011-05-23,00:00:00.00,4.13732,2.96505,4.93
508,2011-05-24,00:00:00.00,2.66964,2.58517,4.53
509,2011-05-25,00:00:00.00,0.0525679,2.26899,4.21
510,2011-05-26,00:00:00.00,28.5676,9.07861,4.9
511,2011-05-27,00:00:00.00,13.9476,16.0077,31.9
512,2011-05-28,00:00:00.00,0.917582,12.358,18.3
513,2011-05-29,00:00:00.00,1.02605,7.33499,9.15
514,2011-05-30,00:00:00.00,8.66379,6.34234,6.39
515,2011-05-31,00:00:00.00,3.25256,5.85311,11.3
516,2011-06-01,00:00:00.00,0.0135943,4.421,6.05
517,2011-06-02,00:00:00.00,0.0098049,3.53804,4.79
518,2011-06-03,00:00:00.00,3.35145e-308,2.94006,4.14
519,2011-06-04,00:00:00.00,0.00650535,2.50847,3.7
520,2011-06-05,00:00:00.00,7.32404,2.5675,3.52
521,2011-06-06,00:00:00.00,0.655888,2.60677,3.43
522,2011-06-07,00:00:00.00,0.108713,2.24508,3.16
523,2011-06-08,00:00:00.00,13.2435,3.25994,5.1
524,2011-06-09,00:00:00.00,0.0722084,3.80757,5.39
525,2011-06-10,00:00:00.00,0.503116,2.90571,3.87
526,2011-06-11,00:00:00.00,0.0894792,2.43272,3.38
527,2011-06-12,00:00:00.00,0.0746338,2.08312,3.18
528,2011-06-13,00:00:00.00,0.00466383,1.81438,3.06
529,2011-06-14,00:00:00.00,0.0339841,1.60143,2.86
530,2011-06-15,00:00:00.00,0.0159204,1.42852,2.71
531,2011-06-16,00:00:00.00,0.013317,1.28485,2.58
532,2011-06-17,00:00:00.00,1.27296,1.16416,2.49
533,2011-06-18,00:00:00.00,0.822373,1.06158,2.44
534,2011-06-19,00:00:00.00,0.00204231,0.972967,2.44
535,2011-06-20,00:00:00.00,0.000412686,0.895205,2.22
536,2011-06-21,00:00:00.00,0.000663163,0.82675,1.89
537,2011-06-22,00:00:00.00,12.0751,1.18105,1.71
538,2011-06-23,00:00:00.00,24.1253,3.41919,2.77
539,2011-06-24,00:00:00.00,1.73973,4.21097,4.06
540,2011-06-25,00:00:00.00,6.79704,3.11905,3.47
541,2011-06-26,00:00:00.00,0.479397,2.80499,3.06
542,2011-06-27,00:00:00.00,0.000971749,2.31436,2.3
543,2011-06-28,00:00:00.00,0.00163019,1.95784,1.29
544,2011-06-29,00:00:00.00,0.14678,1.68782,1.02
545,2011-06-30,00:00:00.00,0.0511671,1.47662,0.864
546,2011-07-01,00:00:00.00,0.000198667,1.30738,0.708
547,2011-07-02,00:00:00.00,0.0139541,1.16853,0.589
548,2011-07-03,00:00:00.00,6.68126,1.13267,0.828
549,2011-07-04,00:00:00.00,1.01665,1.10295,1.1
550,2011-07-05,00:00:00.00,0,0.99816,0.597
551,2011-07-06,00:00:00.00,2.10057e-308,0.908689,0.445
552,2011-07-07,00:00:00.00,0.00518541,0.831721,0.42
553,2011-07-08,00:00:00.00,0.0193178,0.764681,0.385
554,2011-07-09,00:00:00.00,0.0808675,0.706093,0.374
555,2011-07-10,00:00:00.00,0.0792274,0.654307,0.35
556,2011-07-11,00:00:00.00,0.00411738,0.608477,0.341
557,2011-07-12,00:00:00.00,0.0602412,0.567424,0.322
558,2011-07-13,00:00:00.00,0.000212076,0.530731,0.327
559,2011-07-14,00:00:00.00,0.0188719,0.497579,0.293
560,2011-07-15,00:00:00.00,0.00691705,0.467765,0.278
561,2011-07-16,00:00:00.00,0,0.440595,0.27
562,2011-07-17,00:00:00.00,0,0.415988,0.263
563,2011-07-18,00:00:00.00,0,0.393384,0.255
564,2011-07-19,00:00:00.00,1.52502,0.37283,0.262
565,2011-07-20,00:00:00.00,1.55295,0.353866,0.308
566,2011-07-21,00:00:00.00,0.00488928,0.336546,0.318
567,2011-07-22,00:00:00.00,0.0327294,0.320421,0.322
568,2011-07-23,00:00:00.00,2.99715e-308,0.305625,0.32
569,2011-07-24,00:00:00.00,6.67804,0.300719,0.3
570,2011-07-25,00:00:00.00,2.85174,0.296352,0.388
571,2011-07-26,00:00:00.00,0.0273784,0.283241,0.355
572,2011-07-27,00:00:00.00,0.00778982,0.271168,0.314
573,2011-07-28,00:00:00.00,0.00384816,0.259785,0.246
574,2011-07-29,00:00:00.00,13.5889,0.340746,0.348
575,2011-07-30,00:00:00.00,12.7345,0.473809,0.51
576,2011-07-31,00:00:00.00,0.182931,0.450101,0.519
577,2011-08-01,00:00:00.00,1.95336,0.369727,0.373
578,2011-08-02,00:00:00.00,0.337393,0.351129,0.335
579,2011-08-03,00:00:00.00,0.126428,0.33388,0.312
580,2011-08-04,00:00:00.00,6.64493,0.331567,0.4
581,2011-08-05,00:00:00.00,0.00810859,0.329351,0.506
582,2011-08-06,00:00:00.00,0.00317118,0.313935,0.328
583,2011-08-07,00:00:00.00,0.322542,0.299536,0.298
584,2011-08-08,00:00:00.00,7.19291,0.300051,0.391
585,2011-08-09,00:00:00.00,0.934586,0.300451,0.99
586,2011-08-10,00:00:00.00,35.2136,1.17439,2.46
587,2011-08-11,00:00:00.00,0.0673032,1.44747,1.68
588,2011-08-12,00:00:00.00,0.252755,0.80151,0.611
589,2011-08-13,00:00:00.00,2.06458e-308,0.734936,0.483
590,2011-08-14,00:00:00.00,0.214112,0.677267,0.36
591,2011-08-15,00:00:00.00,21.632,1.30571,1.46
592,2011-08-16,00:00:00.00,0.0308465,1.56532,2.76
593,2011-08-17,00:00:00.00,0.000323947,1.10566,0.852
594,2011-08-18,00:00:00.00,0.000301079,0.992449,0.53
595,2011-08-19,00:00:00.00,1.2219,0.897633,0.441
596,2011-08-20,00:00:00.00,0.202119,0.817434,0.486
597,2011-08-21,00:00:00.00,3.88255,0.750763,0.39
598,2011-08-22,00:00:00.00,5.11779,0.721289,0.473
599,2011-08-23,00:00:00.00,0.83965,0.693752,0.371
600,2011-08-24,00:00:00.00,0.00157378,0.641917,0.325
601,2011-08-25,00:00:00.00,32.4514,2.11076,0.396
602,2011-08-26,00:00:00.00,4.31673,2.7912,5.5
603,2011-08-27,00:00:00.00,0.0584354,1.82943,2.4
604,2011-08-28,00:00:00.00,0.0032876,1.5733,1.03
605,2011-08-29,00:00:00.00,0.032594,1.37377,0.694
606,2011-08-30,00:00:00.00,0.0862697,1.21457,0.551
607,2011-08-31,00:00:00.00,0.0370335,1.08469,0.473
608,2011-09-01,00:00:00.00,0.020492,0.977039,0.414
609,2011-09-02,00:00:00.00,5.11809,0.925347,0.498
610,2011-09-03,00:00:00.00,0.00715363,0.88191,0.523
611,2011-09-04,00:00:00.00,1.78711,0.805795,0.425
612,2011-09-05,00:00:00.00,11.7211,1.01702,0.513
613,2011-09-06,00:00:00.00,0,1.11894,0.833
614,2011-09-07,00:00:00.00,0.048904,0.929419,0.546
615,2011-09-08,00:00:00.00,4.65352,0.891432,0.449
616,2011-09-09,00:00:00.00,1.19691,0.859611,0.512
617,2011-09-10,00:00:00.00,0.701119,0.787635,0.427
618,2011-09-11,00:00:00.00,1.0671,0.725568,0.391
619,2011-09-12,00:00:00.00,0.650549,0.671368,0.348
620,2011-09-13,00:00:00.00,0.141885,0.623778,0.537
621,2011-09-14,00:00:00.00,0.0956349,0.581468,0.52
622,2011-09-15,00:00:00.00,1.65477,0.543938,0.415
623,2011-09-16,00:00:00.00,0.9573,0.510354,0.416
624,2011-09-17,00:00:00.00,0.00269867,0.480262,0.436
625,2011-09-18,00:00:00.00,5.28292e-308,0.452922,0.311
626,2011-09-19,00:00:00.00,0.0125765,0.428172,0.28
627,2011-09-20,00:00:00.00,25.6514,1.40041,0.366
628,2011-09-21,00:00:00.00,0.0292606,1.75584,0.82
629,2011-09-22,00:00:00.00,17.0487,1.9539,1.48
630,2011-09-23,00:00:00.00,0.0861879,2.32462,3.04
631,2011-09-24,00:00:00.00,6.78833,1.96684,1.56
632,2011-09-25,00:00:00.00,0.252347,1.91746,1.29
633,2011-09-26,00:00:00.00,0.512923,1.64666,0.79
634,2011-09-27,00:00:00.00,35.1257,5.7215,3.61
635,2011-09-28,00:00:00.00,5.75218,8.20678,22.2
636,2011-09-29,00:00:00.00,2.22511,5.53125,5.5
637,2011-09-30,00:00:00.00,17.816,6.93472,6.03
638,2011-10-01,00:00:00.00,8.86632,9.14961,22.3
639,2011-10-02,00:00:00.00,1.97106,7.506,11
640,2011-10-03,00:00:00.00,5.0315,5.84731,5.34
641,2011-10-04,00:00:00.00,3.83238,5.3124,4.59
642,2011-10-05,00:00:00.00,0.00514471,4.36479,4.04
643,2011-10-06,00:00:00.00,6.9312e-308,3.42017,3.09
644,2011-10-07,00:00:00.00,0.00047846,2.80354,2.39
645,2011-10-08,00:00:00.00,0.000615731,2.37047,1.83
646,2011-10-09,00:00:00.00,0.00386165,2.0499,1.43
647,2011-10-10,00:00:00.00,0.00289492,1.80282,1.17
648,2011-10-11,00:00:00.00,0.000133365,1.60658,0.963
649,2011-10-12,00:00:00.00,4.48e-308,1.44669,
650,2011-10-13,00:00:00.00,17.88,3.5857,
651,2011-10-14,00:00:00.00,5.64449,5.24474,
652,2011-10-15,00:00:00.00,27.3467,11.7184,
653,2011-10-16,00:00:00.00,1.25351,13.9904,
654,2011-10-17,00:00:00.00,2.02826,7.77307,
655,2011-10-18,00:00:00.00,0.0206852,5.49136,
656,2011-10-19,00:00:00.00,2.50008,4.3473,
657,2011-10-20,00:00:00.00,14.2294,6.88996,
658,2011-10-21,00:00:00.00,16.4389,13.4187,
659,2011-10-22,00:00:00.00,1.04527,13.1139,
660,2011-10-23,00:00:00.00,0.0979836,7.63473,
661,2011-10-24,00:00:00.00,0.000875647,5.39418,
662,2011-10-25,00:00:00.00,3.20353,4.54355,
663,2011-10-26,00:00:00.00,2.93829,4.36637,
664,2011-10-27,00:00:00.00,4.43896,4.5343,
665,2011-10-28,00:00:00.00,2.8115,4.61658,
666,2011-10-29,00:00:00.00,0.00083594,4.03709,
667,2011-10-30,00:00:00.00,0.138022,3.3526,
668,2011-10-31,00:00:00.00,0.00791595,2.8802,
669,2011-11-01,00:00:00.00,1.93364,2.64818,
670,2011-11-02,00:00:00.00,0.438601,2.4751,
671,2011-11-03,00:00:00.00,9.28349e-308,2.22616,
672,2011-11-04,00:00:00.00,0.00193182,2.02731,
673,2011-11-05,00:00:00.00,7.68966e-308,1.86467,
674,2011-11-06,00:00:00.00,0.000247449,1.72965,
675,2011-11-07,00:00:00.00,9.53845e-308,1.61476,
676,2011-11-08,00:00:00.00,1.24826,1.52407,
677,2011-11-09,00:00:00.00,0.968337,1.44707,
678,2011-11-10,00:00:00.00,13.39,3.63966,
679,2011-11-11,00:00:00.00,0.386179,4.78739,
680,2011-11-12,00:00:00.00,0.252208,3.38969,
681,2011-11-13,00:00:00.00,4.20227e-308,2.86478,2.3
682,2011-11-14,00:00:00.00,0.0218001,2.48783,2.05
683,2011-11-15,00:00:00.00,12.8947,4.72296,2.36
684,2011-11-16,00:00:00.00,0.000167662,5.8852,4.58
685,2011-11-17,00:00:00.00,0,4.171,3.29
686,2011-11-18,00:00:00.00,0.0559643,3.38776,2.62
687,2011-11-19,00:00:00.00,0.0160792,2.86217,2.18
688,2011-11-20,00:00:00.00,0.183519,2.48654,1.95
689,2011-11-21,00:00:00.00,0.14111,2.20483,1.83
690,2011-11-22,00:00:00.00,1.99658e-308,1.98638,1.62
691,2011-11-23,00:00:00.00,17.3376,3.41595,1.38
692,2011-11-24,00:00:00.00,8.49703,6.5597,12.9
693,2011-11-25,00:00:00.00,0,7.05201,6.55
694,2011-11-26,00:00:00.00,0.000606444,5.21438,4.43
695,2011-11-27,00:00:00.00,0.125096,4.06824,3.42
696,2011-11-28,00:00:00.00,23.2875,11.3548,10.4
697,2011-11-29,00:00:00.00,5.89232,16.4102,18.7
698,2011-11-30,00:00:00.00,52.7819,60.7231,91.9
699,2011-12-01,00:00:00.00,1.26345,63.1878,80.3
700,2011-12-02,00:00:00.00,0,14.2764,22.2
701,2011-12-03,00:00:00.00,0.901224,8.5854,8.63
702,2011-12-04,00:00:00.00,0.257115,6.32903,5.58
703,2011-12-05,00:00:00.00,18.2045,14.1835,6.01
704,2011-12-06,00:00:00.00,22.4434,36.2526,35.5
705,2011-12-07,00:00:00.00,4.5111,33.3993,43.1
706,2011-12-08,00:00:00.00,0.00773703,13.4521,14.5
707,2011-12-09,00:00:00.00,0.000297402,8.40127,6.77
708,2011-12-10,00:00:00.00,0.688687,6.28055,4.88
709,2011-12-11,00:00:00.00,0.00047129,5.12308,4.04
710,2011-12-12,00:00:00.00,0,4.39836,3.16
711,2011-12-13,00:00:00.00,0.00103511,3.9001,2.71
712,2011-12-14,00:00:00.00,0.00201711,3.59666,2.42
713,2011-12-15,00:00:00.00,10.6194,7.30641,2.42
714,2011-12-16,00:00:00.00,20.3322,23.1144,27.7
715,2011-12-17,00:00:00.00,0.828308,24.4406,19.7
716,2011-12-18,00:00:00.00,1.22405,11.1635,6.96
717,2011-12-19,00:00:00.00,1.418,7.48233,4.88
718,2011-12-20,00:00:00.00,0.0449641,5.76473,4.44
719,2011-12-21,00:00:00.00,0.0549052,4.77381,4.09
720,2011-12-22,00:00:00.00,6.20261,5.86926,4.43
721,2011-12-23,00:00:00.00,2.39696,7.36578,6.08
722,2011-12-24,00:00:00.00,1.07242,6.53351,5.16
723,2011-12-25,00:00:00.00,0.0777023,5.18518,4.19
724,2011-12-26,00:00:00.00,0.290543,4.36809,3.44
725,2011-12-27,00:00:00.00,0.262857,3.99775,3.06
726,2011-12-28,00:00:00.00,13.3171,7.89988,3.27
727,2011-12-29,00:00:00.00,1.87962,9.64611,4.25
728,2011-12-30,00:00:00.00,4.10515,6.58778,3.18
729,2011-12-31,00:00:00.00,11.2796,9.05748,5.16
730,2012-01-01,00:00:00.00,1.28527,12.795,35.6
731,2012-01-02,00:00:00.00,6.44595,14.278,15.1
732,2012-01-03,00:00:00.00,7.08066,12.4111,10.2
733,2012-01-04,00:00:00.00,6.31604,8.10146,5.23
734,2012-01-05,00:00:00.00,0.0115609,6.02329,4.61
735,2012-01-06,00:00:00.00,9.16883e-308,4.88103,3.85
736,2012-01-07,00:00:00.00,0.00832411,4.162,4.64
737,2012-01-08,00:00:00.00,0.00979792,6.60091,9
738,2012-01-09,00:00:00.00,0.0396885,7.85362,5.7
739,2012-01-10,00:00:00.00,0.00463708,5.70691,4.28
740,2012-01-11,00:00:00.00,0.000242944,5.26511,3.63
741,2012-01-12,00:00:00.00,1.16723,5.51238,3.15
742,2012-01-13,00:00:00.00,6.17306,7.02613,4.48
743,2012-01-14,00:00:00.00,9.6513,7.5103,5.29
744,2012-01-15,00:00:00.00,0.69807,5.80742,3.82
745,2012-01-16,00:00:00.00,0.00647264,4.68824,2.99
746,2012-01-17,00:00:00.00,7.96431,4.8572,2.81
747,2012-01-18,00:00:00.00,18.3814,13.3916,27.7
748,2012-01-19,00:00:00.00,0.463489,15.9732,17.6
749,2012-01-20,00:00:00.00,9.84644,8.87638,5.54
750,2012-01-21,00:00:00.00,2.05504,6.33034,4.07
751,2012-01-22,00:00:00.00,2.10376,5.00763,3.28
752,2012-01-23,00:00:00.00,0.00389059,4.20282,2.69
753,2012-01-24,00:00:00.00,10.7783,7.13048,8.91
754,2012-01-25,00:00:00.00,0.205929,8.57907,15.9
755,2012-01-26,00:00:00.00,1.47439,6.00696,5.53
756,2012-01-27,00:00:00.00,4.45469,5.02108,4.47
757,2012-01-28,00:00:00.00,9.64048,5.83101,11.7
758,2012-01-29,00:00:00.00,5.1359,6.42622,10.2
759,2012-01-30,00:00:00.00,10.1797,5.7563,5.12
760,2012-01-31,00:00:00.00,1.58771,5.0145,4.25
761,2012-02-01,00:00:00.00,0.166658,4.16991,5.07
762,2012-02-02,00:00:00.00,0.384031,22.9514,30.9
763,2012-02-03,00:00:00.00,0.0514289,27.986,12.4
764,2012-02-04,00:00:00.00,0.0158747,11.1602,5.92
765,2012-02-05,00:00:00.00,1.2183e-308,7.86994,4.76
766,2012-02-06,00:00:00.00,0.0135186,7.014,4.1
767,2012-02-07,00:00:00.00,1.16408e-308,7.13672,3.43
768,2012-02-08,00:00:00.00,0.0228027,6.6028,2.99
769,2012-02-09,00:00:00.00,0.000371108,5.15889,2.52
770,2012-02-10,00:00:00.00,2.2705e-308,4.2941,2.25
771,2012-02-11,00:00:00.00,2.27401,3.72041,2.11
772,2012-02-12,00:00:00.00,11.4147,3.31528,2
773,2012-02-13,00:00:00.00,3.08597,3.01132,1.8
774,2012-02-14,00:00:00.00,0.0518856,2.77499,1.75
775,2012-02-15,00:00:00.00,0.756027,2.58366,1.68
776,2012-02-16,00:00:00.00,0.23226,2.42582,1.65
777,2012-02-17,00:00:00.00,5.69017,2.80997,1.84
778,2012-02-18,00:00:00.00,0.0227009,3.09372,2.8
779,2012-02-19,00:00:00.00,1.02295,2.78794,3.68
780,2012-02-20,00:00:00.00,0.0166482,2.5545,2.84
781,2012-02-21,00:00:00.00,0.000561371,2.36563,2.33
782,2012-02-22,00:00:00.00,5.35826,2.52539,2.28
783,2012-02-23,00:00:00.00,2.7423,6.39362,3.57
784,2012-02-24,00:00:00.00,0.800571,10.1057,5.16
785,2012-02-25,00:00:00.00,7.91971,10.4636,10.1
786,2012-02-26,00:00:00.00,0.527637,8.9005,10.2
787,2012-02-27,00:00:00.00,0.0327683,6.17116,4.58
788,2012-02-28,00:00:00.00,0.00814323,4.77331,3.94
789,2012-02-29,00:00:00.00,0.0281382,3.92657,3.61
790,2012-03-01,00:00:00.00,1.20712,3.3645,3.39
791,2012-03-02,00:00:00.00,0.141706,6.72664,12.6
792,2012-03-03,00:00:00.00,7.38038,11.6651,7.53
793,2012-03-04,00:00:00.00,0.812186,10.7681,12.8
794,2012-03-05,00:00:00.00,0.464514,7.29194,5.16
795,2012-03-06,00:00:00.00,0.0375003,5.39549,3.69
796,2012-03-07,00:00:00.00,0.0301941,4.32806,2.79
797,2012-03-08,00:00:00.00,0.00311719,3.6402,2.48
798,2012-03-09,00:00:00.00,9.77388,5.76088,3.23
799,2012-03-10,00:00:00.00,0.479157,6.86211,4.45
800,2012-03-11,00:00:00.00,0.0430051,4.97936,3.15
801,2012-03-12,00:00:00.00,0.000449597,4.03015,2.59
802,2012-03-13,00:00:00.00,8.69976,5.42807,2.83
803,2012-03-14,00:00:00.00,11.4583,9.70863,17.3
804,2012-03-15,00:00:00.00,0.0240472,9.91721,6.74
805,2012-03-16,00:00:00.00,4.26083,7.30385,4.23
806,2012-03-17,00:00:00.00,0.0555905,6.10793,3.39
807,2012-03-18,00:00:00.00,0.0578172,4.68927,2.71
808,2012-03-19,00:00:00.00,0.157414,3.82485,2.28
809,2012-03-20,00:00:00.00,0.0407135,3.24035,2.07
810,2012-03-21,00:00:00.00,0.00446331,2.81652,1.95
811,2012-03-22,00:00:00.00,0.00313649,2.49094,1.83
812,2012-03-23,00:00:00.00,0,2.2324,1.69
813,2012-03-24,00:00:00.00,0.37529,2.02075,1.54
814,2012-03-25,00:00:00.00,4.45516,2.12091,1.39
815,2012-03-26,00:00:00.00,0.157451,2.19504,1.26
816,2012-03-27,00:00:00.00,0.00482918,1.97772,1.16
817,2012-03-28,00:00:00.00,0,1.80097,1.1
818,2012-03-29,00:00:00.00,0.0239636,1.65417,1.07
819,2012-03-30,00:00:00.00,0.0898492,1.52798,1.06
820,2012-03-31,00:00:00.00,11.1991,2.2495,1.16
821,2012-04-01,00:00:00.00,0.0987405,2.65177,1.75
822,2012-04-02,00:00:00.00,1.83232,2.20544,1.33
823,2012-04-03,00:00:00.00,0.000173923,2.02305,1.18
824,2012-04-04,00:00:00.00,0.0200948,1.81814,1.05
825,2012-04-05,00:00:00.00,0.00627745,1.65014,0.939
826,2012-04-06,00:00:00.00,0.000175398,1.51121,0.839
827,2012-04-07,00:00:00.00,0,1.39284,0.754
828,2012-04-08,00:00:00.00,0,1.2915,0.686
829,2012-04-09,00:00:00.00,0.192062,1.20193,0.65
830,2012-04-10,00:00:00.00,0.089255,1.1236,0.642
831,2012-04-11,00:00:00.00,0.641007,1.05348,0.618
832,2012-04-12,00:00:00.00,0.464366,0.992135,0.593
833,2012-04-13,00:00:00.00,0.0733789,0.935953,0.554
834,2012-04-14,00:00:00.00,0.0860996,0.885404,0.532
835,2012-04-15,00:00:00.00,2.71862,0.851724,0.528
836,2012-04-16,00:00:00.00,6.0828,1.00807,0.719
837,2012-04-17,00:00:00.00,0.0194118,1.09486,0.747
838,2012-04-18,00:00:00.00,0.00908764,0.984011,0.599
839,2012-04-19,00:00:00.00,0.00128865,0.920374,0.517
840,2012-04-20,00:00:00.00,0.0887219,0.863838,0.504
841,2012-04-21,00:00:00.00,1.70024,0.812046,0.501
842,2012-04-22,00:00:00.00,7.32446,1.10213,0.666
843,2012-04-23,00:00:00.00,0.217169,1.24445,0.628
844,2012-04-24,00:00:00.00,0.568913,1.03233,0.549
845,2012-04-25,00:00:00.00,1.70963,0.95661,0.552
846,2012-04-26,00:00:00.00,0.0385638,0.89144,0.54
847,2012-04-27,00:00:00.00,0.0603359,0.83252,0.504
848,2012-04-28,00:00:00.00,0.000540501,0.780591,0.469
849,2012-04-29,00:00:00.00,0,0.733098,0.447
850,2012-04-30,00:00:00.00,0.00211155,0.690856,0.438
851,2012-05-01,00:00:00.00,12.0055,1.30357,0.501
852,2012-05-02,00:00:00.00,0.409669,1.56776,0.644
853,2012-05-03,00:00:00.00,0.0381097,1.14097,0.543
854,2012-05-04,00:00:00.00,10.9627,1.51608,0.542
855,2012-05-05,00:00:00.00,3.34401,1.71234,2.13
856,2012-05-06,00:00:00.00,2.33849e-308,1.39901,1.13
857,2012-05-07,00:00:00.00,0.000467397,1.25292,0.728
858,2012-05-08,00:00:00.00,1.27938,1.13244,0.584
859,2012-05-09,00:00:00.00,8.11758,1.2499,0.638
860,2012-05-10,00:00:00.00,4.10539,1.37846,0.602
861,2012-05-11,00:00:00.00,0.00538035,1.26581,0.637
862,2012-05-12,00:00:00.00,2.475e-308,1.14271,0.521
863,2012-05-13,00:00:00.00,9.42151e-308,1.03786,0.478
864,2012-05-14,00:00:00.00,0.253983,0.948886,0.436
865,2012-05-15,00:00:00.00,0.055176,0.871144,0.415
866,2012-05-16,00:00:00.00,0.000537483,0.803931,0.405
867,2012-05-17,00:00:00.00,0.755223,0.744119,0.403
868,2012-05-18,00:00:00.00,0,0.69211,0.403
869,2012-05-19,00:00:00.00,0.000732369,0.644959,0.412
870,2012-05-20,00:00:00.00,0.000164835,0.603358,0.389
871,2012-05-21,00:00:00.00,0.000457946,0.564937,0.37
872,2012-05-22,00:00:00.00,0,0.53084,0.34
873,2012-05-23,00:00:00.00,0.0238186,0.499061,0.329
874,2012-05-24,00:00:00.00,8.97977e-308,0.470883,0.303
875,2012-05-25,00:00:00.00,0.0295854,0.444332,0.286
876,2012-05-26,00:00:00.00,0.0479673,0.420751,0.269
877,2012-05-27,00:00:00.00,0.0113779,0.398286,0.254
878,2012-05-28,00:00:00.00,6.53165,0.398984,0.807
879,2012-05-29,00:00:00.00,0.521186,0.398868,0.525
880,2012-05-30,00:00:00.00,6.61839,0.39948,0.508
881,2012-05-31,00:00:00.00,0.0390536,0.399298,0.48
882,2012-06-01,00:00:00.00,0.000248383,0.379267,0.409
883,2012-06-02,00:00:00.00,47.7091,2.87676,3.96
884,2012-06-03,00:00:00.00,0.331429,3.91329,6.62
885,2012-06-04,00:00:00.00,6.15407,2.38646,3.13
886,2012-06-05,00:00:00.00,6.75815,2.36082,2.19
887,2012-06-06,00:00:00.00,0.00851466,2.18812,2.98
888,2012-06-07,00:00:00.00,1.12841,1.85003,1.92
889,2012-06-08,00:00:00.00,0.0183244,1.59381,1.38
890,2012-06-09,00:00:00.00,0.0171748,1.39407,1.11
891,2012-06-10,00:00:00.00,1.75835,1.23344,0.966
892,2012-06-11,00:00:00.00,0.00380381,1.10283,0.824
893,2012-06-12,00:00:00.00,0.459598,0.993312,0.7
894,2012-06-13,00:00:00.00,0.5518,0.90166,0.799
895,2012-06-14,00:00:00.00,0.0277121,0.822764,0.657
896,2012-06-15,00:00:00.00,0,0.755419,0.543
897,2012-06-16,00:00:00.00,0,0.696054,0.481
898,2012-06-17,00:00:00.00,0,0.644633,0.443
899,2012-06-18,00:00:00.00,6.50516,0.63036,0.432
900,2012-06-19,00:00:00.00,0.0385206,0.618552,0.477
901,2012-06-20,00:00:00.00,0.00232168,0.575409,0.431
902,2012-06-21,00:00:00.00,0,0.537591,0.375
903,2012-06-22,00:00:00.00,16.4597,0.8293,0.359
904,2012-06-23,00:00:00.00,1.08398,0.941261,0.464
905,2012-06-24,00:00:00.00,0.0087052,0.712345,0.38
906,2012-06-25,00:00:00.00,2.96317,0.658292,0.362
907,2012-06-26,00:00:00.00,0.0488687,0.610218,0.376
908,2012-06-27,00:00:00.00,0,0.568349,0.337
909,2012-06-28,00:00:00.00,0.00972211,0.530344,0.302
910,2012-06-29,00:00:00.00,0.000132427,0.496977,0.287
911,2012-06-30,00:00:00.00,6.26789e-308,0.466225,0.279
912,2012-07-01,00:00:00.00,0.0393414,0.439112,0.277
913,2012-07-02,00:00:00.00,0.000359065,0.413814,0.264
914,2012-07-03,00:00:00.00,0.00311297,0.391477,0.264
915,2012-07-04,00:00:00.00,7.47312,0.387152,0.278
916,2012-07-05,00:00:00.00,4.10501,0.383999,
917,2012-07-06,00:00:00.00,3.16061,0.363704,
918,2012-07-07,00:00:00.00,3.98989e-308,0.345786,
919,2012-07-08,00:00:00.00,0.14022,0.328583,
920,2012-07-09,00:00:00.00,0.0063692,0.313393,
921,2012-07-10,00:00:00.00,0.00712636,0.29865,
922,2012-07-11,00:00:00.00,0.0027571,0.285675,
923,2012-07-12,00:00:00.00,0,0.27293,
924,2012-07-13,00:00:00.00,0,0.261755,
925,2012-07-14,00:00:00.00,0,0.250643,
926,2012-07-15,00:00:00.00,0,0.24095,
927,2012-07-16,00:00:00.00,6.98201,0.23715,
928,2012-07-17,00:00:00.00,0.108565,0.234301,0.121
929,2012-07-18,00:00:00.00,0.0564059,0.22498,0.143
930,2012-07-19,00:00:00.00,0.0524716,0.216916,0.123
931,2012-07-20,00:00:00.00,7.30472,0.21535,0.124
932,2012-07-21,00:00:00.00,2.7243,0.214588,0.203
933,2012-07-22,00:00:00.00,0.0054362,0.206491,0.19
934,2012-07-23,00:00:00.00,0.021317,0.199544,0.156
935,2012-07-24,00:00:00.00,0.0499037,0.19231,0.144
936,2012-07-25,00:00:00.00,0,0.189055,0.139
937,2012-07-26,00:00:00.00,0.000817857,0.179668,0.124
938,2012-07-27,00:00:00.00,17.8159,0.262653,0.151
939,2012-07-28,00:00:00.00,3.28715,0.280757,0.334
940,2012-07-29,00:00:00.00,0.588326,0.209794,0.192
941,2012-07-30,00:00:00.00,0.000769085,0.202033,0.165
942,2012-07-31,00:00:00.00,0,0.19536,0.144
943,2012-08-01,00:00:00.00,0.290117,0.188406,0.137
944,2012-08-02,00:00:00.00,0.0135044,0.183009,0.126
945,2012-08-03,00:00:00.00,0.0002694,0.176219,0.118
946,2012-08-04,00:00:00.00,0.00398684,0.176069,0.122
947,2012-08-05,00:00:00.00,0.883008,0.165281,0.116
948,2012-08-06,00:00:00.00,7.18893,0.165259,0.126
949,2012-08-07,00:00:00.00,0.000151816,0.163685,0.156
950,2012-08-08,00:00:00.00,0.00354712,0.163552,0.142
951,2012-08-09,00:00:00.00,0.134913,0.153992,0.113
952,2012-08-10,00:00:00.00,11.0385,0.16502,0.105
953,2012-08-11,00:00:00.00,13.6902,0.243909,0.635
954,2012-08-12,00:00:00.00,14.5359,0.386923,0.808
955,2012-08-13,00:00:00.00,2.63397,0.363141,0.676
956,2012-08-14,00:00:00.00,1.9565,0.257842,0.324
957,2012-08-15,00:00:00.00,6.90877,0.261993,0.846
958,2012-08-16,00:00:00.00,0.320192,0.266462,0.856
959,2012-08-17,00:00:00.00,0.310977,0.255434,0.524
960,2012-08-18,00:00:00.00,4.3274,0.249561,0.383
961,2012-08-19,00:00:00.00,0.000173298,0.243527,0.285
962,2012-08-20,00:00:00.00,0.0298767,0.234507,0.231
963,2012-08-21,00:00:00.00,0.0319638,0.225474,0.2
964,2012-08-22,00:00:00.00,0.409378,0.21752,0.186
965,2012-08-23,00:00:00.00,0.0699751,0.209475,0.178
966,2012-08-24,00:00:00.00,0.0013443,0.202426,0.162
967,2012-08-25,00:00:00.00,0,0.195218,0.162
968,2012-08-26,00:00:00.00,0,0.188942,0.158
969,2012-08-27,00:00:00.00,0.00662302,0.182453,0.151
970,2012-08-28,00:00:00.00,3.54756,0.177068,0.157
971,2012-08-29,00:00:00.00,0.00711243,0.171423,0.159
972,2012-08-30,00:00:00.00,0.000437915,0.166388,0.153
973,2012-08-31,00:00:00.00,0,0.16106,0.134
974,2012-09-01,00:00:00.00,0.00163834,0.156531,0.14
975,2012-09-02,00:00:00.00,0.000652589,0.151677,0.143
976,2012-09-03,00:00:00.00,0,0.149436,0.132
977,2012-09-04,00:00:00.00,0,0.143155,0.141
978,2012-09-05,00:00:00.00,16.2893,0.240126,1.47
979,2012-09-06,00:00:00.00,0.00704319,0.257518,1.31
980,2012-09-07,00:00:00.00,0.00200435,0.173611,0.463
981,2012-09-08,00:00:00.00,2.63325,0.167957,0.295
982,2012-09-09,00:00:00.00,28.6641,0.614098,1.77
983,2012-09-10,00:00:00.00,0.422433,0.7061,1.33
984,2012-09-11,00:00:00.00,0.012475,0.340364,0.607
985,2012-09-12,00:00:00.00,0.000464603,0.324133,0.396
986,2012-09-13,00:00:00.00,0.000541231,0.309618,0.313
987,2012-09-14,00:00:00.00,2.7628e-308,0.295629,0.267
988,2012-09-15,00:00:00.00,8.11462,0.336028,0.254
989,2012-09-16,00:00:00.00,0.00703576,0.352804,0.319
990,2012-09-17,00:00:00.00,0.000653292,0.315884,0.255
991,2012-09-18,00:00:00.00,0.086945,0.301461,0.233
992,2012-09-19,00:00:00.00,46.2721,2.16828,18.2
993,2012-09-20,00:00:00.00,0.0124771,2.86393,8.63
994,2012-09-21,00:00:00.00,1.84106,1.57044,2.61
995,2012-09-22,00:00:00.00,1.61003,1.37227,1.72
996,2012-09-23,00:00:00.00,5.46567,1.33401,6.21
997,2012-09-24,00:00:00.00,0.0045973,1.30366,3.46
998,2012-09-25,00:00:00.00,0.00854092,1.16072,1.75
999,2012-09-26,00:00:00.00,0.0134614,1.04277,1.2
1000,2012-09-27,00:00:00.00,0.00550198,0.944716,0.95
1001,2012-09-28,00:00:00.00,4.285e-308,0.861209,0.808
1002,2012-09-29,00:00:00.00,0,0.790229,0.674
1003,2012-09-30,00:00:00.00,1.6327,0.728517,0.606
1004,2012-10-01,00:00:00.00,0.0857966,0.675338,0.588
1005,2012-10-02,00:00:00.00,0.071588,0.628036,0.538
1006,2012-10-03,00:00:00.00,1.022,0.586687,0.495
1007,2012-10-04,00:00:00.00,1.38175,0.549448,0.475
1008,2012-10-05,00:00:00.00,0.0405216,0.516601,0.458
1009,2012-10-06,00:00:00.00,10.5991,0.784577,0.448
1010,2012-10-07,00:00:00.00,1.65549,0.890295,0.743
1011,2012-10-08,00:00:00.00,0.0869036,0.685436,0.68
1012,2012-10-09,00:00:00.00,0.00101525,0.638147,0.567
1013,2012-10-10,00:00:00.00,0.189282,0.595799,0.507
1014,2012-10-11,00:00:00.00,3.36591,0.588833,0.49
1015,2012-10-12,00:00:00.00,0.0935715,0.582302,0.489
1016,2012-10-13,00:00:00.00,1.09566,0.546845,0.462
1017,2012-10-14,00:00:00.00,9.83061,0.830186,0.449
1018,2012-10-15,00:00:00.00,6.21613,1.05368,1.11
1019,2012-10-16,00:00:00.00,0.354569,0.933158,1.6
1020,2012-10-17,00:00:00.00,0.0838233,0.854769,1.12
1021,2012-10-18,00:00:00.00,4.42021,0.857264,0.872
1022,2012-10-19,00:00:00.00,2.39547,0.880994,0.926
1023,2012-10-20,00:00:00.00,7.34525,1.06801,0.889
1024,2012-10-21,00:00:00.00,14.3747,2.13433,3.15
1025,2012-10-22,00:00:00.00,0.0249649,2.49681,3.81
1026,2012-10-23,00:00:00.00,0.163165,1.85515,2.16
1027,2012-10-24,00:00:00.00,8.43242,2.05612,1.89
1028,2012-10-25,00:00:00.00,0.128955,2.18976,2.4
1029,2012-10-26,00:00:00.00,0.00539491,1.84493,1.94
1030,2012-10-27,00:00:00.00,10.5186,2.3614,1.57
1031,2012-10-28,00:00:00.00,17.2402,4.94257,9.79
1032,2012-10-29,00:00:00.00,7.42662,6.59363,7.52
1033,2012-10-30,00:00:00.00,19.4494,9.44344,14.7
1034,2012-10-31,00:00:00.00,10.2666,12.643,29
1035,2012-11-01,00:00:00.00,7.03461,11.8798,24.3
1036,2012-11-02,00:00:00.00,2.26331,9.32059,12.1
1037,2012-11-03,00:00:00.00,0.955823,6.46142,6.2
1038,2012-11-04,00:00:00.00,0.158318,4.70826,4.65
1039,2012-11-05,00:00:00.00,0.00687713,3.69073,3.52
1040,2012-11-06,00:00:00.00,7.58923e-308,3.04027,2.73
1041,2012-11-07,00:00:00.00,0.0100526,2.59014,2.32
1042,2012-11-08,00:00:00.00,0,2.26193,2.12
1043,2012-11-09,00:00:00.00,0.000377084,2.01199,1.85
1044,2012-11-10,00:00:00.00,0.416672,1.81663,1.68
1045,2012-11-11,00:00:00.00,0.440641,1.65945,1.58
1046,2012-11-12,00:00:00.00,0.000328073,1.53001,1.51
1047,2012-11-13,00:00:00.00,10.918,2.94769,1.7
1048,2012-11-14,00:00:00.00,0.00879393,3.69915,3.93
1049,2012-11-15,00:00:00.00,0.000314512,2.7514,2.7
1050,2012-11-16,00:00:00.00,4.90204e-308,2.37397,2.27
1051,2012-11-17,00:00:00.00,0.0015441,2.0915,1.97
1052,2012-11-18,00:00:00.00,0.012375,1.87298,1.72
1053,2012-11-19,00:00:00.00,9.91331e-308,1.69828,1.56
1054,2012-11-20,00:00:00.00,0.0015252,1.55601,1.48
1055,2012-11-21,00:00:00.00,0.000250102,1.43711,1.42
1056,2012-11-22,00:00:00.00,0.00648962,1.33685,1.33
1057,2012-11-23,00:00:00.00,0.0121656,1.25031,1.25
1058,2012-11-24,00:00:00.00,5.96024,1.71909,1.23
1059,2012-11-25,00:00:00.00,0.690671,1.98173,1.06
1060,2012-11-26,00:00:00.00,0.292061,1.65721,0.955
1061,2012-11-27,00:00:00.00,0.0042507,1.51569,0.911
1062,2012-11-28,00:00:00.00,0.0191359,1.39907,0.822
1063,2012-11-29,00:00:00.00,0.0169119,1.30063,0.776
1064,2012-11-30,00:00:00.00,0.000306658,1.21699,0.752
1065,2012-12-01,00:00:00.00,0.348906,1.14441,0.732
1066,2012-12-02,00:00:00.00,0.00277727,1.08149,0.708
1067,2012-12-03,00:00:00.00,15.8281,3.2846,1.51
1068,2012-12-04,00:00:00.00,0.189329,4.38878,3.28
1069,2012-12-05,00:00:00.00,6.36667,3.80888,2.61
1070,2012-12-06,00:00:00.00,0.196796,3.91402,4.24
1071,2012-12-07,00:00:00.00,0.00195224,3.16525,2.71
1072,2012-12-08,00:00:00.00,0.158429,2.66087,2.14
1073,2012-12-09,00:00:00.00,4.63029,2.68982,2
1074,2012-12-10,00:00:00.00,5.05885,2.95366,2.08
1075,2012-12-11,00:00:00.00,4.49479,3.23994,4.17
1076,2012-12-12,00:00:00.00,0.106148,3.20548,4.43
1077,2012-12-13,00:00:00.00,5.52629e-308,2.70129,2.89
1078,2012-12-14,00:00:00.00,3.75153e-308,2.34007,2.22
1079,2012-12-15,00:00:00.00,0.000296105,2.10896,2
1080,2012-12-16,00:00:00.00,0.346158,1.96672,1.75
1081,2012-12-17,00:00:00.00,10.0362,3.48249,4.06
1082,2012-12-18,00:00:00.00,0.0737305,4.27609,5.99
1083,2012-12-19,00:00:00.00,1.02595,3.27241,4.42
1084,2012-12-20,00:00:00.00,0.183507,2.83874,3.63
1085,2012-12-21,00:00:00.00,21.7217,8.40384,4.22
1086,2012-12-22,00:00:00.00,3.86768,11.661,33.2
1087,2012-12-23,00:00:00.00,0.159804,7.6198,15.2
1088,2012-12-24,00:00:00.00,0.0111373,5.36508,5.37
1089,2012-12-25,00:00:00.00,0.428612,4.15602,3.85
1090,2012-12-26,00:00:00.00,0.00406579,3.40909,2.91
1091,2012-12-27,00:00:00.00,15.677,3.00406,2.37
1092,2012-12-28,00:00:00.00,3.52506,2.7179,2.11
1093,2012-12-29,00:00:00.00,0.710042,2.40597,1.88
1094,2012-12-30,00:00:00.00,4.39043,2.16803,1.68
1095,2012-12-31,00:00:00.00,0.378185,1.98029,1.54
1096,2013-01-01,00:00:00.00,0.0269983,1.82873,1.48
1097,2013-01-02,00:00:00.00,0.0500009,1.70335,1.45
1098,2013-01-03,00:00:00.00,0.0519014,1.59873,1.34
1099,2013-01-04,00:00:00.00,0.169211,1.50956,1.28
1100,2013-01-05,00:00:00.00,0.0116684,1.43276,1.22
1101,2013-01-06,00:00:00.00,0.161847,1.36518,1.19
1102,2013-01-07,00:00:00.00,0.911853,1.30614,1.21
1103,2013-01-08,00:00:00.00,0.00398676,1.25349,1.19
1104,2013-01-09,00:00:00.00,0,1.20611,1.16
1105,2013-01-10,00:00:00.00,0.137914,1.16252,1.3
1106,2013-01-11,00:00:00.00,0,1.1227,2.86
1107,2013-01-12,00:00:00.00,10.1786,2.50987,9.27
1108,2013-01-13,00:00:00.00,0.127378,10.7547,20.8
1109,2013-01-14,00:00:00.00,40.8646,45.1793,68.6
1110,2013-01-15,00:00:00.00,0.338366,44.5096,39
1111,2013-01-16,00:00:00.00,0.00420099,12.6267,9.46
1112,2013-01-17,00:00:00.00,0.0503622,7.71757,5.32
1113,2013-01-18,00:00:00.00,0.147519,5.63479,4.16
1114,2013-01-19,00:00:00.00,0.182058,4.49321,3.1
1115,2013-01-20,00:00:00.00,0.108195,3.77701,2.66
1116,2013-01-21,00:00:00.00,0.441038,3.28733,2.46
1117,2013-01-22,00:00:00.00,0.11874,2.93382,1.66
1118,2013-01-23,00:00:00.00,0.0495303,2.66864,1.41
1119,2013-01-24,00:00:00.00,0.409975,2.46326,1.26
1120,2013-01-25,00:00:00.00,0.396393,2.2991,1.19
1121,2013-01-26,00:00:00.00,5.72148,2.16427,1.13
1122,2013-01-27,00:00:00.00,0.488964,2.05061,1.07
1123,2013-01-28,00:00:00.00,0.0720352,1.95258,1.01
1124,2013-01-29,00:00:00.00,16.3189,4.82001,1.13
1125,2013-01-30,00:00:00.00,31.3037,34.1447,29.3
1126,2013-01-31,00:00:00.00,7.24564,43.8915,65.9
1127,2013-02-01,00:00:00.00,1.26409,19.6029,26
1128,2013-02-02,00:00:00.00,1.87115,9.90717,5.96
1129,2013-02-03,00:00:00.00,1.83099,6.79549,3.74
1130,2013-02-04,00:00:00.00,0.364139,5.2677,2.59
1131,2013-02-05,00:00:00.00,0.314569,4.36816,2
1132,2013-02-06,00:00:00.00,0.890852,3.77827,1.6
1133,2013-02-07,00:00:00.00,0.279634,3.36201,1.41
1134,2013-02-08,00:00:00.00,1.06217,3.05106,1.28
1135,2013-02-09,00:00:00.00,25.7804,3.56209,1.21
1136,2013-02-10,00:00:00.00,0.120853,3.91734,1.18
1137,2013-02-11,00:00:00.00,0.466943,3.4195,1.2
1138,2013-02-12,00:00:00.00,6.56007,4.08532,2.35
1139,2013-02-13,00:00:00.00,0.0887251,4.51064,4.65
1140,2013-02-14,00:00:00.00,0.00571412,3.77872,4.04
1141,2013-02-15,00:00:00.00,3.37977,3.37193,3.75
1142,2013-02-16,00:00:00.00,0.192907,3.07875,2.58
1143,2013-02-17,00:00:00.00,0.309942,2.78038,2
1144,2013-02-18,00:00:00.00,0.261719,2.54908,1.58
1145,2013-02-19,00:00:00.00,0.159423,2.36427,1.41
1146,2013-02-20,00:00:00.00,21.2233,4.02616,19.2
1147,2013-02-21,00:00:00.00,1.07341,4.95836,8.2
1148,2013-02-22,00:00:00.00,0.508645,3.82082,3.59
1149,2013-02-23,00:00:00.00,5.85022,3.27716,2.44
1150,2013-02-24,00:00:00.00,0.355324,2.88765,1.92
1151,2013-02-25,00:00:00.00,0.553929,2.59503,1.57
1152,2013-02-26,00:00:00.00,0.00521115,2.36613,1.41
1153,2013-02-27,00:00:00.00,7.24284,2.48402,1.64
1154,2013-02-28,00:00:00.00,7.81376,3.10481,5.45
1155,2013-03-01,00:00:00.00,1.59692,3.26838,6.83
1156,2013-03-02,00:00:00.00,0.0173968,2.85493,7.42
1157,2013-03-03,00:00:00.00,0.022201,2.54779,4.36
1158,2013-03-04,00:00:00.00,0.0400549,2.31081,2.68
1159,2013-03-05,00:00:00.00,0.0671711,2.12216,2.06
1160,2013-03-06,00:00:00.00,8.295e-308,1.96731,1.86
1161,2013-03-07,00:00:00.00,0.0212439,1.83722,2.15
1162,2013-03-08,00:00:00.00,0.339431,1.72521,4.8
1163,2013-03-09,00:00:00.00,0.00310473,1.62772,15.4
1164,2013-03-10,00:00:00.00,0.00218879,1.54088,21.9
1165,2013-03-11,00:00:00.00,0.0141034,31.5972,26.5
1166,2013-03-12,00:00:00.00,26.169,69.2912,66
1167,2013-03-13,00:00:00.00,1.75444,48.3197,62.2
1168,2013-03-14,00:00:00.00,2.66992,15.0522,13.6
1169,2013-03-15,00:00:00.00,0.905225,8.72072,6.14
1170,2013-03-16,00:00:00.00,0.692928,6.26865,4.82
1171,2013-03-17,00:00:00.00,2.32597,4.97212,4.16
1172,2013-03-18,00:00:00.00,0.341778,4.17252,3.49
1173,2013-03-19,00:00:00.00,5.17856,3.65276,3.46
1174,2013-03-20,00:00:00.00,1.73686,3.2817,3.82
1175,2013-03-21,00:00:00.00,0.41431,2.98154,3.32
1176,2013-03-22,00:00:00.00,1.6207,2.74395,2.87
1177,2013-03-23,00:00:00.00,0.2652,2.54996,2.55
1178,2013-03-24,00:00:00.00,0.00312022,2.38566,2.35
1179,2013-03-25,00:00:00.00,0.00115213,2.24332,3.22
1180,2013-03-26,00:00:00.00,1.02202,2.11901,2.91
1181,2013-03-27,00:00:00.00,8.34329e-308,4.07501,3.35
1182,2013-03-28,00:00:00.00,0.079184,5.63698,4.27
1183,2013-03-29,00:00:00.00,0.31898,4.74074,4.49
1184,2013-03-30,00:00:00.00,0.0153535,3.95425,4.59
1185,2013-03-31,00:00:00.00,3.4774e-308,3.36791,4.19
1186,2013-04-01,00:00:00.00,1.0501,2.95262,3.69
1187,2013-04-02,00:00:00.00,1.91738,2.64573,3.45
1188,2013-04-03,00:00:00.00,0.215699,2.40674,2.83
1189,2013-04-04,00:00:00.00,0.311645,2.21307,2.3
1190,2013-04-05,00:00:00.00,0.00752802,2.05085,2.01
1191,2013-04-06,00:00:00.00,0.00396144,1.91346,1.95
1192,2013-04-07,00:00:00.00,0.0276869,1.79612,1.74
1193,2013-04-08,00:00:00.00,0.274451,1.69282,1.71
1194,2013-04-09,00:00:00.00,6.8228,2.36502,1.65
1195,2013-04-10,00:00:00.00,30.6126,14.0225,1.95
1196,2013-04-11,00:00:00.00,19.5259,28.6925,52.1
1197,2013-04-12,00:00:00.00,16.0571,29.2774,45.8
1198,2013-04-13,00:00:00.00,16.5064,29.7538,51.6
1199,2013-04-14,00:00:00.00,0.777209,23.2527,23.9
1200,2013-04-15,00:00:00.00,0.0108863,10.6311,8.98
1201,2013-04-16,00:00:00.00,0.0454178,7.05386,5.25
1202,2013-04-17,00:00:00.00,4.91432,6.14304,4.43
1203,2013-04-18,00:00:00.00,5.32399,6.68072,3.88
1204,2013-04-19,00:00:00.00,2.11317,6.19447,3.84
1205,2013-04-20,00:00:00.00,5.33467,5.70076,3.76
1206,2013-04-21,00:00:00.00,0.432589,5.41388,3.22
1207,2013-04-22,00:00:00.00,0.0171315,4.38501,2.47
1208,2013-04-23,00:00:00.00,1.54723e-308,3.7098,2.18
1209,2013-04-24,00:00:00.00,0.286786,3.22672,1.98
1210,2013-04-25,00:00:00.00,16.0259,7.32854,2.63
1211,2013-04-26,00:00:00.00,3.06939,9.65849,3.68
1212,2013-04-27,00:00:00.00,0.000713532,6.62393,3.11
1213,2013-04-28,00:00:00.00,0.000542306,4.98436,2.58
1214,2013-04-29,00:00:00.00,10.2466,6.00035,2.55
1215,2013-04-30,00:00:00.00,1.80317,6.54588,4.56
1216,2013-05-01,00:00:00.00,0.0999029,4.89087,3.61
1217,2013-05-02,00:00:00.00,0.000743441,3.92457,2.74
1218,2013-05-03,00:00:00.00,0,3.2767,2.19
1219,2013-05-04,00:00:00.00,0,2.80962,1.84
1220,2013-05-05,00:00:00.00,0,2.45483,1.58
1221,2013-05-06,00:00:00.00,0.000144632,2.17484,1.39
1222,2013-05-07,00:00:00.00,1.93417e-308,1.94687,1.25
1223,2013-05-08,00:00:00.00,0.000210139,1.75682,1.15
1224,2013-05-09,00:00:00.00,2.40689,1.59822,1.06
1225,2013-05-10,00:00:00.00,0.321094,1.46443,1.01
1226,2013-05-11,00:00:00.00,3.81845,1.38481,0.975
1227,2013-05-12,00:00:00.00,2.03596,1.31861,0.941
1228,2013-05-13,00:00:00.00,1.68025,1.22763,0.9
1229,2013-05-14,00:00:00.00,0.0370686,1.14834,0.856
1230,2013-05-15,00:00:00.00,0.517064,1.07692,0.819
1231,2013-05-16,00:00:00.00,0.123734,1.01157,0.85
1232,2013-05-17,00:00:00.00,0.00558427,0.950545,0.772
1233,2013-05-18,00:00:00.00,0.000445531,0.893915,0.683
1234,2013-05-19,00:00:00.00,0.0570438,0.841263,0.647
1235,2013-05-20,00:00:00.00,0.0149678,0.792194,0.629
1236,2013-05-21,00:00:00.00,0.841108,0.746409,0.61
1237,2013-05-22,00:00:00.00,0.0386129,0.703885,0.575
1238,2013-05-23,00:00:00.00,0.547221,0.664124,0.55
1239,2013-05-24,00:00:00.00,3.5372,0.631797,0.539
1240,2013-05-25,00:00:00.00,0.687887,0.602535,0.548
1241,2013-05-26,00:00:00.00,6.94653e-308,0.571769,0.497
1242,2013-05-27,00:00:00.00,0,0.543009,0.479
1243,2013-05-28,00:00:00.00,0.445445,0.516255,0.458
1244,2013-05-29,00:00:00.00,46.0425,5.67429,2.69
1245,2013-05-30,00:00:00.00,17.9705,11.0639,17.3
1246,2013-05-31,00:00:00.00,0.0332447,9.02959,4.56
1247,2013-06-01,00:00:00.00,11.4737,7.16721,2.66
1248,2013-06-02,00:00:00.00,5.83704,6.69643,3.5
1249,2013-06-03,00:00:00.00,4.57006,5.19994,3.07
1250,2013-06-04,00:00:00.00,0.00262233,4.04653,2.34
1251,2013-06-05,00:00:00.00,0.00061126,3.19727,1.67
1252,2013-06-06,00:00:00.00,0.0249079,2.62836,1.34
1253,2013-06-07,00:00:00.00,1.79325,2.22334,1.15
1254,2013-06-08,00:00:00.00,0.114866,1.921,1.09
1255,2013-06-09,00:00:00.00,0.0414714,1.685,0.967
1256,2013-06-10,00:00:00.00,0.00169197,1.49514,0.858
1257,2013-06-11,00:00:00.00,27.105,4.80819,1.13
1258,2013-06-12,00:00:00.00,2.78649,6.4258,2.09
1259,2013-06-13,00:00:00.00,2.68948,4.09588,1.75
1260,2013-06-14,00:00:00.00,25.8615,8.22973,12.7
1261,2013-06-15,00:00:00.00,0.0132745,10.0152,8.11
1262,2013-06-16,00:00:00.00,0.00937736,6.03527,3.9
1263,2013-06-17,00:00:00.00,5.06198,4.5171,2.6
1264,2013-06-18,00:00:00.00,2.45283,3.65402,3.64
1265,2013-06-19,00:00:00.00,0.204963,2.94531,2.16
1266,2013-06-20,00:00:00.00,0.000407516,2.45456,1.56
1267,2013-06-21,00:00:00.00,0.00439742,2.09451,1.25
1268,2013-06-22,00:00:00.00,4.4369e-308,1.81837,1.05
1269,2013-06-23,00:00:00.00,0.245686,1.59964,0.915
1270,2013-06-24,00:00:00.00,0.00244647,1.42183,0.821
1271,2013-06-25,00:00:00.00,0.000695046,1.27442,0.721
1272,2013-06-26,00:00:00.00,1.32028,1.15073,0.652
1273,2013-06-27,00:00:00.00,2.19458,1.04651,0.628
1274,2013-06-28,00:00:00.00,11.334,1.37703,0.949
1275,2013-06-29,00:00:00.00,20.6878,3.4003,4.81
1276,2013-06-30,00:00:00.00,0.513869,4.11043,9.8
1277,2013-07-01,00:00:00.00,0.0126633,2.87187,4.16
1278,2013-07-02,00:00:00.00,0.0505025,2.35958,2.56
1279,2013-07-03,00:00:00.00,0.368091,1.99031,1.83
1280,2013-07-04,00:00:00.00,2.49962,1.71322,1.48
1281,2013-07-05,00:00:00.00,9.62147,1.81158,1.52
1282,2013-07-06,00:00:00.00,9.37932,2.25271,1.58
1283,2013-07-07,00:00:00.00,12.5644,3.05768,1.57
1284,2013-07-08,00:00:00.00,2.31225,3.24917,3.5
1285,2013-07-09,00:00:00.00,0.305345,2.60667,2.78
1286,2013-07-10,00:00:00.00,6.65027,2.3573,2.15
1287,2013-07-11,00:00:00.00,11.5567,2.84536,2.51
1288,2013-07-12,00:00:00.00,0.0037707,3.00291,3.74
1289,2013-07-13,00:00:00.00,0.00367861,2.44907,2.02
1290,2013-07-14,00:00:00.00,0,2.06026,1.37
1291,2013-07-15,00:00:00.00,0.0170261,1.76828,1.09
1292,2013-07-16,00:00:00.00,0.00456769,1.54101,0.946
1293,2013-07-17,00:00:00.00,0.0794631,1.3594,0.819
1294,2013-07-18,00:00:00.00,0.740865,1.2112,0.744
1295,2013-07-19,00:00:00.00,0.0114394,1.0883,0.649
1296,2013-07-20,00:00:00.00,16.7652,1.738,0.611
1297,2013-07-21,00:00:00.00,14.0156,2.79038,1.42
1298,2013-07-22,00:00:00.00,0.00144379,2.77153,1.93
1299,2013-07-23,00:00:00.00,0.0626522,2.21095,1.08
1300,2013-07-24,00:00:00.00,1.21161,1.86994,0.826
1301,2013-07-25,00:00:00.00,0.0767132,1.61229,0.71
1302,2013-07-26,00:00:00.00,0.00360356,1.41081,0.586
1303,2013-07-27,00:00:00.00,0.140292,1.2493,0.532
1304,2013-07-28,00:00:00.00,14.8558,1.78948,0.537
1305,2013-07-29,00:00:00.00,2.85082,2.06232,0.809
1306,2013-07-30,00:00:00.00,0.0554966,1.60894,0.946
1307,2013-07-31,00:00:00.00,0.0114356,1.4083,0.65
1308,2013-08-01,00:00:00.00,4.41935,1.26743,0.551
1309,2013-08-02,00:00:00.00,19.6861,2.41849,1.53
1310,2013-08-03,00:00:00.00,3.49363,2.97446,1.92
1311,2013-08-04,00:00:00.00,0.510102,2.14163,1.07
1312,2013-08-05,00:00:00.00,0.0350567,1.82151,0.804
1313,2013-08-06,00:00:00.00,1.32998e-308,1.57725,0.661
1314,2013-08-07,00:00:00.00,0.523004,1.38504,0.575
1315,2013-08-08,00:00:00.00,8.38505,1.42007,0.529
1316,2013-08-09,00:00:00.00,2.03912,1.44909,0.484
1317,2013-08-10,00:00:00.00,2.0151e-308,1.2832,0.498
1318,2013-08-11,00:00:00.00,0.00927942,1.14739,0.442
1319,2013-08-12,00:00:00.00,0.000134383,1.03447,0.395
1320,2013-08-13,00:00:00.00,4.20611,0.959535,0.382
1321,2013-08-14,00:00:00.00,1.08305,0.896452,0.383
1322,2013-08-15,00:00:00.00,0.218965,0.822192,0.327
1323,2013-08-16,00:00:00.00,0.000664203,0.75777,0.286
1324,2013-08-17,00:00:00.00,5.64497e-308,0.701172,0.267
1325,2013-08-18,00:00:00.00,0.000955832,0.651214,0.262
1326,2013-08-19,00:00:00.00,0.000567598,0.606677,0.249
1327,2013-08-20,00:00:00.00,0.00121035,0.566923,0.332
1328,2013-08-21,00:00:00.00,0.00846774,0.531113,0.258
1329,2013-08-22,00:00:00.00,0.253224,0.498875,0.264
1330,2013-08-23,00:00:00.00,1.01102,0.469621,0.261
1331,2013-08-24,00:00:00.00,0.0313954,0.443135,0.265
1332,2013-08-25,00:00:00.00,0.00503158,0.418884,0.243
1333,2013-08-26,00:00:00.00,0.000588615,0.396765,0.213
1334,2013-08-27,00:00:00.00,3.25271,0.376448,0.204
1335,2013-08-28,00:00:00.00,0.6942,0.357902,0.295
1336,2013-08-29,00:00:00.00,15.4463,0.643731,0.321
1337,2013-08-30,00:00:00.00,0.0576252,0.732463,0.321
1338,2013-08-31,00:00:00.00,0.354494,0.50923,0.255
1339,2013-09-01,00:00:00.00,0.892568,0.478512,0.227
1340,2013-09-02,00:00:00.00,0.430001,0.450677,0.239
1341,2013-09-03,00:00:00.00,0.00599751,0.425478,0.292
1342,2013-09-04,00:00:00.00,2.38392,0.402488,0.223
1343,2013-09-05,00:00:00.00,0.115837,0.381598,0.216
1344,2013-09-06,00:00:00.00,0,0.362349,0.204
1345,2013-09-07,00:00:00.00,0.22895,0.344722,0.235
1346,2013-09-08,00:00:00.00,0.838153,0.328394,0.242
1347,2013-09-09,00:00:00.00,0.000288843,0.313373,0.242
1348,2013-09-10,00:00:00.00,0.665752,0.299369,0.237
1349,2013-09-11,00:00:00.00,0.391373,0.286433,0.241
1350,2013-09-12,00:00:00.00,1.73994,0.274313,0.253
1351,2013-09-13,00:00:00.00,18.056,0.587276,0.366
1352,2013-09-14,00:00:00.00,0.0131366,0.670593,0.342
1353,2013-09-15,00:00:00.00,0.00785471,0.422358,0.208
1354,2013-09-16,00:00:00.00,1.22319,0.399644,0.179
1355,2013-09-17,00:00:00.00,0.0943766,0.378995,0.182
1356,2013-09-18,00:00:00.00,0.179468,0.359988,0.236
1357,2013-09-19,00:00:00.00,0.000865919,0.342584,0.232
1358,2013-09-20,00:00:00.00,0.00215719,0.326438,0.195
1359,2013-09-21,00:00:00.00,16.9222,0.65257,0.236
1360,2013-09-22,00:00:00.00,54.2934,5.10546,2.9
1361,2013-09-23,00:00:00.00,0.307457,6.84088,3.38
1362,2013-09-24,00:00:00.00,0.00570368,3.90913,1.27
1363,2013-09-25,00:00:00.00,0.00940833,3.03029,0.753
1364,2013-09-26,00:00:00.00,0,2.45398,0.582
1365,2013-09-27,00:00:00.00,0.00652615,2.04916,0.446
1366,2013-09-28,00:00:00.00,0.00284173,1.75038,0.425
1367,2013-09-29,00:00:00.00,0.00494187,1.52158,0.381
1368,2013-09-30,00:00:00.00,0.606208,1.34129,0.36
1369,2013-10-01,00:00:00.00,0.765131,1.19613,0.36
1370,2013-10-02,00:00:00.00,0.00462095,1.07676,0.35
1371,2013-10-03,00:00:00.00,0.00360993,0.976834,0.343
1372,2013-10-04,00:00:00.00,1.89561,0.892364,0.288
1373,2013-10-05,00:00:00.00,10.4396,1.22167,0.397
1374,2013-10-06,00:00:00.00,4.29937,1.46302,0.745
1375,2013-10-07,00:00:00.00,21.8145,3.22201,0.954
1376,2013-10-08,00:00:00.00,20.8543,7.37869,17
1377,2013-10-09,00:00:00.00,0.0547513,7.7679,5.15
1378,2013-10-10,00:00:00.00,0.000426358,5.06892,2.84
1379,2013-10-11,00:00:00.00,5.39858e-308,3.77599,1.9
1380,2013-10-12,00:00:00.00,1.0786e-308,2.9864,1.37
1381,2013-10-13,00:00:00.00,0.0192463,2.45739,1.04
1382,2013-10-14,00:00:00.00,4.88782,2.32282,1.01
1383,2013-10-15,00:00:00.00,1.45751e-308,2.22676,1.11
1384,2013-10-16,00:00:00.00,0.216813,1.91188,0.977
1385,2013-10-17,00:00:00.00,7.71993,2.15488,1.47
1386,2013-10-18,00:00:00.00,7.72459,2.93429,2.11
1387,2013-10-19,00:00:00.00,0.188459,3.02441,2.54
1388,2013-10-20,00:00:00.00,8.37033,3.29413,1.98
1389,2013-10-21,00:00:00.00,0.122371,3.47545,2.88
1390,2013-10-22,00:00:00.00,8.1315,3.63631,2.12
1391,2013-10-23,00:00:00.00,0.113603,3.74951,2.93
1392,2013-10-24,00:00:00.00,0.388943,3.00258,2.45
1393,2013-10-25,00:00:00.00,2.30308,2.60106,1.71
1394,2013-10-26,00:00:00.00,3.18298,2.52723,2.78
1395,2013-10-27,00:00:00.00,7.57536,3.17236,2.5
1396,2013-10-28,00:00:00.00,0.194678,3.40063,2.94
1397,2013-10-29,00:00:00.00,1.50867e-308,2.76892,2.21
1398,2013-10-30,00:00:00.00,0.179446,2.34677,1.69
1399,2013-10-31,00:00:00.00,0.0557593,2.03623,1.44
1400,2013-11-01,00:00:00.00,47.053,18.7191,15.5
1401,2013-11-02,00:00:00.00,3.62961,24.8608,50.7
1402,2013-11-03,00:00:00.00,5.08666,12.5076,13.8
1403,2013-11-04,00:00:00.00,0.0133321,8.8887,6.18
1404,2013-11-05,00:00:00.00,0.00231352,5.96547,4.47
1405,2013-11-06,00:00:00.00,0.000837051,4.4993,3.31
1406,2013-11-07,00:00:00.00,15.7791,7.94145,3.13
1407,2013-11-08,00:00:00.00,1.52997,9.68983,15.7
1408,2013-11-09,00:00:00.00,0.219919,6.40784,5.71
1409,2013-11-10,00:00:00.00,0.221979,4.78279,4.07
1410,2013-11-11,00:00:00.00,0.0171447,3.83613,3.09
1411,2013-11-12,00:00:00.00,4.7198,3.74688,2.52
1412,2013-11-13,00:00:00.00,0.652427,3.68965,3.05
1413,2013-11-14,00:00:00.00,0.585277,3.12237,2.72
1414,2013-11-15,00:00:00.00,5.68971e-308,2.72118,2.59
1415,2013-11-16,00:00:00.00,0,2.42237,2.23
1416,2013-11-17,00:00:00.00,0.000772155,2.19174,1.9
1417,2013-11-18,00:00:00.00,10.401,3.98578,1.85
1418,2013-11-19,00:00:00.00,0.0390418,4.95796,4.96
1419,2013-11-20,00:00:00.00,0.0198518,3.68513,3.3
1420,2013-11-21,00:00:00.00,0.0828647,3.1047,2.31
1421,2013-11-22,00:00:00.00,3.09678,3.05796,1.95
1422,2013-11-23,00:00:00.00,5.35547,3.86595,2.5
1423,2013-11-24,00:00:00.00,7.2831,4.06521,2.74
1424,2013-11-25,00:00:00.00,11.8404,3.36659,2.18
1425,2013-11-26,00:00:00.00,0.497322,2.88972,2.05
1426,2013-11-27,00:00:00.00,0.726468,2.54534,2.01
1427,2013-11-28,00:00:00.00,0.566992,2.28558,2.19
1428,2013-11-29,00:00:00.00,8.57165,2.0829,2.19
1429,2013-11-30,00:00:00.00,0.702836,1.9202,1.84
1430,2013-12-01,00:00:00.00,0.00145387,1.78656,1.88
1431,2013-12-02,00:00:00.00,0.520048,4.94493,2.06
1432,2013-12-03,00:00:00.00,0.0448878,6.56831,2.54
1433,2013-12-04,00:00:00.00,0.14131,4.44944,3.3
1434,2013-12-05,00:00:00.00,1.71258,3.78245,4.28
1435,2013-12-06,00:00:00.00,1.88748,5.8607,18.4
1436,2013-12-07,00:00:00.00,0.0620296,6.78414,5.45
1437,2013-12-08,00:00:00.00,0.0441867,4.86713,3.54
1438,2013-12-09,00:00:00.00,0.210619,3.88786,2.51
1439,2013-12-10,00:00:00.00,1.17026,3.25876,2.14
1440,2013-12-11,00:00:00.00,0.0590906,2.82379,1.64
1441,2013-12-12,00:00:00.00,0.602058,2.50578,1.39
1442,2013-12-13,00:00:00.00,0.0938066,2.26432,1.17
1443,2013-12-14,00:00:00.00,1.08279,2.07484,1.04
1444,2013-12-15,00:00:00.00,16.8421,1.92228,0.965
1445,2013-12-16,00:00:00.00,3.1706,1.7966,0.919
1446,2013-12-17,00:00:00.00,0.120046,1.6915,0.88
1447,2013-12-18,00:00:00.00,6.7454,1.60206,0.842
1448,2013-12-19,00:00:00.00,0.421257,1.52477,0.807
1449,2013-12-20,00:00:00.00,0.413933,1.45695,0.78
1450,2013-12-21,00:00:00.00,14.4244,10.6487,1.01
1451,2013-12-22,00:00:00.00,23.7701,39.1227,16.7
1452,2013-12-23,00:00:00.00,17.0436,56.4074,60.1
1453,2013-12-24,00:00:00.00,0.12699,34.9238,35.2
1454,2013-12-25,00:00:00.00,5.77625,12.2082,8.98
1455,2013-12-26,00:00:00.00,2.05463,7.73887,5.07
1456,2013-12-27,00:00:00.00,3.53416,5.78178,4.21
1457,2013-12-28,00:00:00.00,3.09157,4.69487,3.27
1458,2013-12-29,00:00:00.00,2.3967e-308,4.00834,2.87
1459,2013-12-30,00:00:00.00,0.0310288,4.17044,2.86
1460,2013-12-31,00:00:00.00,0.41844,4.27322,2.73
1461,2014-01-01,00:00:00.00,2.87269,3.70343,2.09
1462,2014-01-02,00:00:00.00,1.91071,3.3018,1.64
1463,2014-01-03,00:00:00.00,4.43903,3.00459,1.34
1464,2014-01-04,00:00:00.00,0.0463496,2.77698,1.23
1465,2014-01-05,00:00:00.00,0.111276,2.59548,1.19
1466,2014-01-06,00:00:00.00,8.29471,2.83729,1.15
1467,2014-01-07,00:00:00.00,2.97815,3.01644,1.11
1468,2014-01-08,00:00:00.00,0.0816553,2.76048,1.07
1469,2014-01-09,00:00:00.00,0.216625,2.56141,1.04
1470,2014-01-10,00:00:00.00,0.803949,2.40168,1.02
1471,2014-01-11,00:00:00.00,5.16392,2.61212,0.994
1472,2014-01-12,00:00:00.00,22.4657,38.5971,28.2
1473,2014-01-13,00:00:00.00,0.0678383,45.4023,32.7
1474,2014-01-14,00:00:00.00,0.636832,12.8845,8.82
1475,2014-01-15,00:00:00.00,0.097287,8.01356,14
1476,2014-01-16,00:00:00.00,0.840586,5.94027,6.46
1477,2014-01-17,00:00:00.00,1.84796,4.80105,4.22
1478,2014-01-18,00:00:00.00,7.70693,4.34571,3.3
1479,2014-01-19,00:00:00.00,2.56082,4.0402,2.49
1480,2014-01-20,00:00:00.00,0.249384,3.56175,1.92
1481,2014-01-21,00:00:00.00,0.13055,3.21307,1.57
1482,2014-01-22,00:00:00.00,0.00143247,2.94997,1.37
1483,2014-01-23,00:00:00.00,1.1407,2.74523,1.26
1484,2014-01-24,00:00:00.00,1.1504,2.58177,1.18
1485,2014-01-25,00:00:00.00,3.72591,2.44685,1.13
1486,2014-01-26,00:00:00.00,14.2336,2.3332,1.08
1487,2014-01-27,00:00:00.00,4.60633,2.23425,1.03
1488,2014-01-28,00:00:00.00,4.03883,2.14828,0.99
1489,2014-01-29,00:00:00.00,0.0341708,2.07228,0.982
1490,2014-01-30,00:00:00.00,0.0207975,2.00596,0.979
1491,2014-01-31,00:00:00.00,0.24141,1.94534,0.983
1492,2014-02-01,00:00:00.00,0.230931,1.88871,1.05
1493,2014-02-02,00:00:00.00,11.0867,2.14764,1.17
1494,2014-02-03,00:00:00.00,0.860825,2.35444,1.65
1495,2014-02-04,00:00:00.00,0.00480433,2.20579,1.83
1496,2014-02-05,00:00:00.00,1.12999,2.08211,1.7
1497,2014-02-06,00:00:00.00,15.6046,1.97612,1.57
1498,2014-02-07,00:00:00.00,1.21971,1.88532,1.44
1499,2014-02-08,00:00:00.00,0.492747,1.80632,1.32
1500,2014-02-09,00:00:00.00,2.58809,1.73802,1.19
1501,2014-02-10,00:00:00.00,5.01933,1.67683,1.09
1502,2014-02-11,00:00:00.00,0.26608,1.62199,1.03
1503,2014-02-12,00:00:00.00,0.0238521,1.57167,0.98
1504,2014-02-13,00:00:00.00,0.00300136,1.52616,0.929
1505,2014-02-14,00:00:00.00,0.000756882,1.48312,0.88
1506,2014-02-15,00:00:00.00,2.0742,1.44277,0.832
1507,2014-02-16,00:00:00.00,0.180913,1.40394,0.776
1508,2014-02-17,00:00:00.00,1.15768,1.36793,0.717
1509,2014-02-18,00:00:00.00,4.39351,1.33355,0.676
1510,2014-02-19,00:00:00.00,5.90748,1.30094,0.647
1511,2014-02-20,00:00:00.00,0.0686255,1.26792,0.651
1512,2014-02-21,00:00:00.00,18.5706,4.37732,0.884
1513,2014-02-22,00:00:00.00,5.11544,10.2112,1.88
1514,2014-02-23,00:00:00.00,1.4386e-308,10.3076,4.88
1515,2014-02-24,00:00:00.00,0.18297,6.59283,5.61
1516,2014-02-25,00:00:00.00,0.429078,4.89134,5
1517,2014-02-26,00:00:00.00,0.88158,3.91314,4.01
1518,2014-02-27,00:00:00.00,0.213046,3.28409,2.66
1519,2014-02-28,00:00:00.00,0.892367,2.84855,1.8
1520,2014-03-01,00:00:00.00,0.0332982,2.53183,1.38
1521,2014-03-02,00:00:00.00,2.53264,2.29001,1.22
1522,2014-03-03,00:00:00.00,3.47884,2.0998,1.1
1523,2014-03-04,00:00:00.00,0.000754325,1.94709,1.01
1524,2014-03-05,00:00:00.00,0.199715,1.82262,0.931
1525,2014-03-06,00:00:00.00,0.0903313,1.71731,0.862
1526,2014-03-07,00:00:00.00,0.00367242,1.62718,0.804
1527,2014-03-08,00:00:00.00,7.93025e-308,1.54728,0.756
1528,2014-03-09,00:00:00.00,0.0257052,1.47575,0.717
1529,2014-03-10,00:00:00.00,0.00256133,1.4107,0.68
1530,2014-03-11,00:00:00.00,0.0174987,1.35163,0.742
1531,2014-03-12,00:00:00.00,0.195557,6.24057,2.86
1532,2014-03-13,00:00:00.00,21.0923,8.62439,15.8
1533,2014-03-14,00:00:00.00,0.0134596,5.32792,12.9
1534,2014-03-15,00:00:00.00,0.0916528,4.12974,10.8
1535,2014-03-16,00:00:00.00,0.682774,3.38329,21.5
1536,2014-03-17,00:00:00.00,0.000578853,2.87829,21.4
1537,2014-03-18,00:00:00.00,0.000412533,2.51584,9.39
1538,2014-03-19,00:00:00.00,0.00761451,2.24274,6.18
1539,2014-03-20,00:00:00.00,6.72316,2.67065,20.1
1540,2014-03-21,00:00:00.00,0.637521,3.18411,39.5
1541,2014-03-22,00:00:00.00,0.0444389,2.92695,14.5
1542,2014-03-23,00:00:00.00,0.7488,2.54229,15.5
1543,2014-03-24,00:00:00.00,0.0381788,2.25419,5.99
1544,2014-03-25,00:00:00.00,0.692928,2.03147,4.03
1545,2014-03-26,00:00:00.00,1.51782,1.85287,2.82
1546,2014-03-27,00:00:00.00,0.00364661,1.70711,2.12
1547,2014-03-28,00:00:00.00,4.49894,1.58626,1.93
1548,2014-03-29,00:00:00.00,1.09485,1.48522,11.4
1549,2014-03-30,00:00:00.00,0.127472,1.3971,11.5
1550,2014-03-31,00:00:00.00,0,1.31892,7.77
1551,2014-04-01,00:00:00.00,0,8.23737,12.8
1552,2014-04-02,00:00:00.00,0.0142116,48.0242,13.6
1553,2014-04-03,00:00:00.00,0,71.1415,11.9
1554,2014-04-04,00:00:00.00,0.320062,39.2943,7.12
1555,2014-04-05,00:00:00.00,13.0927,21.2909,13.2
1556,2014-04-06,00:00:00.00,0.326703,18.6016,19.6
1557,2014-04-07,00:00:00.00,0.0020979,9.75945,6.32
1558,2014-04-08,00:00:00.00,9.70907,10.2718,5.87
1559,2014-04-09,00:00:00.00,5.37319,12.2009,25.1
1560,2014-04-10,00:00:00.00,0.0666154,9.61268,9.46
1561,2014-04-11,00:00:00.00,2.82684,6.99088,5.28
1562,2014-04-12,00:00:00.00,0.00333596,5.68967,4.87
1563,2014-04-13,00:00:00.00,3.18937,4.84704,4.25
1564,2014-04-14,00:00:00.00,2.05246,4.31905,4.39
1565,2014-04-15,00:00:00.00,6.33778,4.73108,5.02
1566,2014-04-16,00:00:00.00,9.49024,4.99034,14.7
1567,2014-04-17,00:00:00.00,0.00660071,4.16816,7.37
1568,2014-04-18,00:00:00.00,0,3.60516,4.91
1569,2014-04-19,00:00:00.00,0.015944,3.40571,3.97
1570,2014-04-20,00:00:00.00,7.29564e-308,3.25847,3.14
1571,2014-04-21,00:00:00.00,8.0419e-308,2.92817,2.61
1572,2014-04-22,00:00:00.00,0.00536297,2.66319,2.27
1573,2014-04-23,00:00:00.00,6.37233,3.26905,2.13
1574,2014-04-24,00:00:00.00,0.00897938,3.65724,2
1575,2014-04-25,00:00:00.00,0.00431168,3.11089,1.74
1576,2014-04-26,00:00:00.00,6.53014,3.55934,1.75
1577,2014-04-27,00:00:00.00,0.153567,3.85754,2.06
1578,2014-04-28,00:00:00.00,0.000496499,3.25297,1.79
1579,2014-04-29,00:00:00.00,0.00376201,2.8204,1.62
1580,2014-04-30,00:00:00.00,21.863,8.45347,9.19
1581,2014-05-01,00:00:00.00,13.1366,15.3505,16.1
1582,2014-05-02,00:00:00.00,1.27791,12.7216,9.2
1583,2014-05-03,00:00:00.00,1.50438,7.60278,4.98
1584,2014-05-04,00:00:00.00,6.52433,6.55577,4.25
1585,2014-05-05,00:00:00.00,0.167373,6.02718,4.79
1586,2014-05-06,00:00:00.00,0.014467,4.60424,3.61
1587,2014-05-07,00:00:00.00,0.000376824,3.73337,2.84
1588,2014-05-08,00:00:00.00,1.35302,3.14729,2.31
1589,2014-05-09,00:00:00.00,0.944008,2.72536,2.01
1590,2014-05-10,00:00:00.00,0.507156,2.40267,1.79
1591,2014-05-11,00:00:00.00,0.552017,2.14498,1.62
1592,2014-05-12,00:00:00.00,0.0358931,1.93368,1.4
1593,2014-05-13,00:00:00.00,3.94572,1.79079,1.3
1594,2014-05-14,00:00:00.00,9.61907,2.4554,1.38
1595,2014-05-15,00:00:00.00,17.0909,5.93856,1.74
1596,2014-05-16,00:00:00.00,13.9381,10.3448,10.2
1597,2014-05-17,00:00:00.00,0.0468444,9.63934,9.17
1598,2014-05-18,00:00:00.00,0.691923,6.25056,4.38
1599,2014-05-19,00:00:00.00,0.332067,4.61383,3.17
1600,2014-05-20,00:00:00.00,0.107047,3.6494,2.47
1601,2014-05-21,00:00:00.00,2.55633,3.01747,2.05
1602,2014-05-22,00:00:00.00,21.5723,7.23552,10.2
1603,2014-05-23,00:00:00.00,0.0473783,9.19271,5.52
1604,2014-05-24,00:00:00.00,0.0145776,5.74651,3.58
1605,2014-05-25,00:00:00.00,8.5379e-308,4.29363,2.61
1606,2014-05-26,00:00:00.00,0,3.41154,2.03
1607,2014-05-27,00:00:00.00,0.00094863,2.81732,1.7
1608,2014-05-28,00:00:00.00,2.46453,2.39315,1.5
1609,2014-05-29,00:00:00.00,1.64077,2.0775,1.42
1610,2014-05-30,00:00:00.00,0.000435434,1.83181,1.19
1611,2014-05-31,00:00:00.00,0.000373652,1.63212,1.07
1612,2014-06-01,00:00:00.00,0.000850111,1.46693,0.972
1613,2014-06-02,00:00:00.00,0,1.32716,0.885
1614,2014-06-03,00:00:00.00,21.9201,3.60326,0.871
1615,2014-06-04,00:00:00.00,9.20039,5.50813,3.37
1616,2014-06-05,00:00:00.00,0,4.4446,2.33
1617,2014-06-06,00:00:00.00,0.000328068,3.42959,1.57
1618,2014-06-07,00:00:00.00,0.00261446,2.77349,1.24
1619,2014-06-08,00:00:00.00,0.00142999,2.31437,1.05
1620,2014-06-09,00:00:00.00,1.56102,1.97728,0.963
1621,2014-06-10,00:00:00.00,0.00243506,1.71925,0.917
1622,2014-06-11,00:00:00.00,0.00611987,1.51489,0.807
1623,2014-06-12,00:00:00.00,3.3422,1.34984,0.746
1624,2014-06-13,00:00:00.00,13.2126,1.98845,1.36
1625,2014-06-14,00:00:00.00,0.839254,2.31757,0.988
1626,2014-06-15,00:00:00.00,0.00736653,1.80568,0.782
1627,2014-06-16,00:00:00.00,0.000168317,1.57671,0.689
1628,2014-06-17,00:00:00.00,0.44836,1.39421,0.644
1629,2014-06-18,00:00:00.00,0.0425298,1.24446,0.6
1630,2014-06-19,00:00:00.00,5.95413,1.18284,0.593
1631,2014-06-20,00:00:00.00,2.29236,1.13185,0.665
1632,2014-06-21,00:00:00.00,0,1.02706,0.547
1633,2014-06-22,00:00:00.00,0.000257556,0.936823,0.488
1634,2014-06-23,00:00:00.00,0.00518302,0.859135,0.449
1635,2014-06-24,00:00:00.00,1.74564,0.791043,0.423
1636,2014-06-25,00:00:00.00,14.3152,1.24709,0.46
1637,2014-06-26,00:00:00.00,1.65624,1.45007,0.675
1638,2014-06-27,00:00:00.00,1.35455,1.10737,0.498
1639,2014-06-28,00:00:00.00,0.0473173,1.00108,0.577
1640,2014-06-29,00:00:00.00,0.0120698,0.911019,0.481
1641,2014-06-30,00:00:00.00,8.29978,0.931879,0.405
1642,2014-07-01,00:00:00.00,0.0431661,0.950064,0.346
1643,2014-07-02,00:00:00.00,0.624384,0.866083,0.317
1644,2014-07-03,00:00:00.00,0.565983,0.794168,0.312
1645,2014-07-04,00:00:00.00,1.51724,0.731311,0.468
1646,2014-07-05,00:00:00.00,0.000706503,0.676807,0.604
1647,2014-07-06,00:00:00.00,0.00744916,0.628192,0.378
1648,2014-07-07,00:00:00.00,0.0106437,0.585412,0.296
1649,2014-07-08,00:00:00.00,27.4107,1.68007,0.453
1650,2014-07-09,00:00:00.00,24.8893,4.0111,2.28
1651,2014-07-10,00:00:00.00,0.0367741,4.26306,3.25
1652,2014-07-11,00:00:00.00,0.00735492,2.96496,1.2
1653,2014-07-12,00:00:00.00,0.00914232,2.40081,0.757
1654,2014-07-13,00:00:00.00,0.0111145,2.00239,0.571
1655,2014-07-14,00:00:00.00,2.65859,1.70724,0.508
1656,2014-07-15,00:00:00.00,1.95077,1.48195,0.46
1657,2014-07-16,00:00:00.00,3.74671,1.30507,0.5
1658,2014-07-17,00:00:00.00,0.0885951,1.1631,0.381
1659,2014-07-18,00:00:00.00,0.00234799,1.0448,0.415
1660,2014-07-19,00:00:00.00,0.244237,0.94594,0.335
1661,2014-07-20,00:00:00.00,2.91887,0.861791,0.472
1662,2014-07-21,00:00:00.00,7.1929,0.864693,0.894
1663,2014-07-22,00:00:00.00,0.0583488,0.866809,0.565
1664,2014-07-23,00:00:00.00,0,0.794367,0.413
1665,2014-07-24,00:00:00.00,29.9561,2.47389,3.25
1666,2014-07-25,00:00:00.00,0,3.23682,1.59
1667,2014-07-26,00:00:00.00,0.000403194,2.09839,0.809
1668,2014-07-27,00:00:00.00,0.0472109,1.77897,0.614
1669,2014-07-28,00:00:00.00,1.68945,1.53582,0.541
1670,2014-07-29,00:00:00.00,18.8096,2.4618,0.9
1671,2014-07-30,00:00:00.00,0.108555,2.92851,0.663
1672,2014-07-31,00:00:00.00,0.776685,2.16922,0.498
1673,2014-08-01,00:00:00.00,5.67827,1.94192,0.392
1674,2014-08-02,00:00:00.00,0.0886368,1.77331,0.364
1675,2014-08-03,00:00:00.00,6.79627,1.67036,0.396
1676,2014-08-04,00:00:00.00,0.281108,1.59179,1.71
1677,2014-08-05,00:00:00.00,1.1169,1.39366,0.837
1678,2014-08-06,00:00:00.00,11.7788,1.66183,1.28
1679,2014-08-07,00:00:00.00,0.0175162,1.8133,1.76
1680,2014-08-08,00:00:00.00,0.0441127,1.50805,0.889
1681,2014-08-09,00:00:00.00,0.0121606,1.32632,0.648
1682,2014-08-10,00:00:00.00,2.603e-308,1.17967,0.532
1683,2014-08-11,00:00:00.00,0,1.0583,0.464
1684,2014-08-12,00:00:00.00,14.3297,1.49579,0.447
1685,2014-08-13,00:00:00.00,3.51724,1.70986,1.71
1686,2014-08-14,00:00:00.00,0.0243044,1.3478,1.19
1687,2014-08-15,00:00:00.00,0.0715921,1.19707,0.78
1688,2014-08-16,00:00:00.00,0.00127469,1.07367,0.627
1689,2014-08-17,00:00:00.00,2.59419,0.970576,0.506
1690,2014-08-18,00:00:00.00,0.287926,0.884069,0.494
1691,2014-08-19,00:00:00.00,5.06875e-308,0.809434,0.445
1692,2014-08-20,00:00:00.00,4.88024,0.773837,0.381
1693,2014-08-21,00:00:00.00,4.46508,0.762767,0.529
1694,2014-08-22,00:00:00.00,0.561655,0.725276,0.61
1695,2014-08-23,00:00:00.00,0.0140907,0.671885,0.39
1696,2014-08-24,00:00:00.00,0.000319284,0.625023,0.4
1697,2014-08-25,00:00:00.00,0.00159655,0.582853,0.377
1698,2014-08-26,00:00:00.00,0.00147029,0.545518,0.323
1699,2014-08-27,00:00:00.00,0.0758469,0.511489,0.289
1700,2014-08-28,00:00:00.00,0.00938841,0.481177,0.311
1701,2014-08-29,00:00:00.00,0.000396395,0.453273,0.282
1702,2014-08-30,00:00:00.00,9.9186e-308,0.428322,0.239
1703,2014-08-31,00:00:00.00,3.44407e-308,0.405098,0.244
1704,2014-09-01,00:00:00.00,0.0367315,0.384241,0.235
1705,2014-09-02,00:00:00.00,13.6312,0.605011,0.263
1706,2014-09-03,00:00:00.00,17.8648,1.2207,1.58
1707,2014-09-04,00:00:00.00,0.0507499,1.27496,1.47
1708,2014-09-05,00:00:00.00,0.00354565,0.901705,0.679
1709,2014-09-06,00:00:00.00,6.32059,0.88363,4.92
1710,2014-09-07,00:00:00.00,50.9024,6.3626,51.6
1711,2014-09-08,00:00:00.00,0.00983492,8.82408,6.2
1712,2014-09-09,00:00:00.00,0.000269669,4.9962,3.16
1713,2014-09-10,00:00:00.00,0.00452226,3.69327,1.94
1714,2014-09-11,00:00:00.00,39.4476,10.8484,2.9
1715,2014-09-12,00:00:00.00,4.15339,14.0545,31
1716,2014-09-13,00:00:00.00,0.302464,7.86057,6.3
1717,2014-09-14,00:00:00.00,7.35035,6.22207,4.11
1718,2014-09-15,00:00:00.00,0.0106745,5.43993,3.36
1719,2014-09-16,00:00:00.00,1.67498,4.03778,2.35
1720,2014-09-17,00:00:00.00,1.05698,3.19764,1.94
1721,2014-09-18,00:00:00.00,1.946e-308,2.63853,1.56
1722,2014-09-19,00:00:00.00,0.000171665,2.23998,1.31
1723,2014-09-20,00:00:00.00,0.000345739,1.94133,1.07
1724,2014-09-21,00:00:00.00,0.581991,1.71035,1.02
1725,2014-09-22,00:00:00.00,7.56998,1.96965,1.09
1726,2014-09-23,00:00:00.00,0.252746,2.13675,1.09
1727,2014-09-24,00:00:00.00,2.6903e-308,1.82392,0.864
1728,2014-09-25,00:00:00.00,5.0345e-308,1.61398,0.765
1729,2014-09-26,00:00:00.00,0,1.44403,0.707
1730,2014-09-27,00:00:00.00,5.5115e-308,1.30437,0.662
1731,2014-09-28,00:00:00.00,0,1.18661,0.617
1732,2014-09-29,00:00:00.00,0,1.08679,0.568
1733,2014-09-30,00:00:00.00,0.00277588,1.00024,0.546
1734,2014-10-01,00:00:00.00,16.3446,2.2988,0.95
1735,2014-10-02,00:00:00.00,0.0446208,2.92142,1.57
1736,2014-10-03,00:00:00.00,0.0187982,2.04657,1.14
1737,2014-10-04,00:00:00.00,20.348,4.38059,1.56
1738,2014-10-05,00:00:00.00,6.63372,6.38705,9.13
1739,2014-10-06,00:00:00.00,1.87917,5.14702,4.33
1740,2014-10-07,00:00:00.00,22.2792,8.90639,3.18
1741,2014-10-08,00:00:00.00,8.10596,12.2602,11.9
1742,2014-10-09,00:00:00.00,0.0892815,8.96679,6.49
1743,2014-10-10,00:00:00.00,0.0110784,5.85824,4.1
1744,2014-10-11,00:00:00.00,9.32216e-308,4.32668,2.81
1745,2014-10-12,00:00:00.00,1.70713e-308,3.421,2.1
1746,2014-10-13,00:00:00.00,2.7201e-308,2.82631,1.73
1747,2014-10-14,00:00:00.00,7.08929,3.07043,1.74
1748,2014-10-15,00:00:00.00,6.50607,3.9319,2
1749,2014-10-16,00:00:00.00,10.0019,5.46918,12.1
1750,2014-10-17,00:00:00.00,2.23578,5.83538,5.83
1751,2014-10-18,00:00:00.00,1.03777,4.46739,4.92
1752,2014-10-19,00:00:00.00,3.65044,3.91629,3.83
1753,2014-10-20,00:00:00.00,0.262054,3.5714,3.1
1754,2014-10-21,00:00:00.00,1.09149,2.96554,2.54
1755,2014-10-22,00:00:00.00,2.08923,2.63609,2.24
1756,2014-10-23,00:00:00.00,4.62092e-308,2.39647,1.99
1757,2014-10-24,00:00:00.00,1.87355e-308,2.11912,1.85
1758,2014-10-25,00:00:00.00,0.00267047,1.90211,1.73
1759,2014-10-26,00:00:00.00,0.0196756,1.72645,1.62
1760,2014-10-27,00:00:00.00,0.000684724,1.5819,1.5
1761,2014-10-28,00:00:00.00,0.000188806,1.45986,1.36
1762,2014-10-29,00:00:00.00,1.6668,1.36635,1.27
1763,2014-10-30,00:00:00.00,0.0488369,1.28629,1.16
1764,2014-10-31,00:00:00.00,0.17305,1.20788,1.08
1765,2014-11-01,00:00:00.00,6.46003,1.71423,1.07
1766,2014-11-02,00:00:00.00,0.333047,1.99282,1.07
1767,2014-11-03,00:00:00.00,0.0189589,1.6485,0.969
1768,2014-11-04,00:00:00.00,0.0156275,1.50685,0.937
1769,2014-11-05,00:00:00.00,6.71431,1.99685,0.996
1770,2014-11-06,00:00:00.00,0.088042,2.27939,1.25
1771,2014-11-07,00:00:00.00,4.08611,2.19527,1.25
1772,2014-11-08,00:00:00.00,1.17802,2.24744,1.5
1773,2014-11-09,00:00:00.00,4.29686,2.33941,1.29
1774,2014-11-10,00:00:00.00,0.0335449,2.39957,1.37
1775,2014-11-11,00:00:00.00,0.00565325,2.09743,1.29
1776,2014-11-12,00:00:00.00,0.579223,1.86584,1.19
1777,2014-11-13,00:00:00.00,0.125974,1.68276,1.1
1778,2014-11-14,00:00:00.00,0.0746526,1.53526,0.976
1779,2014-11-15,00:00:00.00,0.405614,1.41328,0.928
1780,2014-11-16,00:00:00.00,0.0563257,1.3116,0.863
1781,2014-11-17,00:00:00.00,4.0077,1.25758,0.815
1782,2014-11-18,00:00:00.00,8.63741,1.24022,0.722
1783,2014-11-19,00:00:00.00,0.337228,1.19253,0.719
1784,2014-11-20,00:00:00.00,15.2611,1.12376,0.525
1785,2014-11-21,00:00:00.00,2.68063,1.06329,0.61
1786,2014-11-22,00:00:00.00,0.173665,1.01056,0.61
1787,2014-11-23,00:00:00.00,5.94018,1.24686,0.991
1788,2014-11-24,00:00:00.00,4.33892,10.6665,12.1
1789,2014-11-25,00:00:00.00,26.6938,29.2282,51.2
1790,2014-11-26,00:00:00.00,0.0389353,25.944,19.2
1791,2014-11-27,00:00:00.00,0.291049,10.5596,6.06
1792,2014-11-28,00:00:00.00,1.15853,6.74589,4.48
1793,2014-11-29,00:00:00.00,0.343196,4.98842,3.3
1794,2014-11-30,00:00:00.00,0.328048,3.98678,2.72
1795,2014-12-01,00:00:00.00,0.865164,3.38412,2.73
1796,2014-12-02,00:00:00.00,0.0484198,2.96994,2.7
1797,2014-12-03,00:00:00.00,0.384872,2.62851,2.34
1798,2014-12-04,00:00:00.00,0.0712868,2.37009,2.25
1799,2014-12-05,00:00:00.00,0,2.1671,2.05
1800,2014-12-06,00:00:00.00,0.00510129,2.00371,1.84
1801,2014-12-07,00:00:00.00,0.0361151,1.86884,1.71
1802,2014-12-08,00:00:00.00,1.38274e-308,1.75649,1.54
1803,2014-12-09,00:00:00.00,0.015132,1.66009,1.44
1804,2014-12-10,00:00:00.00,0.286097,1.57735,1.48
1805,2014-12-11,00:00:00.00,0.138074,1.50505,1.42
1806,2014-12-12,00:00:00.00,0.0652015,1.44128,1.26
1807,2014-12-13,00:00:00.00,0.285149,1.38384,1.12
1808,2014-12-14,00:00:00.00,0.672836,1.33317,1.04
1809,2014-12-15,00:00:00.00,0.571475,1.29817,1.04
1810,2014-12-16,00:00:00.00,0.151582,1.2668,1.02
1811,2014-12-17,00:00:00.00,7.99917,2.39713,1.17
1812,2014-12-18,00:00:00.00,1.1027,3.04248,1.75
1813,2014-12-19,00:00:00.00,0.137881,2.39546,1.81
1814,2014-12-20,00:00:00.00,0.00232565,2.1508,1.53
1815,2014-12-21,00:00:00.00,0.00248805,1.95842,1.33
1816,2014-12-22,00:00:00.00,0.000393358,1.80371,1.22
1817,2014-12-23,00:00:00.00,0,1.67574,1.12
1818,2014-12-24,00:00:00.00,0.199441,1.56893,1.1
1819,2014-12-25,00:00:00.00,13.9941,4.14408,1.45
1820,2014-12-26,00:00:00.00,0.0517409,5.48338,6.9
1821,2014-12-27,00:00:00.00,0.0149935,3.80369,4.15
1822,2014-12-28,00:00:00.00,2.53876,3.46215,3.01
1823,2014-12-29,00:00:00.00,2.54317,3.41094,2.93
1824,2014-12-30,00:00:00.00,0.0668799,3.07111,2.65
1825,2014-12-31,00:00:00.00,0.0573773,2.65296,1.93
