time,date,hour,precip [mm/day],sub688 [m3/s],sub688 (observed) [m3/s]
0,2010-01-01,00:00:00.00,---,4.2922,
1,2010-01-02,00:00:00.00,1.29616,5.24109,4.1343
2,2010-01-03,00:00:00.00,1.72935,5.38082,3.3131
3,2010-01-04,00:00:00.00,6.81859,3.86078,2.7977
4,2010-01-05,00:00:00.00,1.93824,2.98856,3.0582
5,2010-01-06,00:00:00.00,2.92204,2.49571,3.1149
6,2010-01-07,00:00:00.00,1.31252,2.09459,3.0016
7,2010-01-08,00:00:00.00,0.949067,1.85063,3.1432
8,2010-01-09,00:00:00.00,3.52811,1.63047,2.9733
9,2010-01-10,00:00:00.00,0.359737,1.48315,2.6051
10,2010-01-11,00:00:00.00,0.1148,1.346,2.2172
11,2010-01-12,00:00:00.00,1.60183,1.24648,2.6136
12,2010-01-13,00:00:00.00,0.733075,1.15339,2.5315
13,2010-01-14,00:00:00.00,0.0784029,1.08123,2.3446
14,2010-01-15,00:00:00.00,0.00375931,1.01386,2.3022
15,2010-01-16,00:00:00.00,0.383384,0.95878,2.7581
16,2010-01-17,00:00:00.00,0.0077159,0.907688,4.2475
17,2010-01-18,00:00:00.00,0.2028,0.864196,4.5024
18,2010-01-19,00:00:00.00,0.343206,0.833834,6.0881
19,2010-01-20,00:00:00.00,1.88551,0.807261,6.0032
20,2010-01-21,00:00:00.00,1.23662,0.769822,4.7006
21,2010-01-22,00:00:00.00,0.00987619,0.738804,3.3697
22,2010-01-23,00:00:00.00,0.0123501,0.711793,3.1149
23,2010-01-24,00:00:00.00,0.054325,0.686293,2.5485
24,2010-01-25,00:00:00.00,13.446,1.61761,5.2953
25,2010-01-26,00:00:00.00,26.1176,20.8312,97.1268
26,2010-01-27,00:00:00.00,2.76218,26.9281,18.1511
27,2010-01-28,00:00:00.00,2.27406,8.97372,5.9465
28,2010-01-29,00:00:00.00,11.2654,5.25293,4.2475
29,2010-01-30,00:00:00.00,1.0443,4.42459,3.1149
30,2010-01-31,00:00:00.00,0.11068,3.16589,2.9733
31,2010-02-01,00:00:00.00,2.43797,3.1208,2.5485
32,2010-02-02,00:00:00.00,0.435579,2.4125,2.6901
33,2010-02-03,00:00:00.00,0.385771,2.47443,2.5485
34,2010-02-04,00:00:00.00,1.3458,2.05496,2.6759
35,2010-02-05,00:00:00.00,0.0505109,2.06061,2.3871
36,2010-02-06,00:00:00.00,0.0209991,1.81699,2.1861
37,2010-02-07,00:00:00.00,0.37182,1.79277,2.07
38,2010-02-08,00:00:00.00,0.284089,1.64257,1.7132
39,2010-02-09,00:00:00.00,0.352127,1.60708,1.7217
40,2010-02-10,00:00:00.00,0.518235,1.50758,1.7047
41,2010-02-11,00:00:00.00,4.60832,1.4691,1.7132
42,2010-02-12,00:00:00.00,0.219196,1.39998,1.7047
43,2010-02-13,00:00:00.00,0.178685,1.36227,1.6565
44,2010-02-14,00:00:00.00,2.23774,1.309,1.5971
45,2010-02-15,00:00:00.00,8.98697,1.27294,1.6084
46,2010-02-16,00:00:00.00,4.65331,1.23042,1.6509
47,2010-02-17,00:00:00.00,0.532122,1.19821,1.6905
48,2010-02-18,00:00:00.00,7.14117,1.16283,1.6622
49,2010-02-19,00:00:00.00,2.1916,1.13368,1.699
50,2010-02-20,00:00:00.00,0.380352,1.10344,1.7245
51,2010-02-21,00:00:00.00,0.109126,1.07562,1.6877
52,2010-02-22,00:00:00.00,0.00859607,1.04726,1.7245
53,2010-02-23,00:00:00.00,1.41812,1.02137,1.682
54,2010-02-24,00:00:00.00,0.257564,0.996054,2.0643
55,2010-02-25,00:00:00.00,0.248909,0.971481,2.0728
56,2010-02-26,00:00:00.00,7.00435,0.947313,2.1124
57,2010-02-27,00:00:00.00,15.7958,1.51373,2.1323
58,2010-02-28,00:00:00.00,8.81179,2.24949,2.4183
59,2010-03-01,00:00:00.00,1.97082,2.12981,2.4636
60,2010-03-02,00:00:00.00,0.877492,1.81501,2.3163
61,2010-03-03,00:00:00.00,0.21653,1.67392,2.2653
62,2010-03-04,00:00:00.00,0.0423257,1.54084,2.3984
63,2010-03-05,00:00:00.00,3.07998e-308,1.44491,2.5485
64,2010-03-06,00:00:00.00,0.00191067,1.3507,2.5485
65,2010-03-07,00:00:00.00,0.0026239,1.27742,2.4919
66,2010-03-08,00:00:00.00,0.00152049,1.20653,2.5485
67,2010-03-09,00:00:00.00,0.000166572,1.14754,3.1149
68,2010-03-10,00:00:00.00,0,8.27951,5.3802
69,2010-03-11,00:00:00.00,0.00800671,45.7885,8.9198
70,2010-03-12,00:00:00.00,0.201047,48.1095,26.901
71,2010-03-13,00:00:00.00,4.51751,12.5292,70.7921
72,2010-03-14,00:00:00.00,5.7237,11.96,64.5624
73,2010-03-15,00:00:00.00,4.44629,12.4764,43.3248
74,2010-03-16,00:00:00.00,0.780256,8.87028,19.3404
75,2010-03-17,00:00:00.00,0.0264988,6.54816,11.9214
76,2010-03-18,00:00:00.00,0,4.39956,8.4101
77,2010-03-19,00:00:00.00,0,4.31065,6.8527
78,2010-03-20,00:00:00.00,0,3.2015,5.805
79,2010-03-21,00:00:00.00,0,3.32422,4.8139
80,2010-03-22,00:00:00.00,0.122991,2.6231,3.8794
81,2010-03-23,00:00:00.00,9.65411,5.19115,8.2685
82,2010-03-24,00:00:00.00,10.9296,11.0397,21.6341
83,2010-03-25,00:00:00.00,0.471925,11.5174,18.3776
84,2010-03-26,00:00:00.00,9.0774,11.112,6.5695
85,2010-03-27,00:00:00.00,0,11.5987,5.7766
86,2010-03-28,00:00:00.00,0,6.79401,3.9644
87,2010-03-29,00:00:00.00,4.83565,6.4581,3.8511
88,2010-03-30,00:00:00.00,1.70291,6.85793,8.6083
89,2010-03-31,00:00:00.00,2.59079e-308,5.24917,5.3236
90,2010-04-01,00:00:00.00,4.4096e-308,4.1454,3.8511
91,2010-04-02,00:00:00.00,0,3.48866,3.2564
92,2010-04-03,00:00:00.00,0,3.0474,2.8289
93,2010-04-04,00:00:00.00,0.0275142,2.67853,2.4636
94,2010-04-05,00:00:00.00,0,2.40477,2.0841
95,2010-04-06,00:00:00.00,0.0847656,2.16989,1.801
96,2010-04-07,00:00:00.00,8.28426,3.32102,2.1747
97,2010-04-08,00:00:00.00,3.92563,4.51665,3.0299
98,2010-04-09,00:00:00.00,7.09059,5.33096,5.7766
99,2010-04-10,00:00:00.00,0.796442,5.61024,5.5501
100,2010-04-11,00:00:00.00,0.00592971,4.09107,3.2281
101,2010-04-12,00:00:00.00,0.347908,3.22256,2.3786
102,2010-04-13,00:00:00.00,0.0134821,2.81996,1.9425
103,2010-04-14,00:00:00.00,0.00252,2.38125,1.6707
104,2010-04-15,00:00:00.00,0,2.15878,1.4895
105,2010-04-16,00:00:00.00,0.0213768,1.8999,1.3705
106,2010-04-17,00:00:00.00,7.01953,2.42685,1.5886
107,2010-04-18,00:00:00.00,0.456225,2.84986,4.4457
108,2010-04-19,00:00:00.00,0.600372,2.34997,3.0299
109,2010-04-20,00:00:00.00,0.000581709,1.99627,2.8883
110,2010-04-21,00:00:00.00,0.000316994,1.82877,1.9142
111,2010-04-22,00:00:00.00,0.00211135,1.62375,1.5659
112,2010-04-23,00:00:00.00,0.0317584,1.50401,1.3847
113,2010-04-24,00:00:00.00,0,1.36741,1.2063
114,2010-04-25,00:00:00.00,0.0865536,1.27644,1.0902
115,2010-04-26,00:00:00.00,11.6488,2.20458,1.5999
116,2010-04-27,00:00:00.00,2.6749,3.03609,5.8616
117,2010-04-28,00:00:00.00,0.123498,2.38426,4.2192
118,2010-04-29,00:00:00.00,0.00151766,1.9681,2.2144
119,2010-04-30,00:00:00.00,0.000706314,1.79139,1.5801
120,2010-05-01,00:00:00.00,0.00298138,1.5701,1.2771
121,2010-05-02,00:00:00.00,0.0243932,1.44831,1.144
122,2010-05-03,00:00:00.00,0.29658,1.30374,1.0647
123,2010-05-04,00:00:00.00,3.19138,1.2141,1.0506
124,2010-05-05,00:00:00.00,0.312235,1.1163,1.0024
125,2010-05-06,00:00:00.00,14.6585,1.96541,0.8807
126,2010-05-07,00:00:00.00,6.47106,3.11963,5.5501
127,2010-05-08,00:00:00.00,7.04404,3.51563,2.4692
128,2010-05-09,00:00:00.00,10.6375,5.13031,7.2208
129,2010-05-10,00:00:00.00,1.33315,5.53065,6.1164
130,2010-05-11,00:00:00.00,0,3.81145,3.1432
131,2010-05-12,00:00:00.00,5.6102,3.53781,1.9284
132,2010-05-13,00:00:00.00,2.92243,3.53604,4.2192
133,2010-05-14,00:00:00.00,13.3381,5.53696,3.9077
134,2010-05-15,00:00:00.00,1.05323,6.73932,29.1664
135,2010-05-16,00:00:00.00,0.00625738,4.41153,5.1537
136,2010-05-17,00:00:00.00,6.34719e-308,3.2819,3.1149
137,2010-05-18,00:00:00.00,0.0229312,2.78134,2.1606
138,2010-05-19,00:00:00.00,3.97475,2.35448,2.0133
139,2010-05-20,00:00:00.00,0.027997,2.18679,3.4547
140,2010-05-21,00:00:00.00,0.00407231,1.85877,1.968
141,2010-05-22,00:00:00.00,0.0281971,1.67505,1.396
142,2010-05-23,00:00:00.00,1.90031,1.49018,1.3309
143,2010-05-24,00:00:00.00,0.0101276,1.36785,1.2743
144,2010-05-25,00:00:00.00,0,1.24391,1.0506
145,2010-05-26,00:00:00.00,7.581e-308,1.15333,0.8495
146,2010-05-27,00:00:00.00,8.7267e-308,1.06458,0.7277
147,2010-05-28,00:00:00.00,0.0744953,0.995388,0.6485
148,2010-05-29,00:00:00.00,0.388823,0.929366,0.5975
149,2010-05-30,00:00:00.00,0.016684,0.875355,0.5607
150,2010-05-31,00:00:00.00,0,0.824591,0.4955
151,2010-06-01,00:00:00.00,0.848877,0.781472,0.4163
152,2010-06-02,00:00:00.00,13.5349,1.03777,0.6711
153,2010-06-03,00:00:00.00,9.43594,1.49792,0.6909
154,2010-06-04,00:00:00.00,5.65848,1.60537,0.8212
155,2010-06-05,00:00:00.00,0.98817,1.44495,1.1072
156,2010-06-06,00:00:00.00,12.7411,1.85001,5.805
157,2010-06-07,00:00:00.00,58.2997,21.0968,39.0772
158,2010-06-08,00:00:00.00,0.0457647,27.3817,7.0226
159,2010-06-09,00:00:00.00,0.0154814,8.86058,2.7694
160,2010-06-10,00:00:00.00,5.1279,5.52579,1.8519
161,2010-06-11,00:00:00.00,6.11641,5.74513,5.0121
162,2010-06-12,00:00:00.00,0.0210236,4.68519,2.8883
163,2010-06-13,00:00:00.00,0.65255,3.8409,1.5857
164,2010-06-14,00:00:00.00,3.35526,2.73814,1.5036
165,2010-06-15,00:00:00.00,1.45352,2.66146,1.4555
166,2010-06-16,00:00:00.00,0.000257969,2.04611,1.2884
167,2010-06-17,00:00:00.00,9.72539,2.94192,6.343
168,2010-06-18,00:00:00.00,0.230212,3.37245,3.1432
169,2010-06-19,00:00:00.00,0.00146966,2.73961,1.4187
170,2010-06-20,00:00:00.00,0.778007,2.16736,1.0024
171,2010-06-21,00:00:00.00,0.192013,1.98981,0.8155
172,2010-06-22,00:00:00.00,0.00298261,1.68349,0.6881
173,2010-06-23,00:00:00.00,12.3976,2.46527,0.7787
174,2010-06-24,00:00:00.00,3.70189,3.05063,1.3649
175,2010-06-25,00:00:00.00,10.1968,3.325,1.9935
176,2010-06-26,00:00:00.00,0.00520892,3.61358,1.2714
177,2010-06-27,00:00:00.00,0.103963,2.844,0.8212
178,2010-06-28,00:00:00.00,7.62961,2.64054,0.6881
179,2010-06-29,00:00:00.00,10.9227,3.83785,1.1468
180,2010-06-30,00:00:00.00,0.0231123,4.11647,1.9737
181,2010-07-01,00:00:00.00,0.0517115,3.09619,0.8637
182,2010-07-02,00:00:00.00,0.00151189,2.46802,0.5862
183,2010-07-03,00:00:00.00,0.0112693,2.1437,0.4701
184,2010-07-04,00:00:00.00,0,1.82944,0.3964
185,2010-07-05,00:00:00.00,0,1.64249,0.3228
186,2010-07-06,00:00:00.00,0,1.45383,0.2973
187,2010-07-07,00:00:00.00,0.000216274,1.32951,0.235
188,2010-07-08,00:00:00.00,0.00109366,1.20543,0.2325
189,2010-07-09,00:00:00.00,0.0985809,1.11638,0.1991
190,2010-07-10,00:00:00.00,24.1086,2.33085,0.7221
191,2010-07-11,00:00:00.00,0.048078,3.35405,1.3819
192,2010-07-12,00:00:00.00,0.00618302,2.50193,0.5437
193,2010-07-13,00:00:00.00,0.291354,1.99738,0.3398
194,2010-07-14,00:00:00.00,0.403787,1.79988,0.2801
195,2010-07-15,00:00:00.00,0.000423765,1.54531,0.241
196,2010-07-16,00:00:00.00,0.0138099,1.41962,0.2234
197,2010-07-17,00:00:00.00,2.4787,1.26323,0.1875
198,2010-07-18,00:00:00.00,0.258312,1.17406,0.1642
199,2010-07-19,00:00:00.00,0.174719,1.0703,0.1433
200,2010-07-20,00:00:00.00,2.11748,1.00283,0.1674
201,2010-07-21,00:00:00.00,0.0844539,0.929796,0.1489
202,2010-07-22,00:00:00.00,3.98292,0.877129,1.2431
203,2010-07-23,00:00:00.00,0.0525846,0.823178,0.8722
204,2010-07-24,00:00:00.00,32.9808,2.20467,6.2863
205,2010-07-25,00:00:00.00,12.5764,4.43286,5.8333
206,2010-07-26,00:00:00.00,1.17016,4.2439,6.8527
207,2010-07-27,00:00:00.00,0.0363123,3.04516,1.6452
208,2010-07-28,00:00:00.00,2.78e-308,2.50906,0.8099
209,2010-07-29,00:00:00.00,5.23478,2.16508,0.5493
210,2010-07-30,00:00:00.00,0.0670835,1.98037,0.7334
211,2010-07-31,00:00:00.00,0.0248147,1.70127,0.8155
212,2010-08-01,00:00:00.00,0.00382362,1.51912,0.6683
213,2010-08-02,00:00:00.00,0.269288,1.36397,0.4842
214,2010-08-03,00:00:00.00,0.506551,1.2456,0.3228
215,2010-08-04,00:00:00.00,0.744258,1.14102,0.2435
216,2010-08-05,00:00:00.00,0.23462,1.057,0.2163
217,2010-08-06,00:00:00.00,6.79588,1.0748,0.4446
218,2010-08-07,00:00:00.00,2.23912,1.0912,0.3568
219,2010-08-08,00:00:00.00,0.00815475,0.982915,0.2492
220,2010-08-09,00:00:00.00,0.304409,0.909356,0.2056
221,2010-08-10,00:00:00.00,9.18758,1.0131,0.203
222,2010-08-11,00:00:00.00,0.364139,1.09049,0.2945
223,2010-08-12,00:00:00.00,0.000877231,0.963225,0.2401
224,2010-08-13,00:00:00.00,0.645483,0.882558,0.1911
225,2010-08-14,00:00:00.00,0.00275536,0.841006,0.1572
226,2010-08-15,00:00:00.00,0.000536355,0.787716,0.1291
227,2010-08-16,00:00:00.00,2.09856,0.752167,0.141
228,2010-08-17,00:00:00.00,7.71159,0.791472,0.8891
229,2010-08-18,00:00:00.00,0,0.826719,0.4842
230,2010-08-19,00:00:00.00,0.275514,0.748486,0.2517
231,2010-08-20,00:00:00.00,0.638886,0.703417,0.1855
232,2010-08-21,00:00:00.00,0.856669,0.675037,0.1495
233,2010-08-22,00:00:00.00,6.61741,0.686904,0.1322
234,2010-08-23,00:00:00.00,25.3951,1.5077,2.2484
235,2010-08-24,00:00:00.00,5.10786,2.27596,1.5659
236,2010-08-25,00:00:00.00,0.0372394,1.89437,1.0874
237,2010-08-26,00:00:00.00,0.806658,1.55876,0.589
238,2010-08-27,00:00:00.00,0.151544,1.4287,0.7504
239,2010-08-28,00:00:00.00,0.019394,1.27343,0.555
240,2010-08-29,00:00:00.00,0,1.18364,0.3313
241,2010-08-30,00:00:00.00,0.00109163,1.07999,0.2367
242,2010-08-31,00:00:00.00,0.00569473,1.01178,0.1872
243,2010-09-01,00:00:00.00,0,0.938264,0.1538
244,2010-09-02,00:00:00.00,0,0.884736,0.13
245,2010-09-03,00:00:00.00,0.302716,0.83012,0.1087
246,2010-09-04,00:00:00.00,5.16271,0.826636,0.1119
247,2010-09-05,00:00:00.00,3.60296,0.839719,0.521
248,2010-09-06,00:00:00.00,0.293531,0.800944,0.4559
249,2010-09-07,00:00:00.00,0.403741,0.74494,0.2636
250,2010-09-08,00:00:00.00,13.519,0.989742,0.2112
251,2010-09-09,00:00:00.00,0.46335,1.19122,1.1129
252,2010-09-10,00:00:00.00,0.54174,1.0021,0.5097
253,2010-09-11,00:00:00.00,0.295293,0.903015,0.3341
254,2010-09-12,00:00:00.00,0.183385,0.865661,0.2515
255,2010-09-13,00:00:00.00,5.21329,0.879101,0.2362
256,2010-09-14,00:00:00.00,1.00638,0.906523,0.2492
257,2010-09-15,00:00:00.00,0.00586864,0.820498,0.2112
258,2010-09-16,00:00:00.00,3.7533e-308,0.772361,0.1767
259,2010-09-17,00:00:00.00,15.8549,1.22347,0.1948
260,2010-09-18,00:00:00.00,1.04859,1.60202,0.3766
261,2010-09-19,00:00:00.00,0.00268088,1.29495,0.3596
262,2010-09-20,00:00:00.00,0.708336,1.13183,0.2781
263,2010-09-21,00:00:00.00,0,1.07511,0.2129
264,2010-09-22,00:00:00.00,0.0386637,0.981373,0.1767
265,2010-09-23,00:00:00.00,5.06676,1.01656,0.1965
266,2010-09-24,00:00:00.00,0.00194241,1.02149,0.2401
267,2010-09-25,00:00:00.00,0.216208,0.932961,0.2146
268,2010-09-26,00:00:00.00,0.107337,0.861919,0.1668
269,2010-09-27,00:00:00.00,0.00958123,0.822338,0.1461
270,2010-09-28,00:00:00.00,4.23321,0.836486,0.1198
271,2010-09-29,00:00:00.00,11.2116,1.21057,0.3483
272,2010-09-30,00:00:00.00,0.672003,1.43818,0.6909
273,2010-10-01,00:00:00.00,19.1482,2.64187,1.0392
274,2010-10-02,00:00:00.00,0.128199,3.69031,2.945
275,2010-10-03,00:00:00.00,1.15184,2.75229,0.9713
276,2010-10-04,00:00:00.00,12.0956,3.70356,1.5829
277,2010-10-05,00:00:00.00,8.94943,6.26037,2.1323
278,2010-10-06,00:00:00.00,13.0979,9.68581,5.2386
279,2010-10-07,00:00:00.00,8.74094,12.4125,6.5978
280,2010-10-08,00:00:00.00,0.880785,9.69259,3.8511
281,2010-10-09,00:00:00.00,0.0039674,5.65973,1.8066
282,2010-10-10,00:00:00.00,0.0217266,4.06102,1.0251
283,2010-10-11,00:00:00.00,2.20377e-308,3.23621,0.7249
284,2010-10-12,00:00:00.00,9.73632,4.75348,0.6796
285,2010-10-13,00:00:00.00,0.130059,5.76069,1.5886
286,2010-10-14,00:00:00.00,0.0592523,4.00812,1.1298
287,2010-10-15,00:00:00.00,3.02062,3.44902,0.875
288,2010-10-16,00:00:00.00,1.57172,3.3259,1.0845
289,2010-10-17,00:00:00.00,0.0400206,2.73428,1.5801
290,2010-10-18,00:00:00.00,0.00882435,2.3731,1.1695
291,2010-10-19,00:00:00.00,0.0463322,2.06901,0.8042
292,2010-10-20,00:00:00.00,0.221174,1.87382,0.6541
293,2010-10-21,00:00:00.00,0.612422,1.69213,0.5522
294,2010-10-22,00:00:00.00,13.4324,4.27984,1.665
295,2010-10-23,00:00:00.00,0.136475,6.08121,2.2965
296,2010-10-24,00:00:00.00,5.05237,5.14601,1.4272
297,2010-10-25,00:00:00.00,0.727705,4.87534,1.8689
298,2010-10-26,00:00:00.00,0.431338,3.70393,1.6254
299,2010-10-27,00:00:00.00,8.99634,5.01388,1.3734
300,2010-10-28,00:00:00.00,0.362568,6.03608,5.8333
301,2010-10-29,00:00:00.00,0.23162,4.12502,2.7807
302,2010-10-30,00:00:00.00,0.0360538,3.2685,2.3673
303,2010-10-31,00:00:00.00,0.0649727,2.75674,1.7783
304,2010-11-01,00:00:00.00,0.353509,2.37178,1.2601
305,2010-11-02,00:00:00.00,0.0274804,2.11328,0.9968
306,2010-11-03,00:00:00.00,0.0240345,1.89804,0.8269
307,2010-11-04,00:00:00.00,0.0549802,1.73903,0.7532
308,2010-11-05,00:00:00.00,7.73514,2.83825,0.7759
309,2010-11-06,00:00:00.00,8.14899,5.51054,1.8859
310,2010-11-07,00:00:00.00,0.511452,5.77214,4.0493
311,2010-11-08,00:00:00.00,0.168788,4.01357,2.1776
312,2010-11-09,00:00:00.00,0.0174387,3.22221,1.498
313,2010-11-10,00:00:00.00,0.00148284,2.72848,1.2403
314,2010-11-11,00:00:00.00,0.207802,2.3669,1.0562
315,2010-11-12,00:00:00.00,0,2.11392,0.9288
316,2010-11-13,00:00:00.00,0,1.90779,0.8297
317,2010-11-14,00:00:00.00,0,1.74955,0.7702
318,2010-11-15,00:00:00.00,0.689485,1.61538,0.7362
319,2010-11-16,00:00:00.00,0.0289217,1.50831,0.7476
320,2010-11-17,00:00:00.00,14.004,4.55514,0.8099
321,2010-11-18,00:00:00.00,10.0408,10.4925,6.1731
322,2010-11-19,00:00:00.00,1.00953,10.2947,5.0121
323,2010-11-20,00:00:00.00,0.11993,6.06464,2.4947
324,2010-11-21,00:00:00.00,0.172301,4.34367,1.7132
325,2010-11-22,00:00:00.00,0.00903828,3.47967,1.3337
326,2010-11-23,00:00:00.00,16.5471,9.42081,3.1149
327,2010-11-24,00:00:00.00,5.26193,14.7332,20.5863
328,2010-11-25,00:00:00.00,0.209457,10.1368,5.5501
329,2010-11-26,00:00:00.00,5.58401,8.05852,3.1432
330,2010-11-27,00:00:00.00,8.74148,10.2428,7.3057
331,2010-11-28,00:00:00.00,2.59217,9.30785,5.1253
332,2010-11-29,00:00:00.00,0.0947391,6.20197,4.2192
333,2010-11-30,00:00:00.00,0.00678663,4.52946,3.7378
334,2010-12-01,00:00:00.00,11.3941,9.9787,13.0257
335,2010-12-02,00:00:00.00,28.6835,31.4147,65.1287
336,2010-12-03,00:00:00.00,4.50174,31.4567,19.2271
337,2010-12-04,00:00:00.00,0.554656,10.1168,10.902
338,2010-12-05,00:00:00.00,0.744228,6.24457,8.4951
339,2010-12-06,00:00:00.00,5.00407,5.20522,7.0226
340,2010-12-07,00:00:00.00,7.94339,4.00766,5.6634
341,2010-12-08,00:00:00.00,2.47884,3.85171,5.4368
342,2010-12-09,00:00:00.00,0.317474,3.18603,4.6156
343,2010-12-10,00:00:00.00,0.126384,3.19284,3.7945
344,2010-12-11,00:00:00.00,0.199354,2.76938,3.8228
345,2010-12-12,00:00:00.00,0.00524571,2.78687,3.9644
346,2010-12-13,00:00:00.00,4.79615,9.76211,5.6634
347,2010-12-14,00:00:00.00,6.12801,13.5321,10.6188
348,2010-12-15,00:00:00.00,10.4113,7.40425,3.398
349,2010-12-16,00:00:00.00,0.952923,5.19315,3.6812
350,2010-12-17,00:00:00.00,0.353436,4.32423,3.8228
351,2010-12-18,00:00:00.00,1.3429,3.61009,3.7095
352,2010-12-19,00:00:00.00,1.32915,3.32594,3.3414
353,2010-12-20,00:00:00.00,0.353852,2.924,3.1432
354,2010-12-21,00:00:00.00,1.12531,2.79427,3.0016
355,2010-12-22,00:00:00.00,0.284649,2.55065,2.8317
356,2010-12-23,00:00:00.00,1.74173,2.45536,2.7071
357,2010-12-24,00:00:00.00,1.74554,2.30065,2.5287
358,2010-12-25,00:00:00.00,0.535409,2.2226,2.339
359,2010-12-26,00:00:00.00,1.23168,2.11529,2.2031
360,2010-12-27,00:00:00.00,1.58363,2.0491,2.0501
361,2010-12-28,00:00:00.00,0.904504,1.96964,1.8321
362,2010-12-29,00:00:00.00,0.49549,1.91237,1.9142
363,2010-12-30,00:00:00.00,0.172266,1.8485,1.8774
364,2010-12-31,00:00:00.00,0.0637076,1.79627,1.7613
365,2011-01-01,00:00:00.00,1.35687,31.329,7.0792
366,2011-01-02,00:00:00.00,5.91982,44.4164,50.9703
367,2011-01-03,00:00:00.00,1.71306,15.9198,21.0394
368,2011-01-04,00:00:00.00,0.498541,7.6313,5.9465
369,2011-01-05,00:00:00.00,5.67265,6.64363,4.7572
370,2011-01-06,00:00:00.00,0.906937,5.09524,4.021
371,2011-01-07,00:00:00.00,1.27185,4.78363,2.9733
372,2011-01-08,00:00:00.00,1.57786,3.5759,2.9733
373,2011-01-09,00:00:00.00,2.26302,3.71184,2.9166
374,2011-01-10,00:00:00.00,1.0749,2.99169,2.4324
375,2011-01-11,00:00:00.00,0.291166,3.13825,2.0728
376,2011-01-12,00:00:00.00,4.48234,2.66864,2.22
377,2011-01-13,00:00:00.00,9.92712,2.77284,1.8689
378,2011-01-14,00:00:00.00,2.12769,2.47497,1.9397
379,2011-01-15,00:00:00.00,0.511718,2.4992,1.985
380,2011-01-16,00:00:00.00,6.2486,2.31585,1.9595
381,2011-01-17,00:00:00.00,0.170118,2.29886,1.9765
382,2011-01-18,00:00:00.00,0.129494,2.17758,1.733
383,2011-01-19,00:00:00.00,2.3473,2.40233,2.0983
384,2011-01-20,00:00:00.00,2.32653,2.54891,2.2653
385,2011-01-21,00:00:00.00,2.2261,2.37205,2.2087
386,2011-01-22,00:00:00.00,2.85082,2.218,2.1521
387,2011-01-23,00:00:00.00,2.74859,2.14417,1.9822
388,2011-01-24,00:00:00.00,6.13829,2.0453,1.699
389,2011-01-25,00:00:00.00,0.395256,1.986,1.5574
390,2011-01-26,00:00:00.00,1.10017,1.91355,1.6424
391,2011-01-27,00:00:00.00,0.335822,1.85971,1.6424
392,2011-01-28,00:00:00.00,0.515351,1.79872,1.6424
393,2011-01-29,00:00:00.00,0.960402,1.74833,1.5857
394,2011-01-30,00:00:00.00,0.884803,1.69534,1.5857
395,2011-01-31,00:00:00.00,0.457569,1.64906,1.5857
396,2011-02-01,00:00:00.00,0.173841,1.60346,1.4158
397,2011-02-02,00:00:00.00,4.11877,1.56292,1.3309
398,2011-02-03,00:00:00.00,19.9632,1.52258,1.3592
399,2011-02-04,00:00:00.00,0.964927,1.48486,1.3592
400,2011-02-05,00:00:00.00,0.000689643,1.44829,1.4158
401,2011-02-06,00:00:00.00,8.76172,1.65229,1.5008
402,2011-02-07,00:00:00.00,0.552155,1.83334,1.5574
403,2011-02-08,00:00:00.00,3.42134,1.78197,1.6424
404,2011-02-09,00:00:00.00,2.71536,1.77459,1.5857
405,2011-02-10,00:00:00.00,0.0817796,1.67481,1.5857
406,2011-02-11,00:00:00.00,0.810493,1.58077,1.4725
407,2011-02-12,00:00:00.00,0.0499414,1.52917,1.4725
408,2011-02-13,00:00:00.00,6.16046,1.46258,1.4725
409,2011-02-14,00:00:00.00,1.17287,1.4172,1.699
410,2011-02-15,00:00:00.00,0.874577,1.61668,2.2653
411,2011-02-16,00:00:00.00,0.00175104,1.80131,2.8317
412,2011-02-17,00:00:00.00,0.18429,1.63089,3.398
413,2011-02-18,00:00:00.00,1.79486,26.9087,8.4951
414,2011-02-19,00:00:00.00,0.106117,59.9417,82.1189
415,2011-02-20,00:00:00.00,1.63558,40.6322,32.8475
416,2011-02-21,00:00:00.00,2.15351,9.96648,8.9198
417,2011-02-22,00:00:00.00,4.50932,6.43277,5.6634
418,2011-02-23,00:00:00.00,0.324728,5.17316,5.0687
419,2011-02-24,00:00:00.00,0.0011722,4.24371,3.7945
420,2011-02-25,00:00:00.00,2.01519,3.875,3.7095
421,2011-02-26,00:00:00.00,16.4519,4.58248,3.3697
422,2011-02-27,00:00:00.00,3.00502,5.23839,3.3131
423,2011-02-28,00:00:00.00,1.44058,4.16666,3.398
424,2011-03-01,00:00:00.00,21.7111,12.1895,42.4753
425,2011-03-02,00:00:00.00,0.17984,15.7868,28.3168
426,2011-03-03,00:00:00.00,0.466787,8.10934,10.364
427,2011-03-04,00:00:00.00,0.0637574,5.50288,4.9554
428,2011-03-05,00:00:00.00,2.17028,4.75387,4.6723
429,2011-03-06,00:00:00.00,23.7675,67.0986,42.7584
430,2011-03-07,00:00:00.00,13.3827,81.0852,60.8812
431,2011-03-08,00:00:00.00,1.2874e-308,15.8802,14.4133
432,2011-03-09,00:00:00.00,0,7.21808,7.7305
433,2011-03-10,00:00:00.00,6.96625,9.68868,9.0897
434,2011-03-11,00:00:00.00,6.93109,36.3655,49.2713
435,2011-03-12,00:00:00.00,2.98862,42.0991,60.8812
436,2011-03-13,00:00:00.00,0.783572,12.1292,14.385
437,2011-03-14,00:00:00.00,1.03154,7.61939,13.4222
438,2011-03-15,00:00:00.00,0.278232,6.06526,7.7022
439,2011-03-16,00:00:00.00,0.326735,4.9847,6.0598
440,2011-03-17,00:00:00.00,2.1948,5.25206,8.4667
441,2011-03-18,00:00:00.00,0.00153547,5.22856,7.2491
442,2011-03-19,00:00:00.00,0.109878,4.49719,9.1463
443,2011-03-20,00:00:00.00,0.00456305,3.89915,5.6351
444,2011-03-21,00:00:00.00,0.0533884,3.63608,3.9927
445,2011-03-22,00:00:00.00,16.6412,13.1266,11.3551
446,2011-03-23,00:00:00.00,0.595841,17.4167,6.7677
447,2011-03-24,00:00:00.00,12.0257,8.48351,4.8705
448,2011-03-25,00:00:00.00,0.258828,5.73546,4.8139
449,2011-03-26,00:00:00.00,1.36012,4.72847,4.7572
450,2011-03-27,00:00:00.00,0.0545087,3.8918,3.936
451,2011-03-28,00:00:00.00,0.00661129,3.57748,3.5113
452,2011-03-29,00:00:00.00,0.00125116,3.09052,3.3414
453,2011-03-30,00:00:00.00,0.000547075,2.96508,3.5962
454,2011-03-31,00:00:00.00,1.95208,2.65642,4.7006
455,2011-04-01,00:00:00.00,5.04742,6.91644,8.1269
456,2011-04-02,00:00:00.00,0.738988,10.0447,7.9004
457,2011-04-03,00:00:00.00,0.0157293,7.57041,6.3147
458,2011-04-04,00:00:00.00,2.54039,6.92887,4.5024
459,2011-04-05,00:00:00.00,20.8248,19.586,18.2077
460,2011-04-06,00:00:00.00,2.28972,23.2807,25.5701
461,2011-04-07,00:00:00.00,3.01409,10.8825,8.8065
462,2011-04-08,00:00:00.00,3.66027e-308,7.62006,7.7022
463,2011-04-09,00:00:00.00,0.0153383,5.73484,4.7572
464,2011-04-10,00:00:00.00,0.00725211,4.25899,3.9077
465,2011-04-11,00:00:00.00,0.015873,3.92854,3.483
466,2011-04-12,00:00:00.00,0.0140122,3.12112,3.2564
467,2011-04-13,00:00:00.00,0.00629053,3.03643,2.7128
468,2011-04-14,00:00:00.00,18.4115,10.816,17.698
469,2011-04-15,00:00:00.00,0.0275145,14.8034,7.7871
470,2011-04-16,00:00:00.00,0.00335367,7.48724,4.1059
471,2011-04-17,00:00:00.00,16.5762,13.1711,4.5307
472,2011-04-18,00:00:00.00,2.33225,15.9741,6.9659
473,2011-04-19,00:00:00.00,2.81832,8.33325,5.2953
474,2011-04-20,00:00:00.00,6.03556,7.68059,5.4368
475,2011-04-21,00:00:00.00,29.8515,28.2412,61.4476
476,2011-04-22,00:00:00.00,0.529313,32.0139,13.7337
477,2011-04-23,00:00:00.00,0.876262,9.89853,6.7677
478,2011-04-24,00:00:00.00,16.2871,15.5499,28.0903
479,2011-04-25,00:00:00.00,0.232448,18.548,9.656
480,2011-04-26,00:00:00.00,32.5978,33.3344,14.1018
481,2011-04-27,00:00:00.00,4.55389,38.7882,56.9169
482,2011-04-28,00:00:00.00,7.24277,14.678,12.2329
483,2011-04-29,00:00:00.00,1.30518,11.0867,13.5071
484,2011-04-30,00:00:00.00,0.878554,7.50943,5.7766
485,2011-05-01,00:00:00.00,0.0546427,5.10706,4.6156
486,2011-05-02,00:00:00.00,3.37327,4.93133,3.936
487,2011-05-03,00:00:00.00,6.53054,5.95649,6.881
488,2011-05-04,00:00:00.00,27.4135,26.9424,32.8475
489,2011-05-05,00:00:00.00,0.384886,30.839,21.2943
490,2011-05-06,00:00:00.00,0.00937374,10.0028,7.2491
491,2011-05-07,00:00:00.00,0.210986,5.89017,4.8988
492,2011-05-08,00:00:00.00,0.271201,5.22805,3.9927
493,2011-05-09,00:00:00.00,0.00044011,3.62947,3.483
494,2011-05-10,00:00:00.00,0.00162786,3.67368,2.945
495,2011-05-11,00:00:00.00,8.395e-308,2.70908,2.4437
496,2011-05-12,00:00:00.00,4.198e-308,2.81534,2.1662
497,2011-05-13,00:00:00.00,0.0189368,2.17719,1.9199
498,2011-05-14,00:00:00.00,7.70467,3.06244,5.3802
499,2011-05-15,00:00:00.00,17.6293,9.35059,27.977
500,2011-05-16,00:00:00.00,28.3803,28.3297,51.8198
501,2011-05-17,00:00:00.00,4.0571,28.7458,34.8297
502,2011-05-18,00:00:00.00,3.06287,10.7394,11.6949
503,2011-05-19,00:00:00.00,17.5084,15.6617,10.279
504,2011-05-20,00:00:00.00,1.69885,17.9949,12.9974
505,2011-05-21,00:00:00.00,2.24079,8.26959,6.4279
506,2011-05-22,00:00:00.00,0.0813454,5.65528,5.0404
507,2011-05-23,00:00:00.00,0.124379,4.32019,3.9077
508,2011-05-24,00:00:00.00,6.59565,4.56921,3.8511
509,2011-05-25,00:00:00.00,0.671266,4.66984,12.2046
510,2011-05-26,00:00:00.00,0.00434535,3.6786,4.3325
511,2011-05-27,00:00:00.00,18.6673,9.51767,13.0257
512,2011-05-28,00:00:00.00,21.6902,23.8432,24.0976
513,2011-05-29,00:00:00.00,0.79795,21.8163,19.2555
514,2011-05-30,00:00:00.00,6.66664,10.0554,5.5784
515,2011-05-31,00:00:00.00,0.10468,7.67703,8.9481
516,2011-06-01,00:00:00.00,8.98731e-308,5.26684,4.2475
517,2011-06-02,00:00:00.00,0.000990055,3.84355,3.0582
518,2011-06-03,00:00:00.00,0.000157016,3.31567,2.1577
519,2011-06-04,00:00:00.00,7.04498e-308,2.61655,1.8378
520,2011-06-05,00:00:00.00,9.64083,3.77873,1.9963
521,2011-06-06,00:00:00.00,0.00146933,4.42437,2.4381
522,2011-06-07,00:00:00.00,0.0538213,3.36933,1.648
523,2011-06-08,00:00:00.00,5.45584,2.82855,1.5999
524,2011-06-09,00:00:00.00,0.193697,2.72229,1.4923
525,2011-06-10,00:00:00.00,0.000535461,2.21764,1.1582
526,2011-06-11,00:00:00.00,0.187507,1.97558,0.9883
527,2011-06-12,00:00:00.00,1.0706,1.71928,0.9599
528,2011-06-13,00:00:00.00,0.612726,1.56841,0.9684
529,2011-06-14,00:00:00.00,0.286572,1.40648,0.9599
530,2011-06-15,00:00:00.00,3.45711,1.30402,0.8778
531,2011-06-16,00:00:00.00,0.000686,1.19808,0.841
532,2011-06-17,00:00:00.00,2.57003,1.11724,0.7561
533,2011-06-18,00:00:00.00,0.0426476,1.03722,0.7306
534,2011-06-19,00:00:00.00,0.000522886,0.974517,0.6626
535,2011-06-20,00:00:00.00,0.000272992,0.912938,0.5805
536,2011-06-21,00:00:00.00,0.0286177,0.862391,0.5097
537,2011-06-22,00:00:00.00,10.2571,1.06181,0.4757
538,2011-06-23,00:00:00.00,22.5262,2.94871,1.682
539,2011-06-24,00:00:00.00,14.1038,6.2113,1.4555
540,2011-06-25,00:00:00.00,11.851,8.68062,2.2427
541,2011-06-26,00:00:00.00,2.95097,7.80515,10.0808
542,2011-06-27,00:00:00.00,0.133619,4.85151,3.0582
543,2011-06-28,00:00:00.00,0.00201462,3.53799,1.5574
544,2011-06-29,00:00:00.00,0.205122,2.90803,1.0421
545,2011-06-30,00:00:00.00,0.345308,2.35653,0.9911
546,2011-07-01,00:00:00.00,0.00697915,2.06427,0.824
547,2011-07-02,00:00:00.00,0.00310042,1.7725,0.6739
548,2011-07-03,00:00:00.00,0.0232797,1.59843,0.5465
549,2011-07-04,00:00:00.00,0.781771,1.42046,0.5182
550,2011-07-05,00:00:00.00,0.00173374,1.30317,0.4163
551,2011-07-06,00:00:00.00,0.00089301,1.18505,0.3625
552,2011-07-07,00:00:00.00,0.0102317,1.09986,0.3625
553,2011-07-08,00:00:00.00,0.0033791,1.01634,0.4163
554,2011-07-09,00:00:00.00,0.00869827,0.951823,0.3568
555,2011-07-10,00:00:00.00,0.00172241,0.890047,0.3115
556,2011-07-11,00:00:00.00,4.6531e-308,0.839704,0.2778
557,2011-07-12,00:00:00.00,0.0235609,0.792249,0.2512
558,2011-07-13,00:00:00.00,0.00457942,0.752019,0.2339
559,2011-07-14,00:00:00.00,0.00204462,0.714507,0.2183
560,2011-07-15,00:00:00.00,0,0.681792,0.1988
561,2011-07-16,00:00:00.00,0,0.651417,0.1798
562,2011-07-17,00:00:00.00,0,0.624348,0.1654
563,2011-07-18,00:00:00.00,4.24864e-308,0.599239,0.1512
564,2011-07-19,00:00:00.00,0.422965,0.576517,0.1495
565,2011-07-20,00:00:00.00,0.873815,0.555424,0.1543
566,2011-07-21,00:00:00.00,0.00101797,0.536112,0.1399
567,2011-07-22,00:00:00.00,8.2722e-308,0.518134,0.1181
568,2011-07-23,00:00:00.00,4.1361e-308,0.501525,0.1079
569,2011-07-24,00:00:00.00,0.931546,0.486019,0.0951
570,2011-07-25,00:00:00.00,5.24173,0.475778,0.3002
571,2011-07-26,00:00:00.00,5.88853,0.472972,0.2945
572,2011-07-27,00:00:00.00,0.0882362,0.463371,0.2319
573,2011-07-28,00:00:00.00,8.54855e-308,0.445758,0.175
574,2011-07-29,00:00:00.00,2.20238,0.433037,0.1436
575,2011-07-30,00:00:00.00,6.15859,0.430621,0.1498
576,2011-07-31,00:00:00.00,0.0450245,0.426247,0.2098
577,2011-08-01,00:00:00.00,5.37886,0.415571,0.1818
578,2011-08-02,00:00:00.00,1.62795,0.40781,0.4531
579,2011-08-03,00:00:00.00,0.0507803,0.39604,0.6768
580,2011-08-04,00:00:00.00,11.6572,0.428377,0.32
581,2011-08-05,00:00:00.00,0.543303,0.452089,0.2778
582,2011-08-06,00:00:00.00,4.81351e-308,0.41519,0.2008
583,2011-08-07,00:00:00.00,0.557155,0.399004,0.1552
584,2011-08-08,00:00:00.00,22.0226,0.605059,0.1957
585,2011-08-09,00:00:00.00,0.366126,0.75912,1.3875
586,2011-08-10,00:00:00.00,13.3828,0.858778,1.733
587,2011-08-11,00:00:00.00,4.04579,1.01906,1.4696
588,2011-08-12,00:00:00.00,0.00567019,0.886296,0.5918
589,2011-08-13,00:00:00.00,0.0448082,0.789944,0.337
590,2011-08-14,00:00:00.00,0.0552351,0.768109,0.2313
591,2011-08-15,00:00:00.00,5.43616,0.761164,0.1954
592,2011-08-16,00:00:00.00,2.80807,0.775087,0.2217
593,2011-08-17,00:00:00.00,0.0537191,0.71159,0.2044
594,2011-08-18,00:00:00.00,0.00542673,0.678713,0.1625
595,2011-08-19,00:00:00.00,0.00565374,0.648254,0.1297
596,2011-08-20,00:00:00.00,1.45875,0.622407,0.1076
597,2011-08-21,00:00:00.00,0.272982,0.597378,0.0968
598,2011-08-22,00:00:00.00,31.5868,1.70951,0.1399
599,2011-08-23,00:00:00.00,0.233332,2.6485,1.2233
600,2011-08-24,00:00:00.00,0.00442891,1.96935,0.4701
601,2011-08-25,00:00:00.00,0.0997946,1.60686,0.2461
602,2011-08-26,00:00:00.00,27.1457,4.50167,1.4951
603,2011-08-27,00:00:00.00,0.0453718,6.38614,0.9656
604,2011-08-28,00:00:00.00,0.000300502,4.13567,0.4134
605,2011-08-29,00:00:00.00,0.00529095,3.00556,0.286
606,2011-08-30,00:00:00.00,0.104301,2.5952,0.2195
607,2011-08-31,00:00:00.00,0.00236829,2.08195,0.171
608,2011-09-01,00:00:00.00,0.0140117,1.88205,0.1872
609,2011-09-02,00:00:00.00,2.79889,1.60403,0.1691
610,2011-09-03,00:00:00.00,0.000784017,1.47892,0.1705
611,2011-09-04,00:00:00.00,0.0392261,1.30982,0.1158
612,2011-09-05,00:00:00.00,8.74862,1.51036,0.2319
613,2011-09-06,00:00:00.00,10.9127,2.3097,4.9554
614,2011-09-07,00:00:00.00,0.919308,2.64117,1.0251
615,2011-09-08,00:00:00.00,2.4844,2.08344,0.5748
616,2011-09-09,00:00:00.00,0.211913,1.77343,0.4361
617,2011-09-10,00:00:00.00,0.0407715,1.59406,0.3483
618,2011-09-11,00:00:00.00,0.0126904,1.41971,0.2832
619,2011-09-12,00:00:00.00,2.56875,1.3015,0.2379
620,2011-09-13,00:00:00.00,0.290633,1.18735,0.5522
621,2011-09-14,00:00:00.00,0.586107,1.10284,0.3823
622,2011-09-15,00:00:00.00,0.119638,1.02174,0.2475
623,2011-09-16,00:00:00.00,8.95137,1.29741,0.2421
624,2011-09-17,00:00:00.00,0.240494,1.52799,0.2568
625,2011-09-18,00:00:00.00,0.000230485,1.28832,0.2093
626,2011-09-19,00:00:00.00,0,1.14477,0.1716
627,2011-09-20,00:00:00.00,4.26204,1.17037,0.156
628,2011-09-21,00:00:00.00,5.79734,1.34578,0.275
629,2011-09-22,00:00:00.00,0.470532,1.40196,0.2356
630,2011-09-23,00:00:00.00,5.84554,1.40418,0.1909
631,2011-09-24,00:00:00.00,5.6353,1.67989,0.3455
632,2011-09-25,00:00:00.00,1.20188,1.68148,1.3281
633,2011-09-26,00:00:00.00,0.010996,1.43616,0.504
634,2011-09-27,00:00:00.00,0.00427388,1.29619,0.3002
635,2011-09-28,00:00:00.00,1.3935,1.19306,0.2381
636,2011-09-29,00:00:00.00,11.1982,1.70716,0.4701
637,2011-09-30,00:00:00.00,4.12652,2.33567,0.8099
638,2011-10-01,00:00:00.00,5.04013,2.38484,1.1751
639,2011-10-02,00:00:00.00,6.88014,2.93165,0.7249
640,2011-10-03,00:00:00.00,11.3736,5.0597,2.7722
641,2011-10-04,00:00:00.00,3.61308,6.0787,4.9271
642,2011-10-05,00:00:00.00,1.68617,4.5554,2.4409
643,2011-10-06,00:00:00.00,0.0481601,3.379,1.2884
644,2011-10-07,00:00:00.00,0,2.78591,0.8184
645,2011-10-08,00:00:00.00,0,2.31694,0.589
646,2011-10-09,00:00:00.00,0,2.03358,0.4786
647,2011-10-10,00:00:00.00,0,1.77869,0.4814
648,2011-10-11,00:00:00.00,0,1.60774,0.3483
649,2011-10-12,00:00:00.00,7.35115e-308,1.44825,0.3171
650,2011-10-13,00:00:00.00,10.9201,2.32418,0.32
651,2011-10-14,00:00:00.00,0.987567,3.06609,0.6031
652,2011-10-15,00:00:00.00,14.2959,5.01866,1.7245
653,2011-10-16,00:00:00.00,29.5378,18.5253,23.503
654,2011-10-17,00:00:00.00,11.6176,26.1545,16.537
655,2011-10-18,00:00:00.00,0.0341879,15.4516,6.2297
656,2011-10-19,00:00:00.00,1.43381,7.41299,3.1432
657,2011-10-20,00:00:00.00,5.94911,7.08712,2.3418
658,2011-10-21,00:00:00.00,15.1247,14.752,10.6755
659,2011-10-22,00:00:00.00,8.67666,20.2816,14.838
660,2011-10-23,00:00:00.00,0.0695938,14.006,8.4384
661,2011-10-24,00:00:00.00,0.00235925,7.41184,3.9077
662,2011-10-25,00:00:00.00,2.03892,5.4783,2.826
663,2011-10-26,00:00:00.00,2.00407,4.96722,2.4239
664,2011-10-27,00:00:00.00,17.335,13.9199,5.8899
665,2011-10-28,00:00:00.00,4.70085,18.9365,16.8202
666,2011-10-29,00:00:00.00,0.01642,10.6107,7.8438
667,2011-10-30,00:00:00.00,1.08819,6.49611,4.3325
668,2011-10-31,00:00:00.00,0.0832757,5.06942,3.2281
669,2011-11-01,00:00:00.00,0.0601697,4.0488,2.4721
670,2011-11-02,00:00:00.00,0.00295816,3.62089,2.0416
671,2011-11-03,00:00:00.00,0,3.08516,1.7443
672,2011-11-04,00:00:00.00,0.0375568,2.91703,1.5376
673,2011-11-05,00:00:00.00,0.000685155,2.58627,1.3705
674,2011-11-06,00:00:00.00,0,2.46566,1.1978
675,2011-11-07,00:00:00.00,0,2.25855,1.0789
676,2011-11-08,00:00:00.00,0.0241466,2.15693,1.0336
677,2011-11-09,00:00:00.00,0.0978155,2.01069,0.9599
678,2011-11-10,00:00:00.00,0.0102444,1.91979,0.9373
679,2011-11-11,00:00:00.00,8.16523,3.91176,1.0109
680,2011-11-12,00:00:00.00,1.45709,5.53155,2.945
681,2011-11-13,00:00:00.00,0.146394,4.16183,3.0016
682,2011-11-14,00:00:00.00,0.000185469,3.31257,1.9822
683,2011-11-15,00:00:00.00,28.0875,17.5534,5.2953
684,2011-11-16,00:00:00.00,0.019627,22.8423,25.1737
685,2011-11-17,00:00:00.00,0.179963,8.86455,5.3236
686,2011-11-18,00:00:00.00,0.771656,5.47337,3.5113
687,2011-11-19,00:00:00.00,0.113318,4.60884,2.6844
688,2011-11-20,00:00:00.00,0.0748448,3.45587,2.3616
689,2011-11-21,00:00:00.00,0.231816,3.34193,2.1889
690,2011-11-22,00:00:00.00,0.078758,2.68155,1.9312
691,2011-11-23,00:00:00.00,12.4967,6.20799,1.6565
692,2011-11-24,00:00:00.00,12.1584,14.257,38.5109
693,2011-11-25,00:00:00.00,0.0114768,14.4591,9.6844
694,2011-11-26,00:00:00.00,0.00346191,7.7716,4.8988
695,2011-11-27,00:00:00.00,8.2375e-308,5.38551,3.7095
696,2011-11-28,00:00:00.00,4.65888,6.18062,3.1149
697,2011-11-29,00:00:00.00,8.81324,11.5888,10.0808
698,2011-11-30,00:00:00.00,7.9218,16.6052,9.118
699,2011-12-01,00:00:00.00,4.59584,15.4064,13.6204
700,2011-12-02,00:00:00.00,0,10.3378,6.4279
701,2011-12-03,00:00:00.00,3.78546,7.9112,4.5024
702,2011-12-04,00:00:00.00,0.000396108,7.13079,4.4174
703,2011-12-05,00:00:00.00,0.3111,5.22842,4.1343
704,2011-12-06,00:00:00.00,15.1502,13.6398,5.1253
705,2011-12-07,00:00:00.00,8.20487,21.5784,36.8119
706,2011-12-08,00:00:00.00,0.592953,14.4999,9.9675
707,2011-12-09,00:00:00.00,0.0586785,7.81248,5.72
708,2011-12-10,00:00:00.00,0.943401,5.68783,4.2192
709,2011-12-11,00:00:00.00,0.041792,4.58131,4.0776
710,2011-12-12,00:00:00.00,0.0703304,4.00911,3.3697
711,2011-12-13,00:00:00.00,7.41725e-308,3.53927,2.6901
712,2011-12-14,00:00:00.00,0.000753869,3.36665,2.5485
713,2011-12-15,00:00:00.00,2.61429,4.16605,3.2564
714,2011-12-16,00:00:00.00,22.8834,20.5923,24.6923
715,2011-12-17,00:00:00.00,1.63876,25.8987,23.2198
716,2011-12-18,00:00:00.00,0.398572,10.3329,6.9376
717,2011-12-19,00:00:00.00,0.228944,6.40187,4.021
718,2011-12-20,00:00:00.00,0.467582,5.32592,3.9644
719,2011-12-21,00:00:00.00,0.0576633,4.14382,4.3891
720,2011-12-22,00:00:00.00,11.0992,10.2211,5.9182
721,2011-12-23,00:00:00.00,2.38611,14.4269,9.8826
722,2011-12-24,00:00:00.00,4.32906,10.0193,11.1568
723,2011-12-25,00:00:00.00,0.0199661,6.62787,5.3519
724,2011-12-26,00:00:00.00,2.39705,5.78555,3.8794
725,2011-12-27,00:00:00.00,0.753609,6.07213,4.4174
726,2011-12-28,00:00:00.00,6.20228,9.88817,4.7006
727,2011-12-29,00:00:00.00,3.34971,10.582,11.5533
728,2011-12-30,00:00:00.00,1.03583,6.76196,4.5307
729,2011-12-31,00:00:00.00,1.46027,5.37502,4.8988
730,2012-01-01,00:00:00.00,1.40862,7.32312,9.6844
731,2012-01-02,00:00:00.00,7.77893,13.1637,7.5606
732,2012-01-03,00:00:00.00,4.83613,13.6823,8.1553
733,2012-01-04,00:00:00.00,3.00548,7.89298,3.5396
734,2012-01-05,00:00:00.00,0.111733,5.67131,2.2653
735,2012-01-06,00:00:00.00,0.18329,4.58722,2.8317
736,2012-01-07,00:00:00.00,0.00728711,3.97516,3.2564
737,2012-01-08,00:00:00.00,0.344649,6.2044,5.2953
738,2012-01-09,00:00:00.00,0.446741,7.58153,4.021
739,2012-01-10,00:00:00.00,0.00365755,5.32355,2.5485
740,2012-01-11,00:00:00.00,0.150211,4.26987,2.5485
741,2012-01-12,00:00:00.00,0.435314,4.5166,2.4862
742,2012-01-13,00:00:00.00,16.9368,16.0141,19.6802
743,2012-01-14,00:00:00.00,11.2894,20.7126,10.6471
744,2012-01-15,00:00:00.00,1.46736,10.1081,5.2386
745,2012-01-16,00:00:00.00,0.148879,6.37391,3.5679
746,2012-01-17,00:00:00.00,3.06309,5.23232,3.7945
747,2012-01-18,00:00:00.00,2.68886,5.29235,39.6436
748,2012-01-19,00:00:00.00,0.325321,5.44852,22.6818
749,2012-01-20,00:00:00.00,4.1098,4.27903,5.2386
750,2012-01-21,00:00:00.00,0.453623,3.80612,3.8228
751,2012-01-22,00:00:00.00,3.26201,3.32671,3.7378
752,2012-01-23,00:00:00.00,0.0179164,3.14655,3.2564
753,2012-01-24,00:00:00.00,7.1646,5.83379,6.5129
754,2012-01-25,00:00:00.00,0.547188,7.61524,14.4416
755,2012-01-26,00:00:00.00,0.679006,5.24216,5.1537
756,2012-01-27,00:00:00.00,5.4432,5.03118,4.2192
757,2012-01-28,00:00:00.00,21.6724,16.1406,36.5287
758,2012-01-29,00:00:00.00,2.97767,19.8494,12.3178
759,2012-01-30,00:00:00.00,12.6428,11.147,6.5412
760,2012-01-31,00:00:00.00,1.43845,8.90694,5.2386
761,2012-02-01,00:00:00.00,0.239761,6.18101,8.9481
762,2012-02-02,00:00:00.00,5.97931,33.5413,38.7941
763,2012-02-03,00:00:00.00,0.492358,41.0981,10.9303
764,2012-02-04,00:00:00.00,0.0369491,10.4929,5.8333
765,2012-02-05,00:00:00.00,0.0198428,6.22858,4.7006
766,2012-02-06,00:00:00.00,0.148705,5.64151,4.1343
767,2012-02-07,00:00:00.00,0.0231636,4.07538,3.7095
768,2012-02-08,00:00:00.00,0.700811,4.20124,3.483
769,2012-02-09,00:00:00.00,0.0135102,3.29806,2.6901
770,2012-02-10,00:00:00.00,0.00153806,3.47007,2.2653
771,2012-02-11,00:00:00.00,2.68018,2.88647,2.254
772,2012-02-12,00:00:00.00,5.37337,3.01845,1.9369
773,2012-02-13,00:00:00.00,4.34131,2.6315,1.5348
774,2012-02-14,00:00:00.00,0.00988191,2.69582,2.0445
775,2012-02-15,00:00:00.00,2.12979,2.44673,2.0445
776,2012-02-16,00:00:00.00,0.933406,2.45121,2.1408
777,2012-02-17,00:00:00.00,2.50278,2.5985,2.5882
778,2012-02-18,00:00:00.00,1.17685,2.84577,6.0315
779,2012-02-19,00:00:00.00,3.91018,2.74426,4.2475
780,2012-02-20,00:00:00.00,0.424539,2.74791,3.3131
781,2012-02-21,00:00:00.00,0.0288033,2.53189,2.2653
782,2012-02-22,00:00:00.00,0.943079,2.36713,2.1238
783,2012-02-23,00:00:00.00,9.16396,12.8591,4.8422
784,2012-02-24,00:00:00.00,1.99558,19.6059,7.7871
785,2012-02-25,00:00:00.00,15.7436,25.0909,14.1867
786,2012-02-26,00:00:00.00,2.61438,24.9366,13.4505
787,2012-02-27,00:00:00.00,0.0018717,9.46445,4.9554
788,2012-02-28,00:00:00.00,0.243423,5.89397,4.3325
789,2012-02-29,00:00:00.00,0.242136,5.1078,5.1253
790,2012-03-01,00:00:00.00,0.421518,3.80581,3.9927
791,2012-03-02,00:00:00.00,0.886945,9.19181,8.8065
792,2012-03-03,00:00:00.00,2.37197,13.8391,7.3341
793,2012-03-04,00:00:00.00,1.09827,11.0364,11.4683
794,2012-03-05,00:00:00.00,1.52368,7.37181,4.9554
795,2012-03-06,00:00:00.00,0.239573,5.51322,3.398
796,2012-03-07,00:00:00.00,0.00118556,4.2431,2.8317
797,2012-03-08,00:00:00.00,0.000206806,3.84812,3.398
798,2012-03-09,00:00:00.00,7.9416,7.13524,7.6172
799,2012-03-10,00:00:00.00,1.26017,9.3088,17.7263
800,2012-03-11,00:00:00.00,0.0963422,5.86061,5.4652
801,2012-03-12,00:00:00.00,0.000702346,4.47537,4.4741
802,2012-03-13,00:00:00.00,0.763819,3.77314,4.2475
803,2012-03-14,00:00:00.00,2.37822,3.75321,6.1164
804,2012-03-15,00:00:00.00,6.8836e-308,3.71359,4.7289
805,2012-03-16,00:00:00.00,1.71793,3.17379,3.6812
806,2012-03-17,00:00:00.00,1.2826,2.83276,3.8228
807,2012-03-18,00:00:00.00,0,2.58048,3.3414
808,2012-03-19,00:00:00.00,0.433921,2.36214,2.809
809,2012-03-20,00:00:00.00,0.281921,2.17915,3.1149
810,2012-03-21,00:00:00.00,0.00372455,2.01558,2.6731
811,2012-03-22,00:00:00.00,4.5309e-308,1.86957,2.2314
812,2012-03-23,00:00:00.00,0.00109517,1.73638,1.934
813,2012-03-24,00:00:00.00,0.012598,1.61731,1.7103
814,2012-03-25,00:00:00.00,8.48975,2.65434,1.7245
815,2012-03-26,00:00:00.00,2.6135,3.65093,4.021
816,2012-03-27,00:00:00.00,0.00701758,3.00594,2.9733
817,2012-03-28,00:00:00.00,0.00556475,2.46443,1.8802
818,2012-03-29,00:00:00.00,2.25867,2.24268,1.6622
819,2012-03-30,00:00:00.00,1.5444,2.00956,1.8859
820,2012-03-31,00:00:00.00,2.10533,1.86384,1.7925
821,2012-04-01,00:00:00.00,0.641515,1.71047,1.9001
822,2012-04-02,00:00:00.00,9.72122,2.98557,3.483
823,2012-04-03,00:00:00.00,0.0655233,3.98149,6.258
824,2012-04-04,00:00:00.00,0.00102853,3.05539,2.945
825,2012-04-05,00:00:00.00,0.0832469,2.48625,2.2002
826,2012-04-06,00:00:00.00,9.20393e-308,2.23631,1.767
827,2012-04-07,00:00:00.00,4.928e-308,1.94364,1.5263
828,2012-04-08,00:00:00.00,0,1.78822,1.3649
829,2012-04-09,00:00:00.00,0.33146,1.60641,1.2176
830,2012-04-10,00:00:00.00,0.0152567,1.49518,1.1723
831,2012-04-11,00:00:00.00,1.63652,1.37338,1.0675
832,2012-04-12,00:00:00.00,2.08993,1.31187,1.0845
833,2012-04-13,00:00:00.00,0.0189389,1.24385,1.4413
834,2012-04-14,00:00:00.00,0,1.1686,1.1978
835,2012-04-15,00:00:00.00,0.201303,1.09601,0.9514
836,2012-04-16,00:00:00.00,2.4087,1.0402,0.9798
837,2012-04-17,00:00:00.00,0.0726756,0.9841,1.11
838,2012-04-18,00:00:00.00,3.73691e-308,0.935885,0.9061
839,2012-04-19,00:00:00.00,1.86846e-308,0.888814,0.7702
840,2012-04-20,00:00:00.00,0.000164642,0.847686,0.7249
841,2012-04-21,00:00:00.00,0.000329514,0.807628,0.6853
842,2012-04-22,00:00:00.00,16.4345,1.98147,1.3819
843,2012-04-23,00:00:00.00,1.34988,2.98484,3.5962
844,2012-04-24,00:00:00.00,27.4778,4.59002,11.7515
845,2012-04-25,00:00:00.00,4.22746,7.33208,21.6907
846,2012-04-26,00:00:00.00,0.12744,7.10185,21.3792
847,2012-04-27,00:00:00.00,2.43762,5.91104,12.1762
848,2012-04-28,00:00:00.00,0.306281,4.77278,7.0509
849,2012-04-29,00:00:00.00,0.00079913,3.52334,3.9077
850,2012-04-30,00:00:00.00,0.000977191,2.93451,2.9733
851,2012-05-01,00:00:00.00,9.48852,4.01584,2.4126
852,2012-05-02,00:00:00.00,4.80055,5.44838,8.3252
853,2012-05-03,00:00:00.00,0.49666,4.48171,4.8139
854,2012-05-04,00:00:00.00,0.0212953,3.36856,3.7378
855,2012-05-05,00:00:00.00,2.51219,2.7859,5.3802
856,2012-05-06,00:00:00.00,0.00554425,2.35021,3.1998
857,2012-05-07,00:00:00.00,0.0091607,2.0625,2.0416
858,2012-05-08,00:00:00.00,2.3212,1.81892,1.6594
859,2012-05-09,00:00:00.00,11.149,2.85327,4.3608
860,2012-05-10,00:00:00.00,0.198377,3.67512,4.2475
861,2012-05-11,00:00:00.00,0.051641,2.81862,2.2512
862,2012-05-12,00:00:00.00,1.988e-308,2.27797,1.5829
863,2012-05-13,00:00:00.00,6.8525e-308,2.02806,1.2374
864,2012-05-14,00:00:00.00,0.00912194,1.74928,1.0421
865,2012-05-15,00:00:00.00,0.028174,1.59287,0.9373
866,2012-05-16,00:00:00.00,0.00241476,1.41934,0.8608
867,2012-05-17,00:00:00.00,0.070449,1.30943,0.7787
868,2012-05-18,00:00:00.00,0,1.19288,0.7164
869,2012-05-19,00:00:00.00,0,1.11127,0.6428
870,2012-05-20,00:00:00.00,8.68052e-308,1.02794,0.5918
871,2012-05-21,00:00:00.00,4.34026e-308,0.96431,0.5295
872,2012-05-22,00:00:00.00,1.66381,0.901986,0.4757
873,2012-05-23,00:00:00.00,1.44226,0.852022,0.4814
874,2012-05-24,00:00:00.00,0.0356356,0.804183,0.4616
875,2012-05-25,00:00:00.00,0.000897181,0.763684,0.4219
876,2012-05-26,00:00:00.00,0.0428898,0.725431,0.3851
877,2012-05-27,00:00:00.00,1.5572e-308,0.692138,0.4502
878,2012-05-28,00:00:00.00,0.0384359,0.661028,0.3256
879,2012-05-29,00:00:00.00,0.00847385,0.633348,0.3143
880,2012-05-30,00:00:00.00,0.401755,0.607583,0.2945
881,2012-05-31,00:00:00.00,0.0419328,0.584315,0.337
882,2012-06-01,00:00:00.00,0.086975,0.56268,0.3426
883,2012-06-02,00:00:00.00,21.0646,0.880427,0.3766
884,2012-06-03,00:00:00.00,0.752266,1.13839,0.9656
885,2012-06-04,00:00:00.00,19.2107,1.68601,1.4866
886,2012-06-05,00:00:00.00,2.35134,2.2414,2.5655
887,2012-06-06,00:00:00.00,0.0532425,1.77909,1.2743
888,2012-06-07,00:00:00.00,0.212307,1.48657,0.8155
889,2012-06-08,00:00:00.00,0.00834276,1.3905,0.5578
890,2012-06-09,00:00:00.00,0.126092,1.22922,0.4332
891,2012-06-10,00:00:00.00,5.73915,1.21842,0.3851
892,2012-06-11,00:00:00.00,0.199022,1.1668,0.4191
893,2012-06-12,00:00:00.00,8.6324,1.22507,0.3483
894,2012-06-13,00:00:00.00,16.9294,2.09792,2.1634
895,2012-06-14,00:00:00.00,0.0178103,2.67162,5.9182
896,2012-06-15,00:00:00.00,0.0043807,2.07156,1.3677
897,2012-06-16,00:00:00.00,0.00330189,1.73193,0.7079
898,2012-06-17,00:00:00.00,0.00167708,1.56871,0.4899
899,2012-06-18,00:00:00.00,0.505062,1.38388,0.3851
900,2012-06-19,00:00:00.00,1.71777,1.27436,0.3313
901,2012-06-20,00:00:00.00,0.310877,1.15464,0.4106
902,2012-06-21,00:00:00.00,0,1.07489,0.32
903,2012-06-22,00:00:00.00,0.00586428,0.991555,0.2452
904,2012-06-23,00:00:00.00,0.605438,0.930748,0.205
905,2012-06-24,00:00:00.00,0.0430114,0.869906,0.1787
906,2012-06-25,00:00:00.00,0.749685,0.822216,0.1659
907,2012-06-26,00:00:00.00,0.651334,0.775919,0.1577
908,2012-06-27,00:00:00.00,0.000899094,0.73765,0.1379
909,2012-06-28,00:00:00.00,0.033548,0.701196,0.1317
910,2012-06-29,00:00:00.00,0.0090652,0.669866,0.1218
911,2012-06-30,00:00:00.00,0.00795365,0.640375,0.107
912,2012-07-01,00:00:00.00,0.0360624,0.614332,0.1019
913,2012-07-02,00:00:00.00,0.0178817,0.589966,0.0852
914,2012-07-03,00:00:00.00,1.856e-308,0.568029,0.0779
915,2012-07-04,00:00:00.00,0.63087,0.547543,0.0807
916,2012-07-05,00:00:00.00,0.0812234,0.52884,0.0779
917,2012-07-06,00:00:00.00,0.000173023,0.511363,0.0745
918,2012-07-07,00:00:00.00,5.58237e-308,0.495239,0.0637
919,2012-07-08,00:00:00.00,4.46832,0.480147,0.0575
920,2012-07-09,00:00:00.00,0.0456813,0.466117,0.0583
921,2012-07-10,00:00:00.00,0.00266697,0.452946,0.0708
922,2012-07-11,00:00:00.00,0.0027162,0.440625,0.0855
923,2012-07-12,00:00:00.00,0.000671282,0.429028,0.0821
924,2012-07-13,00:00:00.00,0,0.418125,0.0722
925,2012-07-14,00:00:00.00,0.279355,0.407832,0.0561
926,2012-07-15,00:00:00.00,0.0195016,0.398117,0.0331
927,2012-07-16,00:00:00.00,2.43782,0.388919,0.032
928,2012-07-17,00:00:00.00,0.334374,0.380207,0.0362
929,2012-07-18,00:00:00.00,0.149188,0.371937,0.0411
930,2012-07-19,00:00:00.00,0.131437,0.364081,0.0371
931,2012-07-20,00:00:00.00,1.20627,0.356604,0.032
932,2012-07-21,00:00:00.00,3.26776,0.349483,0.0447
933,2012-07-22,00:00:00.00,0.216469,0.342691,0.0711
934,2012-07-23,00:00:00.00,0.235821,0.336205,0.0578
935,2012-07-24,00:00:00.00,0.135799,0.330006,0.09
936,2012-07-25,00:00:00.00,0.0459977,0.324075,0.0762
937,2012-07-26,00:00:00.00,0.754309,0.318395,0.0566
938,2012-07-27,00:00:00.00,17.3978,0.336422,0.0561
939,2012-07-28,00:00:00.00,3.75769,0.347884,0.0742
940,2012-07-29,00:00:00.00,3.74924,0.326305,3.0865
941,2012-07-30,00:00:00.00,0.135255,0.316796,1.2346
942,2012-07-31,00:00:00.00,0.00188913,0.312936,0.3681
943,2012-08-01,00:00:00.00,2.16966,0.306629,0.1781
944,2012-08-02,00:00:00.00,0.247884,0.302439,0.3002
945,2012-08-03,00:00:00.00,0.0201946,0.29707,0.2945
946,2012-08-04,00:00:00.00,0.109325,0.292866,0.1691
947,2012-08-05,00:00:00.00,0.0175673,0.288128,0.1087
948,2012-08-06,00:00:00.00,16.8969,0.334199,0.7759
949,2012-08-07,00:00:00.00,0.00307421,0.36518,1.3422
950,2012-08-08,00:00:00.00,3.22097e-308,0.325459,0.337
951,2012-08-09,00:00:00.00,0.00377832,0.311575,0.1674
952,2012-08-10,00:00:00.00,0.768443,0.30973,0.1116
953,2012-08-11,00:00:00.00,4.33096,0.305036,0.0977
954,2012-08-12,00:00:00.00,0.181705,0.30389,0.1931
955,2012-08-13,00:00:00.00,1.7968,0.296015,0.1928
956,2012-08-14,00:00:00.00,0.17267,0.291888,0.1838
957,2012-08-15,00:00:00.00,7.09137,0.302485,0.1617
958,2012-08-16,00:00:00.00,0.342386,0.309352,0.2008
959,2012-08-17,00:00:00.00,0.0086841,0.293869,0.171
960,2012-08-18,00:00:00.00,3.31214,0.28704,0.1498
961,2012-08-19,00:00:00.00,0.00413976,0.283708,0.0954
962,2012-08-20,00:00:00.00,0.00840634,0.27896,0.0875
963,2012-08-21,00:00:00.00,0.0597388,0.275474,0.0796
964,2012-08-22,00:00:00.00,0.0190878,0.271319,0.0589
965,2012-08-23,00:00:00.00,0.00376724,0.26787,0.0521
966,2012-08-24,00:00:00.00,1.93045e-308,0.26413,0.0439
967,2012-08-25,00:00:00.00,3.18302e-308,0.260803,0.0357
968,2012-08-26,00:00:00.00,0.0302125,0.257374,0.0286
969,2012-08-27,00:00:00.00,0.0384777,0.254204,0.0244
970,2012-08-28,00:00:00.00,3.415,0.251055,0.0246
971,2012-08-29,00:00:00.00,0.103835,0.248072,0.0309
972,2012-08-30,00:00:00.00,0.000578512,0.245081,0.034
973,2012-08-31,00:00:00.00,0,0.242236,0.0294
974,2012-09-01,00:00:00.00,0.00329619,0.239452,0.0201
975,2012-09-02,00:00:00.00,1.03486e-308,0.236765,0.015
976,2012-09-03,00:00:00.00,0,0.234144,0.0088
977,2012-09-04,00:00:00.00,0.0153912,0.231604,0.0068
978,2012-09-05,00:00:00.00,34.3476,0.443233,0.0654
979,2012-09-06,00:00:00.00,0.27046,0.592949,0.4219
980,2012-09-07,00:00:00.00,0.171837,0.439457,0.207
981,2012-09-08,00:00:00.00,1.42166,0.394498,0.1286
982,2012-09-09,00:00:00.00,21.6374,0.891035,0.2022
983,2012-09-10,00:00:00.00,0.0917787,1.26884,0.1617
984,2012-09-11,00:00:00.00,0.037034,0.97398,0.1008
985,2012-09-12,00:00:00.00,0,0.84616,0.0844
986,2012-09-13,00:00:00.00,0,0.832127,0.075
987,2012-09-14,00:00:00.00,0,0.765429,0.0711
988,2012-09-15,00:00:00.00,7.85465,0.90657,0.0793
989,2012-09-16,00:00:00.00,0.138307,0.994804,0.0753
990,2012-09-17,00:00:00.00,0.00376103,0.879863,0.064
991,2012-09-18,00:00:00.00,0.0335255,0.804649,0.0592
992,2012-09-19,00:00:00.00,12.5154,1.16598,0.0702
993,2012-09-20,00:00:00.00,0.0153376,1.44781,0.1017
994,2012-09-21,00:00:00.00,0.00367352,1.20116,0.0917
995,2012-09-22,00:00:00.00,1.42599,1.05962,0.0773
996,2012-09-23,00:00:00.00,19.9887,2.31892,0.354
997,2012-09-24,00:00:00.00,0.403529,3.34187,0.3285
998,2012-09-25,00:00:00.00,0.283879,2.51253,0.1801
999,2012-09-26,00:00:00.00,0.0129914,2.00142,0.1235
1000,2012-09-27,00:00:00.00,3.5573,1.92434,0.1002
1001,2012-09-28,00:00:00.00,0.0052587,1.75664,0.1192
1002,2012-09-29,00:00:00.00,0.279064,1.58042,0.1119
1003,2012-09-30,00:00:00.00,0.828798,1.38798,0.1096
1004,2012-10-01,00:00:00.00,0.997835,1.29235,0.1011
1005,2012-10-02,00:00:00.00,0.00831236,1.17084,0.1042
1006,2012-10-03,00:00:00.00,3.90809,1.19823,0.0991
1007,2012-10-04,00:00:00.00,0.0675095,1.19993,0.0912
1008,2012-10-05,00:00:00.00,0.0103673,1.08742,0.0886
1009,2012-10-06,00:00:00.00,2.00577,0.998342,0.0917
1010,2012-10-07,00:00:00.00,18.0063,2.31356,0.2769
1011,2012-10-08,00:00:00.00,6.97017,4.28165,0.3993
1012,2012-10-09,00:00:00.00,0.614002,4.00206,0.371
1013,2012-10-10,00:00:00.00,3.454e-308,2.9409,0.3115
1014,2012-10-11,00:00:00.00,0.607565,2.46833,0.2594
1015,2012-10-12,00:00:00.00,0.190702,2.07678,0.188
1016,2012-10-13,00:00:00.00,2.01387,1.92038,0.154
1017,2012-10-14,00:00:00.00,1.00615,1.76723,0.1591
1018,2012-10-15,00:00:00.00,8.34589,2.32486,0.3115
1019,2012-10-16,00:00:00.00,0.249114,2.79848,0.2172
1020,2012-10-17,00:00:00.00,0.0337828,2.25399,0.2381
1021,2012-10-18,00:00:00.00,0.000947084,1.88589,0.1979
1022,2012-10-19,00:00:00.00,8.79296,2.63869,0.1699
1023,2012-10-20,00:00:00.00,2.97978,3.44607,0.4389
1024,2012-10-21,00:00:00.00,3.90203,3.38325,0.6173
1025,2012-10-22,00:00:00.00,0.0155629,3.13012,0.4701
1026,2012-10-23,00:00:00.00,0.13485,2.5818,0.5125
1027,2012-10-24,00:00:00.00,23.5514,8.59076,1.2006
1028,2012-10-25,00:00:00.00,2.03182,12.0847,3.2564
1029,2012-10-26,00:00:00.00,0.210971,6.67086,1.3252
1030,2012-10-27,00:00:00.00,0.143838,4.41206,0.7844
1031,2012-10-28,00:00:00.00,9.23153,6.13181,1.699
1032,2012-10-29,00:00:00.00,9.90558,10.8076,4.4174
1033,2012-10-30,00:00:00.00,38.4599,34.6421,11.3267
1034,2012-10-31,00:00:00.00,15.3311,46.939,82.9684
1035,2012-11-01,00:00:00.00,2.4285,24.0879,11.44
1036,2012-11-02,00:00:00.00,6.13356,13.5859,10.3356
1037,2012-11-03,00:00:00.00,2.62497,12.774,8.9764
1038,2012-11-04,00:00:00.00,0.48143,8.2718,5.4368
1039,2012-11-05,00:00:00.00,0.297606,6.0047,3.936
1040,2012-11-06,00:00:00.00,0.476388,4.58672,3.1149
1041,2012-11-07,00:00:00.00,0,4.1641,2.3701
1042,2012-11-08,00:00:00.00,6.453e-308,3.45862,1.9114
1043,2012-11-09,00:00:00.00,0,3.35208,1.6027
1044,2012-11-10,00:00:00.00,0.0363637,2.90582,1.4045
1045,2012-11-11,00:00:00.00,1.06985,2.91086,1.3082
1046,2012-11-12,00:00:00.00,0.0600269,2.65931,1.2035
1047,2012-11-13,00:00:00.00,8.54127,5.87872,1.1242
1048,2012-11-14,00:00:00.00,2.07788,8.20889,3.5113
1049,2012-11-15,00:00:00.00,0.000433051,5.9007,2.6873
1050,2012-11-16,00:00:00.00,0,4.42118,1.8151
1051,2012-11-17,00:00:00.00,0,3.79739,1.4725
1052,2012-11-18,00:00:00.00,0,3.21254,1.2488
1053,2012-11-19,00:00:00.00,3.54818e-308,2.98262,1.1015
1054,2012-11-20,00:00:00.00,0.0180463,2.64175,1.0251
1055,2012-11-21,00:00:00.00,0.00184764,2.49562,0.9741
1056,2012-11-22,00:00:00.00,9.3714e-308,2.28633,0.9288
1057,2012-11-23,00:00:00.00,0.000372097,2.17519,0.8608
1058,2012-11-24,00:00:00.00,1.33948,2.14774,0.8353
1059,2012-11-25,00:00:00.00,0.345435,2.16607,0.8608
1060,2012-11-26,00:00:00.00,0.895638,2.01136,0.8438
1061,2012-11-27,00:00:00.00,0.295831,1.90851,0.8269
1062,2012-11-28,00:00:00.00,0.0598388,1.82312,0.7872
1063,2012-11-29,00:00:00.00,0.696434,1.74742,0.7674
1064,2012-11-30,00:00:00.00,0.015034,1.6806,0.7136
1065,2012-12-01,00:00:00.00,1.57358,1.64404,0.8438
1066,2012-12-02,00:00:00.00,0.023812,1.61168,0.7532
1067,2012-12-03,00:00:00.00,9.03479,3.92013,1.1355
1068,2012-12-04,00:00:00.00,0.10056,5.62394,3.5679
1069,2012-12-05,00:00:00.00,7.45677,6.85935,2.8317
1070,2012-12-06,00:00:00.00,0.372761,7.75241,12.1479
1071,2012-12-07,00:00:00.00,0.00149932,5.14146,4.021
1072,2012-12-08,00:00:00.00,0.817228,3.89806,2.86
1073,2012-12-09,00:00:00.00,4.9869,5.02749,2.9166
1074,2012-12-10,00:00:00.00,2.27874,6.07222,3.6246
1075,2012-12-11,00:00:00.00,4.04844,6.54143,7.9854
1076,2012-12-12,00:00:00.00,0.463454,6.29014,5.9749
1077,2012-12-13,00:00:00.00,1.17329,4.60726,3.5962
1078,2012-12-14,00:00:00.00,0.00113897,3.63533,2.659
1079,2012-12-15,00:00:00.00,0.0213332,3.23406,2.1747
1080,2012-12-16,00:00:00.00,0.26328,2.7472,1.9001
1081,2012-12-17,00:00:00.00,1.00305,2.70216,1.8208
1082,2012-12-18,00:00:00.00,5.86539,4.31791,2.0133
1083,2012-12-19,00:00:00.00,9.1598,9.57354,6.4562
1084,2012-12-20,00:00:00.00,0.114028,10.4069,7.5889
1085,2012-12-21,00:00:00.00,6.73718,9.08782,3.6812
1086,2012-12-22,00:00:00.00,15.0071,16.3905,3.8511
1087,2012-12-23,00:00:00.00,8.04348,16.9109,4.3608
1088,2012-12-24,00:00:00.00,0.538993,8.99007,3.5679
1089,2012-12-25,00:00:00.00,0.704565,5.90343,3.1998
1090,2012-12-26,00:00:00.00,1.20257,4.60222,2.8883
1091,2012-12-27,00:00:00.00,18.7478,3.84414,2.3418
1092,2012-12-28,00:00:00.00,11.0406,3.39754,1.0477
1093,2012-12-29,00:00:00.00,0.589423,3.04519,2.2653
1094,2012-12-30,00:00:00.00,7.01825,2.81165,3.2848
1095,2012-12-31,00:00:00.00,0.961807,2.60401,3.5113
1096,2013-01-01,00:00:00.00,0.451596,2.45626,3.483
1097,2013-01-02,00:00:00.00,0.281831,2.32055,3.4263
1098,2013-01-03,00:00:00.00,0.185264,2.21595,3.0016
1099,2013-01-04,00:00:00.00,1.42599,2.1185,3.1149
1100,2013-01-05,00:00:00.00,0.173962,2.03766,2.945
1101,2013-01-06,00:00:00.00,0.0188799,1.96086,2.9166
1102,2013-01-07,00:00:00.00,0.680609,1.89475,3.0865
1103,2013-01-08,00:00:00.00,0.366766,1.83342,3.3697
1104,2013-01-09,00:00:00.00,8.74924e-308,1.77732,3.1432
1105,2013-01-10,00:00:00.00,0.206433,1.72304,3.398
1106,2013-01-11,00:00:00.00,0.00309948,1.76639,6.796
1107,2013-01-12,00:00:00.00,2.29849,26.4363,12.1762
1108,2013-01-13,00:00:00.00,0.00462298,38.7998,35.3961
1109,2013-01-14,00:00:00.00,1.69102,17.6698,23.9277
1110,2013-01-15,00:00:00.00,0.111417,10.3402,11.2984
1111,2013-01-16,00:00:00.00,0.021961,7.04847,5.5218
1112,2013-01-17,00:00:00.00,0.0568965,4.79116,4.1059
1113,2013-01-18,00:00:00.00,0.718392,4.51483,3.5962
1114,2013-01-19,00:00:00.00,0.482024,3.46112,2.2059
1115,2013-01-20,00:00:00.00,0.0870222,3.52556,2.945
1116,2013-01-21,00:00:00.00,0.597993,2.88124,3.3131
1117,2013-01-22,00:00:00.00,0.812943,2.97546,1.5886
1118,2013-01-23,00:00:00.00,0.495694,2.56634,1.1808
1119,2013-01-24,00:00:00.00,0.6519,2.6243,0.9996
1120,2013-01-25,00:00:00.00,1.36632,2.37462,1.1836
1121,2013-01-26,00:00:00.00,0.55002,2.37851,1.1751
1122,2013-01-27,00:00:00.00,0.0731921,2.2237,1.1582
1123,2013-01-28,00:00:00.00,0.13495,2.19835,1.0845
1124,2013-01-29,00:00:00.00,9.34603,4.4477,1.413
1125,2013-01-30,00:00:00.00,13.142,17.7173,18.6891
1126,2013-01-31,00:00:00.00,2.91292,22.8155,39.6436
1127,2013-02-01,00:00:00.00,2.58226,12.0519,25.2586
1128,2013-02-02,00:00:00.00,7.05236,6.9468,5.3802
1129,2013-02-03,00:00:00.00,3.7056,5.26771,3.1149
1130,2013-02-04,00:00:00.00,1.33863,4.18863,3.398
1131,2013-02-05,00:00:00.00,0.745503,3.76305,2.945
1132,2013-02-06,00:00:00.00,0.210802,3.22053,2.7128
1133,2013-02-07,00:00:00.00,0.441125,3.07804,2.5287
1134,2013-02-08,00:00:00.00,0.0889365,2.74641,1.6424
1135,2013-02-09,00:00:00.00,32.2971,9.58253,2.4862
1136,2013-02-10,00:00:00.00,3.83444,13.1065,3.5962
1137,2013-02-11,00:00:00.00,0.0495683,7.27716,3.1432
1138,2013-02-12,00:00:00.00,3.15899,5.88176,8.5517
1139,2013-02-13,00:00:00.00,0.888093,5.58834,11.1568
1140,2013-02-14,00:00:00.00,0.104437,4.24492,5.72
1141,2013-02-15,00:00:00.00,0.573357,3.70408,5.2953
1142,2013-02-16,00:00:00.00,0.351525,3.14637,6.7677
1143,2013-02-17,00:00:00.00,0.0875192,2.95272,3.9644
1144,2013-02-18,00:00:00.00,1.22483,2.62745,2.322
1145,2013-02-19,00:00:00.00,0.0967609,2.50448,2.339
1146,2013-02-20,00:00:00.00,2.13608,2.36961,4.4741
1147,2013-02-21,00:00:00.00,0.979104,2.33367,5.5501
1148,2013-02-22,00:00:00.00,0.592097,2.17443,3.2848
1149,2013-02-23,00:00:00.00,0.535915,2.07877,2.7864
1150,2013-02-24,00:00:00.00,0.461819,1.97558,2.6759
1151,2013-02-25,00:00:00.00,0.342541,1.89644,2.574
1152,2013-02-26,00:00:00.00,0.0718147,1.81389,2.3276
1153,2013-02-27,00:00:00.00,8.34402,2.63993,2.4834
1154,2013-02-28,00:00:00.00,13.1387,8.0183,26.6462
1155,2013-03-01,00:00:00.00,2.6338,10.1573,18.4343
1156,2013-03-02,00:00:00.00,0.719335,6.13806,8.2402
1157,2013-03-03,00:00:00.00,1.39076,4.44318,5.3236
1158,2013-03-04,00:00:00.00,2.32289,3.6902,4.3042
1159,2013-03-05,00:00:00.00,0.669418,3.08076,3.398
1160,2013-03-06,00:00:00.00,0.107297,2.7918,3.1149
1161,2013-03-07,00:00:00.00,0.188755,2.45465,3.5962
1162,2013-03-08,00:00:00.00,0.994353,2.28352,4.1343
1163,2013-03-09,00:00:00.00,0.566076,2.08162,4.3891
1164,2013-03-10,00:00:00.00,0.00826337,1.96122,5.0121
1165,2013-03-11,00:00:00.00,0.0395833,33.8699,10.0808
1166,2013-03-12,00:00:00.00,0.953729,45.1452,20.8695
1167,2013-03-13,00:00:00.00,4.18834,15.5301,20.2749
1168,2013-03-14,00:00:00.00,1.39511,10.5213,7.1358
1169,2013-03-15,00:00:00.00,0.490652,7.27464,4.5307
1170,2013-03-16,00:00:00.00,0.244709,4.58798,3.8228
1171,2013-03-17,00:00:00.00,0.283633,4.56028,3.4263
1172,2013-03-18,00:00:00.00,0.179877,3.25503,2.7212
1173,2013-03-19,00:00:00.00,3.12251,3.59372,2.1521
1174,2013-03-20,00:00:00.00,1.63941,2.71396,3.0016
1175,2013-03-21,00:00:00.00,1.66046,2.9773,2.6618
1176,2013-03-22,00:00:00.00,1.76295,2.39705,2.5485
1177,2013-03-23,00:00:00.00,1.73025,2.56546,2.5712
1178,2013-03-24,00:00:00.00,0.0827205,2.19405,2.4352
1179,2013-03-25,00:00:00.00,0.00485237,2.23905,2.5485
1180,2013-03-26,00:00:00.00,0.071441,2.00584,3.2848
1181,2013-03-27,00:00:00.00,0.616576,1.99002,3.5679
1182,2013-03-28,00:00:00.00,1.10008,1.83833,5.7766
1183,2013-03-29,00:00:00.00,0.582015,2.20576,6.7111
1184,2013-03-30,00:00:00.00,0.127455,3.29438,9.8826
1185,2013-03-31,00:00:00.00,0.00358459,4.25548,13.0257
1186,2013-04-01,00:00:00.00,1.20907,4.27832,9.9392
1187,2013-04-02,00:00:00.00,1.64048,3.77717,10.1941
1188,2013-04-03,00:00:00.00,0.499459,3.14923,5.3519
1189,2013-04-04,00:00:00.00,0.179285,2.74891,3.9927
1190,2013-04-05,00:00:00.00,0.004811,2.45255,3.4263
1191,2013-04-06,00:00:00.00,0.0203537,2.23018,3.8228
1192,2013-04-07,00:00:00.00,0.0439367,2.05686,3.0865
1193,2013-04-08,00:00:00.00,0.13604,1.91324,2.7241
1194,2013-04-09,00:00:00.00,1.29364,1.79024,3.0016
1195,2013-04-10,00:00:00.00,19.6627,8.32708,3.7095
1196,2013-04-11,00:00:00.00,30.1209,30.6306,47.5723
1197,2013-04-12,00:00:00.00,5.90091,32.2901,38.2277
1198,2013-04-13,00:00:00.00,18.0498,23.8928,49.8376
1199,2013-04-14,00:00:00.00,0.508711,22.6553,16.4238
1200,2013-04-15,00:00:00.00,0.123451,9.31651,7.6172
1201,2013-04-16,00:00:00.00,0.000567814,5.70404,5.3236
1202,2013-04-17,00:00:00.00,5.47771,6.43793,4.8422
1203,2013-04-18,00:00:00.00,0.010067,6.15814,6.258
1204,2013-04-19,00:00:00.00,0.0104099,4.93084,4.1909
1205,2013-04-20,00:00:00.00,1.40664,3.57216,3.7095
1206,2013-04-21,00:00:00.00,1.00341,3.46005,3.936
1207,2013-04-22,00:00:00.00,0.00435286,2.7053,3.3131
1208,2013-04-23,00:00:00.00,0,2.72757,2.7439
1209,2013-04-24,00:00:00.00,1.80781e-308,2.24222,2.356
1210,2013-04-25,00:00:00.00,5.56524,2.91168,2.3616
1211,2013-04-26,00:00:00.00,0.369396,3.2122,4.3325
1212,2013-04-27,00:00:00.00,0.00112691,2.75899,3.1715
1213,2013-04-28,00:00:00.00,0.000399734,2.30576,2.3928
1214,2013-04-29,00:00:00.00,1.67579,2.14689,2.0162
1215,2013-04-30,00:00:00.00,1.92356,1.89228,2.2144
1216,2013-05-01,00:00:00.00,0.0235446,1.77647,2.0926
1217,2013-05-02,00:00:00.00,0.0166834,1.60219,1.7047
1218,2013-05-03,00:00:00.00,0,1.49933,1.3932
1219,2013-05-04,00:00:00.00,5.87024e-308,1.37163,1.1921
1220,2013-05-05,00:00:00.00,2.93512e-308,1.28457,1.0591
1221,2013-05-06,00:00:00.00,0,1.18826,0.9458
1222,2013-05-07,00:00:00.00,0,1.11585,0.858
1223,2013-05-08,00:00:00.00,0,1.04128,0.7532
1224,2013-05-09,00:00:00.00,7.52792,1.26563,0.7249
1225,2013-05-10,00:00:00.00,8.47908,1.94381,3.9927
1226,2013-05-11,00:00:00.00,9.659,2.99804,4.644
1227,2013-05-12,00:00:00.00,3.49548,3.38474,10.6471
1228,2013-05-13,00:00:00.00,2.74741,2.80977,4.1343
1229,2013-05-14,00:00:00.00,0.233486,2.37948,2.8317
1230,2013-05-15,00:00:00.00,0.0764036,2.06618,2.0162
1231,2013-05-16,00:00:00.00,0.795269,1.79723,1.5433
1232,2013-05-17,00:00:00.00,4.6505e-308,1.6222,1.2091
1233,2013-05-18,00:00:00.00,0,1.45444,0.9684
1234,2013-05-19,00:00:00.00,0.0163917,1.33434,0.8269
1235,2013-05-20,00:00:00.00,0.637223,1.21985,0.7306
1236,2013-05-21,00:00:00.00,0.047559,1.13176,0.6938
1237,2013-05-22,00:00:00.00,0.616316,1.04855,0.6315
1238,2013-05-23,00:00:00.00,1.84331,0.981414,0.6258
1239,2013-05-24,00:00:00.00,7.61971,1.10346,0.8099
1240,2013-05-25,00:00:00.00,2.69345,1.22245,0.8297
1241,2013-05-26,00:00:00.00,0.0430297,1.08426,0.9061
1242,2013-05-27,00:00:00.00,0,0.985773,0.657
1243,2013-05-28,00:00:00.00,0,0.932275,0.5324
1244,2013-05-29,00:00:00.00,26.3355,2.81467,1.6565
1245,2013-05-30,00:00:00.00,11.2133,5.62668,25.9949
1246,2013-05-31,00:00:00.00,0.0497232,5.16955,4.8988
1247,2013-06-01,00:00:00.00,0.0777704,3.55839,2.2031
1248,2013-06-02,00:00:00.00,14.6555,4.6127,1.3507
1249,2013-06-03,00:00:00.00,14.0865,8.14372,38.5109
1250,2013-06-04,00:00:00.00,0.0221897,8.11584,6.3147
1251,2013-06-05,00:00:00.00,0.000166392,4.89605,2.945
1252,2013-06-06,00:00:00.00,0.0386894,3.58252,1.8661
1253,2013-06-07,00:00:00.00,38.3582,15.3656,37.3782
1254,2013-06-08,00:00:00.00,0.727315,19.9731,28.6
1255,2013-06-09,00:00:00.00,1.62854,8.11524,8.1269
1256,2013-06-10,00:00:00.00,0.0472105,4.87888,5.097
1257,2013-06-11,00:00:00.00,4.08592,3.98278,3.5962
1258,2013-06-12,00:00:00.00,6.07136,3.46609,6.9093
1259,2013-06-13,00:00:00.00,0.352386,3.6332,4.8988
1260,2013-06-14,00:00:00.00,30.798,13.9808,58.6159
1261,2013-06-15,00:00:00.00,0.0119209,18.4978,17.4149
1262,2013-06-16,00:00:00.00,0.0100435,7.91639,5.5218
1263,2013-06-17,00:00:00.00,4.14251,4.98894,4.1059
1264,2013-06-18,00:00:00.00,1.28713,4.02114,3.9077
1265,2013-06-19,00:00:00.00,0.205392,3.03615,2.6108
1266,2013-06-20,00:00:00.00,0,2.73642,1.9907
1267,2013-06-21,00:00:00.00,0,2.20998,1.5603
1268,2013-06-22,00:00:00.00,7.4183e-308,2.04102,1.2884
1269,2013-06-23,00:00:00.00,0.423055,1.73624,1.1072
1270,2013-06-24,00:00:00.00,0.521776,1.61387,0.9911
1271,2013-06-25,00:00:00.00,0.00106207,1.42262,0.8325
1272,2013-06-26,00:00:00.00,0.183195,1.32714,0.7561
1273,2013-06-27,00:00:00.00,0.00433015,1.19916,0.7136
1274,2013-06-28,00:00:00.00,8.91476,1.43267,0.6853
1275,2013-06-29,00:00:00.00,10.2285,2.18886,1.3932
1276,2013-06-30,00:00:00.00,8.24628,2.98545,5.097
1277,2013-07-01,00:00:00.00,0.0400875,2.93819,2.1974
1278,2013-07-02,00:00:00.00,11.901,3.49465,1.2318
1279,2013-07-03,00:00:00.00,0.70141,4.0076,1.4611
1280,2013-07-04,00:00:00.00,0.67034,3.0238,1.413
1281,2013-07-05,00:00:00.00,2.79734,2.40228,4.8988
1282,2013-07-06,00:00:00.00,0.712702,2.10225,2.945
1283,2013-07-07,00:00:00.00,0.0620815,1.79212,1.4923
1284,2013-07-08,00:00:00.00,1.45821,1.61673,1.0506
1285,2013-07-09,00:00:00.00,0.0580186,1.43111,1.2035
1286,2013-07-10,00:00:00.00,2.23964,1.314,1.4866
1287,2013-07-11,00:00:00.00,1.44249,1.1929,0.9713
1288,2013-07-12,00:00:00.00,0.0465968,1.10846,0.8438
1289,2013-07-13,00:00:00.00,0.0106131,1.02323,0.6598
1290,2013-07-14,00:00:00.00,0.0113945,0.958774,0.5833
1291,2013-07-15,00:00:00.00,0.00494059,0.895822,0.5437
1292,2013-07-16,00:00:00.00,0.0794553,0.845244,0.4502
1293,2013-07-17,00:00:00.00,0.225108,0.796989,0.3908
1294,2013-07-18,00:00:00.00,0.1295,0.756495,0.3426
1295,2013-07-19,00:00:00.00,0,0.718418,0.3087
1296,2013-07-20,00:00:00.00,15.768,0.919547,0.4474
1297,2013-07-21,00:00:00.00,38.8175,4.78125,45.307
1298,2013-07-22,00:00:00.00,0.250016,7.11548,7.8154
1299,2013-07-23,00:00:00.00,1.90107,4.37605,2.5344
1300,2013-07-24,00:00:00.00,3.67838,3.14889,1.6905
1301,2013-07-25,00:00:00.00,0.0863602,2.69072,1.4045
1302,2013-07-26,00:00:00.00,0.00604615,2.15433,0.9798
1303,2013-07-27,00:00:00.00,0,1.93561,0.7674
1304,2013-07-28,00:00:00.00,0.953397,1.64671,0.7192
1305,2013-07-29,00:00:00.00,2.19256,1.51177,0.6485
1306,2013-07-30,00:00:00.00,2.45049,1.33868,0.5777
1307,2013-07-31,00:00:00.00,0.00172242,1.24418,0.5267
1308,2013-08-01,00:00:00.00,0.00423809,1.1299,0.4616
1309,2013-08-02,00:00:00.00,6.66291,1.18863,0.4644
1310,2013-08-03,00:00:00.00,4.81731,1.2796,0.4842
1311,2013-08-04,00:00:00.00,1.0863,1.20101,0.4757
1312,2013-08-05,00:00:00.00,9.55761e-308,1.0733,0.4078
1313,2013-08-06,00:00:00.00,0.00606135,1.00217,0.3398
1314,2013-08-07,00:00:00.00,0.03807,0.933205,0.3002
1315,2013-08-08,00:00:00.00,0.109098,0.879481,0.2832
1316,2013-08-09,00:00:00.00,21.1768,1.69457,0.4814
1317,2013-08-10,00:00:00.00,16.9623,4.08221,5.2386
1318,2013-08-11,00:00:00.00,0.0290668,4.71985,2.4239
1319,2013-08-12,00:00:00.00,0.0236313,3.30397,0.8523
1320,2013-08-13,00:00:00.00,2.9009,2.61755,0.5295
1321,2013-08-14,00:00:00.00,7.66618,2.68366,0.6173
1322,2013-08-15,00:00:00.00,0.0381522,2.7595,0.7391
1323,2013-08-16,00:00:00.00,2.19127e-308,2.25269,0.4474
1324,2013-08-17,00:00:00.00,0,1.8906,0.337
1325,2013-08-18,00:00:00.00,0.00946058,1.69258,0.2888
1326,2013-08-19,00:00:00.00,0.000208456,1.48954,0.2568
1327,2013-08-20,00:00:00.00,0.000170927,1.36106,0.2322
1328,2013-08-21,00:00:00.00,0.000153314,1.23024,0.2084
1329,2013-08-22,00:00:00.00,4.5549e-308,1.13914,0.1866
1330,2013-08-23,00:00:00.00,0.00335991,1.04862,0.175
1331,2013-08-24,00:00:00.00,0.00926792,0.980493,0.1699
1332,2013-08-25,00:00:00.00,9e-308,0.91456,0.156
1333,2013-08-26,00:00:00.00,0.123566,0.861829,0.1515
1334,2013-08-27,00:00:00.00,6.80873,0.894298,0.1648
1335,2013-08-28,00:00:00.00,2.45849,0.921431,0.2404
1336,2013-08-29,00:00:00.00,2.12878,0.835262,0.2888
1337,2013-08-30,00:00:00.00,0.0172031,0.780632,0.2775
1338,2013-08-31,00:00:00.00,0.0509429,0.745367,0.2121
1339,2013-09-01,00:00:00.00,0.399721,0.706476,0.1846
1340,2013-09-02,00:00:00.00,1.27452,0.676572,0.1676
1341,2013-09-03,00:00:00.00,0.412924,0.645742,0.1611
1342,2013-09-04,00:00:00.00,0.058509,0.620314,0.2056
1343,2013-09-05,00:00:00.00,1.45687,0.595143,0.1773
1344,2013-09-06,00:00:00.00,0.417379,0.573437,0.1591
1345,2013-09-07,00:00:00.00,0.000706908,0.552436,0.1433
1346,2013-09-08,00:00:00.00,5.07457,0.562314,0.1557
1347,2013-09-09,00:00:00.00,0.718339,0.566921,0.1863
1348,2013-09-10,00:00:00.00,0.0730933,0.533032,0.1691
1349,2013-09-11,00:00:00.00,1.40379,0.511415,0.1702
1350,2013-09-12,00:00:00.00,0.91292,0.497172,0.1535
1351,2013-09-13,00:00:00.00,3.7228,0.488859,0.1611
1352,2013-09-14,00:00:00.00,0.95708,0.481978,0.2059
1353,2013-09-15,00:00:00.00,0.0254219,0.463068,0.2229
1354,2013-09-16,00:00:00.00,1.87552,0.449548,0.1838
1355,2013-09-17,00:00:00.00,2.14031,0.437745,0.1778
1356,2013-09-18,00:00:00.00,1.9222e-308,0.426373,0.1795
1357,2013-09-19,00:00:00.00,0.0114902,0.415753,0.1603
1358,2013-09-20,00:00:00.00,0.00577163,0.405603,0.139
1359,2013-09-21,00:00:00.00,0.000410135,0.396102,0.1271
1360,2013-09-22,00:00:00.00,44.7729,1.94443,0.8495
1361,2013-09-23,00:00:00.00,0.109086,3.23982,1.2941
1362,2013-09-24,00:00:00.00,0.000433784,2.30431,0.5239
1363,2013-09-25,00:00:00.00,0,1.82042,0.2945
1364,2013-09-26,00:00:00.00,0,1.68874,0.2243
1365,2013-09-27,00:00:00.00,0,1.45036,0.1906
1366,2013-09-28,00:00:00.00,0,1.35712,0.1657
1367,2013-09-29,00:00:00.00,0.00128476,1.209,0.1546
1368,2013-09-30,00:00:00.00,0,1.13674,0.143
1369,2013-10-01,00:00:00.00,0.00120334,1.03793,0.1325
1370,2013-10-02,00:00:00.00,0.000619858,0.979953,0.1232
1371,2013-10-03,00:00:00.00,0.00149755,0.910044,0.1218
1372,2013-10-04,00:00:00.00,0.0556964,0.862759,0.1184
1373,2013-10-05,00:00:00.00,7.6522,0.998129,0.132
1374,2013-10-06,00:00:00.00,3.88607,1.18814,0.7362
1375,2013-10-07,00:00:00.00,3.37964,1.14913,2.5202
1376,2013-10-08,00:00:00.00,17.193,2.21655,4.3608
1377,2013-10-09,00:00:00.00,0.165047,3.10869,3.5113
1378,2013-10-10,00:00:00.00,0.00193722,2.35587,1.2997
1379,2013-10-11,00:00:00.00,0.00099475,1.9143,0.7306
1380,2013-10-12,00:00:00.00,0.00622046,1.73887,0.5154
1381,2013-10-13,00:00:00.00,0.00135981,1.5107,0.4417
1382,2013-10-14,00:00:00.00,3.65136,1.50167,0.4955
1383,2013-10-15,00:00:00.00,6.27699,1.80286,0.4361
1384,2013-10-16,00:00:00.00,0.045973,1.96428,0.5239
1385,2013-10-17,00:00:00.00,10.911,2.58291,0.5069
1386,2013-10-18,00:00:00.00,11.0481,4.98039,1.1865
1387,2013-10-19,00:00:00.00,3.99457,5.99397,10.1941
1388,2013-10-20,00:00:00.00,4.18441,5.28992,2.945
1389,2013-10-21,00:00:00.00,1.65538,4.56016,3.7378
1390,2013-10-22,00:00:00.00,0.953278,3.50301,3.6812
1391,2013-10-23,00:00:00.00,10.1111,5.0121,5.4935
1392,2013-10-24,00:00:00.00,1.32089,6.079,3.1998
1393,2013-10-25,00:00:00.00,0.581557,4.21547,2.4211
1394,2013-10-26,00:00:00.00,4.072,3.93597,1.699
1395,2013-10-27,00:00:00.00,6.08484,5.28166,1.9142
1396,2013-10-28,00:00:00.00,0.0165957,5.24941,2.3786
1397,2013-10-29,00:00:00.00,0.0538144,3.81655,1.8264
1398,2013-10-30,00:00:00.00,0.204732,3.02694,1.3847
1399,2013-10-31,00:00:00.00,0.818721,2.62513,1.0789
1400,2013-11-01,00:00:00.00,26.2262,12.1546,3.8228
1401,2013-11-02,00:00:00.00,4.81266,18.2929,20.0766
1402,2013-11-03,00:00:00.00,7.30516,13.5149,8.6366
1403,2013-11-04,00:00:00.00,0.128779,10.8309,7.419
1404,2013-11-05,00:00:00.00,4.75872e-308,6.48102,3.6529
1405,2013-11-06,00:00:00.00,8.7e-308,4.50767,2.5655
1406,2013-11-07,00:00:00.00,6.96939,6.17701,2.0586
1407,2013-11-08,00:00:00.00,9.58653,11.5136,14.3
1408,2013-11-09,00:00:00.00,2.08776,12.1607,5.5784
1409,2013-11-10,00:00:00.00,1.52852,7.64823,3.3697
1410,2013-11-11,00:00:00.00,1.36094,5.91083,3.0016
1411,2013-11-12,00:00:00.00,8.48084,8.16677,3.5679
1412,2013-11-13,00:00:00.00,1.11807,9.27193,8.8915
1413,2013-11-14,00:00:00.00,0.234022,5.86693,4.4741
1414,2013-11-15,00:00:00.00,0.0338275,4.42699,3.6812
1415,2013-11-16,00:00:00.00,0,3.72913,3.7095
1416,2013-11-17,00:00:00.00,0,3.19173,3.7661
1417,2013-11-18,00:00:00.00,2.24358,3.31229,3.2564
1418,2013-11-19,00:00:00.00,8.03133,6.84574,7.5323
1419,2013-11-20,00:00:00.00,0.317228,8.49179,4.0493
1420,2013-11-21,00:00:00.00,0.00022324,5.47554,2.591
1421,2013-11-22,00:00:00.00,0.914458,4.30091,2.0558
1422,2013-11-23,00:00:00.00,6.68844,6.59034,2.5457
1423,2013-11-24,00:00:00.00,0.390592,7.74467,5.7483
1424,2013-11-25,00:00:00.00,0.95923,5.2482,2.7835
1425,2013-11-26,00:00:00.00,0.106219,4.05282,1.9001
1426,2013-11-27,00:00:00.00,7.97579,4.94101,1.9199
1427,2013-11-28,00:00:00.00,7.57688,5.97127,2.0926
1428,2013-11-29,00:00:00.00,0.935276,5.10983,2.1436
1429,2013-11-30,00:00:00.00,0.641229,3.95078,1.9171
1430,2013-12-01,00:00:00.00,0.000324115,3.44339,1.5489
1431,2013-12-02,00:00:00.00,0.318735,2.96455,2.3078
1432,2013-12-03,00:00:00.00,0.0433022,4.1197,2.9166
1433,2013-12-04,00:00:00.00,0.040766,4.86322,3.6246
1434,2013-12-05,00:00:00.00,0.502989,3.8126,3.9077
1435,2013-12-06,00:00:00.00,0.615997,4.30874,12.7143
1436,2013-12-07,00:00:00.00,0.573801,4.78876,6.7677
1437,2013-12-08,00:00:00.00,0.396758,3.7297,4.559
1438,2013-12-09,00:00:00.00,0.210439,3.20918,2.4352
1439,2013-12-10,00:00:00.00,1.61685,2.96185,2.3786
1440,2013-12-11,00:00:00.00,1.49773,2.80209,2.22
1441,2013-12-12,00:00:00.00,0.872879,2.53464,1.2374
1442,2013-12-13,00:00:00.00,3.77566,2.33457,1.2035
1443,2013-12-14,00:00:00.00,2.56871,2.19032,1.8689
1444,2013-12-15,00:00:00.00,10.39,2.06303,1.7755
1445,2013-12-16,00:00:00.00,14.8205,1.9637,1.665
1446,2013-12-17,00:00:00.00,1.74504,1.875,1.8236
1447,2013-12-18,00:00:00.00,3.58471,1.80143,2.1153
1448,2013-12-19,00:00:00.00,2.65431,1.73434,2.3475
1449,2013-12-20,00:00:00.00,0.151971,1.67606,2.4183
1450,2013-12-21,00:00:00.00,10.0583,36.8157,4.2475
1451,2013-12-22,00:00:00.00,24.6573,68.1196,84.9505
1452,2013-12-23,00:00:00.00,13.7694,48.5548,103.073
1453,2013-12-24,00:00:00.00,0.975863,24.425,28.8832
1454,2013-12-25,00:00:00.00,2.58614,9.84537,9.8826
1455,2013-12-26,00:00:00.00,0.0584941,6.41013,5.3802
1456,2013-12-27,00:00:00.00,4.97896,5.73668,5.3802
1457,2013-12-28,00:00:00.00,0.904413,4.52503,4.5307
1458,2013-12-29,00:00:00.00,0.038489,4.46095,4.5307
1459,2013-12-30,00:00:00.00,0.292141,6.66215,8.0703
1460,2013-12-31,00:00:00.00,0.382142,8.47877,10.5905
1461,2014-01-01,00:00:00.00,3.46524,5.79582,3.7095
1462,2014-01-02,00:00:00.00,2.46265,4.81346,2.6731
1463,2014-01-03,00:00:00.00,10.4982,4.12008,2.0898
1464,2014-01-04,00:00:00.00,1.2926,3.79181,1.8746
1465,2014-01-05,00:00:00.00,0.00159589,3.42397,2.4692
1466,2014-01-06,00:00:00.00,0.168559,3.27519,2.9733
1467,2014-01-07,00:00:00.00,0.94992,3.02806,17.2733
1468,2014-01-08,00:00:00.00,8.02941,2.9268,12.7426
1469,2014-01-09,00:00:00.00,2.97015,2.76704,11.3267
1470,2014-01-10,00:00:00.00,0.285935,2.68497,11.3267
1471,2014-01-11,00:00:00.00,1.88342,2.80218,16.9901
1472,2014-01-12,00:00:00.00,9.7337,39.6181,48.1386
1473,2014-01-13,00:00:00.00,1.64576,49.3992,48.1386
1474,2014-01-14,00:00:00.00,0.305497,11.4197,11.7798
1475,2014-01-15,00:00:00.00,0.162511,6.15239,28.3168
1476,2014-01-16,00:00:00.00,0.589617,6.10776,9.5428
1477,2014-01-17,00:00:00.00,0.454443,4.09778,5.3802
1478,2014-01-18,00:00:00.00,0.738744,4.4426,4.4741
1479,2014-01-19,00:00:00.00,4.30771,3.38488,3.6246
1480,2014-01-20,00:00:00.00,2.44609,3.69507,3.1998
1481,2014-01-21,00:00:00.00,4.64491,3.01805,3.1715
1482,2014-01-22,00:00:00.00,0.655144,3.23202,2.22
1483,2014-01-23,00:00:00.00,0.678732,2.78711,1.9284
1484,2014-01-24,00:00:00.00,1.75807,2.92843,1.699
1485,2014-01-25,00:00:00.00,0.226807,2.6403,1.8094
1486,2014-01-26,00:00:00.00,2.68253,2.69645,1.8689
1487,2014-01-27,00:00:00.00,1.97293,2.51031,1.8123
1488,2014-01-28,00:00:00.00,8.90383,2.509,1.7556
1489,2014-01-29,00:00:00.00,0.292986,2.38688,1.6764
1490,2014-01-30,00:00:00.00,0.351097,2.36422,1.5348
1491,2014-01-31,00:00:00.00,0.0117222,2.27883,1.5546
1492,2014-02-01,00:00:00.00,0.416548,2.23966,1.6141
1493,2014-02-02,00:00:00.00,7.44339,3.31248,1.6395
1494,2014-02-03,00:00:00.00,4.86955,4.39167,3.1149
1495,2014-02-04,00:00:00.00,0.297361,3.78669,5.6634
1496,2014-02-05,00:00:00.00,0.186943,3.22867,3.9077
1497,2014-02-06,00:00:00.00,20.0637,2.94568,3.0865
1498,2014-02-07,00:00:00.00,4.87892,2.66937,2.6731
1499,2014-02-08,00:00:00.00,2.70804,2.50688,2.5089
1500,2014-02-09,00:00:00.00,0.240661,2.342,2.3588
1501,2014-02-10,00:00:00.00,2.62056,2.23337,2.3418
1502,2014-02-11,00:00:00.00,0.69103,2.12196,2.3276
1503,2014-02-12,00:00:00.00,0.372392,2.04058,2.0841
1504,2014-02-13,00:00:00.00,0.0171194,1.95953,1.6565
1505,2014-02-14,00:00:00.00,0.367131,1.89318,1.7302
1506,2014-02-15,00:00:00.00,1.20789,1.82624,1.8123
1507,2014-02-16,00:00:00.00,1.43469,1.76791,1.8321
1508,2014-02-17,00:00:00.00,1.30281,1.71171,1.7245
1509,2014-02-18,00:00:00.00,0.160649,1.66249,1.5404
1510,2014-02-19,00:00:00.00,4.80117,1.61621,1.6084
1511,2014-02-20,00:00:00.00,0.377125,1.57357,1.7103
1512,2014-02-21,00:00:00.00,20.8256,17.2008,2.3956
1513,2014-02-22,00:00:00.00,11.5846,51.7381,28.3168
1514,2014-02-23,00:00:00.00,0.228031,46.7426,30.299
1515,2014-02-24,00:00:00.00,0.0736314,14.1635,13.9036
1516,2014-02-25,00:00:00.00,0.94087,7.53126,8.2119
1517,2014-02-26,00:00:00.00,1.56618,5.99353,4.8988
1518,2014-02-27,00:00:00.00,1.85315,4.45716,3.2564
1519,2014-02-28,00:00:00.00,3.25642,4.3015,2.5513
1520,2014-03-01,00:00:00.00,0,3.49723,2.1577
1521,2014-03-02,00:00:00.00,1.73601,3.53887,2.1634
1522,2014-03-03,00:00:00.00,4.75758,3.02124,2.1039
1523,2014-03-04,00:00:00.00,0.345326,3.07909,1.8661
1524,2014-03-05,00:00:00.00,0.448567,2.74427,1.6622
1525,2014-03-06,00:00:00.00,0.463725,2.76903,1.699
1526,2014-03-07,00:00:00.00,0.0147908,2.54872,1.5348
1527,2014-03-08,00:00:00.00,4.33477e-308,2.51903,1.5065
1528,2014-03-09,00:00:00.00,0.384607,2.35951,1.6707
1529,2014-03-10,00:00:00.00,0.0581328,2.30174,1.6933
1530,2014-03-11,00:00:00.00,0.521695,2.18213,1.7613
1531,2014-03-12,00:00:00.00,0.837724,15.9628,5.3802
1532,2014-03-13,00:00:00.00,38.3915,21.6415,14.7248
1533,2014-03-14,00:00:00.00,0.605982,8.87892,5.9465
1534,2014-03-15,00:00:00.00,0.535792,5.61678,7.6455
1535,2014-03-16,00:00:00.00,1.03483,4.71286,28.3168
1536,2014-03-17,00:00:00.00,0.087103,3.62214,13.1957
1537,2014-03-18,00:00:00.00,0.0483185,3.46798,5.9182
1538,2014-03-19,00:00:00.00,0,2.84083,4.8139
1539,2014-03-20,00:00:00.00,3.80286,3.43824,10.6471
1540,2014-03-21,00:00:00.00,2.62801,3.60213,28.6
1541,2014-03-22,00:00:00.00,0.00859053,3.18061,9.0048
1542,2014-03-23,00:00:00.00,0.979053,2.71033,10.1941
1543,2014-03-24,00:00:00.00,0.34513,2.59007,7.5606
1544,2014-03-25,00:00:00.00,0.0564614,2.31683,4.3608
1545,2014-03-26,00:00:00.00,0.197991,2.22266,3.8228
1546,2014-03-27,00:00:00.00,0.0708607,2.04763,3.4263
1547,2014-03-28,00:00:00.00,0.0743557,1.96491,2.7269
1548,2014-03-29,00:00:00.00,2.1883,1.92279,15.6309
1549,2014-03-30,00:00:00.00,6.86022,2.64441,17.3582
1550,2014-03-31,00:00:00.00,3.94158,3.87358,12.2895
1551,2014-04-01,00:00:00.00,2.44e-308,9.67426,12.6859
1552,2014-04-02,00:00:00.00,0.0647884,42.8074,22.1438
1553,2014-04-03,00:00:00.00,0,50.4803,28.8832
1554,2014-04-04,00:00:00.00,0.222655,17.5474,13.9036
1555,2014-04-05,00:00:00.00,10.9942,17.464,28.3168
1556,2014-04-06,00:00:00.00,1.28422,19.2312,28.3168
1557,2014-04-07,00:00:00.00,0.000527629,8.58395,8.1836
1558,2014-04-08,00:00:00.00,14.8339,17.0979,10.6755
1559,2014-04-09,00:00:00.00,10.9723,27.7954,45.8733
1560,2014-04-10,00:00:00.00,0.0891258,19.7119,13.3089
1561,2014-04-11,00:00:00.00,5.69953,11.7122,7.5889
1562,2014-04-12,00:00:00.00,2.32725,11.0714,12.1479
1563,2014-04-13,00:00:00.00,0.0165745,7.35495,6.7111
1564,2014-04-14,00:00:00.00,1.15892,5.53722,5.5501
1565,2014-04-15,00:00:00.00,8.06671,7.77955,5.72
1566,2014-04-16,00:00:00.00,8.86124,10.591,27.0143
1567,2014-04-17,00:00:00.00,0.0214743,8.2393,9.4012
1568,2014-04-18,00:00:00.00,1.2097e-308,5.68653,5.6351
1569,2014-04-19,00:00:00.00,0.0434155,4.52088,4.3042
1570,2014-04-20,00:00:00.00,0.00220933,3.85836,3.7095
1571,2014-04-21,00:00:00.00,0.000769717,3.39746,3.2281
1572,2014-04-22,00:00:00.00,0.000198453,3.05335,2.826
1573,2014-04-23,00:00:00.00,7.88028,4.96754,3.8794
1574,2014-04-24,00:00:00.00,2.08587,6.38947,5.2669
1575,2014-04-25,00:00:00.00,0,4.72888,4.4174
1576,2014-04-26,00:00:00.00,4.70191,4.68927,3.2281
1577,2014-04-27,00:00:00.00,3.68773,5.50886,5.2386
1578,2014-04-28,00:00:00.00,0.0166805,4.89555,4.3608
1579,2014-04-29,00:00:00.00,0.000932617,3.8438,3.1432
1580,2014-04-30,00:00:00.00,12.7268,7.80911,3.4547
1581,2014-05-01,00:00:00.00,14.3689,16.8758,6.4279
1582,2014-05-02,00:00:00.00,1.63562,15.628,7.7305
1583,2014-05-03,00:00:00.00,0.958782,7.71905,4.4174
1584,2014-05-04,00:00:00.00,4.49516,6.13144,4.1626
1585,2014-05-05,00:00:00.00,0.15041,5.6077,4.7855
1586,2014-05-06,00:00:00.00,0.000305552,4.19578,3.2281
1587,2014-05-07,00:00:00.00,1.206e-308,3.46597,2.4777
1588,2014-05-08,00:00:00.00,0.0183251,2.94578,2.0388
1589,2014-05-09,00:00:00.00,4.15743,2.72045,2.3843
1590,2014-05-10,00:00:00.00,3.85868,2.55585,2.3078
1591,2014-05-11,00:00:00.00,0.838917,2.28439,2.7128
1592,2014-05-12,00:00:00.00,0,2.05042,2.0218
1593,2014-05-13,00:00:00.00,0.334115,1.87623,1.5518
1594,2014-05-14,00:00:00.00,11.2006,3.15902,4.7572
1595,2014-05-15,00:00:00.00,23.9144,12.8993,4.6723
1596,2014-05-16,00:00:00.00,9.53558,18.702,3.7945
1597,2014-05-17,00:00:00.00,17.1779,20.3391,21.8323
1598,2014-05-18,00:00:00.00,0.0402215,18.2667,6.796
1599,2014-05-19,00:00:00.00,0.312514,8.22529,3.5113
1600,2014-05-20,00:00:00.00,0.0404713,5.2038,2.4806
1601,2014-05-21,00:00:00.00,2.69995,4.22423,2.0133
1602,2014-05-22,00:00:00.00,2.15081,3.23327,2.4409
1603,2014-05-23,00:00:00.00,1.21883,2.99957,2.4381
1604,2014-05-24,00:00:00.00,0.939098,2.4383,1.9086
1605,2014-05-25,00:00:00.00,0.0534871,2.32503,1.5518
1606,2014-05-26,00:00:00.00,0,1.97601,1.2799
1607,2014-05-27,00:00:00.00,0,1.86624,1.0647
1608,2014-05-28,00:00:00.00,4.35432,1.67993,0.9599
1609,2014-05-29,00:00:00.00,0.0179161,1.62214,1.0647
1610,2014-05-30,00:00:00.00,0.0149961,1.45387,0.8438
1611,2014-05-31,00:00:00.00,0.000231707,1.36027,0.7759
1612,2014-06-01,00:00:00.00,0,1.24752,0.6966
1613,2014-06-02,00:00:00.00,0,1.17007,0.6003
1614,2014-06-03,00:00:00.00,0.0896486,1.08472,0.5324
1615,2014-06-04,00:00:00.00,14.2168,1.91755,1.1327
1616,2014-06-05,00:00:00.00,0.00533566,2.62417,1.195
1617,2014-06-06,00:00:00.00,0.00101743,2.05497,0.7136
1618,2014-06-07,00:00:00.00,0.00025035,1.7098,0.623
1619,2014-06-08,00:00:00.00,0.000632304,1.57329,0.5493
1620,2014-06-09,00:00:00.00,20.4816,3.37361,0.6428
1621,2014-06-10,00:00:00.00,0.803628,4.75283,3.2564
1622,2014-06-11,00:00:00.00,0.0495524,3.33133,1.2233
1623,2014-06-12,00:00:00.00,2.95087,2.57956,0.7674
1624,2014-06-13,00:00:00.00,16.5008,4.162,8.0986
1625,2014-06-14,00:00:00.00,8.49076,6.20422,33.1307
1626,2014-06-15,00:00:00.00,0.198158,5.2691,4.5307
1627,2014-06-16,00:00:00.00,0.000411697,3.65267,2.2427
1628,2014-06-17,00:00:00.00,0,2.95328,1.413
1629,2014-06-18,00:00:00.00,6.81448,2.66455,1.0647
1630,2014-06-19,00:00:00.00,0.0906734,2.58845,1.127
1631,2014-06-20,00:00:00.00,2.65041,2.12773,1.0222
1632,2014-06-21,00:00:00.00,0.00141881,1.84617,0.7617
1633,2014-06-22,00:00:00.00,0.0249268,1.63436,0.6003
1634,2014-06-23,00:00:00.00,2.7e-308,1.46613,0.5069
1635,2014-06-24,00:00:00.00,0.155093,1.32897,0.4616
1636,2014-06-25,00:00:00.00,8.12209,1.41909,0.5409
1637,2014-06-26,00:00:00.00,15.1045,2.47588,3.2848
1638,2014-06-27,00:00:00.00,0.757923,3.11016,1.7188
1639,2014-06-28,00:00:00.00,0.00121051,2.38501,0.909
1640,2014-06-29,00:00:00.00,0.578623,1.95404,0.6003
1641,2014-06-30,00:00:00.00,2.21096,1.75153,0.6031
1642,2014-07-01,00:00:00.00,0.222522,1.52547,0.6088
1643,2014-07-02,00:00:00.00,1.1015,1.39566,0.6031
1644,2014-07-03,00:00:00.00,1.13192,1.253,1.3649
1645,2014-07-04,00:00:00.00,5.71297,1.23615,2.1379
1646,2014-07-05,00:00:00.00,0.66573,1.20385,2.4749
1647,2014-07-06,00:00:00.00,0,1.09358,1.8236
1648,2014-07-07,00:00:00.00,0.0107489,1.00266,1.8548
1649,2014-07-08,00:00:00.00,17.9087,1.57288,3.0016
1650,2014-07-09,00:00:00.00,22.9161,4.47316,30.299
1651,2014-07-10,00:00:00.00,0.24137,5.71805,18.0378
1652,2014-07-11,00:00:00.00,2.27198e-308,3.79019,3.0865
1653,2014-07-12,00:00:00.00,0,2.88016,1.4527
1654,2014-07-13,00:00:00.00,1.30075e-308,2.43077,0.9741
1655,2014-07-14,00:00:00.00,12.6608,2.8541,1.5574
1656,2014-07-15,00:00:00.00,4.19257,3.32523,3.1149
1657,2014-07-16,00:00:00.00,2.52925,2.58692,2.2144
1658,2014-07-17,00:00:00.00,0.401292,2.12787,1.733
1659,2014-07-18,00:00:00.00,0.105113,1.86959,0.892
1660,2014-07-19,00:00:00.00,1.0055e-308,1.63103,0.6371
1661,2014-07-20,00:00:00.00,14.7114,2.41606,0.5465
1662,2014-07-21,00:00:00.00,4.08695,3.08868,1.0987
1663,2014-07-22,00:00:00.00,0.244511,2.42759,1.3649
1664,2014-07-23,00:00:00.00,3.8e-308,1.97405,0.807
1665,2014-07-24,00:00:00.00,4.23609,1.78373,0.5493
1666,2014-07-25,00:00:00.00,0.220537,1.55674,0.521
1667,2014-07-26,00:00:00.00,0,1.42571,0.3993
1668,2014-07-27,00:00:00.00,0.176084,1.27567,0.286
1669,2014-07-28,00:00:00.00,3.64727,1.18436,0.4417
1670,2014-07-29,00:00:00.00,26.9456,3.58008,25.117
1671,2014-07-30,00:00:00.00,0.86997,5.33924,7.3057
1672,2014-07-31,00:00:00.00,1.03568,3.60207,2.5004
1673,2014-08-01,00:00:00.00,11.1796,3.91325,8.8065
1674,2014-08-02,00:00:00.00,0.595865,4.35699,3.0865
1675,2014-08-03,00:00:00.00,16.0292,5.86036,2.5202
1676,2014-08-04,00:00:00.00,3.47962,6.90978,8.8065
1677,2014-08-05,00:00:00.00,0.0840671,4.43924,9.118
1678,2014-08-06,00:00:00.00,5.01868,3.52401,2.6165
1679,2014-08-07,00:00:00.00,0.0137911,3.15983,1.7556
1680,2014-08-08,00:00:00.00,0.0209669,2.50706,1.1893
1681,2014-08-09,00:00:00.00,0.0020339,2.16712,0.892
1682,2014-08-10,00:00:00.00,0.00110864,1.85583,0.7249
1683,2014-08-11,00:00:00.00,8.89543e-308,1.6633,0.6258
1684,2014-08-12,00:00:00.00,0.265858,1.47602,0.5154
1685,2014-08-13,00:00:00.00,30.8349,6.2226,0.8467
1686,2014-08-14,00:00:00.00,1.78202,9.13061,2.4494
1687,2014-08-15,00:00:00.00,0.154946,5.25789,1.0477
1688,2014-08-16,00:00:00.00,0.134982,3.62957,0.6286
1689,2014-08-17,00:00:00.00,2.12674,3.04203,0.4955
1690,2014-08-18,00:00:00.00,2.09087,2.37089,0.538
1691,2014-08-19,00:00:00.00,6.44259e-308,2.15676,0.4502
1692,2014-08-20,00:00:00.00,0.000271703,1.79323,0.3653
1693,2014-08-21,00:00:00.00,0.095689,1.65958,0.3171
1694,2014-08-22,00:00:00.00,0.0109188,1.44439,0.2917
1695,2014-08-23,00:00:00.00,0.054257,1.34698,0.2676
1696,2014-08-24,00:00:00.00,0.147174,1.20898,0.2418
1697,2014-08-25,00:00:00.00,0.00405421,1.1335,0.2254
1698,2014-08-26,00:00:00.00,0,1.0391,0.2002
1699,2014-08-27,00:00:00.00,0.00171327,0.978808,0.2212
1700,2014-08-28,00:00:00.00,0.284043,0.910731,0.1611
1701,2014-08-29,00:00:00.00,2.69417e-308,0.862035,0.1393
1702,2014-08-30,00:00:00.00,1.34709e-308,0.810885,0.1283
1703,2014-08-31,00:00:00.00,6.17308,0.84628,0.1215
1704,2014-09-01,00:00:00.00,6.0054,0.95487,0.1509
1705,2014-09-02,00:00:00.00,0.879291,0.950917,0.2073
1706,2014-09-03,00:00:00.00,12.2491,1.2351,0.2761
1707,2014-09-04,00:00:00.00,0.0830477,1.50925,0.5324
1708,2014-09-05,00:00:00.00,0.001345,1.25346,0.2945
1709,2014-09-06,00:00:00.00,6.70029,1.25328,0.1994
1710,2014-09-07,00:00:00.00,11.1375,1.83682,0.9826
1711,2014-09-08,00:00:00.00,0.0637827,2.11506,0.6088
1712,2014-09-09,00:00:00.00,0.000473665,1.72653,0.3483
1713,2014-09-10,00:00:00.00,0.811932,1.48529,0.2543
1714,2014-09-11,00:00:00.00,1.23518,1.36969,0.2217
1715,2014-09-12,00:00:00.00,9.55811,1.64802,0.3653
1716,2014-09-13,00:00:00.00,0.496134,1.92458,0.5267
1717,2014-09-14,00:00:00.00,1.40748,1.59309,0.3483
1718,2014-09-15,00:00:00.00,0.0518465,1.3975,0.2832
1719,2014-09-16,00:00:00.00,8.08178,1.67245,0.2529
1720,2014-09-17,00:00:00.00,2.5236,1.90657,0.3794
1721,2014-09-18,00:00:00.00,0.0167395,1.62936,0.3426
1722,2014-09-19,00:00:00.00,0.0492156,1.41464,0.2733
1723,2014-09-20,00:00:00.00,0.00212011,1.31014,0.2328
1724,2014-09-21,00:00:00.00,0.0167435,1.18548,0.2047
1725,2014-09-22,00:00:00.00,3.89593,1.17874,0.1943
1726,2014-09-23,00:00:00.00,1.64449,1.15387,0.2687
1727,2014-09-24,00:00:00.00,0.000674408,1.05573,0.2767
1728,2014-09-25,00:00:00.00,0,0.973657,0.2483
1729,2014-09-26,00:00:00.00,0,0.921003,0.1767
1730,2014-09-27,00:00:00.00,0,0.862706,0.1617
1731,2014-09-28,00:00:00.00,0,0.81946,0.2044
1732,2014-09-29,00:00:00.00,0,0.774629,0.115
1733,2014-09-30,00:00:00.00,0,0.738744,0.1175
1734,2014-10-01,00:00:00.00,0.671713,0.703191,0.1274
1735,2014-10-02,00:00:00.00,0.359783,0.673281,0.2124
1736,2014-10-03,00:00:00.00,1.665e-308,0.644357,0.1359
1737,2014-10-04,00:00:00.00,1.65439,0.61913,0.1138
1738,2014-10-05,00:00:00.00,13.9817,0.989764,0.2772
1739,2014-10-06,00:00:00.00,7.89538,1.64714,0.3993
1740,2014-10-07,00:00:00.00,9.04697,2.29316,0.3851
1741,2014-10-08,00:00:00.00,3.39235,2.63679,0.6626
1742,2014-10-09,00:00:00.00,6.72916,2.85132,1.1468
1743,2014-10-10,00:00:00.00,0.00283817,2.94342,0.9599
1744,2014-10-11,00:00:00.00,0.00270789,2.37923,0.4899
1745,2014-10-12,00:00:00.00,0.0113247,1.97708,0.3483
1746,2014-10-13,00:00:00.00,0.00676183,1.77554,0.2888
1747,2014-10-14,00:00:00.00,4.62742,1.79651,0.3426
1748,2014-10-15,00:00:00.00,0.0914373,1.87539,0.2387
1749,2014-10-16,00:00:00.00,3.52512,1.73596,0.2407
1750,2014-10-17,00:00:00.00,2.87696,1.78689,0.3087
1751,2014-10-18,00:00:00.00,11.5855,2.95495,1.1978
1752,2014-10-19,00:00:00.00,7.87395,5.12847,1.9765
1753,2014-10-20,00:00:00.00,0.545333,5.05379,2.3758
1754,2014-10-21,00:00:00.00,2.2367,3.73239,1.0166
1755,2014-10-22,00:00:00.00,8.61954,4.87945,1.3592
1756,2014-10-23,00:00:00.00,0.697849,5.41712,3.0582
1757,2014-10-24,00:00:00.00,0.00463417,3.82231,2.4806
1758,2014-10-25,00:00:00.00,0.0129541,2.98681,1.4158
1759,2014-10-26,00:00:00.00,0.159436,2.56066,1.076
1760,2014-10-27,00:00:00.00,0.0716477,2.16656,0.8042
1761,2014-10-28,00:00:00.00,0.0519671,1.94483,0.6796
1762,2014-10-29,00:00:00.00,3.86476,2.01018,0.5465
1763,2014-10-30,00:00:00.00,0.673981,2.12336,0.7334
1764,2014-10-31,00:00:00.00,0.082286,1.82193,0.6909
1765,2014-11-01,00:00:00.00,2.60238,1.821,0.606
1766,2014-11-02,00:00:00.00,5.36197,2.34036,0.6145
1767,2014-11-03,00:00:00.00,0.26637,2.53156,1.1072
1768,2014-11-04,00:00:00.00,0.0201232,2.1053,1.2431
1769,2014-11-05,00:00:00.00,2.0602,1.95578,0.9146
1770,2014-11-06,00:00:00.00,1.7708,2.00996,1.0619
1771,2014-11-07,00:00:00.00,4.00471,2.34213,1.1213
1772,2014-11-08,00:00:00.00,6.63065,3.37817,3.8511
1773,2014-11-09,00:00:00.00,1.00794,3.68113,4.0493
1774,2014-11-10,00:00:00.00,0.391844,2.9656,2.4579
1775,2014-11-11,00:00:00.00,0.00263642,2.47312,1.8661
1776,2014-11-12,00:00:00.00,0,2.17397,1.2856
1777,2014-11-13,00:00:00.00,0.944932,1.96736,1.0477
1778,2014-11-14,00:00:00.00,1.40661,1.82658,0.9288
1779,2014-11-15,00:00:00.00,0.247677,1.66042,0.858
1780,2014-11-16,00:00:00.00,0.246827,1.53556,0.7674
1781,2014-11-17,00:00:00.00,0.485399,1.43168,0.7561
1782,2014-11-18,00:00:00.00,8.46881,1.76273,0.8948
1783,2014-11-19,00:00:00.00,20.5913,2.05551,0.875
1784,2014-11-20,00:00:00.00,3.67675,1.76487,1.1327
1785,2014-11-21,00:00:00.00,13.4142,1.5791,1.076
1786,2014-11-22,00:00:00.00,0.679443,1.48906,1.076
1787,2014-11-23,00:00:00.00,3.86257,1.55975,1.699
1788,2014-11-24,00:00:00.00,3.18266,1.97767,7.6455
1789,2014-11-25,00:00:00.00,3.0585,27.4598,96.2773
1790,2014-11-26,00:00:00.00,0.558309,35.3071,64.8456
1791,2014-11-27,00:00:00.00,0.907367,9.79749,16.5654
1792,2014-11-28,00:00:00.00,1.3908,5.48086,8.7499
1793,2014-11-29,00:00:00.00,2.60994,4.95228,6.4846
1794,2014-11-30,00:00:00.00,0.0676039,3.38847,5.4368
1795,2014-12-01,00:00:00.00,1.1326,3.64654,17.0751
1796,2014-12-02,00:00:00.00,0.41595,3.02471,27.8355
1797,2014-12-03,00:00:00.00,0.730169,3.27969,7.7871
1798,2014-12-04,00:00:00.00,0.579488,2.59822,7.3907
1799,2014-12-05,00:00:00.00,0.029444,2.67116,6.3713
1800,2014-12-06,00:00:00.00,0.351641,2.28211,4.0776
1801,2014-12-07,00:00:00.00,5.16121,3.05227,12.9974
1802,2014-12-08,00:00:00.00,0.00914067,3.4838,8.4667
1803,2014-12-09,00:00:00.00,7.6765e-308,3.01372,4.2192
1804,2014-12-10,00:00:00.00,0.132874,2.5882,3.7945
1805,2014-12-11,00:00:00.00,7.00315,2.74084,3.8794
1806,2014-12-12,00:00:00.00,16.2181,2.75713,2.8062
1807,2014-12-13,00:00:00.00,0.399898,2.50312,3.6246
1808,2014-12-14,00:00:00.00,0.163992,2.25288,3.5396
1809,2014-12-15,00:00:00.00,0.537596,2.14174,4.6723
1810,2014-12-16,00:00:00.00,0.170291,7.47996,8.8915
1811,2014-12-17,00:00:00.00,7.28647,19.7339,16.4238
1812,2014-12-18,00:00:00.00,5.13433,21.1985,36.8119
1813,2014-12-19,00:00:00.00,0.71544,11.9163,12.2612
1814,2014-12-20,00:00:00.00,0.221742,6.89553,6.343
1815,2014-12-21,00:00:00.00,0.0122351,5.07013,4.6156
1816,2014-12-22,00:00:00.00,0.0262197,4.09755,3.9644
1817,2014-12-23,00:00:00.00,0.000951866,3.55602,3.6246
1818,2014-12-24,00:00:00.00,0.287245,3.13486,4.1059
1819,2014-12-25,00:00:00.00,3.78645,5.24228,8.8349
1820,2014-12-26,00:00:00.00,3.11033,8.54122,10.2224
1821,2014-12-27,00:00:00.00,0.0731538,7.97878,5.2953
1822,2014-12-28,00:00:00.00,0.214865,5.6415,3.936
1823,2014-12-29,00:00:00.00,6.84093,7.19104,6.8527
1824,2014-12-30,00:00:00.00,0.226237,8.0505,4.9554
1825,2014-12-31,00:00:00.00,0.721927,5.44549,3.398
