time,date,hour,precip [mm/day],04195820 [m3/s],04195820 (observed) [m3/s]
0,2010-01-01,00:00:00.00,---,0,
1,2010-01-02,00:00:00.00,0.108396,0.221368,2.2965
2,2010-01-03,00:00:00.00,0.267934,0.440489,3.11485
3,2010-01-04,00:00:00.00,0.0947753,0.436041,2.26535
4,2010-01-05,00:00:00.00,2.22634,0.431683,1.8406
5,2010-01-06,00:00:00.00,0.428861,0.427413,1.41584
6,2010-01-07,00:00:00.00,0.442934,0.423228,1.13267
7,2010-01-08,00:00:00.00,4.86812,0.419125,1.04772
8,2010-01-09,00:00:00.00,2.16944,0.415102,0.99109
9,2010-01-10,00:00:00.00,0.290734,0.411157,0.962773
10,2010-01-11,00:00:00.00,0.154865,0.407288,0.906139
11,2010-01-12,00:00:00.00,1.3182,0.403492,0.877822
12,2010-01-13,00:00:00.00,0.199753,0.399768,0.849505
13,2010-01-14,00:00:00.00,0.0104524,0.396113,0.821189
14,2010-01-15,00:00:00.00,0.0062781,0.392526,0.792872
15,2010-01-16,00:00:00.00,0.0659031,0.389004,0.821189
16,2010-01-17,00:00:00.00,0.00216194,0.385547,0.877822
17,2010-01-18,00:00:00.00,0.138682,0.382152,0.99109
18,2010-01-19,00:00:00.00,0.0286986,0.378817,1.10436
19,2010-01-20,00:00:00.00,0.0248249,0.375542,1.30257
20,2010-01-21,00:00:00.00,0.0423579,0.372323,1.69901
21,2010-01-22,00:00:00.00,0.0690789,0.369161,1.81228
22,2010-01-23,00:00:00.00,0.552825,0.366054,1.72733
23,2010-01-24,00:00:00.00,0.0523109,0.644262,1.52911
24,2010-01-25,00:00:00.00,8.72492,2.66793,1.67069
25,2010-01-26,00:00:00.00,1.2125,5.6139,21.5208
26,2010-01-27,00:00:00.00,1.14152,4.83382,30.8654
27,2010-01-28,00:00:00.00,0.0546038,2.53935,13.762
28,2010-01-29,00:00:00.00,0.797004,2.19557,7.07921
29,2010-01-30,00:00:00.00,0.0215281,2.13448,4.81386
30,2010-01-31,00:00:00.00,0.0572334,2.07688,3.68119
31,2010-02-01,00:00:00.00,0.00862537,2.02248,3.11485
32,2010-02-02,00:00:00.00,0.00374607,1.97102,2.26535
33,2010-02-03,00:00:00.00,0.426344,1.92226,1.92555
34,2010-02-04,00:00:00.00,0.39831,1.87601,1.64238
35,2010-02-05,00:00:00.00,0.0228107,1.83205,1.44416
36,2010-02-06,00:00:00.00,0.790508,1.79024,1.33089
37,2010-02-07,00:00:00.00,4.51486,1.75041,1.24594
38,2010-02-08,00:00:00.00,0.144595,1.71242,1.35921
39,2010-02-09,00:00:00.00,0.0335085,1.67614,1.24594
40,2010-02-10,00:00:00.00,10.8954,1.64146,1.18931
41,2010-02-11,00:00:00.00,5.02926,1.60828,1.10436
42,2010-02-12,00:00:00.00,0.104197,1.57649,1.07604
43,2010-02-13,00:00:00.00,0.292308,1.54601,1.01941
44,2010-02-14,00:00:00.00,0.261504,1.51676,0.962773
45,2010-02-15,00:00:00.00,0.233962,1.48866,0.934456
46,2010-02-16,00:00:00.00,0.180019,1.46164,0.877822
47,2010-02-17,00:00:00.00,1.27279,1.43564,0.849505
48,2010-02-18,00:00:00.00,0.36687,1.41061,0.821189
49,2010-02-19,00:00:00.00,0.113653,1.38648,0.877822
50,2010-02-20,00:00:00.00,0.000499451,1.36321,0.906139
51,2010-02-21,00:00:00.00,3.1427e-308,1.34075,0.962773
52,2010-02-22,00:00:00.00,0.0716916,1.31905,1.04772
53,2010-02-23,00:00:00.00,10.1094,1.49799,1.92555
54,2010-02-24,00:00:00.00,0.196492,2.63928,2.91664
55,2010-02-25,00:00:00.00,0.775005,2.82414,5.80495
56,2010-02-26,00:00:00.00,1.13579,2.0318,9.11802
57,2010-02-27,00:00:00.00,4.32411,1.98212,9.20298
58,2010-02-28,00:00:00.00,3.05809,1.93496,7.98535
59,2010-03-01,00:00:00.00,0.407366,1.89014,6.73941
60,2010-03-02,00:00:00.00,0.0577698,1.84747,6.03149
61,2010-03-03,00:00:00.00,0.129061,1.8068,9.79763
62,2010-03-04,00:00:00.00,0.0239907,1.768,14.1584
63,2010-03-05,00:00:00.00,0.00242934,1.73093,15.6592
64,2010-03-06,00:00:00.00,0.0145857,1.69548,18.1511
65,2010-03-07,00:00:00.00,0.000315378,1.66154,21.2376
66,2010-03-08,00:00:00.00,4.63159e-308,1.62901,30.0159
67,2010-03-09,00:00:00.00,0.038626,4.25483,47.5723
68,2010-03-10,00:00:00.00,7.0215e-308,21.1338,65.9782
69,2010-03-11,00:00:00.00,1.1936,40.9066,73.3406
70,2010-03-12,00:00:00.00,0.0856511,37.4661,73.0575
71,2010-03-13,00:00:00.00,3.35402,25.7254,56.3505
72,2010-03-14,00:00:00.00,9.23487,24.4515,45.8733
73,2010-03-15,00:00:00.00,3.73413,29.8034,88.3486
74,2010-03-16,00:00:00.00,0.394777,30.738,80.9862
75,2010-03-17,00:00:00.00,0.000330959,24.7238,41.0594
76,2010-03-18,00:00:00.00,0,19.6433,23.8711
77,2010-03-19,00:00:00.00,0,16.2678,15.9707
78,2010-03-20,00:00:00.00,0,13.874,11.7798
79,2010-03-21,00:00:00.00,0.0187668,12.0943,9.14634
80,2010-03-22,00:00:00.00,0.0783287,10.7229,6.76773
81,2010-03-23,00:00:00.00,7.22769,10.8544,5.49347
82,2010-03-24,00:00:00.00,0.481856,13.7229,7.61723
83,2010-03-25,00:00:00.00,0.000216827,14.307,12.9974
84,2010-03-26,00:00:00.00,16.5111,16.5744,9.79763
85,2010-03-27,00:00:00.00,0.441917,31.4545,12.9974
86,2010-03-28,00:00:00.00,7.29463e-308,34.9894,16.2256
87,2010-03-29,00:00:00.00,12.1613,29.2349,12.7992
88,2010-03-30,00:00:00.00,4.93608,38.9428,68.8099
89,2010-03-31,00:00:00.00,0.0651284,42.2821,76.4555
90,2010-04-01,00:00:00.00,0,32.5974,33.4139
91,2010-04-02,00:00:00.00,0,24.53,19.1988
92,2010-04-03,00:00:00.00,0,19.6154,13.0824
93,2010-04-04,00:00:00.00,0.0208992,16.3276,9.741
94,2010-04-05,00:00:00.00,0.00245153,13.9839,7.36238
95,2010-04-06,00:00:00.00,0.292254,12.2342,5.74832
96,2010-04-07,00:00:00.00,0.190195,10.881,4.89881
97,2010-04-08,00:00:00.00,7.30335,10.6937,4.72891
98,2010-04-09,00:00:00.00,27.1635,24.1647,42.7584
99,2010-04-10,00:00:00.00,0.130572,63.4412,93.7288
100,2010-04-11,00:00:00.00,5.85703e-308,68.2733,39.6436
101,2010-04-12,00:00:00.00,0.0159899,39.6327,19.3404
102,2010-04-13,00:00:00.00,0.0323851,28.4603,12.601
103,2010-04-14,00:00:00.00,0.534362,22.1271,9.51446
104,2010-04-15,00:00:00.00,0,18.0771,7.5606
105,2010-04-16,00:00:00.00,0,15.2786,6.39961
106,2010-04-17,00:00:00.00,1.7465,13.2363,5.74832
107,2010-04-18,00:00:00.00,0.0230185,11.6842,5.35188
108,2010-04-19,00:00:00.00,0.00729921,10.4667,4.81386
109,2010-04-20,00:00:00.00,0.00051961,9.48725,4.13426
110,2010-04-21,00:00:00.00,0,8.68278,3.79446
111,2010-04-22,00:00:00.00,1.863e-308,8.01047,3.76614
112,2010-04-23,00:00:00.00,0.0108836,7.44028,3.68119
113,2010-04-24,00:00:00.00,0.0425769,6.95057,3.73782
114,2010-04-25,00:00:00.00,9.98689,7.72889,3.79446
115,2010-04-26,00:00:00.00,23.1173,20.8133,6.25802
116,2010-04-27,00:00:00.00,18.5453,65.1576,76.1723
117,2010-04-28,00:00:00.00,0.00953274,98.5851,119.214
118,2010-04-29,00:00:00.00,0.00408494,75.9354,53.2357
119,2010-04-30,00:00:00.00,0.00075704,43.5418,22.6535
120,2010-05-01,00:00:00.00,0.000148193,30.5242,15.5743
121,2010-05-02,00:00:00.00,0.849739,23.4137,11.3551
122,2010-05-03,00:00:00.00,7.54459,20.4221,9.57109
123,2010-05-04,00:00:00.00,4.0232,20.9575,9.20298
124,2010-05-05,00:00:00.00,3.29379,20.1207,9.11802
125,2010-05-06,00:00:00.00,0.156236,16.9938,7.95703
126,2010-05-07,00:00:00.00,0.333196,14.508,6.93763
127,2010-05-08,00:00:00.00,2.73478,12.6646,6.0598
128,2010-05-09,00:00:00.00,3.50369,11.3915,10.9586
129,2010-05-10,00:00:00.00,0.0793948,10.6042,15.3477
130,2010-05-11,00:00:00.00,0.0307463,9.82215,9.93921
131,2010-05-12,00:00:00.00,23.2265,15.6249,9.00476
132,2010-05-13,00:00:00.00,3.53355,41.1142,47.8555
133,2010-05-14,00:00:00.00,6.7573,50.4498,53.802
134,2010-05-15,00:00:00.00,8.83562,41.3688,84.3842
135,2010-05-16,00:00:00.00,0.000257411,40.887,123.461
136,2010-05-17,00:00:00.00,2.47202e-308,34.1076,54.3683
137,2010-05-18,00:00:00.00,15.7597,31.9796,26.7877
138,2010-05-19,00:00:00.00,4.66846,45.5853,101.374
139,2010-05-20,00:00:00.00,0.429174,47.1801,137.903
140,2010-05-21,00:00:00.00,0.236037,33.3,62.8634
141,2010-05-22,00:00:00.00,5.92618,25.9055,27.524
142,2010-05-23,00:00:00.00,3.40109,22.7968,18.7741
143,2010-05-24,00:00:00.00,0.15433,19.8815,16.3955
144,2010-05-25,00:00:00.00,0.0154866,16.556,12.8275
145,2010-05-26,00:00:00.00,0.0896963,14.1875,10.0525
146,2010-05-27,00:00:00.00,0.000147508,12.4201,8.09862
147,2010-05-28,00:00:00.00,1.94109,11.0533,6.82436
148,2010-05-29,00:00:00.00,0.580456,9.96638,13.5071
149,2010-05-30,00:00:00.00,0.123437,9.08205,26.2497
150,2010-05-31,00:00:00.00,5.831e-308,8.34883,14.5832
151,2010-06-01,00:00:00.00,36.8593,20.1081,8.43842
152,2010-06-02,00:00:00.00,6.56488,73.7048,63.7129
153,2010-06-03,00:00:00.00,2.77265,87.9338,111.852
154,2010-06-04,00:00:00.00,0.375171,49.7204,49.2713
155,2010-06-05,00:00:00.00,4.36957,33.492,23.1915
156,2010-06-06,00:00:00.00,6.81163,26.2647,12.516
157,2010-06-07,00:00:00.00,8.41208,25.7387,31.998
158,2010-06-08,00:00:00.00,0.0882136,27.5389,37.9446
159,2010-06-09,00:00:00.00,0.0600649,24.8994,13.4788
160,2010-06-10,00:00:00.00,9.74944,22.2159,8.4101
161,2010-06-11,00:00:00.00,0.0505429,24.4466,35.3961
162,2010-06-12,00:00:00.00,2.59564,23.5513,23.6729
163,2010-06-13,00:00:00.00,1.52397,18.9741,10.4489
164,2010-06-14,00:00:00.00,21.0599,22.7338,10.9869
165,2010-06-15,00:00:00.00,4.40402,43.1883,16.0273
166,2010-06-16,00:00:00.00,0.984646,46.7234,10.7038
167,2010-06-17,00:00:00.00,0.150808,30.8149,6.62614
168,2010-06-18,00:00:00.00,0.000755133,23.545,4.75723
169,2010-06-19,00:00:00.00,0,19.0188,3.62456
170,2010-06-20,00:00:00.00,1.68489,15.9466,3.00159
171,2010-06-21,00:00:00.00,0.0113263,13.7336,2.60798
172,2010-06-22,00:00:00.00,0.0576631,12.0681,2.35879
173,2010-06-23,00:00:00.00,7.51666,11.4822,2.02182
174,2010-06-24,00:00:00.00,2.79632,12.1919,1.76697
175,2010-06-25,00:00:00.00,9.12891,13.1978,1.88024
176,2010-06-26,00:00:00.00,0.00259356,14.9587,7.07921
177,2010-06-27,00:00:00.00,0.80434,15.0004,3.96436
178,2010-06-28,00:00:00.00,11.6052,14.824,2.54852
179,2010-06-29,00:00:00.00,8.63747,20.9751,8.49505
180,2010-06-30,00:00:00.00,0.0339184,25.421,22.6535
181,2010-07-01,00:00:00.00,0,22.2955,11.4966
182,2010-07-02,00:00:00.00,0,18.0976,4.78555
183,2010-07-03,00:00:00.00,8.38386e-308,15.2389,2.97327
184,2010-07-04,00:00:00.00,0.180911,13.1609,2.12376
185,2010-07-05,00:00:00.00,0.00202634,11.5868,1.60273
186,2010-07-06,00:00:00.00,0.00069756,10.3555,1.31956
187,2010-07-07,00:00:00.00,0.000790014,9.36727,1.07604
188,2010-07-08,00:00:00.00,0,8.55734,0.923129
189,2010-07-09,00:00:00.00,4.18027,7.88182,0.795703
190,2010-07-10,00:00:00.00,11.9009,8.7051,0.976931
191,2010-07-11,00:00:00.00,0.456979,13.4199,7.19248
192,2010-07-12,00:00:00.00,0.337808,14.8056,11.9214
193,2010-07-13,00:00:00.00,0.838286,11.87,5.0404
194,2010-07-14,00:00:00.00,1.06068,10.5504,2.71842
195,2010-07-15,00:00:00.00,0.267446,9.50004,1.8236
196,2010-07-16,00:00:00.00,0.00161786,8.64514,1.34505
197,2010-07-17,00:00:00.00,0.382236,7.93636,1.00525
198,2010-07-18,00:00:00.00,0.0471937,7.33954,0.792872
199,2010-07-19,00:00:00.00,2.51751,6.83027,0.705089
200,2010-07-20,00:00:00.00,0.860343,6.39069,0.699426
201,2010-07-21,00:00:00.00,0.058368,6.00741,0.597485
202,2010-07-22,00:00:00.00,0.0348177,5.67024,0.532357
203,2010-07-23,00:00:00.00,3.30223,5.37128,0.603149
204,2010-07-24,00:00:00.00,0.766333,5.10432,3.48297
205,2010-07-25,00:00:00.00,12.2162,5.81569,2.7524
206,2010-07-26,00:00:00.00,5.18672,9.97301,2.88832
207,2010-07-27,00:00:00.00,0.096119,11.6046,3.34139
208,2010-07-28,00:00:00.00,0,9.43618,2.15774
209,2010-07-29,00:00:00.00,1.03358,8.56227,1.67069
210,2010-07-30,00:00:00.00,2.24779,7.84024,1.28275
211,2010-07-31,00:00:00.00,0.00220638,7.23417,1.1978
212,2010-08-01,00:00:00.00,0.0865565,6.71848,1.05055
213,2010-08-02,00:00:00.00,0.00336304,6.27451,0.821189
214,2010-08-03,00:00:00.00,7.5388e-308,5.88835,0.702258
215,2010-08-04,00:00:00.00,1.74213,5.5494,0.603149
216,2010-08-05,00:00:00.00,1.79636,5.24951,0.552179
217,2010-08-06,00:00:00.00,9.81927,5.67814,0.518198
218,2010-08-07,00:00:00.00,0.0653749,8.26335,0.580495
219,2010-08-08,00:00:00.00,0.00245007,9.04211,0.942951
220,2010-08-09,00:00:00.00,0.00168646,7.49959,0.849505
221,2010-08-10,00:00:00.00,0.172862,6.93397,0.753228
222,2010-08-11,00:00:00.00,0.0876209,6.45062,0.679604
223,2010-08-12,00:00:00.00,7.87957,6.5285,0.792872
224,2010-08-13,00:00:00.00,7.08706,8.47298,0.750396
225,2010-08-14,00:00:00.00,0.00627335,10.3439,0.639961
226,2010-08-15,00:00:00.00,0.0790781,9.83921,0.628634
227,2010-08-16,00:00:00.00,2.51436,8.69202,1.01657
228,2010-08-17,00:00:00.00,0.199893,7.93337,1.144
229,2010-08-18,00:00:00.00,0,7.29961,0.716416
230,2010-08-19,00:00:00.00,1.425e-308,6.7626,0.574832
231,2010-08-20,00:00:00.00,0.000157711,6.30194,0.47006
232,2010-08-21,00:00:00.00,0.010363,5.90259,0.390772
233,2010-08-22,00:00:00.00,9.21144,6.25808,0.373782
234,2010-08-23,00:00:00.00,0.872116,8.61772,0.48705
235,2010-08-24,00:00:00.00,0.182967,9.30124,0.569169
236,2010-08-25,00:00:00.00,0.56902,7.82965,0.645624
237,2010-08-26,00:00:00.00,0.00635306,7.20855,0.832515
238,2010-08-27,00:00:00.00,6.32283e-308,6.68163,0.676773
239,2010-08-28,00:00:00.00,0,6.22918,0.53802
240,2010-08-29,00:00:00.00,0,5.83655,0.458733
241,2010-08-30,00:00:00.00,1.326e-308,5.49269,0.365287
242,2010-08-31,00:00:00.00,0.03515,5.18908,0.288832
243,2010-09-01,00:00:00.00,0.0716996,4.91908,0.239277
244,2010-09-02,00:00:00.00,0.00251306,4.67741,0.199351
245,2010-09-03,00:00:00.00,1.21372,4.4598,0.186891
246,2010-09-04,00:00:00.00,2.15061,4.26281,0.221721
247,2010-09-05,00:00:00.00,0.616149,4.08362,0.202182
248,2010-09-06,00:00:00.00,0.0041212,3.91988,0.154044
249,2010-09-07,00:00:00.00,0.132789,3.76965,0.152911
250,2010-09-08,00:00:00.00,0.0429304,3.6313,0.152911
251,2010-09-09,00:00:00.00,0.000458133,3.50342,0.128275
252,2010-09-10,00:00:00.00,0.000283579,3.38483,0.0996753
253,2010-09-11,00:00:00.00,0.00175314,3.27453,0.0874991
254,2010-09-12,00:00:00.00,4.84281,3.33442,0.0940119
255,2010-09-13,00:00:00.00,0.405926,3.8016,0.188024
256,2010-09-14,00:00:00.00,0.199808,3.9444,0.237012
257,2010-09-15,00:00:00.00,0.0281511,3.66295,0.22965
258,2010-09-16,00:00:00.00,0.0101015,3.52809,0.19482
259,2010-09-17,00:00:00.00,11.8652,4.43318,0.230216
260,2010-09-18,00:00:00.00,2.23568,8.70328,0.382277
261,2010-09-19,00:00:00.00,0.0253832,9.87576,0.334139
262,2010-09-20,00:00:00.00,0.0585835,7.43433,0.563505
263,2010-09-21,00:00:00.00,0.031978,6.85508,0.509703
264,2010-09-22,00:00:00.00,0.00253514,6.36173,0.387941
265,2010-09-23,00:00:00.00,0.754924,5.93674,0.331307
266,2010-09-24,00:00:00.00,0.258251,5.56698,0.288832
267,2010-09-25,00:00:00.00,0.0127514,5.24245,0.255984
268,2010-09-26,00:00:00.00,0.000996152,4.95537,0.248339
269,2010-09-27,00:00:00.00,0.00342104,4.69965,0.273258
270,2010-09-28,00:00:00.00,2.10391,4.47041,0.25202
271,2010-09-29,00:00:00.00,17.3288,6.85056,0.472891
272,2010-09-30,00:00:00.00,0.917259,17.1139,0.696594
273,2010-10-01,00:00:00.00,5.334e-308,20.1709,0.886317
274,2010-10-02,00:00:00.00,0.0511432,14.3302,0.9741
275,2010-10-03,00:00:00.00,5.48691,13.2428,0.713585
276,2010-10-04,00:00:00.00,3.54728,14.3901,0.925961
277,2010-10-05,00:00:00.00,0.349424,15.1662,0.764555
278,2010-10-06,00:00:00.00,0.0219014,13.7987,0.600317
279,2010-10-07,00:00:00.00,0.00227796,11.9845,0.560674
280,2010-10-08,00:00:00.00,0.000932873,10.5915,0.557842
281,2010-10-09,00:00:00.00,0,9.4906,0.472891
282,2010-10-10,00:00:00.00,0,8.60006,0.427584
283,2010-10-11,00:00:00.00,0.000145737,7.8657,0.379446
284,2010-10-12,00:00:00.00,0.00667026,7.2503,0.356792
285,2010-10-13,00:00:00.00,0.0506095,6.72747,0.325644
286,2010-10-14,00:00:00.00,0.0161884,6.27798,0.328475
287,2010-10-15,00:00:00.00,9.4733,7.06751,0.481386
288,2010-10-16,00:00:00.00,0.155413,11.5169,0.509703
289,2010-10-17,00:00:00.00,0.00132863,12.8916,0.625802
290,2010-10-18,00:00:00.00,1.2688e-308,10.2421,0.639961
291,2010-10-19,00:00:00.00,0.0938746,9.20707,0.654119
292,2010-10-20,00:00:00.00,0.0221459,8.36514,0.566337
293,2010-10-21,00:00:00.00,0.00656929,7.66766,0.489881
294,2010-10-22,00:00:00.00,0.330442,7.08088,0.444574
295,2010-10-23,00:00:00.00,0.0898868,6.58067,0.438911
296,2010-10-24,00:00:00.00,0.0171503,6.14935,0.481386
297,2010-10-25,00:00:00.00,1.52831,5.7737,0.498376
298,2010-10-26,00:00:00.00,1.82066,5.44363,0.523862
299,2010-10-27,00:00:00.00,10.4152,6.36775,0.637129
300,2010-10-28,00:00:00.00,0.163248,11.3092,0.679604
301,2010-10-29,00:00:00.00,0.0707896,12.8665,0.637129
302,2010-10-30,00:00:00.00,0.215135,10.011,1.03356
303,2010-10-31,00:00:00.00,0.0908309,9.01545,1.11002
304,2010-11-01,00:00:00.00,0.00840412,8.20293,0.82402
305,2010-11-02,00:00:00.00,0.00273487,7.52795,0.72208
306,2010-11-03,00:00:00.00,0.00147958,6.95876,0.603149
307,2010-11-04,00:00:00.00,0.227152,6.47259,0.526693
308,2010-11-05,00:00:00.00,0.750077,6.05266,0.557842
309,2010-11-06,00:00:00.00,0.16387,5.68638,0.574832
310,2010-11-07,00:00:00.00,0.0320244,5.36414,0.603149
311,2010-11-08,00:00:00.00,0,5.07845,0.631466
312,2010-11-09,00:00:00.00,0,4.82341,0.654119
313,2010-11-10,00:00:00.00,0,4.59433,0.617307
314,2010-11-11,00:00:00.00,0,4.38739,0.577664
315,2010-11-12,00:00:00.00,0.0234163,4.19951,0.574832
316,2010-11-13,00:00:00.00,0.102567,4.02814,0.549347
317,2010-11-14,00:00:00.00,0.146173,3.87114,0.569169
318,2010-11-15,00:00:00.00,0.476919,3.72676,0.645624
319,2010-11-16,00:00:00.00,0.000169913,3.5935,0.659782
320,2010-11-17,00:00:00.00,9.11064,4.38863,0.693763
321,2010-11-18,00:00:00.00,15.5076,12.4868,1.07887
322,2010-11-19,00:00:00.00,0.163939,27.2149,1.69618
323,2010-11-20,00:00:00.00,0.055082,28.311,2.80054
324,2010-11-21,00:00:00.00,0.00539657,19.852,1.80945
325,2010-11-22,00:00:00.00,0.0958661,16.3609,1.24311
326,2010-11-23,00:00:00.00,4.14912,14.6805,1.06755
327,2010-11-24,00:00:00.00,6.48752,16.449,0.985426
328,2010-11-25,00:00:00.00,0.0744215,20.2366,0.855169
329,2010-11-26,00:00:00.00,33.6407,38.2936,2.06147
330,2010-11-27,00:00:00.00,9.91284,100.261,6.59783
331,2010-11-28,00:00:00.00,0.0361344,105.913,13.9319
332,2010-11-29,00:00:00.00,0.0107972,53.4366,7.16416
333,2010-11-30,00:00:00.00,0.0413531,35.1851,3.56792
334,2010-12-01,00:00:00.00,21.2286,45.2023,2.91664
335,2010-12-02,00:00:00.00,1.4072,99.2053,4.50238
336,2010-12-03,00:00:00.00,0.0347451,99.3898,7.47565
337,2010-12-04,00:00:00.00,0.0532297,50.2947,4.13426
338,2010-12-05,00:00:00.00,0.117232,33.8585,2.71842
339,2010-12-06,00:00:00.00,0.0968881,25.4157,1.81228
340,2010-12-07,00:00:00.00,0.0269727,20.3142,1.30257
341,2010-12-08,00:00:00.00,0.0491575,16.9176,0.99109
342,2010-12-09,00:00:00.00,0.506279,14.5033,1.24594
343,2010-12-10,00:00:00.00,0.191734,12.7039,0.849505
344,2010-12-11,00:00:00.00,2.17515,11.3406,0.764555
345,2010-12-12,00:00:00.00,0.128752,10.2972,0.679604
346,2010-12-13,00:00:00.00,23.5098,14.1174,0.849505
347,2010-12-14,00:00:00.00,2.36474,31.1038,1.64238
348,2010-12-15,00:00:00.00,0.0821076,35.7061,2.38145
349,2010-12-16,00:00:00.00,0.164976,24.6205,3.48297
350,2010-12-17,00:00:00.00,0.0788782,19.7023,2.57683
351,2010-12-18,00:00:00.00,0.357204,16.4113,1.98218
352,2010-12-19,00:00:00.00,0.0436278,14.0648,1.50079
353,2010-12-20,00:00:00.00,0.167965,12.3123,1.47248
354,2010-12-21,00:00:00.00,0.244099,10.9566,1.33089
355,2010-12-22,00:00:00.00,0.035936,9.87805,1.18931
356,2010-12-23,00:00:00.00,0.627872,9.00036,1.16099
357,2010-12-24,00:00:00.00,0.0468894,8.2726,1.16099
358,2010-12-25,00:00:00.00,0.0331555,7.65952,1.10436
359,2010-12-26,00:00:00.00,0.181326,7.13603,1.04772
360,2010-12-27,00:00:00.00,0.509901,6.68377,0.962773
361,2010-12-28,00:00:00.00,0.125071,6.28904,0.849505
362,2010-12-29,00:00:00.00,0.0210475,5.94142,0.821189
363,2010-12-30,00:00:00.00,0.000268449,5.63284,0.821189
364,2010-12-31,00:00:00.00,0.749279,5.35695,0.849505
365,2011-01-01,00:00:00.00,0.74803,8.68411,1.47248
366,2011-01-02,00:00:00.00,8.02647,26.7423,9.85426
367,2011-01-03,00:00:00.00,0.0765915,40.2811,41.9089
368,2011-01-04,00:00:00.00,0.00174228,33.1006,22.5968
369,2011-01-05,00:00:00.00,0.0140031,24.0769,9.62773
370,2011-01-06,00:00:00.00,0.125323,19.2759,5.40852
371,2011-01-07,00:00:00.00,0.696588,16.0532,3.51129
372,2011-01-08,00:00:00.00,0.518705,13.7508,2.46357
373,2011-01-09,00:00:00.00,1.11777,12.0293,3.34139
374,2011-01-10,00:00:00.00,0.045618,10.6965,4.04931
375,2011-01-11,00:00:00.00,0.425556,9.63589,2.21438
376,2011-01-12,00:00:00.00,6.4631,8.77277,1.07604
377,2011-01-13,00:00:00.00,2.94681,8.0572,0.821189
378,2011-01-14,00:00:00.00,1.11888,7.4546,0.736238
379,2011-01-15,00:00:00.00,0.655332,6.94029,0.707921
380,2011-01-16,00:00:00.00,0.523909,6.49621,0.707921
381,2011-01-17,00:00:00.00,0.109842,6.10888,0.707921
382,2011-01-18,00:00:00.00,0.00120873,5.76802,0.679604
383,2011-01-19,00:00:00.00,3.31745,5.64711,0.679604
384,2011-01-20,00:00:00.00,0.683188,5.83283,0.736238
385,2011-01-21,00:00:00.00,2.54297,5.81267,0.934456
386,2011-01-22,00:00:00.00,1.21744,5.49778,1.16099
387,2011-01-23,00:00:00.00,0.199919,5.21744,1.27426
388,2011-01-24,00:00:00.00,0.0801292,4.96621,1.24594
389,2011-01-25,00:00:00.00,1.46428,4.7397,1.07604
390,2011-01-26,00:00:00.00,0.0653947,4.53437,0.906139
391,2011-01-27,00:00:00.00,0.0163891,4.34733,0.849505
392,2011-01-28,00:00:00.00,1.04258,4.17617,0.821189
393,2011-01-29,00:00:00.00,2.83152,4.01889,0.829684
394,2011-01-30,00:00:00.00,0.656244,3.87383,0.829684
395,2011-01-31,00:00:00.00,0.252821,3.73957,0.80703
396,2011-02-01,00:00:00.00,0.057756,3.61489,0.787208
397,2011-02-02,00:00:00.00,15.9223,3.49877,0.829684
398,2011-02-03,00:00:00.00,12.6478,3.39031,0.80703
399,2011-02-04,00:00:00.00,0.0601097,3.28876,0.79004
400,2011-02-05,00:00:00.00,0.0030472,3.19344,0.852337
401,2011-02-06,00:00:00.00,11.7947,3.10376,0.880654
402,2011-02-07,00:00:00.00,0.479006,3.01922,0.931624
403,2011-02-08,00:00:00.00,0.840465,2.93936,0.906139
404,2011-02-09,00:00:00.00,0.171479,2.86379,0.942951
405,2011-02-10,00:00:00.00,0.000529635,2.79215,0.993921
406,2011-02-11,00:00:00.00,0.000166438,2.72412,1.06471
407,2011-02-12,00:00:00.00,0.0556367,2.65943,1.16949
408,2011-02-13,00:00:00.00,0.777229,2.59781,1.31107
409,2011-02-14,00:00:00.00,0.0902956,2.53904,1.50929
410,2011-02-15,00:00:00.00,0.0697919,4.51138,2.10961
411,2011-02-16,00:00:00.00,0.000157741,12.6696,4.04931
412,2011-02-17,00:00:00.00,0.0430389,14.7946,9.741
413,2011-02-18,00:00:00.00,0.0460852,38.2669,41.3426
414,2011-02-19,00:00:00.00,0.000158658,161.75,171.034
415,2011-02-20,00:00:00.00,0.00124462,168.643,182.077
416,2011-02-21,00:00:00.00,8.54873,64.084,86.0832
417,2011-02-22,00:00:00.00,13.8228,44.106,50.9703
418,2011-02-23,00:00:00.00,1.25172,36.4205,33.9802
419,2011-02-24,00:00:00.00,0.0158099,29.1809,24.4658
420,2011-02-25,00:00:00.00,4.06764,22.9878,16.5937
421,2011-02-26,00:00:00.00,12.5528,20.2733,13.8469
422,2011-02-27,00:00:00.00,0.619152,19.1143,13.762
423,2011-02-28,00:00:00.00,0.265795,17.0915,12.7143
424,2011-03-01,00:00:00.00,34.151,36.7502,126.01
425,2011-03-02,00:00:00.00,0,121.971,311.485
426,2011-03-03,00:00:00.00,1.206e-308,128.058,345.466
427,2011-03-04,00:00:00.00,0.0283456,56.3988,195.386
428,2011-03-05,00:00:00.00,1.39248,36.5955,69.9426
429,2011-03-06,00:00:00.00,27.1034,71.7293,92.3129
430,2011-03-07,00:00:00.00,7.00989,221.891,207.846
431,2011-03-08,00:00:00.00,0.0562842,210.284,199.917
432,2011-03-09,00:00:00.00,0.0113459,69.9501,84.3842
433,2011-03-10,00:00:00.00,19.8028,61.5172,67.6773
434,2011-03-11,00:00:00.00,2.16161,100.548,173.865
435,2011-03-12,00:00:00.00,4.49124,98.026,152.061
436,2011-03-13,00:00:00.00,0.00511798,58.9352,98.2595
437,2011-03-14,00:00:00.00,0.0175978,42.0232,62.2971
438,2011-03-15,00:00:00.00,0.0238806,29.9018,33.9802
439,2011-03-16,00:00:00.00,5.47057,25.0316,21.8889
440,2011-03-17,00:00:00.00,0.530244,25.0107,47.006
441,2011-03-18,00:00:00.00,0.000637358,23.1028,58.3327
442,2011-03-19,00:00:00.00,0.00087604,18.8173,33.697
443,2011-03-20,00:00:00.00,0,15.8785,19.7368
444,2011-03-21,00:00:00.00,0.968911,13.7451,12.7709
445,2011-03-22,00:00:00.00,7.2659,13.5228,10.5339
446,2011-03-23,00:00:00.00,0.559601,16.1612,9.62773
447,2011-03-24,00:00:00.00,3.44186,17.0062,8.58
448,2011-03-25,00:00:00.00,0.240186,15.6366,12.516
449,2011-03-26,00:00:00.00,0.00519449,14.3456,14.0452
450,2011-03-27,00:00:00.00,0.00140526,12.5394,9.99585
451,2011-03-28,00:00:00.00,0.00169515,11.1463,7.64555
452,2011-03-29,00:00:00.00,0.00667068,10.0407,6.25802
453,2011-03-30,00:00:00.00,6.08771e-308,9.14268,5.32357
454,2011-03-31,00:00:00.00,0.289442,8.39915,4.7006
455,2011-04-01,00:00:00.00,0.00279704,7.77355,4.44574
456,2011-04-02,00:00:00.00,0.0276787,7.2399,4.47406
457,2011-04-03,00:00:00.00,1.76341,6.77924,4.33248
458,2011-04-04,00:00:00.00,0.398567,6.37746,3.99268
459,2011-04-05,00:00:00.00,9.10123,7.03831,4.02099
460,2011-04-06,00:00:00.00,0.298173,10.7106,14.9796
461,2011-04-07,00:00:00.00,0.204499,11.8376,33.4139
462,2011-04-08,00:00:00.00,0.123394,9.65908,15.6592
463,2011-04-09,00:00:00.00,11.2209,10.864,26.3347
464,2011-04-10,00:00:00.00,0.175992,17.7045,72.4911
465,2011-04-11,00:00:00.00,0.0651498,19.6202,44.1743
466,2011-04-12,00:00:00.00,0.675709,15.178,27.0426
467,2011-04-13,00:00:00.00,0.226749,13.0775,18.1228
468,2011-04-14,00:00:00.00,0.00390776,11.4899,12.516
469,2011-04-15,00:00:00.00,0.000741495,10.2506,9.31624
470,2011-04-16,00:00:00.00,0.05952,9.25787,7.30575
471,2011-04-17,00:00:00.00,9.1495,9.74793,6.82436
472,2011-04-18,00:00:00.00,1.87686,13.4821,9.28793
473,2011-04-19,00:00:00.00,3.55495,14.8227,10.817
474,2011-04-20,00:00:00.00,13.3048,16.7257,10.1941
475,2011-04-21,00:00:00.00,15.6517,35.9362,112.701
476,2011-04-22,00:00:00.00,0.0576061,57.9738,200.2
477,2011-04-23,00:00:00.00,4.16749,52.7691,103.64
478,2011-04-24,00:00:00.00,13.5745,43.7473,117.232
479,2011-04-25,00:00:00.00,1.9453,50.2304,119.214
480,2011-04-26,00:00:00.00,27.1311,64.5461,74.7565
481,2011-04-27,00:00:00.00,3.60943,100.727,205.58
482,2011-04-28,00:00:00.00,7.60109,97.6535,246.073
483,2011-04-29,00:00:00.00,1.96252,60.5029,166.786
484,2011-04-30,00:00:00.00,0.762012,43.7848,77.8713
485,2011-05-01,00:00:00.00,0.00396149,30.7173,44.1743
486,2011-05-02,00:00:00.00,1.16447,23.5835,27.977
487,2011-05-03,00:00:00.00,0.760986,19.1212,18.3776
488,2011-05-04,00:00:00.00,16.0573,21.6193,17.4432
489,2011-05-05,00:00:00.00,0.437567,37.2157,57.7664
490,2011-05-06,00:00:00.00,0.0118082,39.8738,41.6258
491,2011-05-07,00:00:00.00,1.01337,27.5574,24.8905
492,2011-05-08,00:00:00.00,0.512074,21.611,17.5281
493,2011-05-09,00:00:00.00,0.0409493,17.7617,12.8842
494,2011-05-10,00:00:00.00,0.00262082,15.0792,9.57109
495,2011-05-11,00:00:00.00,0.77912,13.1092,7.70218
496,2011-05-12,00:00:00.00,0.685455,11.6045,24.0127
497,2011-05-13,00:00:00.00,3.92525,10.4194,23.9844
498,2011-05-14,00:00:00.00,7.10588,10.1514,18.7458
499,2011-05-15,00:00:00.00,6.7775,12.134,15.8574
500,2011-05-16,00:00:00.00,19.2922,21.639,83.5347
501,2011-05-17,00:00:00.00,6.10151,45.678,146.398
502,2011-05-18,00:00:00.00,2.48197,53.0788,112.135
503,2011-05-19,00:00:00.00,7.08391,39.8504,74.4733
504,2011-05-20,00:00:00.00,4.68165,34.9764,122.895
505,2011-05-21,00:00:00.00,0.324511,31.2103,134.505
506,2011-05-22,00:00:00.00,0.188456,24.9087,65.9782
507,2011-05-23,00:00:00.00,0.499892,19.9004,36.8119
508,2011-05-24,00:00:00.00,2.60555,16.5591,23.2481
509,2011-05-25,00:00:00.00,2.8347,14.1815,23.7861
510,2011-05-26,00:00:00.00,47.4939,37.3442,45.0238
511,2011-05-27,00:00:00.00,22.0796,176.145,218.889
512,2011-05-28,00:00:00.00,5.68256,235.402,368.119
513,2011-05-29,00:00:00.00,0.638982,129.188,339.802
514,2011-05-30,00:00:00.00,17.8727,74.0676,200.766
515,2011-05-31,00:00:00.00,0.137199,75.6857,176.414
516,2011-06-01,00:00:00.00,0.00696448,64.3866,90.8971
517,2011-06-02,00:00:00.00,0.0226829,39.9548,40.2099
518,2011-06-03,00:00:00.00,9.98891e-308,28.8173,22.2004
519,2011-06-04,00:00:00.00,0.0201501,22.4907,13.7903
520,2011-06-05,00:00:00.00,0.0176837,18.4376,9.99585
521,2011-06-06,00:00:00.00,0.0272037,15.6319,7.7305
522,2011-06-07,00:00:00.00,0.000579292,13.5809,6.31466
523,2011-06-08,00:00:00.00,0.00647483,12.0191,5.40852
524,2011-06-09,00:00:00.00,5.298e-308,10.7917,4.81386
525,2011-06-10,00:00:00.00,0.329687,9.80232,4.16258
526,2011-06-11,00:00:00.00,7.81684,9.78848,3.99268
527,2011-06-12,00:00:00.00,0.944697,11.3973,5.40852
528,2011-06-13,00:00:00.00,0.0157696,11.6947,7.64555
529,2011-06-14,00:00:00.00,0.000283138,10.298,5.26693
530,2011-06-15,00:00:00.00,0.000691129,9.35941,3.76614
531,2011-06-16,00:00:00.00,0.0261161,8.58501,3.00159
532,2011-06-17,00:00:00.00,0.858269,7.93538,2.74673
533,2011-06-18,00:00:00.00,0.055717,7.38264,2.88832
534,2011-06-19,00:00:00.00,0.0808678,6.90655,3.17149
535,2011-06-20,00:00:00.00,5.10382,6.60209,2.94495
536,2011-06-21,00:00:00.00,0.688371,6.50657,9.85426
537,2011-06-22,00:00:00.00,1.82473,6.30927,22.0871
538,2011-06-23,00:00:00.00,3.22916,5.96019,15.2911
539,2011-06-24,00:00:00.00,1.81138,5.65036,10.7321
540,2011-06-25,00:00:00.00,1.94445,5.37339,11.4683
541,2011-06-26,00:00:00.00,0.0840617,5.1242,6.73941
542,2011-06-27,00:00:00.00,0.00140144,4.89869,5.0404
543,2011-06-28,00:00:00.00,0.00144843,4.69353,3.65287
544,2011-06-29,00:00:00.00,0.00507767,4.50598,2.91664
545,2011-06-30,00:00:00.00,0,4.33379,2.46357
546,2011-07-01,00:00:00.00,0.00270941,4.17508,1.99067
547,2011-07-02,00:00:00.00,0.0155067,4.02824,1.70467
548,2011-07-03,00:00:00.00,0.0184638,3.89197,1.54044
549,2011-07-04,00:00:00.00,0.13381,3.76513,1.42151
550,2011-07-05,00:00:00.00,0.0999745,3.6467,1.3224
551,2011-07-06,00:00:00.00,0,3.53584,1.18648
552,2011-07-07,00:00:00.00,0.00896409,3.43179,1.05055
553,2011-07-08,00:00:00.00,0.0193277,3.3339,0.979763
554,2011-07-09,00:00:00.00,0.189529,3.24164,0.925961
555,2011-07-10,00:00:00.00,8.40833e-308,3.1545,0.832515
556,2011-07-11,00:00:00.00,0,3.07201,0.82402
557,2011-07-12,00:00:00.00,17.4466,4.71138,0.821189
558,2011-07-13,00:00:00.00,0.042353,11.5522,5.0404
559,2011-07-14,00:00:00.00,0.00225227,13.37,10.6755
560,2011-07-15,00:00:00.00,1.60707e-308,9.52616,4.84218
561,2011-07-16,00:00:00.00,0.000454895,8.61733,2.67028
562,2011-07-17,00:00:00.00,0.000542565,7.86956,1.67919
563,2011-07-18,00:00:00.00,1.31465e-308,7.24413,1.24594
564,2011-07-19,00:00:00.00,2.85118,6.71366,1.16099
565,2011-07-20,00:00:00.00,14.0646,7.79364,16.9901
566,2011-07-21,00:00:00.00,0.0073951,13.6896,38.2277
567,2011-07-22,00:00:00.00,0.00116101,15.5357,12.2895
568,2011-07-23,00:00:00.00,7.40083,12.5755,6.96594
569,2011-07-24,00:00:00.00,17.8193,16.9027,15.9707
570,2011-07-25,00:00:00.00,23.3812,43.6124,89.4812
571,2011-07-26,00:00:00.00,0.163329,78.7439,132.523
572,2011-07-27,00:00:00.00,0.485754,70.2985,66.5446
573,2011-07-28,00:00:00.00,0.0416433,41.0895,18.5759
574,2011-07-29,00:00:00.00,1.28974,29.1875,8.72159
575,2011-07-30,00:00:00.00,5.1128,22.7017,5.43683
576,2011-07-31,00:00:00.00,0.0419752,18.8245,4.27584
577,2011-08-01,00:00:00.00,0.00664428,16.0179,3.39802
578,2011-08-02,00:00:00.00,5.45011,13.9904,3.68119
579,2011-08-03,00:00:00.00,0.179269,12.8028,19.397
580,2011-08-04,00:00:00.00,8.16286,12.6407,10.3923
581,2011-08-05,00:00:00.00,0.139807,13.8617,6.79604
582,2011-08-06,00:00:00.00,0.0584924,13.791,4.61565
583,2011-08-07,00:00:00.00,3.7102,12.0505,3.42634
584,2011-08-08,00:00:00.00,20.7714,15.9616,8.83486
585,2011-08-09,00:00:00.00,0.464907,34.5063,25.6267
586,2011-08-10,00:00:00.00,9.94612,42.6465,12.2329
587,2011-08-11,00:00:00.00,0.512355,37.2772,5.72
588,2011-08-12,00:00:00.00,0.000643878,32.5845,4.81386
589,2011-08-13,00:00:00.00,0,24.5345,3.39802
590,2011-08-14,00:00:00.00,0.00612587,19.6276,2.94495
591,2011-08-15,00:00:00.00,4.34128,16.5977,2.71275
592,2011-08-16,00:00:00.00,0.829633,14.8199,2.94495
593,2011-08-17,00:00:00.00,0.00637055,13.2492,2.36162
594,2011-08-18,00:00:00.00,0.0110917,11.6734,1.69052
595,2011-08-19,00:00:00.00,0.0172579,10.4402,1.36487
596,2011-08-20,00:00:00.00,0.488984,9.45022,1.13267
597,2011-08-21,00:00:00.00,0.00860216,8.63854,1.04772
598,2011-08-22,00:00:00.00,3.49848,7.96131,0.99109
599,2011-08-23,00:00:00.00,0.142703,7.38782,0.906139
600,2011-08-24,00:00:00.00,0.151908,6.89594,1.04772
601,2011-08-25,00:00:00.00,27.5131,13.4294,3.11485
602,2011-08-26,00:00:00.00,14.6178,51.2293,26.9293
603,2011-08-27,00:00:00.00,0.00162358,78.4064,29.7327
604,2011-08-28,00:00:00.00,0.00964555,58.935,15.8858
605,2011-08-29,00:00:00.00,0.0144603,36.9469,8.38179
606,2011-08-30,00:00:00.00,0.000406702,27.0206,3.82277
607,2011-08-31,00:00:00.00,0.00066777,21.2372,2.39277
608,2011-09-01,00:00:00.00,0.868041,17.4758,2.11244
609,2011-09-02,00:00:00.00,0.494944,14.8465,1.88873
610,2011-09-03,00:00:00.00,0.00267942,12.9115,1.3139
611,2011-09-04,00:00:00.00,0.322492,11.4313,1.13267
612,2011-09-05,00:00:00.00,9.72034,11.7915,1.04772
613,2011-09-06,00:00:00.00,0.199945,15.6686,1.98218
614,2011-09-07,00:00:00.00,0.743862,16.5182,2.83168
615,2011-09-08,00:00:00.00,31.9189,27.1892,2.40693
616,2011-09-09,00:00:00.00,27.4433,114.183,28.3168
617,2011-09-10,00:00:00.00,11.7208,202.494,84.9505
618,2011-09-11,00:00:00.00,2.60704,161.829,96.2773
619,2011-09-12,00:00:00.00,0.648857,81.2715,36.2456
620,2011-09-13,00:00:00.00,0.0532284,46.006,37.9446
621,2011-09-14,00:00:00.00,0.0117502,31.8874,18.2077
622,2011-09-15,00:00:00.00,0.0621528,24.3284,6.93763
623,2011-09-16,00:00:00.00,2.92358,19.9167,4.81386
624,2011-09-17,00:00:00.00,0.000413767,17.3277,3.45466
625,2011-09-18,00:00:00.00,2.027e-308,15.2159,2.72691
626,2011-09-19,00:00:00.00,0.00776701,13.2611,2.19172
627,2011-09-20,00:00:00.00,8.02784,13.3003,1.86608
628,2011-09-21,00:00:00.00,3.67715,17.1081,1.7698
629,2011-09-22,00:00:00.00,1.95013,18.5584,5.35188
630,2011-09-23,00:00:00.00,0.159117,15.8356,5.12535
631,2011-09-24,00:00:00.00,19.6471,20.383,5.06872
632,2011-09-25,00:00:00.00,0.543239,42.5151,35.6792
633,2011-09-26,00:00:00.00,0.431393,47.1059,33.697
634,2011-09-27,00:00:00.00,45.3066,66.5978,60.8812
635,2011-09-28,00:00:00.00,0.616973,176.71,221.155
636,2011-09-29,00:00:00.00,2.20513,167.905,250.604
637,2011-09-30,00:00:00.00,6.80724,67.3867,109.02
638,2011-10-01,00:00:00.00,6.11986,54.0205,90.3307
639,2011-10-02,00:00:00.00,4.34249,51.1933,84.9505
640,2011-10-03,00:00:00.00,0.0599355,43.9258,55.501
641,2011-10-04,00:00:00.00,0.132756,33.6844,34.8297
642,2011-10-05,00:00:00.00,0.026217,25.34,19.397
643,2011-10-06,00:00:00.00,0.00294135,20.2843,12.1479
644,2011-10-07,00:00:00.00,0.00239474,16.9121,8.74991
645,2011-10-08,00:00:00.00,0.00042477,14.5118,6.62614
646,2011-10-09,00:00:00.00,3.08e-308,12.7208,5.15367
647,2011-10-10,00:00:00.00,0,11.3356,4.30416
648,2011-10-11,00:00:00.00,4.702e-308,10.2333,3.79446
649,2011-10-12,00:00:00.00,1.455e-308,9.33581,3.3697
650,2011-10-13,00:00:00.00,0.216324,8.59106,3.14317
651,2011-10-14,00:00:00.00,0.0754293,7.96311,3.0299
652,2011-10-15,00:00:00.00,1.63232,7.42639,3.00159
653,2011-10-16,00:00:00.00,1.45095,6.96219,2.88832
654,2011-10-17,00:00:00.00,1.7853,6.57917,2.64763
655,2011-10-18,00:00:00.00,4.02952e-308,6.2759,2.35879
656,2011-10-19,00:00:00.00,1.36626,5.98322,2.12376
657,2011-10-20,00:00:00.00,40.1513,20.0693,5.72
658,2011-10-21,00:00:00.00,24.8688,125.668,126.01
659,2011-10-22,00:00:00.00,0.243511,200.859,202.749
660,2011-10-23,00:00:00.00,0.011892,127.653,185.475
661,2011-10-24,00:00:00.00,6.7005e-308,56.823,65.6951
662,2011-10-25,00:00:00.00,5.40042,39.1199,32.2812
663,2011-10-26,00:00:00.00,0.00874785,34.1833,27.4957
664,2011-10-27,00:00:00.00,4.47779,30.5809,23.8994
665,2011-10-28,00:00:00.00,8.9958,31.4941,30.8654
666,2011-10-29,00:00:00.00,0.0343224,38.1713,54.9347
667,2011-10-30,00:00:00.00,0.312713,35.3236,37.6614
668,2011-10-31,00:00:00.00,0.67872,26.0325,23.1349
669,2011-11-01,00:00:00.00,1.21564,20.6918,17.2733
670,2011-11-02,00:00:00.00,0.092562,17.1775,13.8186
671,2011-11-03,00:00:00.00,0.0125564,14.6877,11.3551
672,2011-11-04,00:00:00.00,0.000430253,12.8305,9.741
673,2011-11-05,00:00:00.00,0.00360527,11.4013,8.04198
674,2011-11-06,00:00:00.00,8.97243e-308,10.2688,6.85268
675,2011-11-07,00:00:00.00,0,9.35005,5.91822
676,2011-11-08,00:00:00.00,0.290544,8.58998,5.29525
677,2011-11-09,00:00:00.00,0.24279,7.95081,4.81386
678,2011-11-10,00:00:00.00,2.49014,7.59254,4.75723
679,2011-11-11,00:00:00.00,0.324355,7.57831,4.89881
680,2011-11-12,00:00:00.00,0.139296,7.37381,5.18198
681,2011-11-13,00:00:00.00,0.000390123,6.89734,4.75723
682,2011-11-14,00:00:00.00,0.000471197,6.48263,4.27584
683,2011-11-15,00:00:00.00,23.4204,12.2562,5.06872
684,2011-11-16,00:00:00.00,5.11123,40.0712,65.1287
685,2011-11-17,00:00:00.00,2.1833e-308,52.6251,82.6852
686,2011-11-18,00:00:00.00,2.48624e-308,36.8173,37.9446
687,2011-11-19,00:00:00.00,5.78565e-308,26.7839,20.7562
688,2011-11-20,00:00:00.00,0.821785,21.0452,13.5638
689,2011-11-21,00:00:00.00,0.130411,17.3096,10.6471
690,2011-11-22,00:00:00.00,2.80424,15.2735,8.58
691,2011-11-23,00:00:00.00,22.8044,24.9963,9.37288
692,2011-11-24,00:00:00.00,12.4816,69.9921,109.303
693,2011-11-25,00:00:00.00,2.71e-308,96.4407,170.467
694,2011-11-26,00:00:00.00,4.57e-308,68.4874,95.7109
695,2011-11-27,00:00:00.00,0.0101622,41.1254,38.5109
696,2011-11-28,00:00:00.00,18.2362,39.8348,27.1275
697,2011-11-29,00:00:00.00,5.86658,66.9845,86.3664
698,2011-11-30,00:00:00.00,36.545,118.404,154.61
699,2011-12-01,00:00:00.00,3.4496,198.936,246.357
700,2011-12-02,00:00:00.00,0.0150715,166.117,252.303
701,2011-12-03,00:00:00.00,0.454335,65.6716,131.673
702,2011-12-04,00:00:00.00,0.0242699,40.492,49.5545
703,2011-12-05,00:00:00.00,10.0305,35.6604,33.1307
704,2011-12-06,00:00:00.00,26.1496,71.3947,86.6496
705,2011-12-07,00:00:00.00,10.4272,148.596,174.998
706,2011-12-08,00:00:00.00,0.146409,149.917,193.121
707,2011-12-09,00:00:00.00,0.0234928,81.3273,97.6931
708,2011-12-10,00:00:00.00,1.19507,46.0653,42.1921
709,2011-12-11,00:00:00.00,0.0173347,31.9456,28.6
710,2011-12-12,00:00:00.00,0,24.3849,20.9545
711,2011-12-13,00:00:00.00,0.00153418,19.7069,15.999
712,2011-12-14,00:00:00.00,0.372996,16.5431,13.1107
713,2011-12-15,00:00:00.00,7.09543,16.6559,11.9214
714,2011-12-16,00:00:00.00,16.906,32.0133,46.4396
715,2011-12-17,00:00:00.00,0.296226,59.2602,98.2595
716,2011-12-18,00:00:00.00,1.48762,57.2411,49.5545
717,2011-12-19,00:00:00.00,0.123819,35.9206,28.0337
718,2011-12-20,00:00:00.00,0.221545,26.5449,20.9828
719,2011-12-21,00:00:00.00,2.74904,22.4651,17.0467
720,2011-12-22,00:00:00.00,18.2356,32.3122,39.6436
721,2011-12-23,00:00:00.00,0.513843,59.3397,135.921
722,2011-12-24,00:00:00.00,1.25735,59.7909,92.0297
723,2011-12-25,00:00:00.00,0.0134373,37.6769,35.3961
724,2011-12-26,00:00:00.00,0.00712232,27.8743,22.5968
725,2011-12-27,00:00:00.00,0.00162785,21.8275,16.9618
726,2011-12-28,00:00:00.00,10.3396,21.9693,14.4416
727,2011-12-29,00:00:00.00,0.559722,31,28.6
728,2011-12-30,00:00:00.00,0.379876,31.9059,31.7149
729,2011-12-31,00:00:00.00,3.93398,24.9099,19.9917
730,2012-01-01,00:00:00.00,0.386414,23.513,23.7295
731,2012-01-02,00:00:00.00,0.068586,21.3341,27.439
732,2012-01-03,00:00:00.00,0.386373,17.6616,20.4448
733,2012-01-04,00:00:00.00,0.00231552,14.9891,15.5743
734,2012-01-05,00:00:00.00,0.000378484,13.0263,11.6099
735,2012-01-06,00:00:00.00,0.0011283,11.5271,10.8737
736,2012-01-07,00:00:00.00,0.00012995,10.3465,9.82595
737,2012-01-08,00:00:00.00,0.00422221,9.39361,9.71268
738,2012-01-09,00:00:00.00,0.0131273,8.6088,9.34456
739,2012-01-10,00:00:00.00,4.18799e-308,7.95141,7.95703
740,2012-01-11,00:00:00.00,0,7.39278,7.33406
741,2012-01-12,00:00:00.00,2.81761,7.25235,7.30575
742,2012-01-13,00:00:00.00,4.05604,8.44507,8.29684
743,2012-01-14,00:00:00.00,5.60377,10.3168,14.2434
744,2012-01-15,00:00:00.00,1.22793,10.325,11.6382
745,2012-01-16,00:00:00.00,0.0825294,9.11377,8.4101
746,2012-01-17,00:00:00.00,0.225207,8.33907,12.5444
747,2012-01-18,00:00:00.00,19.4384,12.7993,25.9382
748,2012-01-19,00:00:00.00,0.0319961,32.248,130.541
749,2012-01-20,00:00:00.00,2.91945,37.6889,95.7109
750,2012-01-21,00:00:00.00,1.07248,25.3026,27.2125
751,2012-01-22,00:00:00.00,7.23423,20.0644,30.0159
752,2012-01-23,00:00:00.00,0.178352,16.6005,56.6337
753,2012-01-24,00:00:00.00,10.5717,17.288,53.2357
754,2012-01-25,00:00:00.00,0.174929,25.1644,110.719
755,2012-01-26,00:00:00.00,0.109143,26.5263,60.598
756,2012-01-27,00:00:00.00,9.63842,21.8233,29.1664
757,2012-01-28,00:00:00.00,9.20015,29.5281,62.0139
758,2012-01-29,00:00:00.00,1.62392,46.6533,94.8614
759,2012-01-30,00:00:00.00,0.270203,45.4682,49.5545
760,2012-01-31,00:00:00.00,0.00980681,30.6371,25.4852
761,2012-02-01,00:00:00.00,0.0104067,23.4079,17.1883
762,2012-02-02,00:00:00.00,1.93484,29.027,15.5743
763,2012-02-03,00:00:00.00,0.00580656,58.7827,16.3388
764,2012-02-04,00:00:00.00,0.000194425,62.303,14.2151
765,2012-02-05,00:00:00.00,2.0056,38.2642,11.6665
766,2012-02-06,00:00:00.00,0.121505,28.9424,12.4028
767,2012-02-07,00:00:00.00,0.0045594,23.1319,17.16
768,2012-02-08,00:00:00.00,0.000672726,18.764,15.8858
769,2012-02-09,00:00:00.00,0.229918,15.7813,12.3745
770,2012-02-10,00:00:00.00,0.0156635,13.6233,10.3356
771,2012-02-11,00:00:00.00,0.842381,11.9936,8.83486
772,2012-02-12,00:00:00.00,4.836,10.7217,7.70218
773,2012-02-13,00:00:00.00,0.270706,9.70251,6.25802
774,2012-02-14,00:00:00.00,0.00562641,8.86811,6.42792
775,2012-02-15,00:00:00.00,4.00872,8.27533,7.07921
776,2012-02-16,00:00:00.00,0.0628377,7.93185,5.8899
777,2012-02-17,00:00:00.00,3.92572,8.03251,6.20139
778,2012-02-18,00:00:00.00,0.0412557,11.0183,11.1002
779,2012-02-19,00:00:00.00,0.00093306,16.9439,13.5355
780,2012-02-20,00:00:00.00,0.000212253,17.53,10.279
781,2012-02-21,00:00:00.00,0.0668481,13.9415,7.98535
782,2012-02-22,00:00:00.00,1.67563,12.2453,6.71109
783,2012-02-23,00:00:00.00,0.92471,11.049,6.76773
784,2012-02-24,00:00:00.00,0.856407,10.0271,7.24911
785,2012-02-25,00:00:00.00,8.31036,10.7431,17.783
786,2012-02-26,00:00:00.00,0.824594,15.6313,43.0416
787,2012-02-27,00:00:00.00,0.00467222,16.8996,20.1333
788,2012-02-28,00:00:00.00,0.000725419,13.552,13.1107
789,2012-02-29,00:00:00.00,0.0161144,11.8577,10.5056
790,2012-03-01,00:00:00.00,12.7064,13.5426,17.0467
791,2012-03-02,00:00:00.00,0.159128,23.0772,69.6594
792,2012-03-03,00:00:00.00,12.4907,30.7066,35.1129
793,2012-03-04,00:00:00.00,2.89876,39.0673,96.5604
794,2012-03-05,00:00:00.00,1.51644,40.5281,72.208
795,2012-03-06,00:00:00.00,8.33392,29.8223,30.0159
796,2012-03-07,00:00:00.00,0.0585356,22.8861,20.8412
797,2012-03-08,00:00:00.00,0,18.5302,18.2927
798,2012-03-09,00:00:00.00,10.2703,22.8569,15.9707
799,2012-03-10,00:00:00.00,0.0861061,45.3881,14.5549
800,2012-03-11,00:00:00.00,0.00285568,49.356,13.0541
801,2012-03-12,00:00:00.00,0.00234955,31.9721,10.9869
802,2012-03-13,00:00:00.00,6.18777,26.0302,10.1374
803,2012-03-14,00:00:00.00,8.33379,28.5197,18.8307
804,2012-03-15,00:00:00.00,6.04596e-308,33.3362,27.7505
805,2012-03-16,00:00:00.00,1.64222,30.1877,19.0572
806,2012-03-17,00:00:00.00,21.4159,33.2607,46.7228
807,2012-03-18,00:00:00.00,0.00622107,59.1372,43.3248
808,2012-03-19,00:00:00.00,3.74871,61.5541,27.3824
809,2012-03-20,00:00:00.00,1.76349,39.8331,74.7565
810,2012-03-21,00:00:00.00,0.00662113,29.8264,49.5545
811,2012-03-22,00:00:00.00,2.15e-308,22.989,21.8323
812,2012-03-23,00:00:00.00,0.00108106,18.6789,15.0646
813,2012-03-24,00:00:00.00,0.572658,15.7289,12.1479
814,2012-03-25,00:00:00.00,5.68364,14.531,13.4222
815,2012-03-26,00:00:00.00,0.000314839,15.174,15.2345
816,2012-03-27,00:00:00.00,8.28247e-308,14.7062,12.4877
817,2012-03-28,00:00:00.00,5.59285e-308,12.8045,9.28793
818,2012-03-29,00:00:00.00,0.706455,11.3468,7.44733
819,2012-03-30,00:00:00.00,0.000829748,10.1958,6.79604
820,2012-03-31,00:00:00.00,1.65799,9.26472,5.8899
821,2012-04-01,00:00:00.00,0.156099,8.49656,5.3802
822,2012-04-02,00:00:00.00,0.0161335,7.85217,5.15367
823,2012-04-03,00:00:00.00,0.00102081,7.30392,4.7006
824,2012-04-04,00:00:00.00,3.3743,6.99987,4.50238
825,2012-04-05,00:00:00.00,0.117297,7.00131,4.7006
826,2012-04-06,00:00:00.00,7.5885e-308,6.83024,4.7006
827,2012-04-07,00:00:00.00,0,6.41143,4.41743
828,2012-04-08,00:00:00.00,0.00414215,6.04426,4.04931
829,2012-04-09,00:00:00.00,0.163818,5.71964,3.90772
830,2012-04-10,00:00:00.00,0.216831,5.43048,3.79446
831,2012-04-11,00:00:00.00,0.0614865,5.17118,3.87941
832,2012-04-12,00:00:00.00,0.198606,4.93724,3.90772
833,2012-04-13,00:00:00.00,0.013715,4.72502,3.82277
834,2012-04-14,00:00:00.00,0.0171281,4.53156,3.76614
835,2012-04-15,00:00:00.00,6.58726,4.7849,3.85109
836,2012-04-16,00:00:00.00,0.714068,6.33805,4.19089
837,2012-04-17,00:00:00.00,0.347783,6.80395,4.64396
838,2012-04-18,00:00:00.00,1.78636e-308,5.88653,4.30416
839,2012-04-19,00:00:00.00,0.00572181,5.55521,3.53961
840,2012-04-20,00:00:00.00,0.022162,5.26143,3.22812
841,2012-04-21,00:00:00.00,0.023249,4.99912,3.11485
842,2012-04-22,00:00:00.00,5.05224,5.08174,3.17149
843,2012-04-23,00:00:00.00,0.000345231,5.9033,3.17149
844,2012-04-24,00:00:00.00,0.00050889,6.13424,3.25644
845,2012-04-25,00:00:00.00,7.3374e-308,5.58781,3.11485
846,2012-04-26,00:00:00.00,0.071559,5.28139,3.00159
847,2012-04-27,00:00:00.00,7.98946,5.63608,2.94495
848,2012-04-28,00:00:00.00,6.05476e-308,7.86918,3.05822
849,2012-04-29,00:00:00.00,4.40406,8.89143,3.25644
850,2012-04-30,00:00:00.00,0.00896757,8.42952,3.31307
851,2012-05-01,00:00:00.00,4.33666,8.5367,3.17149
852,2012-05-02,00:00:00.00,6.29192,8.9788,3.17149
853,2012-05-03,00:00:00.00,2.88456,10.0994,3.25644
854,2012-05-04,00:00:00.00,0.000238053,10.0424,3.62456
855,2012-05-05,00:00:00.00,5.31601,9.22035,4.07763
856,2012-05-06,00:00:00.00,2.28542,8.92059,10.5622
857,2012-05-07,00:00:00.00,8.91342e-308,8.45934,16.3388
858,2012-05-08,00:00:00.00,14.6515,9.97251,27.7222
859,2012-05-09,00:00:00.00,2.29453,18.0677,158.008
860,2012-05-10,00:00:00.00,2.48137,20.4984,90.0476
861,2012-05-11,00:00:00.00,0.612076,15.4605,32.2812
862,2012-05-12,00:00:00.00,0,13.2398,16.4521
863,2012-05-13,00:00:00.00,1.7658e-308,11.5745,10.279
864,2012-05-14,00:00:00.00,0.0213283,10.2827,6.99426
865,2012-05-15,00:00:00.00,0.00409647,9.25351,5.57842
866,2012-05-16,00:00:00.00,0.00164942,8.41539,4.75723
867,2012-05-17,00:00:00.00,0.0182907,7.72036,4.19089
868,2012-05-18,00:00:00.00,0.000739693,7.13506,3.70951
869,2012-05-19,00:00:00.00,0,6.63565,3.31307
870,2012-05-20,00:00:00.00,0,6.20461,2.94495
871,2012-05-21,00:00:00.00,3.2e-308,5.82883,2.75523
872,2012-05-22,00:00:00.00,0.0158373,5.49834,2.53719
873,2012-05-23,00:00:00.00,0.0159608,5.20545,2.46357
874,2012-05-24,00:00:00.00,9.49777e-308,4.94407,2.08978
875,2012-05-25,00:00:00.00,0.000144088,4.70931,2.15774
876,2012-05-26,00:00:00.00,0.0652941,4.49724,1.91139
877,2012-05-27,00:00:00.00,0.17086,4.30471,1.78962
878,2012-05-28,00:00:00.00,0.00570091,4.1291,1.54044
879,2012-05-29,00:00:00.00,0.103976,3.96825,1.49513
880,2012-05-30,00:00:00.00,14.1425,5.08278,2.11527
881,2012-05-31,00:00:00.00,0.00109226,10.1945,16.7069
882,2012-06-01,00:00:00.00,0.00354505,11.6549,12.7709
883,2012-06-02,00:00:00.00,12.8927,10.7576,6.65446
884,2012-06-03,00:00:00.00,0.149775,17.1211,10.5056
885,2012-06-04,00:00:00.00,0.0104172,18.8579,13.0541
886,2012-06-05,00:00:00.00,0.000509451,14.6386,6.20139
887,2012-06-06,00:00:00.00,1.16864,12.6203,3.96436
888,2012-06-07,00:00:00.00,0.0371847,11.0896,3.11485
889,2012-06-08,00:00:00.00,0.00771667,9.89161,2.65895
890,2012-06-09,00:00:00.00,3.33442e-308,8.93027,2.18606
891,2012-06-10,00:00:00.00,1.81057e-308,8.14271,1.78396
892,2012-06-11,00:00:00.00,0,7.48628,1.60557
893,2012-06-12,00:00:00.00,3.00058,6.93115,1.49513
894,2012-06-13,00:00:00.00,0.193974,6.4558,1.49796
895,2012-06-14,00:00:00.00,0,6.04434,1.55459
896,2012-06-15,00:00:00.00,0,5.68471,1.52061
897,2012-06-16,00:00:00.00,0,5.3677,1.22612
898,2012-06-17,00:00:00.00,0.0554956,5.08613,0.959941
899,2012-06-18,00:00:00.00,4.33348,4.8344,0.999585
900,2012-06-19,00:00:00.00,4.54524,4.60798,2.63347
901,2012-06-20,00:00:00.00,0.67406,4.40321,9.76931
902,2012-06-21,00:00:00.00,0,4.21706,13.5638
903,2012-06-22,00:00:00.00,0.215468,4.04704,5.40852
904,2012-06-23,00:00:00.00,4.91778,3.93673,3.08654
905,2012-06-24,00:00:00.00,0.00235902,3.90695,2.43242
906,2012-06-25,00:00:00.00,0.00150788,3.83312,2.44941
907,2012-06-26,00:00:00.00,0.0172223,3.69256,1.67919
908,2012-06-27,00:00:00.00,0.000136748,3.56262,1.19497
909,2012-06-28,00:00:00.00,0,3.4421,0.965604
910,2012-06-29,00:00:00.00,0.000721978,3.32996,0.804198
911,2012-06-30,00:00:00.00,1.26652,3.22534,0.733406
912,2012-07-01,00:00:00.00,4.35907,3.12749,0.651287
913,2012-07-02,00:00:00.00,1.24734,3.03577,0.617307
914,2012-07-03,00:00:00.00,0.358555,2.9496,0.637129
915,2012-07-04,00:00:00.00,0.0187487,2.86847,0.736238
916,2012-07-05,00:00:00.00,0.0745726,2.79193,0.682436
917,2012-07-06,00:00:00.00,2.44053,2.71959,0.577664
918,2012-07-07,00:00:00.00,0.251478,2.65108,0.481386
919,2012-07-08,00:00:00.00,0.00703637,2.58611,0.413426
920,2012-07-09,00:00:00.00,0.346203,2.52438,0.362456
921,2012-07-10,00:00:00.00,0.120901,2.46565,0.390772
922,2012-07-11,00:00:00.00,0.764782,2.4097,0.427584
923,2012-07-12,00:00:00.00,1.7731e-308,2.35631,0.373782
924,2012-07-13,00:00:00.00,0.0302837,2.30529,0.342634
925,2012-07-14,00:00:00.00,0.0565766,2.25649,0.305822
926,2012-07-15,00:00:00.00,0.0107182,2.20976,0.281186
927,2012-07-16,00:00:00.00,0.829097,2.16497,0.241826
928,2012-07-17,00:00:00.00,0.01928,2.12199,0.215774
929,2012-07-18,00:00:00.00,6.3e-308,2.08071,0.196802
930,2012-07-19,00:00:00.00,0.293168,2.041,0.300159
931,2012-07-20,00:00:00.00,11.3875,2.52925,0.430416
932,2012-07-21,00:00:00.00,8.72852,5.64117,0.489881
933,2012-07-22,00:00:00.00,0.00268868,8.39323,2.70709
934,2012-07-23,00:00:00.00,0.000315871,7.28066,2.10961
935,2012-07-24,00:00:00.00,2.28465,5.82425,1.0817
936,2012-07-25,00:00:00.00,1.37375,5.45704,0.690931
937,2012-07-26,00:00:00.00,0.128512,5.13496,0.506872
938,2012-07-27,00:00:00.00,0.116438,4.85024,0.464396
939,2012-07-28,00:00:00.00,6.90685,4.85979,0.438911
940,2012-07-29,00:00:00.00,4.96932,5.59993,0.628634
941,2012-07-30,00:00:00.00,0.000464137,6.04798,0.518198
942,2012-07-31,00:00:00.00,0.000491814,5.71224,0.45307
943,2012-08-01,00:00:00.00,0.158989,5.36117,0.359624
944,2012-08-02,00:00:00.00,0.018301,5.05232,0.362456
945,2012-08-03,00:00:00.00,0.00148635,4.77859,0.353961
946,2012-08-04,00:00:00.00,1.9341e-308,4.53431,0.345466
947,2012-08-05,00:00:00.00,2.00656,4.31498,0.368119
948,2012-08-06,00:00:00.00,31.9441,10.3717,0.549347
949,2012-08-07,00:00:00.00,0.000891895,37.7737,1.37903
950,2012-08-08,00:00:00.00,0.00448091,45.8256,2.38145
951,2012-08-09,00:00:00.00,0.0090431,28.5667,1.43
952,2012-08-10,00:00:00.00,3.38985,22.0052,0.957109
953,2012-08-11,00:00:00.00,33.8597,33.5909,2.80054
954,2012-08-12,00:00:00.00,1.9415,85.036,8.0703
955,2012-08-13,00:00:00.00,0.0101823,89.8962,5.63505
956,2012-08-14,00:00:00.00,0.374786,47.353,2.77222
957,2012-08-15,00:00:00.00,20.494,43.1302,1.96519
958,2012-08-16,00:00:00.00,0.408967,63.5965,1.80378
959,2012-08-17,00:00:00.00,0.15093,61.4948,2.81469
960,2012-08-18,00:00:00.00,0.437203,38.0524,2.16624
961,2012-08-19,00:00:00.00,0.0101375,27.6846,1.45265
962,2012-08-20,00:00:00.00,4.79887e-308,21.701,1.02224
963,2012-08-21,00:00:00.00,0.114271,17.8315,0.832515
964,2012-08-22,00:00:00.00,0.691325,15.1365,0.685268
965,2012-08-23,00:00:00.00,0.0497736,13.1583,0.597485
966,2012-08-24,00:00:00.00,5.1367e-308,11.6478,0.526693
967,2012-08-25,00:00:00.00,0,10.4583,0.47006
968,2012-08-26,00:00:00.00,1.62e-308,9.49813,0.444574
969,2012-08-27,00:00:00.00,1.9808e-308,8.70712,0.427584
970,2012-08-28,00:00:00.00,30.9759,17.9442,0.838179
971,2012-08-29,00:00:00.00,0.0873206,57.6295,1.44699
972,2012-08-30,00:00:00.00,0.00592373,66.632,1.52911
973,2012-08-31,00:00:00.00,0.00370478,38.6281,1.68768
974,2012-09-01,00:00:00.00,0.00034397,27.9362,1.22895
975,2012-09-02,00:00:00.00,0.925548,21.8119,0.942951
976,2012-09-03,00:00:00.00,8.29454,19.6411,0.883486
977,2012-09-04,00:00:00.00,1.44461,21.1258,0.671109
978,2012-09-05,00:00:00.00,3.18934,20.365,0.775882
979,2012-09-06,00:00:00.00,0.864087,16.8699,2.83168
980,2012-09-07,00:00:00.00,0.244721,14.3998,1.98218
981,2012-09-08,00:00:00.00,0.7358,12.5673,1.27992
982,2012-09-09,00:00:00.00,27.6335,21.0275,1.34788
983,2012-09-10,00:00:00.00,0.00491451,57.4082,2.46923
984,2012-09-11,00:00:00.00,0.000578774,64.7582,4.21921
985,2012-09-12,00:00:00.00,9.5255e-308,38.2036,2.88832
986,2012-09-13,00:00:00.00,6.18138e-308,27.7128,1.65087
987,2012-09-14,00:00:00.00,0.000596597,21.6769,1.14966
988,2012-09-15,00:00:00.00,3.97304,18.2054,0.920297
989,2012-09-16,00:00:00.00,0.214564,16.4362,0.767387
990,2012-09-17,00:00:00.00,6.05675e-308,14.7322,0.682436
991,2012-09-18,00:00:00.00,0.0157614,12.8255,0.611644
992,2012-09-19,00:00:00.00,16.9794,15.9361,1.33656
993,2012-09-20,00:00:00.00,0.0276882,31.4276,1.63388
994,2012-09-21,00:00:00.00,0.054687,35.3154,1.39319
995,2012-09-22,00:00:00.00,0.764152,24.6456,1.09586
996,2012-09-23,00:00:00.00,20.527,28.5522,1.18364
997,2012-09-24,00:00:00.00,0.132,53.0182,1.43566
998,2012-09-25,00:00:00.00,0.000102414,55.7313,2.25119
999,2012-09-26,00:00:00.00,0.590445,35.0945,1.95669
1000,2012-09-27,00:00:00.00,8.44933,28.9008,1.40168
1001,2012-09-28,00:00:00.00,2.80298,30.398,1.10436
1002,2012-09-29,00:00:00.00,0.0284866,28.8344,0.928793
1003,2012-09-30,00:00:00.00,0.00386563,22.8066,1.30257
1004,2012-10-01,00:00:00.00,0.00677837,18.5352,1.45832
1005,2012-10-02,00:00:00.00,0.00461057,15.6085,1.144
1006,2012-10-03,00:00:00.00,9.71972,15.903,1.00525
1007,2012-10-04,00:00:00.00,8.03221,24.7463,1.03356
1008,2012-10-05,00:00:00.00,0.0516625,32.5685,1.35071
1009,2012-10-06,00:00:00.00,7.8275,31.6439,2.49188
1010,2012-10-07,00:00:00.00,13.6234,39.3742,2.94495
1011,2012-10-08,00:00:00.00,0.140833,55.4675,7.98535
1012,2012-10-09,00:00:00.00,0.00318809,50.5671,8.89149
1013,2012-10-10,00:00:00.00,0.035626,33.4382,4.30416
1014,2012-10-11,00:00:00.00,1.2371,25.0913,2.7439
1015,2012-10-12,00:00:00.00,0.000513995,20.0393,1.98218
1016,2012-10-13,00:00:00.00,0,16.6729,1.52061
1017,2012-10-14,00:00:00.00,1.9386,14.3953,1.28275
1018,2012-10-15,00:00:00.00,1.60932,12.8716,1.21762
1019,2012-10-16,00:00:00.00,0.984566,11.5823,1.09303
1020,2012-10-17,00:00:00.00,0.147138,10.3921,0.951446
1021,2012-10-18,00:00:00.00,0.705877,9.43214,0.985426
1022,2012-10-19,00:00:00.00,5.0071,9.29943,1.03073
1023,2012-10-20,00:00:00.00,4.02522,11.223,1.05055
1024,2012-10-21,00:00:00.00,2.01729,13.1304,1.25444
1025,2012-10-22,00:00:00.00,0.0320199,12.835,1.44982
1026,2012-10-23,00:00:00.00,1.0611,11.5726,1.6537
1027,2012-10-24,00:00:00.00,3.41461,10.6892,1.71034
1028,2012-10-25,00:00:00.00,0.865243,10.525,1.66503
1029,2012-10-26,00:00:00.00,0.00189698,10.0444,1.59707
1030,2012-10-27,00:00:00.00,4.63569,9.74497,1.63105
1031,2012-10-28,00:00:00.00,4.94048,11.7632,1.69052
1032,2012-10-29,00:00:00.00,0.228842,14.3523,1.70467
1033,2012-10-30,00:00:00.00,2.51066,14.3015,2.04164
1034,2012-10-31,00:00:00.00,11.2365,16.4954,2.81469
1035,2012-11-01,00:00:00.00,4.07992,27.5588,4.30416
1036,2012-11-02,00:00:00.00,0.501908,32.2337,10.1657
1037,2012-11-03,00:00:00.00,0.00235158,25.6126,9.65604
1038,2012-11-04,00:00:00.00,0.00550441,20.2621,5.69169
1039,2012-11-05,00:00:00.00,0.000941966,16.737,3.76614
1040,2012-11-06,00:00:00.00,0.00409235,14.2515,2.78921
1041,2012-11-07,00:00:00.00,0.000295123,12.4111,2.22004
1042,2012-11-08,00:00:00.00,0.00653084,10.9972,1.87458
1043,2012-11-09,00:00:00.00,0.0101513,9.87876,1.61972
1044,2012-11-10,00:00:00.00,0.000811177,8.9731,1.44982
1045,2012-11-11,00:00:00.00,2.19467,8.39962,1.38469
1046,2012-11-12,00:00:00.00,0.000403434,8.19074,1.47814
1047,2012-11-13,00:00:00.00,13.9108,10.8671,1.88024
1048,2012-11-14,00:00:00.00,0.0337699,21.7671,4.64396
1049,2012-11-15,00:00:00.00,8.21519e-308,24.9359,11.525
1050,2012-11-16,00:00:00.00,0,18.2115,7.64555
1051,2012-11-17,00:00:00.00,0,15.2827,4.92713
1052,2012-11-18,00:00:00.00,0,13.1627,3.56792
1053,2012-11-19,00:00:00.00,0.0031773,11.5619,2.83168
1054,2012-11-20,00:00:00.00,0.00236252,10.3132,2.33331
1055,2012-11-21,00:00:00.00,0.0136015,9.31345,2.02182
1056,2012-11-22,00:00:00.00,0.00406694,8.49589,1.91988
1057,2012-11-23,00:00:00.00,0.000450203,7.81537,1.80661
1058,2012-11-24,00:00:00.00,2.38337,7.4754,1.63955
1059,2012-11-25,00:00:00.00,0.0947872,7.56075,1.48097
1060,2012-11-26,00:00:00.00,0.178897,7.39567,1.35921
1061,2012-11-27,00:00:00.00,0.0022091,6.87598,1.27143
1062,2012-11-28,00:00:00.00,0.0962204,6.42813,1.17232
1063,2012-11-29,00:00:00.00,0.00219888,6.03821,1.14683
1064,2012-11-30,00:00:00.00,0.00327121,5.69565,1.05905
1065,2012-12-01,00:00:00.00,0,5.39227,1.01657
1066,2012-12-02,00:00:00.00,0.00140937,5.12165,1.01091
1067,2012-12-03,00:00:00.00,3.78433,5.1982,1.14966
1068,2012-12-04,00:00:00.00,0.128244,5.99725,1.21196
1069,2012-12-05,00:00:00.00,7.22483,7.14874,1.48097
1070,2012-12-06,00:00:00.00,0.0439906,10.1632,1.47814
1071,2012-12-07,00:00:00.00,0.000842461,11.1084,1.4838
1072,2012-12-08,00:00:00.00,1.10154,9.20338,1.51495
1073,2012-12-09,00:00:00.00,4.7323,9.26435,1.60273
1074,2012-12-10,00:00:00.00,6.38364,12.5003,1.83776
1075,2012-12-11,00:00:00.00,5.69513,18.9246,11.6665
1076,2012-12-12,00:00:00.00,0.301264,22.9358,43.6079
1077,2012-12-13,00:00:00.00,0.0180249,20.839,20.4448
1078,2012-12-14,00:00:00.00,0.000440037,16.8747,11.0719
1079,2012-12-15,00:00:00.00,0.00223411,14.2937,6.99426
1080,2012-12-16,00:00:00.00,0.900569,12.4466,5.2103
1081,2012-12-17,00:00:00.00,0.305986,11.1126,4.36079
1082,2012-12-18,00:00:00.00,0.016057,10.0117,3.87941
1083,2012-12-19,00:00:00.00,3.0893,9.49583,3.62456
1084,2012-12-20,00:00:00.00,0.271333,9.80111,3.22812
1085,2012-12-21,00:00:00.00,12.4389,12.54,3.68119
1086,2012-12-22,00:00:00.00,3.7284,23.9948,31.1485
1087,2012-12-23,00:00:00.00,0.110303,29.8461,42.7584
1088,2012-12-24,00:00:00.00,0.000430678,23.8211,20.8129
1089,2012-12-25,00:00:00.00,0.573708,19.0745,12.5444
1090,2012-12-26,00:00:00.00,0.188896,15.8836,8.66496
1091,2012-12-27,00:00:00.00,11.2459,14.6444,6.17307
1092,2012-12-28,00:00:00.00,2.01141,15.4524,4.81386
1093,2012-12-29,00:00:00.00,0.220943,15.0091,4.16258
1094,2012-12-30,00:00:00.00,4.79608,12.962,3.70951
1095,2012-12-31,00:00:00.00,0.436179,11.4211,3.42634
1096,2013-01-01,00:00:00.00,0.864868,10.2087,3.05822
1097,2013-01-02,00:00:00.00,0.313923,9.22589,2.97327
1098,2013-01-03,00:00:00.00,0.0151234,8.42101,2.88832
1099,2013-01-04,00:00:00.00,0.01009,7.75025,2.80054
1100,2013-01-05,00:00:00.00,0.0403746,7.18293,2.6901
1101,2013-01-06,00:00:00.00,0.0636161,6.69697,2.60515
1102,2013-01-07,00:00:00.00,0.280079,6.27607,2.44091
1103,2013-01-08,00:00:00.00,0.0770106,5.90798,2.3503
1104,2013-01-09,00:00:00.00,0,5.58331,2.16907
1105,2013-01-10,00:00:00.00,0.235634,5.29474,3.14317
1106,2013-01-11,00:00:00.00,0.102494,5.61542,14.6681
1107,2013-01-12,00:00:00.00,16.2797,16.9929,39.9268
1108,2013-01-13,00:00:00.00,0.0227111,52.217,100.242
1109,2013-01-14,00:00:00.00,47.6871,108.255,126.859
1110,2013-01-15,00:00:00.00,4.57817,223.127,187.741
1111,2013-01-16,00:00:00.00,0.000285708,196.337,173.865
1112,2013-01-17,00:00:00.00,0.000902512,67.6334,60.0317
1113,2013-01-18,00:00:00.00,0.00353164,41.1977,30.0159
1114,2013-01-19,00:00:00.00,0.000328931,29.4595,19.397
1115,2013-01-20,00:00:00.00,0.000130936,22.8759,14.0168
1116,2013-01-21,00:00:00.00,0.25112,18.6905,11.2418
1117,2013-01-22,00:00:00.00,1.11243,15.8083,8.26852
1118,2013-01-23,00:00:00.00,0.568236,13.7094,6.0598
1119,2013-01-24,00:00:00.00,0.136903,12.116,5.23862
1120,2013-01-25,00:00:00.00,0.573231,10.8668,4.72891
1121,2013-01-26,00:00:00.00,2.17129,9.86178,4.33248
1122,2013-01-27,00:00:00.00,0.908801,9.03604,3.93604
1123,2013-01-28,00:00:00.00,0.064939,8.34555,3.85109
1124,2013-01-29,00:00:00.00,5.14434,8.59449,3.59624
1125,2013-01-30,00:00:00.00,2.03203,14.5777,5.5501
1126,2013-01-31,00:00:00.00,10.3403,31.3546,18.406
1127,2013-02-01,00:00:00.00,2.32844,44.7519,71.3585
1128,2013-02-02,00:00:00.00,0.341099,39.0254,37.9446
1129,2013-02-03,00:00:00.00,3.85731,27.5655,13.8186
1130,2013-02-04,00:00:00.00,0.671976,21.5618,8.26852
1131,2013-02-05,00:00:00.00,2.85546,17.6846,6.71109
1132,2013-02-06,00:00:00.00,0.430541,14.9875,6.17307
1133,2013-02-07,00:00:00.00,0.510165,13.0098,5.12535
1134,2013-02-08,00:00:00.00,0.0497686,11.5013,4.58733
1135,2013-02-09,00:00:00.00,3.82571,10.5141,4.19089
1136,2013-02-10,00:00:00.00,0.0595963,10.0263,3.82277
1137,2013-02-11,00:00:00.00,0.0221106,9.42598,4.7006
1138,2013-02-12,00:00:00.00,0.607711,8.62157,5.83327
1139,2013-02-13,00:00:00.00,0.00170027,7.94977,11.8364
1140,2013-02-14,00:00:00.00,0.0067096,7.3804,12.2612
1141,2013-02-15,00:00:00.00,0.12199,6.8917,10.0525
1142,2013-02-16,00:00:00.00,0.0335739,6.4676,8.15525
1143,2013-02-17,00:00:00.00,0.639035,6.09601,6.76773
1144,2013-02-18,00:00:00.00,0.334626,5.76763,4.7006
1145,2013-02-19,00:00:00.00,0.0312869,5.47525,3.53961
1146,2013-02-20,00:00:00.00,4.13447,5.39586,3.14317
1147,2013-02-21,00:00:00.00,0.187293,5.62127,2.97327
1148,2013-02-22,00:00:00.00,0.132565,5.63562,2.94495
1149,2013-02-23,00:00:00.00,5.14744,5.35203,2.81469
1150,2013-02-24,00:00:00.00,0.202566,5.1057,2.73258
1151,2013-02-25,00:00:00.00,0.0469264,4.87867,2.60798
1152,2013-02-26,00:00:00.00,3.253e-308,4.66528,3.17149
1153,2013-02-27,00:00:00.00,17.5847,5.46397,5.49347
1154,2013-02-28,00:00:00.00,17.092,14.91,96.2773
1155,2013-03-01,00:00:00.00,2.99854,35.6951,156.592
1156,2013-03-02,00:00:00.00,0.0251295,42.2446,111.568
1157,2013-03-03,00:00:00.00,0.301262,31.6724,50.9703
1158,2013-03-04,00:00:00.00,0.376856,23.9133,26.3913
1159,2013-03-05,00:00:00.00,0.160508,19.1559,16.3388
1160,2013-03-06,00:00:00.00,0.11434,15.9581,12.0063
1161,2013-03-07,00:00:00.00,2.75144,13.692,10.5056
1162,2013-03-08,00:00:00.00,0.0155496,12.027,9.14634
1163,2013-03-09,00:00:00.00,0.0591649,10.7177,10.3923
1164,2013-03-10,00:00:00.00,0.031812,9.64666,12.516
1165,2013-03-11,00:00:00.00,0.216209,19.2012,13.1107
1166,2013-03-12,00:00:00.00,11.3701,70.1322,15.0362
1167,2013-03-13,00:00:00.00,0.391279,96.3964,25.0887
1168,2013-03-14,00:00:00.00,0.856951,64.1653,26.8727
1169,2013-03-15,00:00:00.00,0.016439,39.4108,15.4044
1170,2013-03-16,00:00:00.00,0.157084,28.3791,10.7321
1171,2013-03-17,00:00:00.00,3.79394,23.4222,9.06139
1172,2013-03-18,00:00:00.00,0.0482027,22.3388,9.20298
1173,2013-03-19,00:00:00.00,2.46933,20.3037,8.2402
1174,2013-03-20,00:00:00.00,0.172201,16.8617,8.66496
1175,2013-03-21,00:00:00.00,0.0231487,14.419,9.82595
1176,2013-03-22,00:00:00.00,0.395629,12.5968,7.95703
1177,2013-03-23,00:00:00.00,0.0114887,11.1927,6.11644
1178,2013-03-24,00:00:00.00,0.00351376,10.0792,5.2103
1179,2013-03-25,00:00:00.00,0.0135973,9.17538,4.55901
1180,2013-03-26,00:00:00.00,4.88909,8.59813,4.36079
1181,2013-03-27,00:00:00.00,1.10129,8.37879,4.61565
1182,2013-03-28,00:00:00.00,0.322802,8.72104,10.1091
1183,2013-03-29,00:00:00.00,0.000260824,10.2129,20.5863
1184,2013-03-30,00:00:00.00,0.000972613,10.5231,21.4359
1185,2013-03-31,00:00:00.00,0.000442481,9.2965,14.385
1186,2013-04-01,00:00:00.00,0.0145007,8.49772,10.9869
1187,2013-04-02,00:00:00.00,0.0586212,7.8309,8.97644
1188,2013-04-03,00:00:00.00,0.0642542,7.26602,6.90931
1189,2013-04-04,00:00:00.00,0.000112638,6.78142,5.26693
1190,2013-04-05,00:00:00.00,0,6.36111,4.27584
1191,2013-04-06,00:00:00.00,0,5.99304,3.82277
1192,2013-04-07,00:00:00.00,0.00541528,5.66797,3.68119
1193,2013-04-08,00:00:00.00,0.111438,5.3787,3.51129
1194,2013-04-09,00:00:00.00,0.0692253,5.11954,3.31307
1195,2013-04-10,00:00:00.00,0.168799,4.88593,3.1998
1196,2013-04-11,00:00:00.00,8.88507,5.46248,3.1998
1197,2013-04-12,00:00:00.00,33.6389,21.9106,36.5287
1198,2013-04-13,00:00:00.00,17.2748,92.5594,167.636
1199,2013-04-14,00:00:00.00,0.369823,131.536,203.881
1200,2013-04-15,00:00:00.00,0.0375971,86.3032,107.321
1201,2013-04-16,00:00:00.00,0.0107995,47.0956,37.6614
1202,2013-04-17,00:00:00.00,6.91159,34.4671,22.6252
1203,2013-04-18,00:00:00.00,2.27294,31.2601,17.3299
1204,2013-04-19,00:00:00.00,0.994438,27.2268,19.1422
1205,2013-04-20,00:00:00.00,8.59361,23.8895,15.5176
1206,2013-04-21,00:00:00.00,0.475743,25.9638,16.4521
1207,2013-04-22,00:00:00.00,0.000122227,24.7976,14.1584
1208,2013-04-23,00:00:00.00,0.000267871,19.8416,9.68436
1209,2013-04-24,00:00:00.00,0.672399,16.5372,7.95703
1210,2013-04-25,00:00:00.00,19.2931,20.7234,9.51446
1211,2013-04-26,00:00:00.00,0.564964,41.6702,51.2535
1212,2013-04-27,00:00:00.00,0.0015438,45.8734,37.0951
1213,2013-04-28,00:00:00.00,0.00998923,30.2805,19.3687
1214,2013-04-29,00:00:00.00,12.0296,27.4266,14.923
1215,2013-04-30,00:00:00.00,4.51929,34.7941,29.1664
1216,2013-05-01,00:00:00.00,0.00650539,35.7582,41.0594
1217,2013-05-02,00:00:00.00,3.7799e-308,27.2859,21.2093
1218,2013-05-03,00:00:00.00,5.48951e-308,21.4112,13.8753
1219,2013-05-04,00:00:00.00,0.000953154,17.6009,10.5905
1220,2013-05-05,00:00:00.00,2.46185e-308,14.9423,8.46674
1221,2013-05-06,00:00:00.00,3.25394e-308,12.9884,6.96594
1222,2013-05-07,00:00:00.00,0.00171222,11.4952,5.77664
1223,2013-05-08,00:00:00.00,0.0059253,10.3188,5.0404
1224,2013-05-09,00:00:00.00,0.0078048,9.36914,4.61565
1225,2013-05-10,00:00:00.00,0.252125,8.58682,4.21921
1226,2013-05-11,00:00:00.00,6.03696,8.36419,4.10594
1227,2013-05-12,00:00:00.00,1.68514,8.89045,4.38911
1228,2013-05-13,00:00:00.00,0.154245,8.8913,4.89881
1229,2013-05-14,00:00:00.00,0.0987761,8.16985,4.13426
1230,2013-05-15,00:00:00.00,0.00326928,7.56214,3.28475
1231,2013-05-16,00:00:00.00,0.0193729,7.04331,2.86
1232,2013-05-17,00:00:00.00,0.0082097,6.59518,2.53153
1233,2013-05-18,00:00:00.00,0.000298566,6.20415,2.24836
1234,2013-05-19,00:00:00.00,0.00126884,5.85983,2.0643
1235,2013-05-20,00:00:00.00,0.0321688,5.55423,1.84626
1236,2013-05-21,00:00:00.00,0.000862823,5.28108,1.76414
1237,2013-05-22,00:00:00.00,0.0159927,5.03537,1.69901
1238,2013-05-23,00:00:00.00,1.50722,4.81308,1.65654
1239,2013-05-24,00:00:00.00,3.04543,4.61094,1.77263
1240,2013-05-25,00:00:00.00,0.865875,4.42627,1.98501
1241,2013-05-26,00:00:00.00,7.4363e-308,4.2568,1.8406
1242,2013-05-27,00:00:00.00,0.00142982,4.10065,1.64804
1243,2013-05-28,00:00:00.00,6.06361,4.23292,1.50929
1244,2013-05-29,00:00:00.00,14.0118,7.37142,2.46073
1245,2013-05-30,00:00:00.00,0.0932045,14.6374,5.60674
1246,2013-05-31,00:00:00.00,0.0553453,15.7713,5.46515
1247,2013-06-01,00:00:00.00,4.17113,11.8164,4.44574
1248,2013-06-02,00:00:00.00,16.5879,13.6534,4.30416
1249,2013-06-03,00:00:00.00,1.57896,23.9463,8.69327
1250,2013-06-04,00:00:00.00,0.00284432,26.6088,13.9036
1251,2013-06-05,00:00:00.00,0.00143601,19.5814,8.26852
1252,2013-06-06,00:00:00.00,0.0210728,16.2128,4.95545
1253,2013-06-07,00:00:00.00,0.514111,13.8237,3.59624
1254,2013-06-08,00:00:00.00,0.0364435,12.0474,3.00159
1255,2013-06-09,00:00:00.00,0.0038482,10.6786,2.74107
1256,2013-06-10,00:00:00.00,0.352136,9.59354,2.48905
1257,2013-06-11,00:00:00.00,6.03121,9.05433,2.25968
1258,2013-06-12,00:00:00.00,4.02996,9.15627,1.91422
1259,2013-06-13,00:00:00.00,2.75658,8.89754,1.84909
1260,2013-06-14,00:00:00.00,22.9257,13.389,2.82036
1261,2013-06-15,00:00:00.00,0.000631967,33.221,12.063
1262,2013-06-16,00:00:00.00,0.335073,38.6703,12.0913
1263,2013-06-17,00:00:00.00,8.94175,27.9136,7.05089
1264,2013-06-18,00:00:00.00,0.0202041,27.0018,4.78555
1265,2013-06-19,00:00:00.00,0.0243862,24.3939,3.90772
1266,2013-06-20,00:00:00.00,0.000715379,19.4808,2.97327
1267,2013-06-21,00:00:00.00,0.000224428,16.1957,2.24553
1268,2013-06-22,00:00:00.00,0.000579628,13.8549,1.79246
1269,2013-06-23,00:00:00.00,0.644157,12.1083,1.56592
1270,2013-06-24,00:00:00.00,1.73101,10.7582,2.40127
1271,2013-06-25,00:00:00.00,0.043275,9.68527,11.9497
1272,2013-06-26,00:00:00.00,1.54564,8.81308,5.77664
1273,2013-06-27,00:00:00.00,3.17107,8.09065,3.28475
1274,2013-06-28,00:00:00.00,14.5092,9.57035,2.48905
1275,2013-06-29,00:00:00.00,6.03051,17.9654,4.78555
1276,2013-06-30,00:00:00.00,5.89968,22.278,7.30575
1277,2013-07-01,00:00:00.00,1.43928,19.231,8.35347
1278,2013-07-02,00:00:00.00,13.211,20.2567,9.34456
1279,2013-07-03,00:00:00.00,1.43529,27.0739,13.1107
1280,2013-07-04,00:00:00.00,3.07122,27.648,28.3168
1281,2013-07-05,00:00:00.00,3.50044,20.9709,46.7228
1282,2013-07-06,00:00:00.00,10.0395,19.2396,58.6159
1283,2013-07-07,00:00:00.00,9.69083,24.4198,89.1981
1284,2013-07-08,00:00:00.00,3.62843,29.5586,57.7664
1285,2013-07-09,00:00:00.00,5.32223,26.7914,33.697
1286,2013-07-10,00:00:00.00,32.4018,38.2569,58.3327
1287,2013-07-11,00:00:00.00,24.5212,120.347,133.656
1288,2013-07-12,00:00:00.00,0.0331096,172.495,174.149
1289,2013-07-13,00:00:00.00,1.79295e-308,111.708,173.016
1290,2013-07-14,00:00:00.00,8.77117e-308,53.7095,97.9763
1291,2013-07-15,00:00:00.00,0.155352,35.4437,28.8832
1292,2013-07-16,00:00:00.00,0.0655401,26.3366,15.1212
1293,2013-07-17,00:00:00.00,0.385918,20.9217,8.91981
1294,2013-07-18,00:00:00.00,0.28362,17.3531,5.8899
1295,2013-07-19,00:00:00.00,0.0562852,14.8345,4.41743
1296,2013-07-20,00:00:00.00,0.270818,12.967,3.45466
1297,2013-07-21,00:00:00.00,30.6049,22.7788,16.1406
1298,2013-07-22,00:00:00.00,0.780029,64.2666,107.321
1299,2013-07-23,00:00:00.00,9.24726,75.9754,82.402
1300,2013-07-24,00:00:00.00,0.390731,52.5939,52.103
1301,2013-07-25,00:00:00.00,0.00833971,40.7859,31.998
1302,2013-07-26,00:00:00.00,0.00355788,29.1494,18.4909
1303,2013-07-27,00:00:00.00,0.0057702,22.6133,11.7798
1304,2013-07-28,00:00:00.00,9.53502,20.6689,6.56951
1305,2013-07-29,00:00:00.00,1.38334,23.319,4.98377
1306,2013-07-30,00:00:00.00,0.0146491,22.7599,8.01367
1307,2013-07-31,00:00:00.00,0.00360564,18.4148,5.72
1308,2013-08-01,00:00:00.00,0.523839,15.5386,3.45466
1309,2013-08-02,00:00:00.00,3.30349,13.4467,2.64763
1310,2013-08-03,00:00:00.00,11.4803,14.113,2.15491
1311,2013-08-04,00:00:00.00,7.31782,21.7889,7.7305
1312,2013-08-05,00:00:00.00,0.00091717,26.5007,40.2099
1313,2013-08-06,00:00:00.00,0.0082337,22.5669,22.3137
1314,2013-08-07,00:00:00.00,0.340705,18.3443,8.15525
1315,2013-08-08,00:00:00.00,15.9029,19.7828,5.2103
1316,2013-08-09,00:00:00.00,1.11052,31.3093,10.4206
1317,2013-08-10,00:00:00.00,0.14269,33.2697,16.8202
1318,2013-08-11,00:00:00.00,0.0709362,23.9886,9.99585
1319,2013-08-12,00:00:00.00,0.168101,19.277,5.40852
1320,2013-08-13,00:00:00.00,0.0197274,16.102,3.45466
1321,2013-08-14,00:00:00.00,0.349308,13.8268,2.6278
1322,2013-08-15,00:00:00.00,1.87405e-308,12.1214,2.02465
1323,2013-08-16,00:00:00.00,5.14049e-308,10.7983,3.53961
1324,2013-08-17,00:00:00.00,0.00178589,9.74326,2.30782
1325,2013-08-18,00:00:00.00,0.00125387,8.88314,1.62539
1326,2013-08-19,00:00:00.00,0.0010601,8.16887,1.41018
1327,2013-08-20,00:00:00.00,0.00325493,7.56641,1.12135
1328,2013-08-21,00:00:00.00,0.000558421,7.05145,0.996753
1329,2013-08-22,00:00:00.00,0.174416,6.60618,0.957109
1330,2013-08-23,00:00:00.00,3.26684,6.2173,0.934456
1331,2013-08-24,00:00:00.00,0.541276,5.87465,0.999585
1332,2013-08-25,00:00:00.00,0.00579657,5.57036,1.0279
1333,2013-08-26,00:00:00.00,0.000219104,5.2982,1.05622
1334,2013-08-27,00:00:00.00,0.00124474,5.0532,0.821189
1335,2013-08-28,00:00:00.00,3.34353,4.83139,0.954278
1336,2013-08-29,00:00:00.00,8.45462,5.18442,1.05055
1337,2013-08-30,00:00:00.00,0.0840904,7.26239,0.920297
1338,2013-08-31,00:00:00.00,0.0149412,7.89328,0.931624
1339,2013-09-01,00:00:00.00,2.94755,6.67587,3.59624
1340,2013-09-02,00:00:00.00,0.220429,6.24803,2.46923
1341,2013-09-03,00:00:00.00,0.62487,5.87464,1.5999
1342,2013-09-04,00:00:00.00,0.00895177,5.54592,1.19214
1343,2013-09-05,00:00:00.00,0.0185121,5.25428,0.9741
1344,2013-09-06,00:00:00.00,0.000140927,4.99371,0.874991
1345,2013-09-07,00:00:00.00,0.000694668,4.75944,0.736238
1346,2013-09-08,00:00:00.00,0.0102912,4.54761,0.724911
1347,2013-09-09,00:00:00.00,0.0166094,4.35511,0.764555
1348,2013-09-10,00:00:00.00,0.892765,4.17937,0.688099
1349,2013-09-11,00:00:00.00,0.00727739,4.01824,0.591822
1350,2013-09-12,00:00:00.00,0.365264,3.86992,0.518198
1351,2013-09-13,00:00:00.00,6.35749,4.01934,0.540852
1352,2013-09-14,00:00:00.00,2.52766,5.02416,0.597485
1353,2013-09-15,00:00:00.00,0.00382248,5.32966,0.673941
1354,2013-09-16,00:00:00.00,0.269018,4.73479,0.600317
1355,2013-09-17,00:00:00.00,3.14831,4.58953,0.532357
1356,2013-09-18,00:00:00.00,0.00925783,4.57787,0.509703
1357,2013-09-19,00:00:00.00,0.000689742,4.49078,0.569169
1358,2013-09-20,00:00:00.00,0.0294377,4.29136,0.55501
1359,2013-09-21,00:00:00.00,5.8364,4.38366,0.509703
1360,2013-09-22,00:00:00.00,23.5531,10.5734,1.95953
1361,2013-09-23,00:00:00.00,0.000779336,30.6061,4.78555
1362,2013-09-24,00:00:00.00,0.0019234,35.4658,6.99426
1363,2013-09-25,00:00:00.00,0.00160425,23.4734,3.34139
1364,2013-09-26,00:00:00.00,0.039029,18.802,1.95953
1365,2013-09-27,00:00:00.00,0.336695,15.655,1.41301
1366,2013-09-28,00:00:00.00,0.0542303,13.4015,1.07887
1367,2013-09-29,00:00:00.00,0.0889705,11.7142,0.920297
1368,2013-09-30,00:00:00.00,3.31115,10.6022,0.928793
1369,2013-10-01,00:00:00.00,0.925934,10.018,0.82402
1370,2013-10-02,00:00:00.00,0.0557543,9.3508,0.775882
1371,2013-10-03,00:00:00.00,2.749e-308,8.50538,0.906139
1372,2013-10-04,00:00:00.00,0.155027,7.80444,0.846674
1373,2013-10-05,00:00:00.00,20.3576,11.7331,0.872159
1374,2013-10-06,00:00:00.00,14.8437,37.4242,17.4998
1375,2013-10-07,00:00:00.00,22.0614,81.2815,143.85
1376,2013-10-08,00:00:00.00,2.67542,112.611,172.166
1377,2013-10-09,00:00:00.00,0.00201604,91.3904,114.117
1378,2013-10-10,00:00:00.00,0.00140683,50.1678,51.2535
1379,2013-10-11,00:00:00.00,0.000328819,33.7388,23.2481
1380,2013-10-12,00:00:00.00,0.0106726,25.3013,13.8186
1381,2013-10-13,00:00:00.00,0.0474303,20.2044,9.28793
1382,2013-10-14,00:00:00.00,0.00115377,16.8119,6.48456
1383,2013-10-15,00:00:00.00,0.00619967,14.4014,4.8705
1384,2013-10-16,00:00:00.00,0.17795,12.6056,3.82277
1385,2013-10-17,00:00:00.00,4.91973,11.9932,3.48297
1386,2013-10-18,00:00:00.00,2.18663,12.9945,3.45466
1387,2013-10-19,00:00:00.00,0.0396991,13.2857,3.3697
1388,2013-10-20,00:00:00.00,7.06954,13.6126,3.14317
1389,2013-10-21,00:00:00.00,0.098156,16.9587,3.0299
1390,2013-10-22,00:00:00.00,0.880975,17.4535,3.17149
1391,2013-10-23,00:00:00.00,0.285204,14.4184,3.31307
1392,2013-10-24,00:00:00.00,0.410811,12.5617,2.91664
1393,2013-10-25,00:00:00.00,0.287283,11.1357,2.64479
1394,2013-10-26,00:00:00.00,0.0905503,10.0078,2.28234
1395,2013-10-27,00:00:00.00,0.0720463,9.09457,1.9482
1396,2013-10-28,00:00:00.00,0.0679103,8.34047,1.79812
1397,2013-10-29,00:00:00.00,0.0247444,7.70751,1.71317
1398,2013-10-30,00:00:00.00,0,7.16877,1.52061
1399,2013-10-31,00:00:00.00,0.0204998,6.70467,1.39319
1400,2013-11-01,00:00:00.00,11.5766,8.16801,1.59424
1401,2013-11-02,00:00:00.00,18.7234,23.863,10.3923
1402,2013-11-03,00:00:00.00,3.16585,52.7381,43.0416
1403,2013-11-04,00:00:00.00,0.765078,55.3839,25.9382
1404,2013-11-05,00:00:00.00,0.0248309,36.8019,15.4327
1405,2013-11-06,00:00:00.00,0.00596717,26.89,10.7321
1406,2013-11-07,00:00:00.00,2.3502,21.5112,7.98535
1407,2013-11-08,00:00:00.00,2.13433,19.0003,6.59783
1408,2013-11-09,00:00:00.00,0.228491,17.4572,5.97485
1409,2013-11-10,00:00:00.00,0.00235236,15.3872,5.40852
1410,2013-11-11,00:00:00.00,0.00826301,13.2889,4.81386
1411,2013-11-12,00:00:00.00,2.5311,12.1024,4.24753
1412,2013-11-13,00:00:00.00,4.13494,11.8756,3.87941
1413,2013-11-14,00:00:00.00,0.0510821,11.3916,3.53961
1414,2013-11-15,00:00:00.00,0,10.3066,3.51129
1415,2013-11-16,00:00:00.00,0.000304601,9.83306,3.39802
1416,2013-11-17,00:00:00.00,0.0134851,10.267,3.31307
1417,2013-11-18,00:00:00.00,6.59605,11.3584,3.34139
1418,2013-11-19,00:00:00.00,9.47475,17.6852,5.8899
1419,2013-11-20,00:00:00.00,4.52e-308,27.2774,32.5644
1420,2013-11-21,00:00:00.00,0.00302278,26.7525,16.1123
1421,2013-11-22,00:00:00.00,4.54295,21.5397,9.20298
1422,2013-11-23,00:00:00.00,4.93619,22.8672,7.33406
1423,2013-11-24,00:00:00.00,0.162563,25.0343,9.11802
1424,2013-11-25,00:00:00.00,0.0476293,22.6049,10.364
1425,2013-11-26,00:00:00.00,0.0848769,18.3244,7.92872
1426,2013-11-27,00:00:00.00,0.558433,15.3956,6.14476
1427,2013-11-28,00:00:00.00,0.120325,13.2742,5.35188
1428,2013-11-29,00:00:00.00,0.214213,11.6714,3.87941
1429,2013-11-30,00:00:00.00,0.0353119,10.4204,3.3697
1430,2013-12-01,00:00:00.00,0.0149653,9.41823,2.76372
1431,2013-12-02,00:00:00.00,0.0153926,8.59813,2.50887
1432,2013-12-03,00:00:00.00,0.0393922,7.94826,2.86
1433,2013-12-04,00:00:00.00,0.344176,7.44923,2.88832
1434,2013-12-05,00:00:00.00,0.1047,6.98882,2.80903
1435,2013-12-06,00:00:00.00,0.348808,6.54038,2.76372
1436,2013-12-07,00:00:00.00,0.477931,6.14942,2.66178
1437,2013-12-08,00:00:00.00,0.0534919,5.80549,2.32764
1438,2013-12-09,00:00:00.00,0.944747,5.5005,2.07279
1439,2013-12-10,00:00:00.00,0.81978,5.22813,1.55743
1440,2013-12-11,00:00:00.00,0.0559904,4.98331,1.47248
1441,2013-12-12,00:00:00.00,1.10729,4.76198,1.58574
1442,2013-12-13,00:00:00.00,0.0834221,4.56085,1.52911
1443,2013-12-14,00:00:00.00,0,4.37719,1.40168
1444,2013-12-15,00:00:00.00,9.62134,4.2194,1.31107
1445,2013-12-16,00:00:00.00,1.59339,4.09053,1.26293
1446,2013-12-17,00:00:00.00,0.0697801,3.96057,1.21479
1447,2013-12-18,00:00:00.00,2.28546,3.82349,1.16949
1448,2013-12-19,00:00:00.00,0.123875,3.69617,1.14966
1449,2013-12-20,00:00:00.00,0.457214,3.57756,1.12701
1450,2013-12-21,00:00:00.00,4.48081,7.32452,1.24028
1451,2013-12-22,00:00:00.00,26.3999,40.6755,38.5109
1452,2013-12-23,00:00:00.00,49.0752,180.096,222.854
1453,2013-12-24,00:00:00.00,0.295665,331.186,328.475
1454,2013-12-25,00:00:00.00,0.342303,231.357,288.832
1455,2013-12-26,00:00:00.00,0.514059,70.2725,139.885
1456,2013-12-27,00:00:00.00,0.825277,42.2414,42.7584
1457,2013-12-28,00:00:00.00,0.06968,30.0395,24.2675
1458,2013-12-29,00:00:00.00,0.000126215,23.2583,16.9335
1459,2013-12-30,00:00:00.00,0.185432,19.4787,18.0095
1460,2013-12-31,00:00:00.00,0.273934,17.6602,18.859
1461,2014-01-01,00:00:00.00,0.604662,15.8469,14.7814
1462,2014-01-02,00:00:00.00,6.21605,13.7412,9.40119
1463,2014-01-03,00:00:00.00,8.79651,12.1432,5.66337
1464,2014-01-04,00:00:00.00,0.156026,10.8905,7.2208
1465,2014-01-05,00:00:00.00,0.0112006,9.883,8.55169
1466,2014-01-06,00:00:00.00,10.0947,9.53327,9.06139
1467,2014-01-07,00:00:00.00,9.9641,10.0241,7.84377
1468,2014-01-08,00:00:00.00,0.000603081,9.93892,6.37129
1469,2014-01-09,00:00:00.00,0.115634,9.07486,5.18198
1470,2014-01-10,00:00:00.00,0.172179,8.35634,4.21921
1471,2014-01-11,00:00:00.00,0.778114,7.74949,4.02099
1472,2014-01-12,00:00:00.00,16.1542,27.4493,10.6471
1473,2014-01-13,00:00:00.00,0.0331041,120.729,42.4753
1474,2014-01-14,00:00:00.00,0.269581,132.398,79.2872
1475,2014-01-15,00:00:00.00,0.132003,58.203,115.816
1476,2014-01-16,00:00:00.00,0.343816,40.494,86.9327
1477,2014-01-17,00:00:00.00,2.27651,30.8486,39.6436
1478,2014-01-18,00:00:00.00,2.21893,23.6437,20.0483
1479,2014-01-19,00:00:00.00,0.286984,19.1466,12.6859
1480,2014-01-20,00:00:00.00,1.2581,16.0885,9.40119
1481,2014-01-21,00:00:00.00,0.0303377,13.8819,7.19248
1482,2014-01-22,00:00:00.00,1.03798,12.2189,5.40852
1483,2014-01-23,00:00:00.00,0.432004,10.9226,4.47406
1484,2014-01-24,00:00:00.00,0.976548,9.88493,3.87941
1485,2014-01-25,00:00:00.00,0.0589369,9.03593,3.17149
1486,2014-01-26,00:00:00.00,7.12994,8.32861,2.70709
1487,2014-01-27,00:00:00.00,2.93778,7.73023,2.46357
1488,2014-01-28,00:00:00.00,1.14705,7.21732,2.2342
1489,2014-01-29,00:00:00.00,0.00400239,6.77265,2.08978
1490,2014-01-30,00:00:00.00,0.000755566,6.38329,1.82644
1491,2014-01-31,00:00:00.00,0,6.03937,1.87741
1492,2014-02-01,00:00:00.00,0.492195,5.73322,1.97935
1493,2014-02-02,00:00:00.00,13.1048,6.14074,3.28475
1494,2014-02-03,00:00:00.00,9.57019,8.80425,9.96753
1495,2014-02-04,00:00:00.00,0.0032024,10.0294,25.2869
1496,2014-02-05,00:00:00.00,0.0725647,8.75153,33.9802
1497,2014-02-06,00:00:00.00,15.2431,8.03289,26.901
1498,2014-02-07,00:00:00.00,0.446846,7.42816,20.1616
1499,2014-02-08,00:00:00.00,0.109628,6.9124,14.7531
1500,2014-02-09,00:00:00.00,0.34371,6.46737,11.525
1501,2014-02-10,00:00:00.00,3.89732,6.07945,9.85426
1502,2014-02-11,00:00:00.00,0.0577566,5.73826,8.43842
1503,2014-02-12,00:00:00.00,0.0279473,5.43578,7.24911
1504,2014-02-13,00:00:00.00,0.200259,5.16571,6.59783
1505,2014-02-14,00:00:00.00,0.0439531,4.92303,5.94654
1506,2014-02-15,00:00:00.00,0.148004,4.7037,5.49347
1507,2014-02-16,00:00:00.00,0.14886,4.50443,5.01208
1508,2014-02-17,00:00:00.00,1.22975,4.32253,4.50238
1509,2014-02-18,00:00:00.00,0.766689,4.15575,4.13426
1510,2014-02-19,00:00:00.00,13.0882,4.29703,3.85109
1511,2014-02-20,00:00:00.00,0.000427131,5.25687,3.70951
1512,2014-02-21,00:00:00.00,10.4755,8.58606,7.58891
1513,2014-02-22,00:00:00.00,4.92744,38.8007,42.7584
1514,2014-02-23,00:00:00.00,0.36426,103.468,118.648
1515,2014-02-24,00:00:00.00,0.410131,102.394,169.618
1516,2014-02-25,00:00:00.00,0.000769709,52.2803,132.24
1517,2014-02-26,00:00:00.00,0.133106,34.6391,88.3486
1518,2014-02-27,00:00:00.00,0.126553,25.7622,49.8377
1519,2014-02-28,00:00:00.00,0.252372,20.4601,32.5644
1520,2014-03-01,00:00:00.00,0.0070945,16.9571,25.4852
1521,2014-03-02,00:00:00.00,0.163484,14.4813,16.4521
1522,2014-03-03,00:00:00.00,6.00265,12.6443,12.1479
1523,2014-03-04,00:00:00.00,0.100319,11.2302,10.279
1524,2014-03-05,00:00:00.00,0.0203786,10.1096,7.70218
1525,2014-03-06,00:00:00.00,0.271264,9.20051,6.31466
1526,2014-03-07,00:00:00.00,0.0949587,8.44859,4.89881
1527,2014-03-08,00:00:00.00,0.00304335,7.81648,3.62456
1528,2014-03-09,00:00:00.00,1.95824,7.30474,4.13426
1529,2014-03-10,00:00:00.00,0.0201583,6.9045,6.62614
1530,2014-03-11,00:00:00.00,0.264636,6.5283,13.5071
1531,2014-03-12,00:00:00.00,0.0542605,24.1671,61.4476
1532,2014-03-13,00:00:00.00,22.6853,126.136,129.125
1533,2014-03-14,00:00:00.00,0.0443632,159.204,79.004
1534,2014-03-15,00:00:00.00,0.081035,81.6795,52.9525
1535,2014-03-16,00:00:00.00,0.0947494,50.8841,105.339
1536,2014-03-17,00:00:00.00,0.0429386,47.2313,125.16
1537,2014-03-18,00:00:00.00,0,40.4574,51.2535
1538,2014-03-19,00:00:00.00,0,29.0059,32.8475
1539,2014-03-20,00:00:00.00,0.925151,23.6449,27.3824
1540,2014-03-21,00:00:00.00,0.408358,21.9432,36.8119
1541,2014-03-22,00:00:00.00,0.0971774,19.7055,35.3961
1542,2014-03-23,00:00:00.00,0.160857,16.4725,28.6
1543,2014-03-24,00:00:00.00,0.0129991,14.1588,25.0321
1544,2014-03-25,00:00:00.00,0.0411329,12.4257,18.236
1545,2014-03-26,00:00:00.00,0.354817,11.0814,13.7903
1546,2014-03-27,00:00:00.00,0.0208806,10.0095,10.7887
1547,2014-03-28,00:00:00.00,0.423637,9.1353,8.46674
1548,2014-03-29,00:00:00.00,0.906615,8.40903,8.38179
1549,2014-03-30,00:00:00.00,3.18704,8.15416,10.3073
1550,2014-03-31,00:00:00.00,0.206205,8.52036,11.3834
1551,2014-04-01,00:00:00.00,0.000351488,8.46371,10.7604
1552,2014-04-02,00:00:00.00,0.116522,7.82401,9.88258
1553,2014-04-03,00:00:00.00,0.00670721,7.27945,8.86317
1554,2014-04-04,00:00:00.00,32.9669,17.7601,11.7798
1555,2014-04-05,00:00:00.00,5.99924,67.7666,140.452
1556,2014-04-06,00:00:00.00,0.467375,84.2935,193.121
1557,2014-04-07,00:00:00.00,0,50.341,89.4812
1558,2014-04-08,00:00:00.00,7.6142,36.8053,37.3782
1559,2014-04-09,00:00:00.00,11.4403,41.1469,78.1545
1560,2014-04-10,00:00:00.00,0.0704858,50.7841,102.224
1561,2014-04-11,00:00:00.00,0.0392041,44.5854,46.4396
1562,2014-04-12,00:00:00.00,2.83243,30.9128,26.1364
1563,2014-04-13,00:00:00.00,0.00646177,23.7095,18.3493
1564,2014-04-14,00:00:00.00,0.0146153,19.1969,14.1867
1565,2014-04-15,00:00:00.00,6.20302,17.073,11.8081
1566,2014-04-16,00:00:00.00,12.9358,19.1447,14.1867
1567,2014-04-17,00:00:00.00,0.0365773,23.2342,32.5644
1568,2014-04-18,00:00:00.00,0.000111738,22.2934,24.3525
1569,2014-04-19,00:00:00.00,0.000250742,19.2246,16.7353
1570,2014-04-20,00:00:00.00,1.772e-308,19.2287,12.8275
1571,2014-04-21,00:00:00.00,0.00148981,18.0181,10.3923
1572,2014-04-22,00:00:00.00,0.000935414,15.22,8.69327
1573,2014-04-23,00:00:00.00,0.0281959,13.1787,7.92872
1574,2014-04-24,00:00:00.00,0.0163669,11.6277,7.05089
1575,2014-04-25,00:00:00.00,0.0556865,10.4115,6.08812
1576,2014-04-26,00:00:00.00,5.25595,9.97999,5.60674
1577,2014-04-27,00:00:00.00,0.000536433,10.5271,5.74832
1578,2014-04-28,00:00:00.00,0.00269005,10.4177,5.52178
1579,2014-04-29,00:00:00.00,6.32386,10.2247,4.72891
1580,2014-04-30,00:00:00.00,7.33136,13.0139,4.92713
1581,2014-05-01,00:00:00.00,6.6392,17.749,9.14634
1582,2014-05-02,00:00:00.00,0.0016908,19.8861,14.6681
1583,2014-05-03,00:00:00.00,0.0746012,18.0484,12.1762
1584,2014-05-04,00:00:00.00,0.810665,15.1829,8.97644
1585,2014-05-05,00:00:00.00,0.299757,13.1017,6.93763
1586,2014-05-06,00:00:00.00,0.00947958,11.5262,5.66337
1587,2014-05-07,00:00:00.00,0.00329281,10.2946,4.67228
1588,2014-05-08,00:00:00.00,1.87565,9.30691,4.47406
1589,2014-05-09,00:00:00.00,0.433252,8.49795,5.26693
1590,2014-05-10,00:00:00.00,0.784834,7.82369,4.95545
1591,2014-05-11,00:00:00.00,0.368808,7.25331,4.61565
1592,2014-05-12,00:00:00.00,0.353344,6.7646,5.66337
1593,2014-05-13,00:00:00.00,10.011,7.28761,6.48456
1594,2014-05-14,00:00:00.00,1.65124,10.463,5.29525
1595,2014-05-15,00:00:00.00,9.79708,12.8899,5.2103
1596,2014-05-16,00:00:00.00,16.4799,21.5677,8.69327
1597,2014-05-17,00:00:00.00,0.237567,38.779,24.126
1598,2014-05-18,00:00:00.00,1.38303,38.8197,19.9351
1599,2014-05-19,00:00:00.00,0.025101,26.7756,12.063
1600,2014-05-20,00:00:00.00,0.002985,20.9912,8.38179
1601,2014-05-21,00:00:00.00,1.3476,17.2333,6.51287
1602,2014-05-22,00:00:00.00,4.43547,14.6937,5.63505
1603,2014-05-23,00:00:00.00,1.01762,12.9524,10.902
1604,2014-05-24,00:00:00.00,4.3382e-308,11.5415,13.5638
1605,2014-05-25,00:00:00.00,0,10.3114,8.26852
1606,2014-05-26,00:00:00.00,1.31125e-308,9.32449,5.69169
1607,2014-05-27,00:00:00.00,0.000550521,8.51582,4.5307
1608,2014-05-28,00:00:00.00,0.412299,7.84154,4.02099
1609,2014-05-29,00:00:00.00,3.21223,7.27099,3.70951
1610,2014-05-30,00:00:00.00,0.305731,6.78205,5.40852
1611,2014-05-31,00:00:00.00,0.00135809,6.35838,5.01208
1612,2014-06-01,00:00:00.00,2.4367e-308,5.98766,3.73782
1613,2014-06-02,00:00:00.00,0.00360409,5.66044,3.05822
1614,2014-06-03,00:00:00.00,0.171977,5.36945,2.6986
1615,2014-06-04,00:00:00.00,1.14765,5.10894,2.42392
1616,2014-06-05,00:00:00.00,20.3776,8.22493,2.33614
1617,2014-06-06,00:00:00.00,0.446009,21.4855,2.64763
1618,2014-06-07,00:00:00.00,1.62652e-308,25.4978,4.64396
1619,2014-06-08,00:00:00.00,0.157753,17.8273,4.58733
1620,2014-06-09,00:00:00.00,9.15041,16.5483,3.70951
1621,2014-06-10,00:00:00.00,0.0378799,18.4112,3.17149
1622,2014-06-11,00:00:00.00,0.193372,18.1038,3.45466
1623,2014-06-12,00:00:00.00,4.03225,15.1168,3.90772
1624,2014-06-13,00:00:00.00,0.290267,13.0246,3.22812
1625,2014-06-14,00:00:00.00,0.484049,11.443,2.86
1626,2014-06-15,00:00:00.00,0.00107738,10.208,2.57117
1627,2014-06-16,00:00:00.00,0.00331793,9.21854,2.73824
1628,2014-06-17,00:00:00.00,0.0553747,8.40895,2.2342
1629,2014-06-18,00:00:00.00,0.0279266,7.73482,1.72166
1630,2014-06-19,00:00:00.00,6.88393,7.46971,1.47248
1631,2014-06-20,00:00:00.00,31.2299,17.5142,2.3418
1632,2014-06-21,00:00:00.00,8.55631,58.5128,16.4804
1633,2014-06-22,00:00:00.00,2.83934,73.1986,15.2628
1634,2014-06-23,00:00:00.00,0.521578,46.9593,9.82595
1635,2014-06-24,00:00:00.00,9.10824,34.4115,6.42792
1636,2014-06-25,00:00:00.00,10.0057,34.6124,25.7683
1637,2014-06-26,00:00:00.00,12.85,43.0302,99.9585
1638,2014-06-27,00:00:00.00,3.16896,50.2383,91.7466
1639,2014-06-28,00:00:00.00,0.00267952,43.2902,41.6258
1640,2014-06-29,00:00:00.00,0.0157288,30.3307,18.4626
1641,2014-06-30,00:00:00.00,1.48319,23.2726,10.5339
1642,2014-07-01,00:00:00.00,0.248581,18.8519,6.82436
1643,2014-07-02,00:00:00.00,1.44461,15.8394,4.92713
1644,2014-07-03,00:00:00.00,0.038899,13.663,3.90772
1645,2014-07-04,00:00:00.00,8.425e-308,12.0213,3.14317
1646,2014-07-05,00:00:00.00,0,10.741,2.48905
1647,2014-07-06,00:00:00.00,0,9.71574,1.98784
1648,2014-07-07,00:00:00.00,0.000175988,8.87678,1.57442
1649,2014-07-08,00:00:00.00,0.3214,8.17785,1.2601
1650,2014-07-09,00:00:00.00,16.8722,10.5832,1.65937
1651,2014-07-10,00:00:00.00,2.28516,21.7118,2.44374
1652,2014-07-11,00:00:00.00,0.00649303,25.0426,5.12535
1653,2014-07-12,00:00:00.00,0.00398623,18.2674,3.56792
1654,2014-07-13,00:00:00.00,0.0638912,15.3552,2.35596
1655,2014-07-14,00:00:00.00,0.518409,13.2442,1.69901
1656,2014-07-15,00:00:00.00,0.193807,11.6483,1.36204
1657,2014-07-16,00:00:00.00,0.37487,10.4021,1.0817
1658,2014-07-17,00:00:00.00,0.00563828,9.4033,0.940119
1659,2014-07-18,00:00:00.00,0.00919534,8.58577,0.82402
1660,2014-07-19,00:00:00.00,0.0283346,7.90465,0.673941
1661,2014-07-20,00:00:00.00,2.2458,7.32864,0.603149
1662,2014-07-21,00:00:00.00,0.175912,6.83521,0.614476
1663,2014-07-22,00:00:00.00,0.0240853,6.40779,0.710753
1664,2014-07-23,00:00:00.00,0.004004,6.03392,0.583327
1665,2014-07-24,00:00:00.00,12.6086,6.99642,0.614476
1666,2014-07-25,00:00:00.00,0.011634,12.1415,0.676773
1667,2014-07-26,00:00:00.00,0.00636959,13.7859,0.696594
1668,2014-07-27,00:00:00.00,0.0783622,10.804,0.767387
1669,2014-07-28,00:00:00.00,0.493691,9.68951,0.645624
1670,2014-07-29,00:00:00.00,0.107382,8.78806,0.784377
1671,2014-07-30,00:00:00.00,0.00105199,8.04464,0.591822
1672,2014-07-31,00:00:00.00,0.913288,7.42146,0.484218
1673,2014-08-01,00:00:00.00,0.273478,6.8918,0.506872
1674,2014-08-02,00:00:00.00,0.409189,6.43622,0.481386
1675,2014-08-03,00:00:00.00,3.41394,6.04023,0.45307
1676,2014-08-04,00:00:00.00,0.571751,5.69287,0.733406
1677,2014-08-05,00:00:00.00,0.0598365,5.38567,1.8236
1678,2014-08-06,00:00:00.00,0.418347,5.11201,1.47531
1679,2014-08-07,00:00:00.00,1.24288,4.86663,1.23178
1680,2014-08-08,00:00:00.00,0.000255596,4.64529,1.03073
1681,2014-08-09,00:00:00.00,6.48e-308,4.44453,0.869327
1682,2014-08-10,00:00:00.00,0,4.26154,0.959941
1683,2014-08-11,00:00:00.00,0.0152425,4.09402,0.733406
1684,2014-08-12,00:00:00.00,59.2418,25.5294,0.693763
1685,2014-08-13,00:00:00.00,1.70627,142.401,0.889149
1686,2014-08-14,00:00:00.00,0.654675,157.206,1.84909
1687,2014-08-15,00:00:00.00,0.0111181,60.9353,0.996753
1688,2014-08-16,00:00:00.00,0.0279249,38.412,0.699426
1689,2014-08-17,00:00:00.00,0.0105018,27.8792,0.625802
1690,2014-08-18,00:00:00.00,0.172259,21.8226,0.549347
1691,2014-08-19,00:00:00.00,0.00784847,17.9147,0.467228
1692,2014-08-20,00:00:00.00,1.64574,15.1973,0.433248
1693,2014-08-21,00:00:00.00,7.55615,14.3063,0.402099
1694,2014-08-22,00:00:00.00,0.2564,15.4798,0.373782
1695,2014-08-23,00:00:00.00,1.53661,15.2458,0.359624
1696,2014-08-24,00:00:00.00,0.18504,13.2144,0.393604
1697,2014-08-25,00:00:00.00,0.00478722,11.6693,0.447406
1698,2014-08-26,00:00:00.00,0.19254,10.4567,0.396436
1699,2014-08-27,00:00:00.00,0.146976,9.48071,0.379446
1700,2014-08-28,00:00:00.00,0.136556,8.67876,0.33697
1701,2014-08-29,00:00:00.00,0.000994244,8.00832,0.308654
1702,2014-08-30,00:00:00.00,0.00485138,7.43953,0.314317
1703,2014-08-31,00:00:00.00,0.0759441,6.95088,0.342634
1704,2014-09-01,00:00:00.00,0.0176504,6.52647,0.300159
1705,2014-09-02,00:00:00.00,0.4942,6.1543,0.263347
1706,2014-09-03,00:00:00.00,7.02639,6.36004,0.273258
1707,2014-09-04,00:00:00.00,0.0764289,7.8971,0.328475
1708,2014-09-05,00:00:00.00,0.00346341,8.3308,0.24579
1709,2014-09-06,00:00:00.00,0.227274,7.33789,0.317149
1710,2014-09-07,00:00:00.00,15.6932,9.52677,1.9397
1711,2014-09-08,00:00:00.00,0.0241819,19.6733,1.90289
1712,2014-09-09,00:00:00.00,0.00724008,22.7546,1.50079
1713,2014-09-10,00:00:00.00,0.218402,16.6945,0.874991
1714,2014-09-11,00:00:00.00,57.3186,49.9197,0.843842
1715,2014-09-12,00:00:00.00,18.2932,229.642,8.74991
1716,2014-09-13,00:00:00.00,0.0734154,270.881,19.0572
1717,2014-09-14,00:00:00.00,0.806653,117.496,10.5905
1718,2014-09-15,00:00:00.00,0.00402697,54.9668,4.64396
1719,2014-09-16,00:00:00.00,4.05163,36.9456,2.52869
1720,2014-09-17,00:00:00.00,5.55166,31.1456,1.73865
1721,2014-09-18,00:00:00.00,0.0043237,29.5959,1.40168
1722,2014-09-19,00:00:00.00,0.000764926,25.637,1.22046
1723,2014-09-20,00:00:00.00,0.00145585,20.4778,0.988258
1724,2014-09-21,00:00:00.00,0.122094,17.0484,0.860832
1725,2014-09-22,00:00:00.00,19.03,21.2849,0.928793
1726,2014-09-23,00:00:00.00,0.282111,42.4073,0.891981
1727,2014-09-24,00:00:00.00,0,46.5217,0.880654
1728,2014-09-25,00:00:00.00,0,30.6829,0.911802
1729,2014-09-26,00:00:00.00,0.0034404,23.5173,0.826852
1730,2014-09-27,00:00:00.00,0.00846956,19.041,0.713585
1731,2014-09-28,00:00:00.00,0.0073091,15.9957,0.654119
1732,2014-09-29,00:00:00.00,0,13.7979,0.617307
1733,2014-09-30,00:00:00.00,0.000323205,12.1412,0.608812
1734,2014-10-01,00:00:00.00,5.15573,11.5735,0.586159
1735,2014-10-02,00:00:00.00,0.0402482,12.3203,0.642792
1736,2014-10-03,00:00:00.00,0.64951,12.1753,0.676773
1737,2014-10-04,00:00:00.00,8.8636,12.5416,0.858
1738,2014-10-05,00:00:00.00,4.03537,17.8453,1.04206
1739,2014-10-06,00:00:00.00,0.153716,20.8069,0.985426
1740,2014-10-07,00:00:00.00,3.6429,18.5631,1.31107
1741,2014-10-08,00:00:00.00,4.90893,18.2533,1.27709
1742,2014-10-09,00:00:00.00,0.724219,19.1175,1.24028
1743,2014-10-10,00:00:00.00,0.000825938,17.6916,1.38469
1744,2014-10-11,00:00:00.00,1.754e-308,14.9552,1.45549
1745,2014-10-12,00:00:00.00,0.00108355,12.9541,1.34788
1746,2014-10-13,00:00:00.00,8.1847e-308,11.4311,1.0279
1747,2014-10-14,00:00:00.00,2.27903,10.2874,0.855169
1748,2014-10-15,00:00:00.00,9.38783,11.1473,0.79004
1749,2014-10-16,00:00:00.00,2.29084,16.3215,0.968436
1750,2014-10-17,00:00:00.00,1.10692,17.8752,1.34222
1751,2014-10-18,00:00:00.00,0.513911,14.5031,1.74998
1752,2014-10-19,00:00:00.00,0.390978,12.5916,1.74715
1753,2014-10-20,00:00:00.00,0.0494396,11.1298,1.62256
1754,2014-10-21,00:00:00.00,4.48841,10.641,1.43283
1755,2014-10-22,00:00:00.00,0.522875,11.3512,1.21196
1756,2014-10-23,00:00:00.00,0.0678042,11.2505,1.0902
1757,2014-10-24,00:00:00.00,0.00182366,10.0655,1.02507
1758,2014-10-25,00:00:00.00,0.000344395,9.11187,0.976931
1759,2014-10-26,00:00:00.00,0.00191505,8.32867,0.880654
1760,2014-10-27,00:00:00.00,0.000391629,7.67439,0.812693
1761,2014-10-28,00:00:00.00,0.0173576,7.11986,0.767387
1762,2014-10-29,00:00:00.00,1.80295,6.64399,0.778713
1763,2014-10-30,00:00:00.00,0.000438595,6.23118,0.818357
1764,2014-10-31,00:00:00.00,0.000575772,5.86965,0.787208
1765,2014-11-01,00:00:00.00,4.45166,5.99644,0.744733
1766,2014-11-02,00:00:00.00,3.96043,7.85611,0.855169
1767,2014-11-03,00:00:00.00,0.0166619,9.62961,0.976931
1768,2014-11-04,00:00:00.00,0.0131377,9.17431,0.985426
1769,2014-11-05,00:00:00.00,1.25883,8.15637,1.05905
1770,2014-11-06,00:00:00.00,1.10909,7.50667,1.07038
1771,2014-11-07,00:00:00.00,5.67994,7.70562,0.968436
1772,2014-11-08,00:00:00.00,2.37266,10.0821,1.05055
1773,2014-11-09,00:00:00.00,0.14563,11.2629,0.968436
1774,2014-11-10,00:00:00.00,0.0271543,10.0214,0.883486
1775,2014-11-11,00:00:00.00,0.00147177,9.04013,0.920297
1776,2014-11-12,00:00:00.00,0.906342,8.23767,0.988258
1777,2014-11-13,00:00:00.00,0.466364,7.56985,0.965604
1778,2014-11-14,00:00:00.00,0.298177,7.0058,0.815525
1779,2014-11-15,00:00:00.00,0.0142858,6.5233,0.821189
1780,2014-11-16,00:00:00.00,0.0833156,6.10598,0.733406
1781,2014-11-17,00:00:00.00,1.11025,5.74151,0.758891
1782,2014-11-18,00:00:00.00,4.83988,5.42046,0.719248
1783,2014-11-19,00:00:00.00,0.180385,5.13551,0.665446
1784,2014-11-20,00:00:00.00,0.247785,4.88086,0.608812
1785,2014-11-21,00:00:00.00,0.0147057,4.65188,0.560674
1786,2014-11-22,00:00:00.00,0.0953648,4.44484,0.529525
1787,2014-11-23,00:00:00.00,5.50926,4.32125,0.546515
1788,2014-11-24,00:00:00.00,3.07266,4.52537,0.642792
1789,2014-11-25,00:00:00.00,17.1767,12.6772,2.50887
1790,2014-11-26,00:00:00.00,0.0722778,42.735,17.4715
1791,2014-11-27,00:00:00.00,0.0896468,50.2618,16.7069
1792,2014-11-28,00:00:00.00,0.16209,30.9661,7.9004
1793,2014-11-29,00:00:00.00,0.456722,23.4891,4.38911
1794,2014-11-30,00:00:00.00,0.120518,18.8663,3.00159
1795,2014-12-01,00:00:00.00,0.263648,15.7446,2.43808
1796,2014-12-02,00:00:00.00,1.39281,13.6867,1.95386
1797,2014-12-03,00:00:00.00,0.239491,12.4183,1.63388
1798,2014-12-04,00:00:00.00,0.00440484,11.2588,1.42717
1799,2014-12-05,00:00:00.00,0.0126887,10.0724,1.19214
1800,2014-12-06,00:00:00.00,0.665506,9.11784,1.12701
1801,2014-12-07,00:00:00.00,5.37233,9.40777,1.14966
1802,2014-12-08,00:00:00.00,0.0202243,12.2538,1.09586
1803,2014-12-09,00:00:00.00,0.00675346,12.947,6.08812
1804,2014-12-10,00:00:00.00,2.24004,11.196,5.01208
1805,2014-12-11,00:00:00.00,0.192308,10.7953,3.39802
1806,2014-12-12,00:00:00.00,0.00694921,10.1673,2.6278
1807,2014-12-13,00:00:00.00,0.00576172,9.18169,2.12943
1808,2014-12-14,00:00:00.00,0.0387179,8.37517,1.83493
1809,2014-12-15,00:00:00.00,0.037226,7.70351,1.69052
1810,2014-12-16,00:00:00.00,0.0498578,7.13581,1.39602
1811,2014-12-17,00:00:00.00,10.0321,8.30144,1.39885
1812,2014-12-18,00:00:00.00,0.350334,14.531,1.50646
1813,2014-12-19,00:00:00.00,0.032432,16.474,1.79529
1814,2014-12-20,00:00:00.00,0.0479945,12.7477,2.59665
1815,2014-12-21,00:00:00.00,0.0489756,11.211,2.47772
1816,2014-12-22,00:00:00.00,0.0264286,10.0081,1.98501
1817,2014-12-23,00:00:00.00,0,9.0425,1.57442
1818,2014-12-24,00:00:00.00,1.28519,8.34817,1.54327
1819,2014-12-25,00:00:00.00,9.28056,9.62931,1.78962
1820,2014-12-26,00:00:00.00,0.716183,15.4719,4.36079
1821,2014-12-27,00:00:00.00,0.00321311,17.0688,12.4877
1822,2014-12-28,00:00:00.00,0.266821,13.4077,9.03307
1823,2014-12-29,00:00:00.00,2.84542,12.2015,5.94654
1824,2014-12-30,00:00:00.00,0,12.0375,5.23862
1825,2014-12-31,00:00:00.00,0.0539435,11.4254,5.49347
