time,date,hour,precip [mm/day],02GB007 [m3/s],02GB007 (observed) [m3/s]
0,2010-01-01,00:00:00.00,---,0,
1,2010-01-02,00:00:00.00,1.78874,0.0151723,2.5
2,2010-01-03,00:00:00.00,0.159852,0.0511912,2.2
3,2010-01-04,00:00:00.00,0.115594,0.0720465,1.85
4,2010-01-05,00:00:00.00,0.0644201,0.0719441,1.65
5,2010-01-06,00:00:00.00,2.46143,0.0717226,1.5
6,2010-01-07,00:00:00.00,0.865784,0.0715023,1.38
7,2010-01-08,00:00:00.00,0.495045,0.0712831,1.3
8,2010-01-09,00:00:00.00,5.10285,0.071065,1.25
9,2010-01-10,00:00:00.00,0.00325152,0.070848,1.2
10,2010-01-11,00:00:00.00,0.0255741,0.0706321,1.15
11,2010-01-12,00:00:00.00,2.49769,0.0704173,1.12
12,2010-01-13,00:00:00.00,1.34577,0.0702036,1.15
13,2010-01-14,00:00:00.00,0.0282488,0.0699909,1.12
14,2010-01-15,00:00:00.00,0.0070885,0.0697794,1.11
15,2010-01-16,00:00:00.00,0.0733917,0.0695688,1.18
16,2010-01-17,00:00:00.00,0.00711728,0.0693594,1.27
17,2010-01-18,00:00:00.00,0.0218338,0.0691509,1.24
18,2010-01-19,00:00:00.00,0.0249258,0.0689436,1.22
19,2010-01-20,00:00:00.00,0.291963,0.0687372,1.21
20,2010-01-21,00:00:00.00,0.117313,0.0685319,1.18
21,2010-01-22,00:00:00.00,0.0302938,0.0683275,1.13
22,2010-01-23,00:00:00.00,0.00714415,0.0681242,1.1
23,2010-01-24,00:00:00.00,0.00560313,0.0679219,1.12
24,2010-01-25,00:00:00.00,5.79995,0.15126,1.21
25,2010-01-26,00:00:00.00,14.4316,0.600143,9
26,2010-01-27,00:00:00.00,0.900495,0.979699,14.3
27,2010-01-28,00:00:00.00,1.02885,0.541955,9.5
28,2010-01-29,00:00:00.00,1.09688,0.0873489,5.2
29,2010-01-30,00:00:00.00,0.662128,0.0844456,4.1
30,2010-01-31,00:00:00.00,0.00301484,0.0841464,3.1
31,2010-02-01,00:00:00.00,0.303274,0.0838491,2.7
32,2010-02-02,00:00:00.00,0.771612,0.0835535,2.35
33,2010-02-03,00:00:00.00,1.01536,0.0832597,2
34,2010-02-04,00:00:00.00,1.81026,0.0829677,1.8
35,2010-02-05,00:00:00.00,0.0052812,0.0826774,1.61
36,2010-02-06,00:00:00.00,0.0156148,0.0823888,1.45
37,2010-02-07,00:00:00.00,0.0227863,0.082102,1.3
38,2010-02-08,00:00:00.00,0.00515638,0.0818169,1.22
39,2010-02-09,00:00:00.00,0,0.0815336,1.1
40,2010-02-10,00:00:00.00,0.302981,0.0812519,1.01
41,2010-02-11,00:00:00.00,2.87774,0.0809719,0.98
42,2010-02-12,00:00:00.00,0.0998096,0.0806937,0.94
43,2010-02-13,00:00:00.00,0.0514753,0.080417,0.89
44,2010-02-14,00:00:00.00,0.0949173,0.080142,0.87
45,2010-02-15,00:00:00.00,0.255496,0.0798687,0.84
46,2010-02-16,00:00:00.00,0.149335,0.0795969,0.836
47,2010-02-17,00:00:00.00,0.265344,0.0793268,0.82
48,2010-02-18,00:00:00.00,0.147173,0.0790584,0.81
49,2010-02-19,00:00:00.00,0.0155043,0.0787915,0.8
50,2010-02-20,00:00:00.00,0.0115555,0.0785262,0.81
51,2010-02-21,00:00:00.00,0.00027273,0.0782625,0.815
52,2010-02-22,00:00:00.00,2.22875e-308,0.0780002,0.83
53,2010-02-23,00:00:00.00,8.69476,0.0847969,0.855
54,2010-02-24,00:00:00.00,3.8319,0.110562,0.875
55,2010-02-25,00:00:00.00,0.332247,0.125935,0.89
56,2010-02-26,00:00:00.00,2.20611,0.100284,0.915
57,2010-02-27,00:00:00.00,7.82192,0.117061,0.925
58,2010-02-28,00:00:00.00,1.55612,0.170838,0.95
59,2010-03-01,00:00:00.00,0.279008,0.132516,0.98
60,2010-03-02,00:00:00.00,0.010217,0.0789414,1.05
61,2010-03-03,00:00:00.00,0.000478429,0.0783717,1.19
62,2010-03-04,00:00:00.00,8.59914e-308,0.0781094,1.3
63,2010-03-05,00:00:00.00,0.000101626,0.0778485,1.45
64,2010-03-06,00:00:00.00,0,0.0775893,1.62
65,2010-03-07,00:00:00.00,0,0.0773316,1.85
66,2010-03-08,00:00:00.00,0,0.0770755,2.19
67,2010-03-09,00:00:00.00,0,0.0768209,2.48
68,2010-03-10,00:00:00.00,0.00192949,0.0765678,2.9
69,2010-03-11,00:00:00.00,0.000193048,0.0763164,3.28
70,2010-03-12,00:00:00.00,0.12139,0.0760666,4
71,2010-03-13,00:00:00.00,2.95781,0.112612,5.2
72,2010-03-14,00:00:00.00,24.4692,0.645054,11.3
73,2010-03-15,00:00:00.00,25.5194,1.8077,40
74,2010-03-16,00:00:00.00,0.790553,2.0266,62.5
75,2010-03-17,00:00:00.00,0.00616292,0.855187,53
76,2010-03-18,00:00:00.00,0.000387571,1.9471,31.1
77,2010-03-19,00:00:00.00,0.000604746,4.45883,21.7
78,2010-03-20,00:00:00.00,0.000738626,2.70521,19.9
79,2010-03-21,00:00:00.00,0.0428356,0.24061,18.2
80,2010-03-22,00:00:00.00,0.222011,0.225579,16.6
81,2010-03-23,00:00:00.00,2.80231,0.248961,15.1
82,2010-03-24,00:00:00.00,1.14469,0.281642,13.6
83,2010-03-25,00:00:00.00,0.115455,0.257643,12.1
84,2010-03-26,00:00:00.00,0.040052,0.224231,10.8
85,2010-03-27,00:00:00.00,0.000335343,0.223328,9.55
86,2010-03-28,00:00:00.00,4e-308,0.222647,8.35
87,2010-03-29,00:00:00.00,2.52084,0.250606,7.19
88,2010-03-30,00:00:00.00,2.93398,0.330233,6.13
89,2010-03-31,00:00:00.00,1.9159e-308,0.358577,5.38
90,2010-04-01,00:00:00.00,2.92212e-308,0.280681,5.07
91,2010-04-02,00:00:00.00,0.0205091,0.225226,4.67
92,2010-04-03,00:00:00.00,0.0395137,0.224456,4.2
93,2010-04-04,00:00:00.00,0.0448938,0.224035,3.94
94,2010-04-05,00:00:00.00,0.127497,0.223649,3.8
95,2010-04-06,00:00:00.00,0.0889472,0.223297,3.52
96,2010-04-07,00:00:00.00,17.2578,0.767134,4.46
97,2010-04-08,00:00:00.00,5.60221,1.62229,8.6
98,2010-04-09,00:00:00.00,24.7243,2.13983,18.2
99,2010-04-10,00:00:00.00,0.0909205,2.54422,23.1
100,2010-04-11,00:00:00.00,0.0550061,1.56599,20.6
101,2010-04-12,00:00:00.00,0.00639822,0.383639,12.6
102,2010-04-13,00:00:00.00,1.6438e-308,0.378215,8.72
103,2010-04-14,00:00:00.00,4.2523e-308,0.379658,6.7
104,2010-04-15,00:00:00.00,3.1117e-308,0.381183,5.38
105,2010-04-16,00:00:00.00,0,0.382786,4.52
106,2010-04-17,00:00:00.00,0.0188652,0.384465,3.96
107,2010-04-18,00:00:00.00,0.0952378,0.386219,3.66
108,2010-04-19,00:00:00.00,0.0346563,0.388046,3.49
109,2010-04-20,00:00:00.00,0.000387038,0.389942,3.32
110,2010-04-21,00:00:00.00,0.101135,0.391907,3.15
111,2010-04-22,00:00:00.00,0.00261088,0.393938,2.98
112,2010-04-23,00:00:00.00,0.00308447,0.396033,2.81
113,2010-04-24,00:00:00.00,3.223e-308,0.39819,2.65
114,2010-04-25,00:00:00.00,0.000609196,0.400407,2.48
115,2010-04-26,00:00:00.00,9.51134,0.68772,2.31
116,2010-04-27,00:00:00.00,0.384766,1.0825,2.15
117,2010-04-28,00:00:00.00,0,0.824609,2
118,2010-04-29,00:00:00.00,0,0.457525,1.85
119,2010-04-30,00:00:00.00,0,0.458478,1.71
120,2010-05-01,00:00:00.00,2e-308,0.461605,1.57
121,2010-05-02,00:00:00.00,0.890973,0.464781,1.49
122,2010-05-03,00:00:00.00,0.11394,0.468004,1.64
123,2010-05-04,00:00:00.00,7.79191,0.646475,1.76
124,2010-05-05,00:00:00.00,0.0314123,0.890622,1.74
125,2010-05-06,00:00:00.00,6.91359,0.879666,1.58
126,2010-05-07,00:00:00.00,3.94231,0.894446,2.39
127,2010-05-08,00:00:00.00,4.35889,0.897685,1.72
128,2010-05-09,00:00:00.00,19.5732,1.53985,3.52
129,2010-05-10,00:00:00.00,0.00975481,2.45879,3.85
130,2010-05-11,00:00:00.00,0.00154577,1.71006,3.7
131,2010-05-12,00:00:00.00,2.88959,0.788729,3.19
132,2010-05-13,00:00:00.00,3.74001,0.869133,3.17
133,2010-05-14,00:00:00.00,6.42507,1.11184,2.83
134,2010-05-15,00:00:00.00,7.38957,1.48795,4.08
135,2010-05-16,00:00:00.00,0.00671911,1.55414,4.5
136,2010-05-17,00:00:00.00,0,1.17907,3.81
137,2010-05-18,00:00:00.00,0,0.939782,3.18
138,2010-05-19,00:00:00.00,1.35e-308,0.946231,2.65
139,2010-05-20,00:00:00.00,1.79e-308,0.954007,2.24
140,2010-05-21,00:00:00.00,3.6e-308,0.961691,1.91
141,2010-05-22,00:00:00.00,0.0359586,0.969283,1.67
142,2010-05-23,00:00:00.00,6.35333,1.09711,1.55
143,2010-05-24,00:00:00.00,0.211897,1.2685,1.88
144,2010-05-25,00:00:00.00,0,1.17629,1.57
145,2010-05-26,00:00:00.00,0,1.0396,1.43
146,2010-05-27,00:00:00.00,0,1.04611,1.29
147,2010-05-28,00:00:00.00,0.00214959,1.0533,1.16
148,2010-05-29,00:00:00.00,0.0476629,1.06037,1.05
149,2010-05-30,00:00:00.00,0.0371268,1.0673,0.95
150,2010-05-31,00:00:00.00,0.022625,1.07409,0.872
151,2010-06-01,00:00:00.00,0.0070544,1.08073,0.852
152,2010-06-02,00:00:00.00,15.4896,1.61817,2.38
153,2010-06-03,00:00:00.00,14.2574,2.84457,1.82
154,2010-06-04,00:00:00.00,20.715,3.99097,3.28
155,2010-06-05,00:00:00.00,2.65692,4.1926,5.42
156,2010-06-06,00:00:00.00,12.7326,3.44305,6.23
157,2010-06-07,00:00:00.00,27.0071,4.5514,15.2
158,2010-06-08,00:00:00.00,0.0234541,6.12747,15.3
159,2010-06-09,00:00:00.00,0.0729515,4.64559,10.1
160,2010-06-10,00:00:00.00,9.18107,3.52831,7.77
161,2010-06-11,00:00:00.00,4.08764,4.00617,6.81
162,2010-06-12,00:00:00.00,1.41306e-308,3.81028,6.36
163,2010-06-13,00:00:00.00,4.98509,3.48447,5.83
164,2010-06-14,00:00:00.00,0.969476,3.49516,5.38
165,2010-06-15,00:00:00.00,0.114683,3.48759,4.35
166,2010-06-16,00:00:00.00,0.00491072,3.47598,3.64
167,2010-06-17,00:00:00.00,11.0916,3.87762,3.65
168,2010-06-18,00:00:00.00,0.51867,4.4297,3.56
169,2010-06-19,00:00:00.00,0.00036593,4.17945,2.89
170,2010-06-20,00:00:00.00,0.142803,3.77398,2.46
171,2010-06-21,00:00:00.00,0.0472811,3.75231,2.06
172,2010-06-22,00:00:00.00,4.9751e-308,3.73032,1.71
173,2010-06-23,00:00:00.00,11.2588,4.09661,2
174,2010-06-24,00:00:00.00,0.10531,4.60979,2.72
175,2010-06-25,00:00:00.00,2.50331,4.37731,2.13
176,2010-06-26,00:00:00.00,0.00504194,3.99333,1.89
177,2010-06-27,00:00:00.00,1.55454,3.96196,1.57
178,2010-06-28,00:00:00.00,0.109259,3.93067,1.32
179,2010-06-29,00:00:00.00,11.7838,4.3197,2.06
180,2010-06-30,00:00:00.00,0.0707811,4.86948,1.71
181,2010-07-01,00:00:00.00,0.060422,4.61922,1.44
182,2010-07-02,00:00:00.00,0.0018162,4.20329,1.22
183,2010-07-03,00:00:00.00,0.0500757,4.16248,1.06
184,2010-07-04,00:00:00.00,0,4.12219,0.924
185,2010-07-05,00:00:00.00,0.00107288,4.08242,0.828
186,2010-07-06,00:00:00.00,0.00169383,4.04315,0.768
187,2010-07-07,00:00:00.00,0.0017001,4.00439,0.713
188,2010-07-08,00:00:00.00,0.0402726,3.96614,0.684
189,2010-07-09,00:00:00.00,0.0527753,3.9284,0.644
190,2010-07-10,00:00:00.00,34.7033,5.91843,1.83
191,2010-07-11,00:00:00.00,0.0494325,8.58462,1.49
192,2010-07-12,00:00:00.00,2.69499,7.42608,0.777
193,2010-07-13,00:00:00.00,5.55249,5.60338,0.699
194,2010-07-14,00:00:00.00,0.51395,5.55694,0.768
195,2010-07-15,00:00:00.00,0.0133556,5.47126,0.676
196,2010-07-16,00:00:00.00,0.00491966,5.38087,0.618
197,2010-07-17,00:00:00.00,9.7918,5.55037,0.746
198,2010-07-18,00:00:00.00,2.35625,5.84345,3.64
199,2010-07-19,00:00:00.00,0.0684929,5.68217,9.46
200,2010-07-20,00:00:00.00,5.38595,5.431,2.91
201,2010-07-21,00:00:00.00,0.0494566,5.38156,1.48
202,2010-07-22,00:00:00.00,0.0313231,5.29885,1.04
203,2010-07-23,00:00:00.00,0.0145972,5.21243,0.86
204,2010-07-24,00:00:00.00,14.4529,5.74017,1.89
205,2010-07-25,00:00:00.00,14.5803,7.29954,2.13
206,2010-07-26,00:00:00.00,0.359813,7.82938,1.48
207,2010-07-27,00:00:00.00,7.7363e-308,6.80873,1.48
208,2010-07-28,00:00:00.00,0,6.18313,1.47
209,2010-07-29,00:00:00.00,25.9531,7.70138,2.05
210,2010-07-30,00:00:00.00,0.328636,9.75416,8.01
211,2010-07-31,00:00:00.00,0.0328629,8.88091,4.03
212,2010-08-01,00:00:00.00,0.0912172,7.43922,2.17
213,2010-08-02,00:00:00.00,0.0145148,7.24832,1.54
214,2010-08-03,00:00:00.00,0.00500216,7.06796,1.28
215,2010-08-04,00:00:00.00,0.00364771,6.89727,1.08
216,2010-08-05,00:00:00.00,0.00199361,6.73546,0.907
217,2010-08-06,00:00:00.00,0.116182,6.58184,0.969
218,2010-08-07,00:00:00.00,0.0169814,6.43577,1.19
219,2010-08-08,00:00:00.00,0.0752704,6.29669,0.749
220,2010-08-09,00:00:00.00,0.612051,6.16408,0.639
221,2010-08-10,00:00:00.00,13.396,6.6135,0.618
222,2010-08-11,00:00:00.00,0.302633,7.28795,1.57
223,2010-08-12,00:00:00.00,0.0174086,6.94783,1.23
224,2010-08-13,00:00:00.00,0.189489,6.37711,0.81
225,2010-08-14,00:00:00.00,0.166721,6.23981,0.65
226,2010-08-15,00:00:00.00,0.00248587,6.10888,0.563
227,2010-08-16,00:00:00.00,0.374373,5.98387,0.522
228,2010-08-17,00:00:00.00,0.0553437,5.86437,0.53
229,2010-08-18,00:00:00.00,0.0478227,5.75,0.487
230,2010-08-19,00:00:00.00,0.00243588,5.64043,0.448
231,2010-08-20,00:00:00.00,7.243e-308,5.53533,0.444
232,2010-08-21,00:00:00.00,0.00260106,5.43444,0.433
233,2010-08-22,00:00:00.00,5.07196,5.38041,0.452
234,2010-08-23,00:00:00.00,29.3275,7.28997,4.32
235,2010-08-24,00:00:00.00,2.73448,9.6695,2.18
236,2010-08-25,00:00:00.00,0.305778,8.57806,1.14
237,2010-08-26,00:00:00.00,0.00729737,6.93519,0.85
238,2010-08-27,00:00:00.00,0.00123305,6.76764,0.705
239,2010-08-28,00:00:00.00,0,6.60881,0.618
240,2010-08-29,00:00:00.00,0,6.45802,0.548
241,2010-08-30,00:00:00.00,0,6.31465,0.507
242,2010-08-31,00:00:00.00,0.000974616,6.17813,0.478
243,2010-09-01,00:00:00.00,0.00187157,6.04798,0.45
244,2010-09-02,00:00:00.00,0.000861006,5.92374,0.428
245,2010-09-03,00:00:00.00,0.818325,5.805,0.405
246,2010-09-04,00:00:00.00,11.1323,6.12548,0.42
247,2010-09-05,00:00:00.00,4.42313,6.7696,0.47
248,2010-09-06,00:00:00.00,1.96839,6.57453,0.51
249,2010-09-07,00:00:00.00,0.290998,6.04995,0.55
250,2010-09-08,00:00:00.00,0.0207138,5.925,0.53
251,2010-09-09,00:00:00.00,1.85304,5.80561,0.5
252,2010-09-10,00:00:00.00,0.576929,5.69141,0.449
253,2010-09-11,00:00:00.00,0.0897876,5.58204,0.452
254,2010-09-12,00:00:00.00,0.0624749,5.4772,0.448
255,2010-09-13,00:00:00.00,4.88012,5.44345,0.552
256,2010-09-14,00:00:00.00,2.22467,5.42363,0.517
257,2010-09-15,00:00:00.00,0.00316372,5.33764,0.469
258,2010-09-16,00:00:00.00,0.00293718,5.24233,0.421
259,2010-09-17,00:00:00.00,23.4262,6.57152,0.938
260,2010-09-18,00:00:00.00,0.399167,8.37959,1.85
261,2010-09-19,00:00:00.00,0.107116,7.59651,0.966
262,2010-09-20,00:00:00.00,0.163721,6.31033,0.768
263,2010-09-21,00:00:00.00,0.0957075,6.17189,0.634
264,2010-09-22,00:00:00.00,0.32473,6.04001,0.55
265,2010-09-23,00:00:00.00,5.07512,5.98795,0.568
266,2010-09-24,00:00:00.00,0.419792,5.95217,0.705
267,2010-09-25,00:00:00.00,0.0878365,5.8442,0.567
268,2010-09-26,00:00:00.00,0.369492,5.72707,0.499
269,2010-09-27,00:00:00.00,0.056646,5.615,0.475
270,2010-09-28,00:00:00.00,4.86634,5.59321,0.509
271,2010-09-29,00:00:00.00,26.9131,7.56647,1.42
272,2010-09-30,00:00:00.00,0.175582,9.85797,3.06
273,2010-10-01,00:00:00.00,0.00011839,8.71733,2.15
274,2010-10-02,00:00:00.00,2e-308,7.13236,1.65
275,2010-10-03,00:00:00.00,6.04586,7.11678,1.19
276,2010-10-04,00:00:00.00,2.59712,7.30759,1.77
277,2010-10-05,00:00:00.00,0.698998,7.20475,2.36
278,2010-10-06,00:00:00.00,8.07249,7.23553,2.29
279,2010-10-07,00:00:00.00,7.14407,8.01318,4.49
280,2010-10-08,00:00:00.00,0.119965,8.16584,3.96
281,2010-10-09,00:00:00.00,0.0375456,7.54363,3.13
282,2010-10-10,00:00:00.00,2.47432e-308,7.20479,2.38
283,2010-10-11,00:00:00.00,0.0346736,7.02069,1.96
284,2010-10-12,00:00:00.00,3.34269,6.90581,1.82
285,2010-10-13,00:00:00.00,1.61696,6.81256,2.18
286,2010-10-14,00:00:00.00,0.174423,6.66593,2.01
287,2010-10-15,00:00:00.00,31.808,8.96732,5.07
288,2010-10-16,00:00:00.00,0.0545352,12.033,7.63
289,2010-10-17,00:00:00.00,5.53865e-308,10.7862,5.71
290,2010-10-18,00:00:00.00,0.00315418,8.7116,4.18
291,2010-10-19,00:00:00.00,0.000109814,8.43647,3.36
292,2010-10-20,00:00:00.00,0.00566151,8.17983,2.81
293,2010-10-21,00:00:00.00,0.062347,7.93983,2.39
294,2010-10-22,00:00:00.00,5.87203,7.90783,2.44
295,2010-10-23,00:00:00.00,0.418193,8.00349,2.71
296,2010-10-24,00:00:00.00,1.66238,7.83199,2.73
297,2010-10-25,00:00:00.00,2.59546,7.5919,2.66
298,2010-10-26,00:00:00.00,3.08774,7.50241,2.83
299,2010-10-27,00:00:00.00,6.04824,7.65852,2.99
300,2010-10-28,00:00:00.00,2.13758,7.82712,3.65
301,2010-10-29,00:00:00.00,0.373332,7.59345,3.59
302,2010-10-30,00:00:00.00,0.698111,7.28419,3.31
303,2010-10-31,00:00:00.00,0,7.09825,2.81
304,2010-11-01,00:00:00.00,0.0033139,6.92253,2.46
305,2010-11-02,00:00:00.00,1.91448e-308,6.75619,2.21
306,2010-11-03,00:00:00.00,0.129147,6.59846,1.99
307,2010-11-04,00:00:00.00,0.410277,6.44867,1.87
308,2010-11-05,00:00:00.00,1.89231,6.33709,1.74
309,2010-11-06,00:00:00.00,8.39209,6.65421,1.97
310,2010-11-07,00:00:00.00,0.0687259,7.04436,2.06
311,2010-11-08,00:00:00.00,2.75108e-308,6.75421,1.86
312,2010-11-09,00:00:00.00,0.0325038,6.3587,1.83
313,2010-11-10,00:00:00.00,0.0290903,6.22019,1.72
314,2010-11-11,00:00:00.00,0.0023377,6.0882,1.61
315,2010-11-12,00:00:00.00,0.000143884,5.96224,1.59
316,2010-11-13,00:00:00.00,0.00121188,5.84191,1.46
317,2010-11-14,00:00:00.00,0.00743407,5.72681,1.44
318,2010-11-15,00:00:00.00,0.746605,5.61659,1.41
319,2010-11-16,00:00:00.00,0.012648,5.51093,1.39
320,2010-11-17,00:00:00.00,2.44835,5.45565,1.41
321,2010-11-18,00:00:00.00,19.9325,6.807,3.95
322,2010-11-19,00:00:00.00,0.283673,8.45095,4.46
323,2010-11-20,00:00:00.00,0.0087456,7.63856,4.41
324,2010-11-21,00:00:00.00,0.0362804,6.46287,3.96
325,2010-11-22,00:00:00.00,0.0106553,6.31802,3.48
326,2010-11-23,00:00:00.00,5.59238,6.35992,3.28
327,2010-11-24,00:00:00.00,7.08984,7.00785,7.11
328,2010-11-25,00:00:00.00,0.0253427,7.32552,8.64
329,2010-11-26,00:00:00.00,1.75519,6.84164,6.83
330,2010-11-27,00:00:00.00,10.8218,6.7395,8.53
331,2010-11-28,00:00:00.00,0.58827,6.90977,8.66
332,2010-11-29,00:00:00.00,0.0773506,6.71881,6.71
333,2010-11-30,00:00:00.00,0.0539222,6.44762,5.43
334,2010-12-01,00:00:00.00,14.2254,7.21531,5.78
335,2010-12-02,00:00:00.00,15.0311,9.83868,14.8
336,2010-12-03,00:00:00.00,0.108542,11.0813,17.6
337,2010-12-04,00:00:00.00,0.136499,9.48257,14.2
338,2010-12-05,00:00:00.00,0.0716317,8.29486,10.2
339,2010-12-06,00:00:00.00,0.0302903,8.04697,7.49
340,2010-12-07,00:00:00.00,2.50599,7.8149,5.89
341,2010-12-08,00:00:00.00,0.85807,7.59716,4.77
342,2010-12-09,00:00:00.00,0.480512,7.39242,4.04
343,2010-12-10,00:00:00.00,0.0979043,7.19954,3.96
344,2010-12-11,00:00:00.00,0.247278,7.01747,3.65
345,2010-12-12,00:00:00.00,0.226061,6.84532,3.06
346,2010-12-13,00:00:00.00,12.6299,7.01898,3.05
347,2010-12-14,00:00:00.00,4.87404,7.35419,4.06
348,2010-12-15,00:00:00.00,0.485686,7.12559,2.99
349,2010-12-16,00:00:00.00,0.381504,6.73828,2.93
350,2010-12-17,00:00:00.00,0.223104,6.58071,2.84
351,2010-12-18,00:00:00.00,0.630963,6.43109,2.8
352,2010-12-19,00:00:00.00,0.0700438,6.2888,2.53
353,2010-12-20,00:00:00.00,0.247587,6.15331,2.34
354,2010-12-21,00:00:00.00,0.107495,6.02412,2.19
355,2010-12-22,00:00:00.00,0.00506396,5.90078,2.06
356,2010-12-23,00:00:00.00,0.00817621,5.78288,1.99
357,2010-12-24,00:00:00.00,0.0216418,5.67006,1.95
358,2010-12-25,00:00:00.00,0.0658927,5.56198,1.85
359,2010-12-26,00:00:00.00,0.0148114,5.45832,1.76
360,2010-12-27,00:00:00.00,0.0573586,5.35883,1.69
361,2010-12-28,00:00:00.00,0.00641805,5.26322,1.55
362,2010-12-29,00:00:00.00,0.0690193,5.17127,1.59
363,2010-12-30,00:00:00.00,0.181714,5.08276,1.6
364,2010-12-31,00:00:00.00,0.247918,4.99749,1.56
365,2011-01-01,00:00:00.00,1.84311,4.94476,1.61
366,2011-01-02,00:00:00.00,6.06756,5.18889,2.82
367,2011-01-03,00:00:00.00,0.148523,5.45057,5.97
368,2011-01-04,00:00:00.00,0.309362,5.24284,4.6
369,2011-01-05,00:00:00.00,3.09907,4.99232,5.53
370,2011-01-06,00:00:00.00,1.02984,4.9166,3.82
371,2011-01-07,00:00:00.00,1.59302,4.83773,2.51
372,2011-01-08,00:00:00.00,1.20925,4.76049,2.44
373,2011-01-09,00:00:00.00,0.98318,4.68588,2.11
374,2011-01-10,00:00:00.00,0.0245786,4.61375,1.81
375,2011-01-11,00:00:00.00,0.0169683,4.54398,1.59
376,2011-01-12,00:00:00.00,1.65947,4.47644,1.44
377,2011-01-13,00:00:00.00,14.617,4.41102,1.34
378,2011-01-14,00:00:00.00,0.93956,4.34763,1.27
379,2011-01-15,00:00:00.00,0.34155,4.28615,1.22
380,2011-01-16,00:00:00.00,10.2527,4.22649,1.18
381,2011-01-17,00:00:00.00,0.572519,4.16858,1.15
382,2011-01-18,00:00:00.00,0.0475102,4.11233,1.13
383,2011-01-19,00:00:00.00,0.73094,4.05767,1.21
384,2011-01-20,00:00:00.00,0.376598,4.00452,1.19
385,2011-01-21,00:00:00.00,0.56714,3.95282,1.19
386,2011-01-22,00:00:00.00,3.24141,3.9025,1.15
387,2011-01-23,00:00:00.00,1.07513,3.85351,1.13
388,2011-01-24,00:00:00.00,1.35694,3.8058,1.12
389,2011-01-25,00:00:00.00,1.46261,3.7593,1.1
390,2011-01-26,00:00:00.00,1.67902,3.71397,1.11
391,2011-01-27,00:00:00.00,0.0340109,3.66976,1.15
392,2011-01-28,00:00:00.00,0.380878,3.62664,1.18
393,2011-01-29,00:00:00.00,0.996892,3.58455,1.18
394,2011-01-30,00:00:00.00,1.99204,3.54345,1.16
395,2011-01-31,00:00:00.00,0.182898,3.50332,1.12
396,2011-02-01,00:00:00.00,0.0490635,3.46411,1.08
397,2011-02-02,00:00:00.00,2.09487,3.42579,1.05
398,2011-02-03,00:00:00.00,17.7004,3.38833,1.04
399,2011-02-04,00:00:00.00,0.329261,3.3517,1.05
400,2011-02-05,00:00:00.00,2.48388e-308,3.31586,1.07
401,2011-02-06,00:00:00.00,2.25785,3.2808,1.12
402,2011-02-07,00:00:00.00,4.33227,3.24648,1.16
403,2011-02-08,00:00:00.00,0.418496,3.21288,1.16
404,2011-02-09,00:00:00.00,0.207575,3.17998,1.12
405,2011-02-10,00:00:00.00,0.0176422,3.14774,1.05
406,2011-02-11,00:00:00.00,0.0136838,3.11616,1
407,2011-02-12,00:00:00.00,0.285619,3.08521,0.974
408,2011-02-13,00:00:00.00,2.4585,3.05487,0.993
409,2011-02-14,00:00:00.00,1.56856,3.02513,1.05
410,2011-02-15,00:00:00.00,0.455126,2.99595,1.12
411,2011-02-16,00:00:00.00,0.014994,2.96733,1.18
412,2011-02-17,00:00:00.00,0.0795938,2.93925,1.31
413,2011-02-18,00:00:00.00,0.412927,2.91169,1.65
414,2011-02-19,00:00:00.00,0.0360572,2.88464,9.44
415,2011-02-20,00:00:00.00,0.370299,2.85808,21.6
416,2011-02-21,00:00:00.00,0.0034726,2.832,20.6
417,2011-02-22,00:00:00.00,9.04192,2.80639,16.1
418,2011-02-23,00:00:00.00,0.358243,2.78122,10.1
419,2011-02-24,00:00:00.00,0.00191279,2.7565,6.68
420,2011-02-25,00:00:00.00,1.51047,2.7322,5.41
421,2011-02-26,00:00:00.00,3.57571,2.70832,4.72
422,2011-02-27,00:00:00.00,2.32423,2.68484,4.1
423,2011-02-28,00:00:00.00,4.37573,2.66376,3.76
424,2011-03-01,00:00:00.00,17.325,3.00796,9.31
425,2011-03-02,00:00:00.00,0.00615779,3.49517,17.1
426,2011-03-03,00:00:00.00,0.0520525,3.25601,16.6
427,2011-03-04,00:00:00.00,0.0412955,2.86982,11.9
428,2011-03-05,00:00:00.00,2.71082,2.84312,7.97
429,2011-03-06,00:00:00.00,21.983,3.81564,9.53
430,2011-03-07,00:00:00.00,7.46275,5.2369,24.2
431,2011-03-08,00:00:00.00,0.00552901,4.62803,24.4
432,2011-03-09,00:00:00.00,0.000161925,3.56212,19.8
433,2011-03-10,00:00:00.00,11.397,3.60382,15.4
434,2011-03-11,00:00:00.00,11.7233,4.29497,29.5
435,2011-03-12,00:00:00.00,19.3278,5.59886,49.3
436,2011-03-13,00:00:00.00,0.64171,5.92168,59.4
437,2011-03-14,00:00:00.00,0.170128,5.02655,43.9
438,2011-03-15,00:00:00.00,0.0113005,4.44963,23.4
439,2011-03-16,00:00:00.00,0.0692973,4.38092,15.3
440,2011-03-17,00:00:00.00,6.12205,4.41712,15.1
441,2011-03-18,00:00:00.00,0.0118018,4.53281,17.4
442,2011-03-19,00:00:00.00,0.00163783,4.4666,18.6
443,2011-03-20,00:00:00.00,0,4.32188,18.9
444,2011-03-21,00:00:00.00,0,4.25739,15.3
445,2011-03-22,00:00:00.00,8.40374,4.48149,13.9
446,2011-03-23,00:00:00.00,0.12724,4.84151,13.7
447,2011-03-24,00:00:00.00,22.1276,4.71792,11.9
448,2011-03-25,00:00:00.00,1.10022,4.46468,9.83
449,2011-03-26,00:00:00.00,0.0190771,4.40508,8.44
450,2011-03-27,00:00:00.00,0.00126435,4.3379,7.12
451,2011-03-28,00:00:00.00,8.6887e-308,4.27291,6.01
452,2011-03-29,00:00:00.00,0,4.21001,5.43
453,2011-03-30,00:00:00.00,0.120574,4.14909,4.97
454,2011-03-31,00:00:00.00,0.0326696,4.09005,5.09
455,2011-04-01,00:00:00.00,1.73076,4.0328,6.32
456,2011-04-02,00:00:00.00,0.0103262,3.97726,7.69
457,2011-04-03,00:00:00.00,8.313e-308,3.92334,8.34
458,2011-04-04,00:00:00.00,0.417584,3.87097,7.76
459,2011-04-05,00:00:00.00,20.3858,4.82362,13.8
460,2011-04-06,00:00:00.00,2.76611,6.18386,23.2
461,2011-04-07,00:00:00.00,1.00089,5.60553,19.3
462,2011-04-08,00:00:00.00,0.0264898,4.60774,12.9
463,2011-04-09,00:00:00.00,0,4.53366,9.35
464,2011-04-10,00:00:00.00,3e-308,4.46215,7.49
465,2011-04-11,00:00:00.00,1.6886,11.0687,6.27
466,2011-04-12,00:00:00.00,0.279546,32.7861,5.54
467,2011-04-13,00:00:00.00,0.0042165,45.0344,5.11
468,2011-04-14,00:00:00.00,0.0146675,34.5198,4.59
469,2011-04-15,00:00:00.00,0.00280532,25.5419,4.11
470,2011-04-16,00:00:00.00,0.000729245,23.191,3.67
471,2011-04-17,00:00:00.00,19.151,23.5759,4.02
472,2011-04-18,00:00:00.00,3.40259,25.0125,5.81
473,2011-04-19,00:00:00.00,0.898074,23.1807,6.64
474,2011-04-20,00:00:00.00,0.0633899,20.5408,6.35
475,2011-04-21,00:00:00.00,17.5737,21.0542,9.59
476,2011-04-22,00:00:00.00,0.11375,22.258,13.5
477,2011-04-23,00:00:00.00,0.166935,20.6095,11
478,2011-04-24,00:00:00.00,12.5763,19.5278,13
479,2011-04-25,00:00:00.00,0.72056,19.7191,14.6
480,2011-04-26,00:00:00.00,7.26961,18.963,11.5
481,2011-04-27,00:00:00.00,12.6308,19.4552,13.3
482,2011-04-28,00:00:00.00,8.98437,20.7483,15.1
483,2011-04-29,00:00:00.00,8.57868,20.6976,17
484,2011-04-30,00:00:00.00,0.192105,19.4641,19.2
485,2011-05-01,00:00:00.00,0.00621038,17.9549,15.3
486,2011-05-02,00:00:00.00,2.93201,16.818,10.9
487,2011-05-03,00:00:00.00,1.07489,15.8421,9.8
488,2011-05-04,00:00:00.00,9.1777,15.5597,10.5
489,2011-05-05,00:00:00.00,0.204768,15.5886,13.3
490,2011-05-06,00:00:00.00,0.0881463,14.8619,11.3
491,2011-05-07,00:00:00.00,2.94594,13.9419,8.81
492,2011-05-08,00:00:00.00,2.50618,13.2865,7.22
493,2011-05-09,00:00:00.00,0.0266451,12.6883,6.38
494,2011-05-10,00:00:00.00,0.013523,12.1451,5.51
495,2011-05-11,00:00:00.00,0.0220079,11.6507,4.67
496,2011-05-12,00:00:00.00,0.00461839,11.1987,3.98
497,2011-05-13,00:00:00.00,0.0207907,10.7838,3.51
498,2011-05-14,00:00:00.00,0.227872,10.4015,3.24
499,2011-05-15,00:00:00.00,15.1861,11.1127,5.31
500,2011-05-16,00:00:00.00,19.9012,14.2448,6.95
501,2011-05-17,00:00:00.00,9.20761,16.7638,13.2
502,2011-05-18,00:00:00.00,5.80457,16.0301,12.4
503,2011-05-19,00:00:00.00,9.1731,15.0477,11.5
504,2011-05-20,00:00:00.00,19.2629,16.8893,25.2
505,2011-05-21,00:00:00.00,0.026709,18.3599,26.2
506,2011-05-22,00:00:00.00,0.00669854,16.6778,20.3
507,2011-05-23,00:00:00.00,1.34644,14.9233,11.3
508,2011-05-24,00:00:00.00,1.31201,14.1473,8.22
509,2011-05-25,00:00:00.00,5.24643,13.5691,6.87
510,2011-05-26,00:00:00.00,0.0549044,13.071,5.94
511,2011-05-27,00:00:00.00,20.6653,14.4186,17.4
512,2011-05-28,00:00:00.00,5.58537,16.6389,22.9
513,2011-05-29,00:00:00.00,0.165117,15.7368,17.9
514,2011-05-30,00:00:00.00,1.67692,13.8952,13.2
515,2011-05-31,00:00:00.00,21.3033,15.18,21.5
516,2011-06-01,00:00:00.00,0.00202288,17.0496,14.6
517,2011-06-02,00:00:00.00,0,15.8811,9.98
518,2011-06-03,00:00:00.00,0.000432214,14.1158,7.06
519,2011-06-04,00:00:00.00,0.0357054,13.4254,5.22
520,2011-06-05,00:00:00.00,12.7385,13.6043,4.54
521,2011-06-06,00:00:00.00,0.0254216,14.107,5.66
522,2011-06-07,00:00:00.00,0.000683905,13.4335,4.55
523,2011-06-08,00:00:00.00,6.76267,12.6455,3.91
524,2011-06-09,00:00:00.00,6.89565,12.4334,3.56
525,2011-06-10,00:00:00.00,0.0731208,12.1053,3.35
526,2011-06-11,00:00:00.00,0,11.6332,3.77
527,2011-06-12,00:00:00.00,0.000163652,11.1755,3.89
528,2011-06-13,00:00:00.00,0.00448982,10.7557,3.56
529,2011-06-14,00:00:00.00,0.00439498,10.3694,3.05
530,2011-06-15,00:00:00.00,0.00789357,10.0125,2.56
531,2011-06-16,00:00:00.00,0,9.68187,2.18
532,2011-06-17,00:00:00.00,1.77016e-308,9.37452,1.96
533,2011-06-18,00:00:00.00,0.0189663,9.08804,1.76
534,2011-06-19,00:00:00.00,0.00840972,8.82033,1.58
535,2011-06-20,00:00:00.00,0.00846137,8.56954,1.39
536,2011-06-21,00:00:00.00,0.160016,8.33406,1.24
537,2011-06-22,00:00:00.00,0.283205,8.11248,1.16
538,2011-06-23,00:00:00.00,7.01066,8.02684,1.52
539,2011-06-24,00:00:00.00,22.4978,9.79376,2.65
540,2011-06-25,00:00:00.00,4.53585,11.8054,2.25
541,2011-06-26,00:00:00.00,0.337876,10.7914,1.93
542,2011-06-27,00:00:00.00,0.049565,9.35906,1.79
543,2011-06-28,00:00:00.00,6.9698e-308,9.06577,1.6
544,2011-06-29,00:00:00.00,0.378859,8.79214,1.38
545,2011-06-30,00:00:00.00,0.000519554,8.53621,1.19
546,2011-07-01,00:00:00.00,0,8.29626,1.05
547,2011-07-02,00:00:00.00,0.000641466,8.0708,0.957
548,2011-07-03,00:00:00.00,0.0411241,7.85849,0.895
549,2011-07-04,00:00:00.00,0.856711,7.6582,0.851
550,2011-07-05,00:00:00.00,0.00217508,7.46888,0.81
551,2011-07-06,00:00:00.00,0.0121805,7.28962,0.738
552,2011-07-07,00:00:00.00,0.00932872,7.11961,0.691
553,2011-07-08,00:00:00.00,0.000872048,6.95811,0.659
554,2011-07-09,00:00:00.00,0,6.80446,0.644
555,2011-07-10,00:00:00.00,0,6.65808,0.607
556,2011-07-11,00:00:00.00,0.0489604,6.51843,0.587
557,2011-07-12,00:00:00.00,0.00400376,6.38504,0.562
558,2011-07-13,00:00:00.00,0.0158628,6.25748,0.547
559,2011-07-14,00:00:00.00,0.0197041,6.13535,0.535
560,2011-07-15,00:00:00.00,0.0137591,6.01829,0.524
561,2011-07-16,00:00:00.00,0.0529403,5.90598,0.493
562,2011-07-17,00:00:00.00,0.0551218,5.79811,0.477
563,2011-07-18,00:00:00.00,5.8753e-308,5.6944,0.458
564,2011-07-19,00:00:00.00,0.0717895,5.5946,0.456
565,2011-07-20,00:00:00.00,0.0232178,5.49848,0.455
566,2011-07-21,00:00:00.00,0.000123304,5.40583,0.445
567,2011-07-22,00:00:00.00,0.100847,5.31645,0.446
568,2011-07-23,00:00:00.00,0.0200454,5.23017,0.424
569,2011-07-24,00:00:00.00,0.121262,5.1468,0.416
570,2011-07-25,00:00:00.00,9.31278,5.29141,0.723
571,2011-07-26,00:00:00.00,0.0340396,5.55,0.664
572,2011-07-27,00:00:00.00,0.000564307,5.4082,0.531
573,2011-07-28,00:00:00.00,0,5.15162,0.464
574,2011-07-29,00:00:00.00,6.61267,5.13917,0.449
575,2011-07-30,00:00:00.00,9.38139,5.52197,1.89
576,2011-07-31,00:00:00.00,0.000521301,5.79177,0.931
577,2011-08-01,00:00:00.00,2.1423,5.492,0.672
578,2011-08-02,00:00:00.00,0.975906,5.23184,0.613
579,2011-08-03,00:00:00.00,8.46067e-308,5.14523,0.594
580,2011-08-04,00:00:00.00,4.2719,5.07096,0.533
581,2011-08-05,00:00:00.00,0.599664,5.00095,0.556
582,2011-08-06,00:00:00.00,1.625e-308,4.92395,0.515
583,2011-08-07,00:00:00.00,0.434701,4.84775,0.483
584,2011-08-08,00:00:00.00,6.3013,4.83591,0.933
585,2011-08-09,00:00:00.00,0.248793,4.84148,0.511
586,2011-08-10,00:00:00.00,27.9094,6.41773,0.905
587,2011-08-11,00:00:00.00,0.86145,8.52211,1.41
588,2011-08-12,00:00:00.00,0.0551022,7.61504,0.833
589,2011-08-13,00:00:00.00,0.00731997,6.13473,0.575
590,2011-08-14,00:00:00.00,0.134613,6.00733,0.495
591,2011-08-15,00:00:00.00,2.31757,5.88563,0.475
592,2011-08-16,00:00:00.00,2.50513,5.76925,0.457
593,2011-08-17,00:00:00.00,0.0490627,5.65781,0.456
594,2011-08-18,00:00:00.00,0.024099,5.55101,0.44
595,2011-08-19,00:00:00.00,0.407789,5.44854,0.437
596,2011-08-20,00:00:00.00,0.231411,5.35013,1.46
597,2011-08-21,00:00:00.00,0.553298,5.25553,0.595
598,2011-08-22,00:00:00.00,3.12465,5.16451,0.492
599,2011-08-23,00:00:00.00,2.38384,5.07686,0.462
600,2011-08-24,00:00:00.00,0.0561889,4.99238,0.462
601,2011-08-25,00:00:00.00,0.335124,4.9109,0.449
602,2011-08-26,00:00:00.00,23.1186,6.11118,1.43
603,2011-08-27,00:00:00.00,0.00531779,7.74925,0.901
604,2011-08-28,00:00:00.00,0.141186,7.03194,0.614
605,2011-08-29,00:00:00.00,0.0953965,5.85697,0.522
606,2011-08-30,00:00:00.00,0.0645441,5.73982,0.493
607,2011-08-31,00:00:00.00,0.150941,5.62772,0.449
608,2011-09-01,00:00:00.00,6.1647e-308,5.52034,0.451
609,2011-09-02,00:00:00.00,9.37099,5.70808,1
610,2011-09-03,00:00:00.00,0.0199116,6.03639,0.68
611,2011-09-04,00:00:00.00,0.334446,5.85282,0.521
612,2011-09-05,00:00:00.00,4.65376,5.56395,0.571
613,2011-09-06,00:00:00.00,2.4538,5.50116,0.955
614,2011-09-07,00:00:00.00,0.00446038,5.40527,0.62
615,2011-09-08,00:00:00.00,3.30246,5.3265,0.523
616,2011-09-09,00:00:00.00,3.25926,5.27103,0.514
617,2011-09-10,00:00:00.00,0.218024,5.20079,0.52
618,2011-09-11,00:00:00.00,0.0474015,5.11298,0.503
619,2011-09-12,00:00:00.00,0.0366427,5.02538,0.475
620,2011-09-13,00:00:00.00,0.363662,4.94099,0.453
621,2011-09-14,00:00:00.00,0.214951,4.85964,0.434
622,2011-09-15,00:00:00.00,0.0599853,4.78114,0.419
623,2011-09-16,00:00:00.00,3.12188,4.73112,0.423
624,2011-09-17,00:00:00.00,0.0101096,4.68761,0.426
625,2011-09-18,00:00:00.00,0.00107225,4.61975,0.415
626,2011-09-19,00:00:00.00,0.0417375,4.54927,0.405
627,2011-09-20,00:00:00.00,6.78111,4.63783,0.422
628,2011-09-21,00:00:00.00,14.4148,5.64909,1.65
629,2011-09-22,00:00:00.00,12.6247,7.2396,0.915
630,2011-09-23,00:00:00.00,2.60869,7.40322,1.37
631,2011-09-24,00:00:00.00,4.38515,6.39742,0.967
632,2011-09-25,00:00:00.00,0.485296,5.88128,0.709
633,2011-09-26,00:00:00.00,0.0363393,5.77286,0.6
634,2011-09-27,00:00:00.00,0.0601479,5.65701,0.533
635,2011-09-28,00:00:00.00,8.14509,5.80496,0.876
636,2011-09-29,00:00:00.00,1.15954,6.08611,0.81
637,2011-09-30,00:00:00.00,2.85839,5.94136,0.717
638,2011-10-01,00:00:00.00,8.33148,6.02179,1.08
639,2011-10-02,00:00:00.00,1.23416,6.36313,1.09
640,2011-10-03,00:00:00.00,2.48272,6.15129,0.841
641,2011-10-04,00:00:00.00,3.13125,5.88938,0.833
642,2011-10-05,00:00:00.00,0.190613,5.82692,0.802
643,2011-10-06,00:00:00.00,1.35e-308,5.71697,0.699
644,2011-10-07,00:00:00.00,0.0364061,5.60352,0.668
645,2011-10-08,00:00:00.00,0,5.49494,0.644
646,2011-10-09,00:00:00.00,0.0383265,5.39089,0.626
647,2011-10-10,00:00:00.00,0,5.29109,0.603
648,2011-10-11,00:00:00.00,0.0782939,5.19526,0.575
649,2011-10-12,00:00:00.00,0.0326383,5.10318,0.567
650,2011-10-13,00:00:00.00,6.03597,5.15244,0.557
651,2011-10-14,00:00:00.00,5.5989,5.56381,1.15
652,2011-10-15,00:00:00.00,14.5773,6.61025,2.56
653,2011-10-16,00:00:00.00,1.59351,7.35648,2.18
654,2011-10-17,00:00:00.00,0.907873,6.68022,1.57
655,2011-10-18,00:00:00.00,0.138439,5.9243,1.23
656,2011-10-19,00:00:00.00,0.0010742,5.80135,1.06
657,2011-10-20,00:00:00.00,9.54428,6.12502,1.04
658,2011-10-21,00:00:00.00,49.6084,10.9322,4.15
659,2011-10-22,00:00:00.00,1.93381,16.0923,4.36
660,2011-10-23,00:00:00.00,0.049065,13.632,3.25
661,2011-10-24,00:00:00.00,0.0557965,10.2323,2.42
662,2011-10-25,00:00:00.00,2.37331,9.89573,2.05
663,2011-10-26,00:00:00.00,2.59162,9.66716,1.86
664,2011-10-27,00:00:00.00,6.06424,9.7373,1.78
665,2011-10-28,00:00:00.00,2.46514,9.90413,1.84
666,2011-10-29,00:00:00.00,0.0192379,9.61146,1.87
667,2011-10-30,00:00:00.00,0.146348,9.15862,1.82
668,2011-10-31,00:00:00.00,0.0418677,8.85363,1.71
669,2011-11-01,00:00:00.00,0.0254554,8.57016,1.54
670,2011-11-02,00:00:00.00,0.202827,8.30599,1.39
671,2011-11-03,00:00:00.00,0.0024841,8.05917,1.25
672,2011-11-04,00:00:00.00,0.0154937,7.82803,1.16
673,2011-11-05,00:00:00.00,0.00226431,7.61109,1.06
674,2011-11-06,00:00:00.00,0.000899514,7.40704,0.989
675,2011-11-07,00:00:00.00,8.73997e-308,7.21475,0.922
676,2011-11-08,00:00:00.00,0.0172851,7.0332,0.874
677,2011-11-09,00:00:00.00,0.368267,6.86149,0.847
678,2011-11-10,00:00:00.00,7.56348,7.03262,0.904
679,2011-11-11,00:00:00.00,0.915837,7.36397,1.4
680,2011-11-12,00:00:00.00,0.256767,7.13681,1.31
681,2011-11-13,00:00:00.00,0.0313659,6.75226,1.27
682,2011-11-14,00:00:00.00,0.0436724,6.59502,1.22
683,2011-11-15,00:00:00.00,7.14402,6.74839,1.18
684,2011-11-16,00:00:00.00,2.69859,7.1955,1.73
685,2011-11-17,00:00:00.00,0.00192469,7.0626,1.53
686,2011-11-18,00:00:00.00,0.0752338,6.63476,1.56
687,2011-11-19,00:00:00.00,0.0964003,6.48314,1.49
688,2011-11-20,00:00:00.00,0.00733153,6.339,1.37
689,2011-11-21,00:00:00.00,0.201065,6.20177,1.26
690,2011-11-22,00:00:00.00,0.00733742,6.07096,1.19
691,2011-11-23,00:00:00.00,0.0117531,5.94609,1.13
692,2011-11-24,00:00:00.00,15.479,6.5802,2.62
693,2011-11-25,00:00:00.00,8.96049e-308,7.50281,3.78
694,2011-11-26,00:00:00.00,0.000657355,7.07703,3.58
695,2011-11-27,00:00:00.00,0.035999,6.35278,3.11
696,2011-11-28,00:00:00.00,10.0356,6.78066,2.74
697,2011-11-29,00:00:00.00,1.12287,7.4813,3.06
698,2011-11-30,00:00:00.00,49.4736,11.6518,8.72
699,2011-12-01,00:00:00.00,4.6089,17.195,19
700,2011-12-02,00:00:00.00,0.000271915,15.2947,19.1
701,2011-12-03,00:00:00.00,0.787931,11.5639,17.1
702,2011-12-04,00:00:00.00,0.0350708,11.073,13.7
703,2011-12-05,00:00:00.00,4.91705,10.871,9.06
704,2011-12-06,00:00:00.00,13.9295,12.2211,6.19
705,2011-12-07,00:00:00.00,11.7847,13.9756,10.9
706,2011-12-08,00:00:00.00,0.148958,13.3323,12.1
707,2011-12-09,00:00:00.00,0.161916,11.9305,10.1
708,2011-12-10,00:00:00.00,0.858297,11.3638,8.24
709,2011-12-11,00:00:00.00,0.080057,10.8947,6.52
710,2011-12-12,00:00:00.00,0.000871463,10.4659,4.91
711,2011-12-13,00:00:00.00,0.000429869,10.0724,3.94
712,2011-12-14,00:00:00.00,0.000142943,9.71003,3.54
713,2011-12-15,00:00:00.00,2.4338,9.45082,3.23
714,2011-12-16,00:00:00.00,20.8945,11.1788,3.99
715,2011-12-17,00:00:00.00,1.14267,13.3189,7.24
716,2011-12-18,00:00:00.00,0.581175,12.2539,7.3
717,2011-12-19,00:00:00.00,1.43027,10.6506,7.09
718,2011-12-20,00:00:00.00,0.0179297,10.2447,6.43
719,2011-12-21,00:00:00.00,0.150552,9.87132,5.06
720,2011-12-22,00:00:00.00,4.86299,9.69506,4.36
721,2011-12-23,00:00:00.00,0.338242,9.56376,4.16
722,2011-12-24,00:00:00.00,1.32973,9.27367,4.09
723,2011-12-25,00:00:00.00,0.01367,8.9727,3.96
724,2011-12-26,00:00:00.00,0.177108,8.69253,3.78
725,2011-12-27,00:00:00.00,0.22445,8.43106,3.59
726,2011-12-28,00:00:00.00,5.32603,8.30963,3.4
727,2011-12-29,00:00:00.00,3.50879,8.21898,3.25
728,2011-12-30,00:00:00.00,2.01412,8.01056,3.1
729,2011-12-31,00:00:00.00,2.90203,7.8548,2.98
730,2012-01-01,00:00:00.00,9.38582,8.4139,5.34
731,2012-01-02,00:00:00.00,2.27876,9.14986,9.03
732,2012-01-03,00:00:00.00,0.435405,8.73346,9.18
733,2012-01-04,00:00:00.00,0.198504,8.06791,8.56
734,2012-01-05,00:00:00.00,0.0259851,7.84452,7.42
735,2012-01-06,00:00:00.00,0.0776567,7.63442,6.11
736,2012-01-07,00:00:00.00,0.00559264,7.43642,4.82
737,2012-01-08,00:00:00.00,0.00301965,7.24948,4.19
738,2012-01-09,00:00:00.00,0.0616851,7.07266,3.72
739,2012-01-10,00:00:00.00,0.00780117,6.90513,3.52
740,2012-01-11,00:00:00.00,0.0177147,6.74614,3.36
741,2012-01-12,00:00:00.00,0.00118499,6.59505,3.18
742,2012-01-13,00:00:00.00,7.32155,6.75258,3.42
743,2012-01-14,00:00:00.00,2.55858,7.08404,4.28
744,2012-01-15,00:00:00.00,0.557164,6.89402,4.12
745,2012-01-16,00:00:00.00,0.00078979,6.53117,3.54
746,2012-01-17,00:00:00.00,0.0359253,6.38949,3.59
747,2012-01-18,00:00:00.00,14.1743,7.18477,3.6
748,2012-01-19,00:00:00.00,0.169824,8.307,4.13
749,2012-01-20,00:00:00.00,3.44851,7.78619,4.21
750,2012-01-21,00:00:00.00,2.66197,6.92411,4.03
751,2012-01-22,00:00:00.00,2.59163,6.76148,4.21
752,2012-01-23,00:00:00.00,0.00504823,6.60709,3.09
753,2012-01-24,00:00:00.00,11.0018,7.10448,2.74
754,2012-01-25,00:00:00.00,0.181624,7.8476,5.6
755,2012-01-26,00:00:00.00,0.132823,7.46847,5.01
756,2012-01-27,00:00:00.00,3.20033,6.84049,3.59
757,2012-01-28,00:00:00.00,10.7539,6.98118,5.86
758,2012-01-29,00:00:00.00,2.55298,7.26716,8.35
759,2012-01-30,00:00:00.00,4.8786,7.07578,6.29
760,2012-01-31,00:00:00.00,5.12803,6.74087,4.73
761,2012-02-01,00:00:00.00,2.36288,6.63046,3.93
762,2012-02-02,00:00:00.00,0.000371783,6.53062,4.9
763,2012-02-03,00:00:00.00,0.000786854,6.39401,6.94
764,2012-02-04,00:00:00.00,7.958e-308,6.2561,6.21
765,2012-02-05,00:00:00.00,0.00483612,6.12461,5.3
766,2012-02-06,00:00:00.00,0.00138778,5.99907,4.77
767,2012-02-07,00:00:00.00,0.00373754,5.87907,4.46
768,2012-02-08,00:00:00.00,0.0252237,5.76423,4.16
769,2012-02-09,00:00:00.00,0.000243822,5.65422,3.91
770,2012-02-10,00:00:00.00,0,5.54871,3.58
771,2012-02-11,00:00:00.00,0.524182,5.44743,3.41
772,2012-02-12,00:00:00.00,10.2255,5.35011,3.2
773,2012-02-13,00:00:00.00,1.13409,5.2565,3.16
774,2012-02-14,00:00:00.00,0.00594523,5.16639,3.06
775,2012-02-15,00:00:00.00,0.0688566,5.07958,2.97
776,2012-02-16,00:00:00.00,0.0972854,4.99587,2.85
777,2012-02-17,00:00:00.00,1.52497,4.91509,2.75
778,2012-02-18,00:00:00.00,0.218974,4.83709,2.9
779,2012-02-19,00:00:00.00,5.40218,4.79747,3.2
780,2012-02-20,00:00:00.00,0.0217128,4.76585,3.19
781,2012-02-21,00:00:00.00,0.0130491,4.69939,2.86
782,2012-02-22,00:00:00.00,2.23087,4.62832,2.86
783,2012-02-23,00:00:00.00,1.69088,4.56783,3.17
784,2012-02-24,00:00:00.00,0.624738,4.51078,3.76
785,2012-02-25,00:00:00.00,10.8562,4.67977,4.6
786,2012-02-26,00:00:00.00,0.659842,4.9638,5.94
787,2012-02-27,00:00:00.00,0.00231655,4.82139,6.61
788,2012-02-28,00:00:00.00,0.00956324,4.56119,5.75
789,2012-02-29,00:00:00.00,0.0777549,4.49376,5.12
790,2012-03-01,00:00:00.00,0.0922687,4.42844,4.86
791,2012-03-02,00:00:00.00,0.00582741,4.36511,7.91
792,2012-03-03,00:00:00.00,0.0286749,4.30369,12.7
793,2012-03-04,00:00:00.00,5.74645,4.36586,13.9
794,2012-03-05,00:00:00.00,0.365439,4.50989,12.5
795,2012-03-06,00:00:00.00,0.0223571,4.43375,9.16
796,2012-03-07,00:00:00.00,0.0680583,4.27596,6.54
797,2012-03-08,00:00:00.00,0.00456031,4.21675,5.53
798,2012-03-09,00:00:00.00,4.66825,4.22362,5.11
799,2012-03-10,00:00:00.00,0.492189,4.27778,5.82
800,2012-03-11,00:00:00.00,0.0422606,4.23155,5.5
801,2012-03-12,00:00:00.00,5.27781e-308,4.13901,4.94
802,2012-03-13,00:00:00.00,3.38537,4.11899,4.44
803,2012-03-14,00:00:00.00,6.24222,4.33879,5.85
804,2012-03-15,00:00:00.00,0.00376843,9.45651,8.04
805,2012-03-16,00:00:00.00,3.72214,16.5461,9.8
806,2012-03-17,00:00:00.00,0.80351,14.7424,10.7
807,2012-03-18,00:00:00.00,0.0706865,10.188,7.76
808,2012-03-19,00:00:00.00,0.00105413,9.44955,6.1
809,2012-03-20,00:00:00.00,0.00130487,9.1196,5.2
810,2012-03-21,00:00:00.00,0.00146333,8.81392,4.53
811,2012-03-22,00:00:00.00,0.00219284,8.52992,3.95
812,2012-03-23,00:00:00.00,0.000280767,8.26534,3.49
813,2012-03-24,00:00:00.00,0.0705855,8.01823,3.1
814,2012-03-25,00:00:00.00,5.27273,7.92832,2.85
815,2012-03-26,00:00:00.00,1.14425,7.87598,3.34
816,2012-03-27,00:00:00.00,0,7.68077,3.05
817,2012-03-28,00:00:00.00,0,7.46559,2.72
818,2012-03-29,00:00:00.00,0.00464254,7.26783,2.45
819,2012-03-30,00:00:00.00,0.0664751,7.08134,2.28
820,2012-03-31,00:00:00.00,0.493746,6.90514,2.09
821,2012-04-01,00:00:00.00,0.811585,6.73839,2.06
822,2012-04-02,00:00:00.00,4.37627,6.67144,2.05
823,2012-04-03,00:00:00.00,0.0101946,6.62513,2.09
824,2012-04-04,00:00:00.00,0.00179945,6.48998,2.03
825,2012-04-05,00:00:00.00,0.00309467,6.34434,1.94
826,2012-04-06,00:00:00.00,1.1956e-308,6.20574,1.83
827,2012-04-07,00:00:00.00,4.29215e-308,6.07368,1.7
828,2012-04-08,00:00:00.00,0.000173688,5.94769,1.58
829,2012-04-09,00:00:00.00,0.00394199,5.82733,1.49
830,2012-04-10,00:00:00.00,0.00198247,5.71222,1.41
831,2012-04-11,00:00:00.00,0.0166444,5.60201,1.35
832,2012-04-12,00:00:00.00,0.170034,5.49638,1.3
833,2012-04-13,00:00:00.00,0.0135008,5.39503,1.26
834,2012-04-14,00:00:00.00,1.2632e-308,5.2977,1.22
835,2012-04-15,00:00:00.00,0.162855,5.20414,1.18
836,2012-04-16,00:00:00.00,4.16715,5.15021,1.23
837,2012-04-17,00:00:00.00,0.00284413,5.10504,1.45
838,2012-04-18,00:00:00.00,0.000374656,5.02538,1.35
839,2012-04-19,00:00:00.00,3.29381e-308,4.9418,1.24
840,2012-04-20,00:00:00.00,0.0125306,4.86118,1.17
841,2012-04-21,00:00:00.00,0.0127147,4.78336,1.13
842,2012-04-22,00:00:00.00,10.6434,5.13936,1.51
843,2012-04-23,00:00:00.00,0.010526,5.67496,1.5
844,2012-04-24,00:00:00.00,6.38283,5.57506,1.42
845,2012-04-25,00:00:00.00,2.00722,5.38311,1.96
846,2012-04-26,00:00:00.00,0.0391677,5.2765,1.79
847,2012-04-27,00:00:00.00,0.226682,5.07652,1.66
848,2012-04-28,00:00:00.00,0.0556135,4.99004,1.5
849,2012-04-29,00:00:00.00,0,4.90671,1.37
850,2012-04-30,00:00:00.00,0.0203464,4.82637,1.24
851,2012-05-01,00:00:00.00,3.087,4.76831,1.18
852,2012-05-02,00:00:00.00,4.88319,4.77134,1.45
853,2012-05-03,00:00:00.00,0.0559003,4.7652,1.45
854,2012-05-04,00:00:00.00,0.248098,4.70007,1.39
855,2012-05-05,00:00:00.00,5.56369,4.67309,1.71
856,2012-05-06,00:00:00.00,0.0237015,4.65576,1.96
857,2012-05-07,00:00:00.00,5.9503e-308,4.59246,1.86
858,2012-05-08,00:00:00.00,0.724386,4.52245,1.51
859,2012-05-09,00:00:00.00,8.84653,4.68145,1.93
860,2012-05-10,00:00:00.00,3.59457,4.97919,2.09
861,2012-05-11,00:00:00.00,0.000455446,4.84932,1.9
862,2012-05-12,00:00:00.00,0.00134718,4.57957,1.66
863,2012-05-13,00:00:00.00,0.000298447,4.5096,1.43
864,2012-05-14,00:00:00.00,0.460147,4.4419,1.25
865,2012-05-15,00:00:00.00,0.00269862,4.37636,1.12
866,2012-05-16,00:00:00.00,0,4.31287,1.03
867,2012-05-17,00:00:00.00,1.81457,4.25134,0.947
868,2012-05-18,00:00:00.00,0.000116627,4.19165,0.883
869,2012-05-19,00:00:00.00,0.000202672,4.13374,0.816
870,2012-05-20,00:00:00.00,0.000239522,4.07751,0.769
871,2012-05-21,00:00:00.00,0.0112553,4.02289,0.742
872,2012-05-22,00:00:00.00,0.00250938,3.9698,0.683
873,2012-05-23,00:00:00.00,0.0450632,3.91818,0.642
874,2012-05-24,00:00:00.00,0.0771658,3.86796,0.62
875,2012-05-25,00:00:00.00,0.00244373,3.81908,0.616
876,2012-05-26,00:00:00.00,0.0302325,3.77149,0.584
877,2012-05-27,00:00:00.00,5.68251e-308,3.72513,0.569
878,2012-05-28,00:00:00.00,0.427322,3.67994,0.563
879,2012-05-29,00:00:00.00,0.0295237,3.6359,0.553
880,2012-05-30,00:00:00.00,1.13074,3.59294,0.541
881,2012-05-31,00:00:00.00,0.00385056,3.55102,0.519
882,2012-06-01,00:00:00.00,0,3.51011,0.519
883,2012-06-02,00:00:00.00,38.0304,5.52257,0.936
884,2012-06-03,00:00:00.00,1.03152,8.23608,3.05
885,2012-06-04,00:00:00.00,3.54054,7.02879,1.45
886,2012-06-05,00:00:00.00,0.550926,5.09539,1.09
887,2012-06-06,00:00:00.00,0.430901,5.0058,0.915
888,2012-06-07,00:00:00.00,8.99145,5.12536,0.784
889,2012-06-08,00:00:00.00,1.93287,5.35959,0.975
890,2012-06-09,00:00:00.00,0.000125249,5.22741,0.824
891,2012-06-10,00:00:00.00,9.9104,5.2127,0.778
892,2012-06-11,00:00:00.00,1.13498,5.47768,1.09
893,2012-06-12,00:00:00.00,6.29598e-308,5.33067,0.842
894,2012-06-13,00:00:00.00,5.658,5.10201,0.717
895,2012-06-14,00:00:00.00,0.0150451,5.05999,0.728
896,2012-06-15,00:00:00.00,0.000458128,4.97873,0.72
897,2012-06-16,00:00:00.00,0.0314396,4.89285,0.601
898,2012-06-17,00:00:00.00,0,4.81015,0.557
899,2012-06-18,00:00:00.00,0.10493,4.73046,0.518
900,2012-06-19,00:00:00.00,0.29078,4.65361,0.483
901,2012-06-20,00:00:00.00,0.108241,4.57944,0.481
902,2012-06-21,00:00:00.00,0.0069524,4.5078,0.458
903,2012-06-22,00:00:00.00,2.48584,4.43856,0.437
904,2012-06-23,00:00:00.00,6.35403,4.42055,1.02
905,2012-06-24,00:00:00.00,0.000330395,4.41238,0.62
906,2012-06-25,00:00:00.00,0.102328,4.35549,0.495
907,2012-06-26,00:00:00.00,2.15349,4.29114,0.422
908,2012-06-27,00:00:00.00,0.000248897,4.22881,0.393
909,2012-06-28,00:00:00.00,0.212025,4.16841,0.38
910,2012-06-29,00:00:00.00,0.000666025,4.10984,0.365
911,2012-06-30,00:00:00.00,0.00136931,4.05301,0.36
912,2012-07-01,00:00:00.00,0.0157423,3.99784,0.355
913,2012-07-02,00:00:00.00,0.028031,3.94426,0.339
914,2012-07-03,00:00:00.00,0,3.89219,0.319
915,2012-07-04,00:00:00.00,0.0144735,3.84157,0.316
916,2012-07-05,00:00:00.00,0.85929,3.79233,0.356
917,2012-07-06,00:00:00.00,8e-308,3.74442,0.351
918,2012-07-07,00:00:00.00,0.00694773,3.69777,0.336
919,2012-07-08,00:00:00.00,0.102408,3.65234,0.318
920,2012-07-09,00:00:00.00,0.113275,3.60807,0.304
921,2012-07-10,00:00:00.00,0.00316919,3.56492,0.292
922,2012-07-11,00:00:00.00,0.0305751,3.52284,0.294
923,2012-07-12,00:00:00.00,0,3.48179,0.292
924,2012-07-13,00:00:00.00,2.848e-308,3.44173,0.286
925,2012-07-14,00:00:00.00,0.777409,3.40262,0.306
926,2012-07-15,00:00:00.00,0.578357,3.36443,0.283
927,2012-07-16,00:00:00.00,1.33962,3.32711,0.275
928,2012-07-17,00:00:00.00,0.4038,3.29065,0.277
929,2012-07-18,00:00:00.00,1.9268e-308,3.25501,0.275
930,2012-07-19,00:00:00.00,0.626186,3.22016,0.28
931,2012-07-20,00:00:00.00,0.291924,3.18606,0.28
932,2012-07-21,00:00:00.00,0.953699,3.15271,0.272
933,2012-07-22,00:00:00.00,0.000319365,3.12006,0.269
934,2012-07-23,00:00:00.00,5.41006,3.10452,0.268
935,2012-07-24,00:00:00.00,0.415433,3.09239,0.263
936,2012-07-25,00:00:00.00,0.055015,3.06408,0.269
937,2012-07-26,00:00:00.00,0.00507599,3.03324,0.271
938,2012-07-27,00:00:00.00,24.1953,3.99332,0.55
939,2012-07-28,00:00:00.00,3.18228,5.31483,0.929
940,2012-07-29,00:00:00.00,0.108965,4.68966,0.406
941,2012-07-30,00:00:00.00,1.28267e-308,3.69493,0.318
942,2012-07-31,00:00:00.00,0,3.64879,0.293
943,2012-08-01,00:00:00.00,1.92704,3.60385,0.282
944,2012-08-02,00:00:00.00,0.0747505,3.56008,0.522
945,2012-08-03,00:00:00.00,0.0722545,3.51742,0.356
946,2012-08-04,00:00:00.00,0.0096376,3.47583,0.294
947,2012-08-05,00:00:00.00,0.00598847,3.43526,0.278
948,2012-08-06,00:00:00.00,8.50001,3.52354,0.374
949,2012-08-07,00:00:00.00,0.114029,3.69311,0.338
950,2012-08-08,00:00:00.00,0,3.61679,0.289
951,2012-08-09,00:00:00.00,0.010663,3.45885,0.276
952,2012-08-10,00:00:00.00,9.2436,3.60671,0.287
953,2012-08-11,00:00:00.00,8.96922,4.17478,0.559
954,2012-08-12,00:00:00.00,13.6819,4.98066,0.87
955,2012-08-13,00:00:00.00,0.454538,5.25521,0.979
956,2012-08-14,00:00:00.00,0.128826,4.65134,0.427
957,2012-08-15,00:00:00.00,14.3218,4.69611,0.624
958,2012-08-16,00:00:00.00,1.26817,5.3996,1.15
959,2012-08-17,00:00:00.00,0.0396183,5.07267,0.457
960,2012-08-18,00:00:00.00,4.17844,4.54099,0.413
961,2012-08-19,00:00:00.00,0.0261046,4.49019,0.412
962,2012-08-20,00:00:00.00,0.020311,4.42318,0.33
963,2012-08-21,00:00:00.00,0.0156929,4.35506,0.307
964,2012-08-22,00:00:00.00,0.00296667,4.28919,0.297
965,2012-08-23,00:00:00.00,0,4.22545,0.301
966,2012-08-24,00:00:00.00,5e-308,4.16374,0.276
967,2012-08-25,00:00:00.00,0,4.10395,0.264
968,2012-08-26,00:00:00.00,0,4.04599,0.253
969,2012-08-27,00:00:00.00,2.22412e-308,3.98977,0.255
970,2012-08-28,00:00:00.00,4.70347,3.96127,0.28
971,2012-08-29,00:00:00.00,0.00435619,3.93852,0.325
972,2012-08-30,00:00:00.00,0.0023681,3.89037,0.288
973,2012-08-31,00:00:00.00,0,3.83867,0.265
974,2012-09-01,00:00:00.00,0.00453675,3.78843,0.248
975,2012-09-02,00:00:00.00,0.0638485,3.73958,0.252
976,2012-09-03,00:00:00.00,0,3.69205,0.251
977,2012-09-04,00:00:00.00,1.97525e-308,3.6458,0.239
978,2012-09-05,00:00:00.00,18.677,4.39808,0.247
979,2012-09-06,00:00:00.00,0.255438,5.44699,0.998
980,2012-09-07,00:00:00.00,0.0498974,4.96252,0.372
981,2012-09-08,00:00:00.00,0.152442,4.17366,0.283
982,2012-09-09,00:00:00.00,32.7751,5.97678,2.11
983,2012-09-10,00:00:00.00,0.27411,8.41028,1.59
984,2012-09-11,00:00:00.00,0.000354659,7.3492,0.496
985,2012-09-12,00:00:00.00,0.034155,5.62999,0.352
986,2012-09-13,00:00:00.00,1.4e-308,5.51592,0.307
987,2012-09-14,00:00:00.00,0,5.40683,0.299
988,2012-09-15,00:00:00.00,8.45615,5.55105,0.295
989,2012-09-16,00:00:00.00,0.0119098,5.82623,0.411
990,2012-09-17,00:00:00.00,0.00727201,5.66568,0.337
991,2012-09-18,00:00:00.00,0.00195984,5.37502,0.296
992,2012-09-19,00:00:00.00,24.1097,6.71584,1.19
993,2012-09-20,00:00:00.00,0.0720609,8.54461,1.77
994,2012-09-21,00:00:00.00,1.54081,7.75099,0.754
995,2012-09-22,00:00:00.00,0.312835,6.44452,0.484
996,2012-09-23,00:00:00.00,16.8795,7.29034,1.23
997,2012-09-24,00:00:00.00,0.0546521,8.48883,1.02
998,2012-09-25,00:00:00.00,0.00537523,7.93082,0.553
999,2012-09-26,00:00:00.00,0.000781673,7.00546,0.399
1000,2012-09-27,00:00:00.00,0.118372,6.82645,0.332
1001,2012-09-28,00:00:00.00,0.000481689,6.65728,0.318
1002,2012-09-29,00:00:00.00,2.37077e-308,6.49713,0.317
1003,2012-09-30,00:00:00.00,0.760264,6.34527,0.313
1004,2012-10-01,00:00:00.00,2.75447,6.22914,0.327
1005,2012-10-02,00:00:00.00,0.0127443,6.12401,0.343
1006,2012-10-03,00:00:00.00,0.0312439,5.99589,0.333
1007,2012-10-04,00:00:00.00,0.686582,5.86854,0.313
1008,2012-10-05,00:00:00.00,0.0101703,5.74703,0.294
1009,2012-10-06,00:00:00.00,0.213422,5.63096,0.289
1010,2012-10-07,00:00:00.00,8.68851,5.87753,0.534
1011,2012-10-08,00:00:00.00,0.373095,6.28713,0.612
1012,2012-10-09,00:00:00.00,0.00987022,6.06537,0.429
1013,2012-10-10,00:00:00.00,0.167266,5.67956,0.356
1014,2012-10-11,00:00:00.00,1.05043,5.56658,0.341
1015,2012-10-12,00:00:00.00,0.0197998,5.45845,0.361
1016,2012-10-13,00:00:00.00,0.996994,5.35486,0.366
1017,2012-10-14,00:00:00.00,2.55259,5.28976,0.362
1018,2012-10-15,00:00:00.00,19.2393,6.43258,0.717
1019,2012-10-16,00:00:00.00,0.686912,7.8554,1.11
1020,2012-10-17,00:00:00.00,0.0927511,7.15181,0.898
1021,2012-10-18,00:00:00.00,1.98735,6.13098,0.779
1022,2012-10-19,00:00:00.00,0.226557,6.01699,0.723
1023,2012-10-20,00:00:00.00,0.327639,5.89222,0.676
1024,2012-10-21,00:00:00.00,12.8847,6.47737,1.36
1025,2012-10-22,00:00:00.00,0.441957,7.32935,1.41
1026,2012-10-23,00:00:00.00,0.0398845,6.92087,1.04
1027,2012-10-24,00:00:00.00,23.6737,7.87855,1.5
1028,2012-10-25,00:00:00.00,1.06444,9.91174,2.06
1029,2012-10-26,00:00:00.00,0.247793,9.039,1.76
1030,2012-10-27,00:00:00.00,1.77014,7.60521,1.38
1031,2012-10-28,00:00:00.00,24.5651,9.34201,2.35
1032,2012-10-29,00:00:00.00,7.29231,12.2213,3.49
1033,2012-10-30,00:00:00.00,12.7534,12.8529,5.3
1034,2012-10-31,00:00:00.00,20.151,14.3171,8.27
1035,2012-11-01,00:00:00.00,11.5143,16.9862,8.21
1036,2012-11-02,00:00:00.00,2.95982,16.6276,7.96
1037,2012-11-03,00:00:00.00,0.444382,14.6007,6.96
1038,2012-11-04,00:00:00.00,0.000509026,13.3752,5.72
1039,2012-11-05,00:00:00.00,0.0221786,12.7122,4.47
1040,2012-11-06,00:00:00.00,0.0179454,12.1161,3.51
1041,2012-11-07,00:00:00.00,0.00741726,11.5774,2.78
1042,2012-11-08,00:00:00.00,0.0102393,11.0882,2.23
1043,2012-11-09,00:00:00.00,0.000752444,10.6418,1.84
1044,2012-11-10,00:00:00.00,0.00927392,10.2331,1.58
1045,2012-11-11,00:00:00.00,0.273769,9.85721,1.41
1046,2012-11-12,00:00:00.00,0.0415664,9.51045,1.29
1047,2012-11-13,00:00:00.00,7.0622,9.53147,1.23
1048,2012-11-14,00:00:00.00,3.14983,9.87206,1.55
1049,2012-11-15,00:00:00.00,0.00138765,9.64376,1.43
1050,2012-11-16,00:00:00.00,0.00066286,9.11113,1.45
1051,2012-11-17,00:00:00.00,0,8.81904,1.39
1052,2012-11-18,00:00:00.00,3.8e-308,8.54691,1.3
1053,2012-11-19,00:00:00.00,0.00908623,8.29271,1.21
1054,2012-11-20,00:00:00.00,0.181118,8.0547,1.13
1055,2012-11-21,00:00:00.00,0.0599439,7.83135,1.09
1056,2012-11-22,00:00:00.00,0.00245535,7.62129,1.08
1057,2012-11-23,00:00:00.00,0.00207707,7.42336,1.04
1058,2012-11-24,00:00:00.00,2.71232,7.31173,0.997
1059,2012-11-25,00:00:00.00,1.19271,7.22028,0.994
1060,2012-11-26,00:00:00.00,0.430081,7.05836,0.982
1061,2012-11-27,00:00:00.00,0.177951,6.89078,0.931
1062,2012-11-28,00:00:00.00,0.00226605,6.73178,0.857
1063,2012-11-29,00:00:00.00,0.0143153,6.58068,0.793
1064,2012-11-30,00:00:00.00,0.0106247,6.43689,0.765
1065,2012-12-01,00:00:00.00,1.12698,6.29986,0.73
1066,2012-12-02,00:00:00.00,1.04375,6.16983,0.711
1067,2012-12-03,00:00:00.00,11.5614,6.74122,0.98
1068,2012-12-04,00:00:00.00,0.0739603,7.56884,2.04
1069,2012-12-05,00:00:00.00,6.00681,7.43836,2.3
1070,2012-12-06,00:00:00.00,0.159859,7.16975,3.22
1071,2012-12-07,00:00:00.00,0.0289727,6.97441,2.94
1072,2012-12-08,00:00:00.00,0.132092,6.64768,2.73
1073,2012-12-09,00:00:00.00,3.94942,6.60563,2.48
1074,2012-12-10,00:00:00.00,3.235,6.63051,2.52
1075,2012-12-11,00:00:00.00,11.2253,7.17686,3.78
1076,2012-12-12,00:00:00.00,0.204522,7.87417,4.01
1077,2012-12-13,00:00:00.00,0.000358021,7.4752,3.97
1078,2012-12-14,00:00:00.00,0,6.85242,3.39
1079,2012-12-15,00:00:00.00,0,6.69196,2.83
1080,2012-12-16,00:00:00.00,0.0708384,6.5396,2.4
1081,2012-12-17,00:00:00.00,8.9344,6.88442,2.54
1082,2012-12-18,00:00:00.00,0.17594,7.53603,3.17
1083,2012-12-19,00:00:00.00,0.235972,7.30541,3.1
1084,2012-12-20,00:00:00.00,0.0145403,6.76496,3.05
1085,2012-12-21,00:00:00.00,4.44371,6.73468,2.74
1086,2012-12-22,00:00:00.00,10.7663,7.56337,4.36
1087,2012-12-23,00:00:00.00,0.515531,8.27564,5.09
1088,2012-12-24,00:00:00.00,0.0843646,7.68286,5.09
1089,2012-12-25,00:00:00.00,0.00170048,7.07056,4.3
1090,2012-12-26,00:00:00.00,0.203365,6.89744,3.56
1091,2012-12-27,00:00:00.00,3.48209,6.73346,2.95
1092,2012-12-28,00:00:00.00,13.4611,6.57788,2.59
1093,2012-12-29,00:00:00.00,0.480838,6.43006,2.36
1094,2012-12-30,00:00:00.00,5.46155,6.2894,2.18
1095,2012-12-31,00:00:00.00,0.266274,6.15537,2.02
1096,2013-01-01,00:00:00.00,0.0628322,6.02751,1.84
1097,2013-01-02,00:00:00.00,0.125781,5.90537,1.68
1098,2013-01-03,00:00:00.00,0.04753,5.78856,1.56
1099,2013-01-04,00:00:00.00,0.181927,5.67672,1.56
1100,2013-01-05,00:00:00.00,0.066594,5.56953,1.57
1101,2013-01-06,00:00:00.00,0.0812784,5.46668,1.45
1102,2013-01-07,00:00:00.00,2.7315,5.38736,1.38
1103,2013-01-08,00:00:00.00,0.242349,5.31474,1.37
1104,2013-01-09,00:00:00.00,0,5.2254,1.33
1105,2013-01-10,00:00:00.00,0.00356093,5.13574,1.31
1106,2013-01-11,00:00:00.00,2.94734e-308,5.04937,1.45
1107,2013-01-12,00:00:00.00,6.8549,5.11591,1.8
1108,2013-01-13,00:00:00.00,0.039203,5.27692,3.39
1109,2013-01-14,00:00:00.00,37.323,7.8689,18.8
1110,2013-01-15,00:00:00.00,1.00794,11.2259,27.1
1111,2013-01-16,00:00:00.00,0.0200178,9.80867,25.7
1112,2013-01-17,00:00:00.00,8.7184e-308,7.4721,15.3
1113,2013-01-18,00:00:00.00,0.457871,7.27352,9.14
1114,2013-01-19,00:00:00.00,1.76594,7.08628,6.6
1115,2013-01-20,00:00:00.00,0.041969,6.90941,5.33
1116,2013-01-21,00:00:00.00,0.933575,6.74204,4.63
1117,2013-01-22,00:00:00.00,0.560481,6.58342,3.21
1118,2013-01-23,00:00:00.00,0.395324,6.43284,2.19
1119,2013-01-24,00:00:00.00,0.128398,6.2897,1.97
1120,2013-01-25,00:00:00.00,0.0282894,6.15343,1.87
1121,2013-01-26,00:00:00.00,1.71539,6.02353,1.72
1122,2013-01-27,00:00:00.00,0.387897,5.89955,1.61
1123,2013-01-28,00:00:00.00,0.0121897,5.78107,1.51
1124,2013-01-29,00:00:00.00,11.9182,5.86553,1.45
1125,2013-01-30,00:00:00.00,18.6598,7.24964,4.5
1126,2013-01-31,00:00:00.00,11.7494,9.38084,24.8
1127,2013-02-01,00:00:00.00,1.81646,9.49361,32.9
1128,2013-02-02,00:00:00.00,4.2043,8.11167,27.7
1129,2013-02-03,00:00:00.00,1.12158,7.40609,15.1
1130,2013-02-04,00:00:00.00,0.407479,7.21119,9.88
1131,2013-02-05,00:00:00.00,0.422662,7.02732,7.81
1132,2013-02-06,00:00:00.00,0.0114391,6.85354,6.36
1133,2013-02-07,00:00:00.00,0.157005,6.68902,4.85
1134,2013-02-08,00:00:00.00,2.33124,6.53301,3.85
1135,2013-02-09,00:00:00.00,31.7736,6.50768,3.14
1136,2013-02-10,00:00:00.00,1.00888,6.54967,2.72
1137,2013-02-11,00:00:00.00,4.72427e-308,6.42607,2.59
1138,2013-02-12,00:00:00.00,5.7912,6.38924,2.75
1139,2013-02-13,00:00:00.00,0.0887365,6.49946,3.03
1140,2013-02-14,00:00:00.00,0.0264227,6.37829,3.16
1141,2013-02-15,00:00:00.00,0.633219,6.15832,3.14
1142,2013-02-16,00:00:00.00,0.871782,6.02796,3.04
1143,2013-02-17,00:00:00.00,1.56701,5.90354,2.81
1144,2013-02-18,00:00:00.00,0.0725725,5.78467,2.76
1145,2013-02-19,00:00:00.00,0.00348926,5.67096,2.74
1146,2013-02-20,00:00:00.00,9.17333,5.7376,2.72
1147,2013-02-21,00:00:00.00,0.567859,5.91142,3.15
1148,2013-02-22,00:00:00.00,0.0449022,5.78844,3.55
1149,2013-02-23,00:00:00.00,1.15298,5.56049,3.5
1150,2013-02-24,00:00:00.00,1.65965,5.4559,3.41
1151,2013-02-25,00:00:00.00,0.968535,5.35555,3.22
1152,2013-02-26,00:00:00.00,0.00561859,5.25916,2.95
1153,2013-02-27,00:00:00.00,0.047786,5.1665,2.78
1154,2013-02-28,00:00:00.00,22.6822,5.63767,2.88
1155,2013-03-01,00:00:00.00,4.94766,6.43856,3.08
1156,2013-03-02,00:00:00.00,0.009344,6.1617,3.11
1157,2013-03-03,00:00:00.00,0.0510583,5.54706,2.97
1158,2013-03-04,00:00:00.00,0.0836292,5.44228,2.77
1159,2013-03-05,00:00:00.00,0.0741018,5.34176,2.59
1160,2013-03-06,00:00:00.00,0.0215259,5.24523,2.64
1161,2013-03-07,00:00:00.00,0.0882993,5.15246,2.53
1162,2013-03-08,00:00:00.00,2.01432,5.0632,2.54
1163,2013-03-09,00:00:00.00,0.103043,4.97727,3.33
1164,2013-03-10,00:00:00.00,0.020155,4.89445,5.42
1165,2013-03-11,00:00:00.00,0.00223583,4.81459,10.3
1166,2013-03-12,00:00:00.00,10.3303,5.19632,23.4
1167,2013-03-13,00:00:00.00,5.31395,5.99732,44.6
1168,2013-03-14,00:00:00.00,2.94152,5.87272,48
1169,2013-03-15,00:00:00.00,0.643688,5.27765,28
1170,2013-03-16,00:00:00.00,0.254581,5.14158,14.5
1171,2013-03-17,00:00:00.00,0.823904,5.05199,11.1
1172,2013-03-18,00:00:00.00,0.0329551,4.96576,8.79
1173,2013-03-19,00:00:00.00,1.70419,4.88268,7.06
1174,2013-03-20,00:00:00.00,4.27483,4.81462,6.17
1175,2013-03-21,00:00:00.00,1.36398,4.7512,5.09
1176,2013-03-22,00:00:00.00,0.198501,4.67792,4.22
1177,2013-03-23,00:00:00.00,0.143371,4.60487,3.64
1178,2013-03-24,00:00:00.00,0.0606228,4.53425,3.33
1179,2013-03-25,00:00:00.00,9e-308,4.46593,4.05
1180,2013-03-26,00:00:00.00,0.000243979,4.39979,4.49
1181,2013-03-27,00:00:00.00,0.000273322,4.33574,4.48
1182,2013-03-28,00:00:00.00,0.0119965,4.27366,5.27
1183,2013-03-29,00:00:00.00,0.474172,4.21345,5.97
1184,2013-03-30,00:00:00.00,0.0101349,4.15504,6.14
1185,2013-03-31,00:00:00.00,0.000405891,4.09833,6.29
1186,2013-04-01,00:00:00.00,0.305413,4.04324,6.24
1187,2013-04-02,00:00:00.00,2.62898,3.99272,5.97
1188,2013-04-03,00:00:00.00,0.131121,3.94417,5.7
1189,2013-04-04,00:00:00.00,0.117987,3.89392,4.91
1190,2013-04-05,00:00:00.00,2.878e-308,3.84445,4.06
1191,2013-04-06,00:00:00.00,0.0146985,3.7963,3.49
1192,2013-04-07,00:00:00.00,0.0150113,3.74939,3.07
1193,2013-04-08,00:00:00.00,0.486332,3.70369,2.75
1194,2013-04-09,00:00:00.00,4.96734,3.72007,2.59
1195,2013-04-10,00:00:00.00,16.9681,4.69988,3.18
1196,2013-04-11,00:00:00.00,30.3942,11.7491,12.8
1197,2013-04-12,00:00:00.00,9.46405,19.7836,25.5
1198,2013-04-13,00:00:00.00,24.0574,21.5369,33.4
1199,2013-04-14,00:00:00.00,1.52448,25.4581,36.2
1200,2013-04-15,00:00:00.00,1.09066,30.9114,29.3
1201,2013-04-16,00:00:00.00,1.25086e-308,31.1888,17.8
1202,2013-04-17,00:00:00.00,0.64139,27.4086,11.9
1203,2013-04-18,00:00:00.00,0.00073461,23.6142,9.07
1204,2013-04-19,00:00:00.00,7.59451,22.1905,8.48
1205,2013-04-20,00:00:00.00,6.61213,21.6526,8.68
1206,2013-04-21,00:00:00.00,0.665304,20.5926,7.6
1207,2013-04-22,00:00:00.00,0.0100103,19.0445,6.34
1208,2013-04-23,00:00:00.00,0.00191426,17.744,5.18
1209,2013-04-24,00:00:00.00,0,16.6183,4.34
1210,2013-04-25,00:00:00.00,9.38447,16.2249,3.96
1211,2013-04-26,00:00:00.00,0.837409,16.1512,4.3
1212,2013-04-27,00:00:00.00,1.50538,15.3559,4.56
1213,2013-04-28,00:00:00.00,0.0148932,14.3812,4.12
1214,2013-04-29,00:00:00.00,2.6225,13.6555,3.65
1215,2013-04-30,00:00:00.00,8.47536,13.4113,4.69
1216,2013-05-01,00:00:00.00,0.168761,13.384,5.45
1217,2013-05-02,00:00:00.00,0.062538,12.8486,5.17
1218,2013-05-03,00:00:00.00,0.0328626,12.1724,4.33
1219,2013-05-04,00:00:00.00,2.27638e-308,11.6633,3.61
1220,2013-05-05,00:00:00.00,0,11.1988,3.01
1221,2013-05-06,00:00:00.00,0.0334606,10.7733,2.55
1222,2013-05-07,00:00:00.00,0,10.382,2.18
1223,2013-05-08,00:00:00.00,0,10.0209,1.89
1224,2013-05-09,00:00:00.00,0.000148279,9.68656,1.68
1225,2013-05-10,00:00:00.00,0.376634,9.376,1.53
1226,2013-05-11,00:00:00.00,9.20163,9.46245,1.43
1227,2013-05-12,00:00:00.00,1.6494,9.72903,1.62
1228,2013-05-13,00:00:00.00,1.05814,9.41764,1.67
1229,2013-05-14,00:00:00.00,0.135867,8.94027,1.62
1230,2013-05-15,00:00:00.00,0.078797,8.67793,1.52
1231,2013-05-16,00:00:00.00,0.402947,8.43211,1.42
1232,2013-05-17,00:00:00.00,0.00913956,8.20124,1.37
1233,2013-05-18,00:00:00.00,0,7.98396,1.2
1234,2013-05-19,00:00:00.00,0.036579,7.77905,1.08
1235,2013-05-20,00:00:00.00,0.0367132,7.58544,1.02
1236,2013-05-21,00:00:00.00,0.00187492,7.40219,0.98
1237,2013-05-22,00:00:00.00,8.14378,7.39539,1.02
1238,2013-05-23,00:00:00.00,0.164588,7.49738,1
1239,2013-05-24,00:00:00.00,1.76086,7.34555,1.05
1240,2013-05-25,00:00:00.00,5.67508,7.22084,1.02
1241,2013-05-26,00:00:00.00,1.9e-308,7.2465,0.951
1242,2013-05-27,00:00:00.00,0.000414086,7.10463,0.864
1243,2013-05-28,00:00:00.00,0.000489375,6.90622,0.756
1244,2013-05-29,00:00:00.00,19.2044,7.97785,1.19
1245,2013-05-30,00:00:00.00,25.9398,11.6296,10.1
1246,2013-05-31,00:00:00.00,0.344533,13.528,7.45
1247,2013-06-01,00:00:00.00,2.40674,11.4268,4.34
1248,2013-06-02,00:00:00.00,4.49269,9.7715,3.31
1249,2013-06-03,00:00:00.00,10.2153,9.87276,3.06
1250,2013-06-04,00:00:00.00,1.473e-308,10.1362,3.14
1251,2013-06-05,00:00:00.00,0,9.77595,2.95
1252,2013-06-06,00:00:00.00,5.92213e-308,9.25845,2.28
1253,2013-06-07,00:00:00.00,3.06961,8.96261,1.82
1254,2013-06-08,00:00:00.00,1.81526,8.68695,1.66
1255,2013-06-09,00:00:00.00,0.0762242,8.42943,1.47
1256,2013-06-10,00:00:00.00,0.000178859,8.18826,1.36
1257,2013-06-11,00:00:00.00,10.5218,8.38395,1.47
1258,2013-06-12,00:00:00.00,8.14804,9.17283,4.87
1259,2013-06-13,00:00:00.00,1.5397,9.17406,2.88
1260,2013-06-14,00:00:00.00,13.2625,9.19306,2.66
1261,2013-06-15,00:00:00.00,0.0298756,9.81751,2.32
1262,2013-06-16,00:00:00.00,0.000794757,9.37454,2.02
1263,2013-06-17,00:00:00.00,5.25104,8.72798,1.77
1264,2013-06-18,00:00:00.00,0.00427559,8.53703,1.6
1265,2013-06-19,00:00:00.00,0.0602381,8.29824,1.42
1266,2013-06-20,00:00:00.00,4.4902e-308,8.06322,1.24
1267,2013-06-21,00:00:00.00,4e-308,7.84248,1.06
1268,2013-06-22,00:00:00.00,1.4e-308,7.63472,0.917
1269,2013-06-23,00:00:00.00,0.346453,7.43879,0.832
1270,2013-06-24,00:00:00.00,3.04774,7.25369,0.793
1271,2013-06-25,00:00:00.00,0.000344851,7.07851,0.693
1272,2013-06-26,00:00:00.00,0.973004,6.91243,0.813
1273,2013-06-27,00:00:00.00,0.228398,6.75474,0.784
1274,2013-06-28,00:00:00.00,0.59483,6.60479,0.791
1275,2013-06-29,00:00:00.00,24.2862,8.03643,2.64
1276,2013-06-30,00:00:00.00,0.121474,9.97797,6.58
1277,2013-07-01,00:00:00.00,1.7313e-308,9.1443,7.34
1278,2013-07-02,00:00:00.00,0.0821394,7.76747,6.11
1279,2013-07-03,00:00:00.00,0.0614591,7.56089,4.95
1280,2013-07-04,00:00:00.00,0.564307,7.36613,3.93
1281,2013-07-05,00:00:00.00,4.91728,7.20853,3.33
1282,2013-07-06,00:00:00.00,6.29675,7.14291,3.83
1283,2013-07-07,00:00:00.00,3.47629,7.06904,3.14
1284,2013-07-08,00:00:00.00,12.4206,7.42342,3.62
1285,2013-07-09,00:00:00.00,5.7741,8.09821,3.41
1286,2013-07-10,00:00:00.00,2.83892,7.84805,3.32
1287,2013-07-11,00:00:00.00,1.77295,7.25661,2.7
1288,2013-07-12,00:00:00.00,0.0907385,7.07731,2.61
1289,2013-07-13,00:00:00.00,1.37e-308,6.90754,2.21
1290,2013-07-14,00:00:00.00,0,6.74655,1.59
1291,2013-07-15,00:00:00.00,0.0736919,6.59364,1.2
1292,2013-07-16,00:00:00.00,5.0185e-308,6.44819,0.987
1293,2013-07-17,00:00:00.00,0.000448233,6.30965,0.837
1294,2013-07-18,00:00:00.00,0.00514744,6.17751,0.727
1295,2013-07-19,00:00:00.00,0.00643866,6.05133,0.631
1296,2013-07-20,00:00:00.00,2.7532,5.93069,0.601
1297,2013-07-21,00:00:00.00,38.2556,8.51354,2.92
1298,2013-07-22,00:00:00.00,0.00618933,11.943,1.82
1299,2013-07-23,00:00:00.00,0,10.5642,1.53
1300,2013-07-24,00:00:00.00,0.174797,8.27287,1.32
1301,2013-07-25,00:00:00.00,0.0174435,8.03113,1.04
1302,2013-07-26,00:00:00.00,3.32884e-308,7.80451,0.812
1303,2013-07-27,00:00:00.00,2.27378e-308,7.5916,0.668
1304,2013-07-28,00:00:00.00,1.57519,7.39116,0.592
1305,2013-07-29,00:00:00.00,7.35303,7.35393,0.658
1306,2013-07-30,00:00:00.00,0.949045,7.40309,0.579
1307,2013-07-31,00:00:00.00,0.00011264,7.24513,0.544
1308,2013-08-01,00:00:00.00,3.21176,7.01145,0.553
1309,2013-08-02,00:00:00.00,23.0786,8.354,2.06
1310,2013-08-03,00:00:00.00,0.745153,10.1886,1.69
1311,2013-08-04,00:00:00.00,6.8973,9.53873,1.88
1312,2013-08-05,00:00:00.00,0.000754982,8.38984,1.65
1313,2013-08-06,00:00:00.00,0.000108155,8.16968,1.68
1314,2013-08-07,00:00:00.00,0.0998943,7.92942,1.32
1315,2013-08-08,00:00:00.00,4.34379,7.73036,1.11
1316,2013-08-09,00:00:00.00,0.673668,7.54724,0.939
1317,2013-08-10,00:00:00.00,0.208504,7.35319,0.798
1318,2013-08-11,00:00:00.00,0.00210167,7.16606,0.695
1319,2013-08-12,00:00:00.00,0.000144343,6.98919,0.596
1320,2013-08-13,00:00:00.00,0.28608,6.82172,0.529
1321,2013-08-14,00:00:00.00,1.67819,6.6629,0.849
1322,2013-08-15,00:00:00.00,0.0232018,6.51206,0.561
1323,2013-08-16,00:00:00.00,0.00195186,6.36858,0.45
1324,2013-08-17,00:00:00.00,2.2543e-308,6.23191,0.414
1325,2013-08-18,00:00:00.00,0.0367158,6.10156,0.385
1326,2013-08-19,00:00:00.00,0.0221324,5.97708,0.369
1327,2013-08-20,00:00:00.00,0.0636013,5.85807,0.356
1328,2013-08-21,00:00:00.00,0,5.74415,0.35
1329,2013-08-22,00:00:00.00,0,5.63499,0.335
1330,2013-08-23,00:00:00.00,1.22771,5.53028,0.322
1331,2013-08-24,00:00:00.00,0.0609944,5.42974,0.335
1332,2013-08-25,00:00:00.00,0.0119705,5.33311,0.312
1333,2013-08-26,00:00:00.00,0.000539202,5.24016,0.293
1334,2013-08-27,00:00:00.00,4.65669,5.17959,0.309
1335,2013-08-28,00:00:00.00,1.22883,5.12663,0.51
1336,2013-08-29,00:00:00.00,2.60403,5.04658,0.383
1337,2013-08-30,00:00:00.00,0.0404635,4.9639,0.353
1338,2013-08-31,00:00:00.00,0.539755,4.88411,0.311
1339,2013-09-01,00:00:00.00,1.34035,4.80704,0.297
1340,2013-09-02,00:00:00.00,1.52788,4.73254,0.306
1341,2013-09-03,00:00:00.00,0.969377,4.66048,0.337
1342,2013-09-04,00:00:00.00,0.0078464,4.59073,0.336
1343,2013-09-05,00:00:00.00,0.0980419,4.52318,0.296
1344,2013-09-06,00:00:00.00,0.184783,4.45772,0.286
1345,2013-09-07,00:00:00.00,0.0110609,4.39424,0.279
1346,2013-09-08,00:00:00.00,15.7409,5.06782,0.372
1347,2013-09-09,00:00:00.00,0.0803961,6.01377,0.655
1348,2013-09-10,00:00:00.00,0.0094703,5.5828,0.366
1349,2013-09-11,00:00:00.00,0.283364,4.87089,0.325
1350,2013-09-12,00:00:00.00,1.59221,4.79259,0.309
1351,2013-09-13,00:00:00.00,21.6505,5.89147,1.16
1352,2013-09-14,00:00:00.00,0.332789,7.3976,0.867
1353,2013-09-15,00:00:00.00,0.0582643,6.73253,0.548
1354,2013-09-16,00:00:00.00,0.287343,5.64293,0.454
1355,2013-09-17,00:00:00.00,1.33599,5.53382,0.401
1356,2013-09-18,00:00:00.00,0.0158281,5.42925,0.412
1357,2013-09-19,00:00:00.00,0.000676784,5.32894,0.394
1358,2013-09-20,00:00:00.00,0.00973196,5.23262,0.369
1359,2013-09-21,00:00:00.00,0.252836,5.14004,0.34
1360,2013-09-22,00:00:00.00,49.0338,8.61058,1.93
1361,2013-09-23,00:00:00.00,0.0208209,13.2093,2.36
1362,2013-09-24,00:00:00.00,0.00862631,11.3861,1.87
1363,2013-09-25,00:00:00.00,0.00174402,8.34872,1.37
1364,2013-09-26,00:00:00.00,9e-308,8.09465,1.04
1365,2013-09-27,00:00:00.00,0.00047302,7.85705,0.86
1366,2013-09-28,00:00:00.00,0.0160346,7.63435,0.736
1367,2013-09-29,00:00:00.00,0.00311106,7.42516,0.613
1368,2013-09-30,00:00:00.00,0.110903,7.22827,0.542
1369,2013-10-01,00:00:00.00,2.24939,7.04325,0.522
1370,2013-10-02,00:00:00.00,0.141384,6.86857,0.483
1371,2013-10-03,00:00:00.00,0.000144912,6.70262,0.428
1372,2013-10-04,00:00:00.00,8.20987e-308,6.54518,0.408
1373,2013-10-05,00:00:00.00,16.8241,7.4084,0.844
1374,2013-10-06,00:00:00.00,9.12647,9.24666,1.4
1375,2013-10-07,00:00:00.00,2.88594,9.34231,1.33
1376,2013-10-08,00:00:00.00,21.8062,9.83416,4.67
1377,2013-10-09,00:00:00.00,0.393429,11.475,5.57
1378,2013-10-10,00:00:00.00,0.010205,10.5501,5.67
1379,2013-10-11,00:00:00.00,0.148537,9.12184,4.24
1380,2013-10-12,00:00:00.00,0.000360099,8.81913,3.32
1381,2013-10-13,00:00:00.00,0.0372386,8.53772,2.72
1382,2013-10-14,00:00:00.00,4.47424,8.39108,2.26
1383,2013-10-15,00:00:00.00,0.0896792,8.27602,1.91
1384,2013-10-16,00:00:00.00,0.000601986,8.0528,1.68
1385,2013-10-17,00:00:00.00,7.72368,8.13311,1.94
1386,2013-10-18,00:00:00.00,8.43299,9.01734,2.1
1387,2013-10-19,00:00:00.00,1.12136,9.36495,3.09
1388,2013-10-20,00:00:00.00,9.34347,9.1812,3.07
1389,2013-10-21,00:00:00.00,0.0298683,9.41675,3.54
1390,2013-10-22,00:00:00.00,4.92694,9.21533,3.45
1391,2013-10-23,00:00:00.00,5.54014,9.24087,4.51
1392,2013-10-24,00:00:00.00,0.835092,9.28856,4.92
1393,2013-10-25,00:00:00.00,1.82684,8.85454,4.74
1394,2013-10-26,00:00:00.00,1.0672,8.55488,4.05
1395,2013-10-27,00:00:00.00,14.0987,9.27908,4.06
1396,2013-10-28,00:00:00.00,0.133126,10.3357,5.1
1397,2013-10-29,00:00:00.00,0.00518927,9.76166,5.68
1398,2013-10-30,00:00:00.00,0.00633275,8.83814,4.84
1399,2013-10-31,00:00:00.00,0.250696,8.55965,4.04
1400,2013-11-01,00:00:00.00,20.3936,9.93259,4.64
1401,2013-11-02,00:00:00.00,10.6199,12.8155,10.8
1402,2013-11-03,00:00:00.00,3.28287,13.1731,14.5
1403,2013-11-04,00:00:00.00,0.00276199,11.4541,13.1
1404,2013-11-05,00:00:00.00,1.9271e-308,10.5434,10
1405,2013-11-06,00:00:00.00,0.00236293,10.1413,7.83
1406,2013-11-07,00:00:00.00,5.40711,9.99879,6.46
1407,2013-11-08,00:00:00.00,8.74046,10.762,7.86
1408,2013-11-09,00:00:00.00,0.945575,11.2128,7.83
1409,2013-11-10,00:00:00.00,0.229043,10.4747,6.81
1410,2013-11-11,00:00:00.00,0.563578,9.82043,5.7
1411,2013-11-12,00:00:00.00,2.66501,9.55328,4.81
1412,2013-11-13,00:00:00.00,0.430338,9.32038,4.19
1413,2013-11-14,00:00:00.00,0.392228,9.02776,3.65
1414,2013-11-15,00:00:00.00,0.000785286,8.74137,3.2
1415,2013-11-16,00:00:00.00,0,8.47436,2.85
1416,2013-11-17,00:00:00.00,2.3187e-308,8.22479,2.58
1417,2013-11-18,00:00:00.00,2.33032,8.05192,2.55
1418,2013-11-19,00:00:00.00,7.60965,8.41557,4.51
1419,2013-11-20,00:00:00.00,0.179348,8.80669,5.1
1420,2013-11-21,00:00:00.00,0.000784205,8.41215,4.46
1421,2013-11-22,00:00:00.00,0.0564188,7.93082,3.73
1422,2013-11-23,00:00:00.00,6.99941,8.07705,3.61
1423,2013-11-24,00:00:00.00,0.265368,8.39652,3.41
1424,2013-11-25,00:00:00.00,0.0495573,8.13108,2.98
1425,2013-11-26,00:00:00.00,0.0726128,7.69931,2.33
1426,2013-11-27,00:00:00.00,0.646017,7.49613,2.34
1427,2013-11-28,00:00:00.00,1.63686,7.3045,2.26
1428,2013-11-29,00:00:00.00,0.106547,7.12341,2.16
1429,2013-11-30,00:00:00.00,0.308459,6.95199,1.72
1430,2013-12-01,00:00:00.00,0.000389395,6.78947,1.89
1431,2013-12-02,00:00:00.00,0.0913458,6.63513,1.97
1432,2013-12-03,00:00:00.00,0.0202931,6.48835,1.6
1433,2013-12-04,00:00:00.00,0.00498815,6.34857,1.4
1434,2013-12-05,00:00:00.00,1.18221,6.22191,1.54
1435,2013-12-06,00:00:00.00,1.2175,6.1161,1.78
1436,2013-12-07,00:00:00.00,4.46588e-308,6.01087,1.97
1437,2013-12-08,00:00:00.00,0.205893,5.89503,2.04
1438,2013-12-09,00:00:00.00,0.0661994,5.78149,1.69
1439,2013-12-10,00:00:00.00,1.84133,5.67539,1.48
1440,2013-12-11,00:00:00.00,0.299499,5.57408,1.89
1441,2013-12-12,00:00:00.00,1.15423,5.474,1.73
1442,2013-12-13,00:00:00.00,0.479686,5.37725,1.57
1443,2013-12-14,00:00:00.00,1.29264,5.28415,1.24
1444,2013-12-15,00:00:00.00,10.6077,5.19448,1.11
1445,2013-12-16,00:00:00.00,10.3369,5.10804,1.12
1446,2013-12-17,00:00:00.00,1.36171,5.02465,1.12
1447,2013-12-18,00:00:00.00,4.40142,4.94414,1.12
1448,2013-12-19,00:00:00.00,1.12283,4.86636,1.11
1449,2013-12-20,00:00:00.00,0.0818387,4.79115,1.13
1450,2013-12-21,00:00:00.00,9.28438,4.96061,1.19
1451,2013-12-22,00:00:00.00,14.1117,5.92086,2.69
1452,2013-12-23,00:00:00.00,30.0341,7.74843,6.85
1453,2013-12-24,00:00:00.00,0.450876,8.56131,9.6
1454,2013-12-25,00:00:00.00,1.25951,7.37228,7.51
1455,2013-12-26,00:00:00.00,1.46123,6.37263,5.31
1456,2013-12-27,00:00:00.00,3.85068,6.23309,5.64
1457,2013-12-28,00:00:00.00,1.51891,6.10013,4.81
1458,2013-12-29,00:00:00.00,2.5254e-308,5.9733,4.43
1459,2013-12-30,00:00:00.00,0.000758616,5.85215,3.79
1460,2013-12-31,00:00:00.00,0.177778,5.7363,3.45
1461,2014-01-01,00:00:00.00,2.32211,5.62538,2.73
1462,2014-01-02,00:00:00.00,0.616245,5.51909,2.64
1463,2014-01-03,00:00:00.00,4.86888,5.41711,2.48
1464,2014-01-04,00:00:00.00,0.709017,5.31918,2.24
1465,2014-01-05,00:00:00.00,0.0213857,5.22505,2.17
1466,2014-01-06,00:00:00.00,7.01362,5.15907,1.99
1467,2014-01-07,00:00:00.00,12.4991,5.10013,2.28
1468,2014-01-08,00:00:00.00,0.440402,5.01873,2.25
1469,2014-01-09,00:00:00.00,0.0681986,4.93563,1.8
1470,2014-01-10,00:00:00.00,0.0789367,4.85547,1.69
1471,2014-01-11,00:00:00.00,3.75534,4.77808,1.64
1472,2014-01-12,00:00:00.00,16.2384,5.64492,1.73
1473,2014-01-13,00:00:00.00,0.480906,6.8475,3.13
1474,2014-01-14,00:00:00.00,0.0230879,6.30808,5.23
1475,2014-01-15,00:00:00.00,0.382033,5.42015,8.52
1476,2014-01-16,00:00:00.00,0.431323,5.3206,11.7
1477,2014-01-17,00:00:00.00,0.844748,5.22499,10.1
1478,2014-01-18,00:00:00.00,4.09391,5.14116,8.15
1479,2014-01-19,00:00:00.00,2.18643,5.06202,6.6
1480,2014-01-20,00:00:00.00,0.7618,4.9777,5.49
1481,2014-01-21,00:00:00.00,0.698842,4.89492,4.7
1482,2014-01-22,00:00:00.00,0.00193993,4.81509,3.71
1483,2014-01-23,00:00:00.00,0.130517,4.73804,2.87
1484,2014-01-24,00:00:00.00,1.55495,4.66362,2.4
1485,2014-01-25,00:00:00.00,0.36519,4.59168,2.15
1486,2014-01-26,00:00:00.00,10.8886,4.52211,2.03
1487,2014-01-27,00:00:00.00,2.51158,4.45477,1.99
1488,2014-01-28,00:00:00.00,4.7614,4.38955,1.92
1489,2014-01-29,00:00:00.00,0.0600846,4.32636,1.85
1490,2014-01-30,00:00:00.00,0.0293016,4.26508,1.78
1491,2014-01-31,00:00:00.00,0.00114717,4.20563,1.73
1492,2014-02-01,00:00:00.00,0.899502,4.14792,1.71
1493,2014-02-02,00:00:00.00,9.5174,4.10306,1.72
1494,2014-02-03,00:00:00.00,6.3091,4.06929,1.77
1495,2014-02-04,00:00:00.00,0.0617503,4.0267,1.78
1496,2014-02-05,00:00:00.00,0.00254815,3.97543,1.69
1497,2014-02-06,00:00:00.00,17.3149,3.92411,1.6
1498,2014-02-07,00:00:00.00,0.457418,3.87417,1.51
1499,2014-02-08,00:00:00.00,0.161725,3.82554,1.41
1500,2014-02-09,00:00:00.00,0.261738,3.77819,1.32
1501,2014-02-10,00:00:00.00,3.17051,3.73204,1.25
1502,2014-02-11,00:00:00.00,0.445716,3.68706,1.19
1503,2014-02-12,00:00:00.00,0.0789331,3.6432,1.15
1504,2014-02-13,00:00:00.00,0.00357286,3.6004,1.14
1505,2014-02-14,00:00:00.00,0.00118857,3.55864,1.18
1506,2014-02-15,00:00:00.00,0.34465,3.51788,1.25
1507,2014-02-16,00:00:00.00,0.152855,3.47806,1.31
1508,2014-02-17,00:00:00.00,1.41036,3.43917,1.38
1509,2014-02-18,00:00:00.00,0.01353,3.40116,1.41
1510,2014-02-19,00:00:00.00,9.63367,3.364,1.44
1511,2014-02-20,00:00:00.00,0.108856,3.32766,1.5
1512,2014-02-21,00:00:00.00,5.43159,3.30816,1.72
1513,2014-02-22,00:00:00.00,10.0393,3.55962,2.28
1514,2014-02-23,00:00:00.00,0.015146,3.85216,3
1515,2014-02-24,00:00:00.00,0.000351825,3.66872,3.5
1516,2014-02-25,00:00:00.00,0.112023,3.42644,4.22
1517,2014-02-26,00:00:00.00,0.0851533,3.38828,5.64
1518,2014-02-27,00:00:00.00,0.278136,3.35099,6.1
1519,2014-02-28,00:00:00.00,0.868738,3.31454,5.44
1520,2014-03-01,00:00:00.00,0.156731,3.27889,4.87
1521,2014-03-02,00:00:00.00,0.188954,3.24402,4.48
1522,2014-03-03,00:00:00.00,6.38096,3.20991,4.13
1523,2014-03-04,00:00:00.00,0.0028239,3.17652,3.8
1524,2014-03-05,00:00:00.00,1.14377,3.14383,3.48
1525,2014-03-06,00:00:00.00,1.89825,3.11182,3.19
1526,2014-03-07,00:00:00.00,0.575215,3.08046,2.96
1527,2014-03-08,00:00:00.00,0.00419014,3.04974,2.8
1528,2014-03-09,00:00:00.00,0.0125922,3.01963,2.75
1529,2014-03-10,00:00:00.00,0.0120438,2.99012,2.88
1530,2014-03-11,00:00:00.00,0.0239092,2.96119,3.21
1531,2014-03-12,00:00:00.00,0.000507085,2.93281,3.85
1532,2014-03-13,00:00:00.00,19.9964,2.99923,5.06
1533,2014-03-14,00:00:00.00,0.153241,3.13244,5.86
1534,2014-03-15,00:00:00.00,1.82779e-308,3.07809,6.11
1535,2014-03-16,00:00:00.00,0.0751742,2.95662,6.59
1536,2014-03-17,00:00:00.00,0.0456702,2.92818,7.39
1537,2014-03-18,00:00:00.00,0.00141703,2.90028,8.16
1538,2014-03-19,00:00:00.00,0.0164494,2.87292,8.47
1539,2014-03-20,00:00:00.00,1.71017,2.84607,10
1540,2014-03-21,00:00:00.00,2.24877,2.81971,15.3
1541,2014-03-22,00:00:00.00,0.00669906,2.79384,16.1
1542,2014-03-23,00:00:00.00,1.3792,2.76844,16.7
1543,2014-03-24,00:00:00.00,0.087447,2.74349,16.5
1544,2014-03-25,00:00:00.00,0.150046,2.71899,14.7
1545,2014-03-26,00:00:00.00,0.407105,2.69492,12.7
1546,2014-03-27,00:00:00.00,0.000545753,2.67127,9.93
1547,2014-03-28,00:00:00.00,0.49897,2.64803,7.88
1548,2014-03-29,00:00:00.00,5.12834,2.68337,9.73
1549,2014-03-30,00:00:00.00,0.0302656,2.77219,17
1550,2014-03-31,00:00:00.00,0.200817,2.74181,23.5
1551,2014-04-01,00:00:00.00,0,2.65782,27.2
1552,2014-04-02,00:00:00.00,0.00432496,2.63473,33.1
1553,2014-04-03,00:00:00.00,0.00122684,2.61202,28.7
1554,2014-04-04,00:00:00.00,3.52481e-308,2.58971,22.2
1555,2014-04-05,00:00:00.00,11.3696,2.89057,17.3
1556,2014-04-06,00:00:00.00,0.451831,3.33284,17.1
1557,2014-04-07,00:00:00.00,0.0038077,3.12262,16
1558,2014-04-08,00:00:00.00,3.97947,2.79718,13.1
1559,2014-04-09,00:00:00.00,10.6277,3.24937,17.3
1560,2014-04-10,00:00:00.00,0.0227953,3.72179,20.6
1561,2014-04-11,00:00:00.00,0.00470532,3.40092,17.9
1562,2014-04-12,00:00:00.00,0.360436,3.02927,12.8
1563,2014-04-13,00:00:00.00,0.405516,2.99875,10.7
1564,2014-04-14,00:00:00.00,8.46648,3.15799,10.8
1565,2014-04-15,00:00:00.00,10.1591,14.6539,12
1566,2014-04-16,00:00:00.00,11.7325,29.8259,18.7
1567,2014-04-17,00:00:00.00,0.00442856,24.661,16
1568,2014-04-18,00:00:00.00,5.2383e-308,15.1833,11.5
1569,2014-04-19,00:00:00.00,0.0217685,14.3128,8.65
1570,2014-04-20,00:00:00.00,7.8241e-308,17.2397,6.96
1571,2014-04-21,00:00:00.00,7.96e-308,30.6125,5.84
1572,2014-04-22,00:00:00.00,0.00419836,39.3097,5.01
1573,2014-04-23,00:00:00.00,4.47407,32.8674,4.65
1574,2014-04-24,00:00:00.00,0.00236949,26.4426,4.3
1575,2014-04-25,00:00:00.00,7.20803e-308,23.9967,3.68
1576,2014-04-26,00:00:00.00,5.62376,22.3106,3.32
1577,2014-04-27,00:00:00.00,0.918771,20.9712,3.84
1578,2014-04-28,00:00:00.00,0.0236333,19.4687,3.67
1579,2014-04-29,00:00:00.00,0.000350357,18.1177,3.35
1580,2014-04-30,00:00:00.00,29.4033,20.7346,6.66
1581,2014-05-01,00:00:00.00,7.2032,25.1083,19
1582,2014-05-02,00:00:00.00,4.0674,23.6765,22.4
1583,2014-05-03,00:00:00.00,0.792787,20.356,18.6
1584,2014-05-04,00:00:00.00,4.18855,19.0832,12.7
1585,2014-05-05,00:00:00.00,0.07107,17.9912,10
1586,2014-05-06,00:00:00.00,0.000243773,16.8859,8.1
1587,2014-05-07,00:00:00.00,0.000300911,15.891,6.5
1588,2014-05-08,00:00:00.00,0.0332984,15.0146,5.4
1589,2014-05-09,00:00:00.00,2.42718,14.2366,4.88
1590,2014-05-10,00:00:00.00,0.000423138,13.5415,4.26
1591,2014-05-11,00:00:00.00,0.457164,12.9165,3.76
1592,2014-05-12,00:00:00.00,3.12e-308,12.3516,3.26
1593,2014-05-13,00:00:00.00,0.273777,11.8384,2.87
1594,2014-05-14,00:00:00.00,17.7506,12.756,4.09
1595,2014-05-15,00:00:00.00,13.0811,15.2998,5.04
1596,2014-05-16,00:00:00.00,18.17,17.6057,11.8
1597,2014-05-17,00:00:00.00,4.05609,18.1075,15.7
1598,2014-05-18,00:00:00.00,0.0525416,16.3957,14.6
1599,2014-05-19,00:00:00.00,0.0230758,14.7102,11.3
1600,2014-05-20,00:00:00.00,0.00443796,13.9605,8.42
1601,2014-05-21,00:00:00.00,3.6865,13.3063,6.84
1602,2014-05-22,00:00:00.00,9.94583,13.2426,8.54
1603,2014-05-23,00:00:00.00,1.23488,13.3959,9.22
1604,2014-05-24,00:00:00.00,0.00777008,12.8337,7.59
1605,2014-05-25,00:00:00.00,0.0115091,12.0963,5.61
1606,2014-05-26,00:00:00.00,0.00869279,11.6015,4.45
1607,2014-05-27,00:00:00.00,0,11.1493,3.67
1608,2014-05-28,00:00:00.00,0.0706412,10.7343,3.03
1609,2014-05-29,00:00:00.00,0.0420095,10.352,2.6
1610,2014-05-30,00:00:00.00,0.000663181,9.99878,2.29
1611,2014-05-31,00:00:00.00,0.000504582,9.67122,2.06
1612,2014-06-01,00:00:00.00,0.0394775,9.36659,1.85
1613,2014-06-02,00:00:00.00,1.9e-308,9.08251,1.63
1614,2014-06-03,00:00:00.00,0.0135631,8.81689,1.48
1615,2014-06-04,00:00:00.00,18.6125,9.83628,3.77
1616,2014-06-05,00:00:00.00,0.0252966,11.2657,2.88
1617,2014-06-06,00:00:00.00,0,10.5656,2.2
1618,2014-06-07,00:00:00.00,0.0229323,9.43184,1.81
1619,2014-06-08,00:00:00.00,0,9.13815,1.57
1620,2014-06-09,00:00:00.00,8.05113,9.06608,1.42
1621,2014-06-10,00:00:00.00,0.0734547,9.1085,1.7
1622,2014-06-11,00:00:00.00,0.000607764,8.8781,1.43
1623,2014-06-12,00:00:00.00,1.64603,8.55203,1.31
1624,2014-06-13,00:00:00.00,8.08817,8.50112,1.95
1625,2014-06-14,00:00:00.00,0.467977,8.56398,1.47
1626,2014-06-15,00:00:00.00,0.000835125,8.3639,1.39
1627,2014-06-16,00:00:00.00,0.0083269,8.06446,1.23
1628,2014-06-17,00:00:00.00,0.0457498,7.85368,1.12
1629,2014-06-18,00:00:00.00,6.87801,7.75481,1.2
1630,2014-06-19,00:00:00.00,1.06898,7.67994,1.93
1631,2014-06-20,00:00:00.00,0.46497,7.50865,1.36
1632,2014-06-21,00:00:00.00,0.00365844,7.32757,1.13
1633,2014-06-22,00:00:00.00,0.0385703,7.15587,0.998
1634,2014-06-23,00:00:00.00,0.0257681,6.99281,0.918
1635,2014-06-24,00:00:00.00,2.11455,6.83773,0.914
1636,2014-06-25,00:00:00.00,8.28758,6.85107,2.36
1637,2014-06-26,00:00:00.00,0.638646,6.96836,2.77
1638,2014-06-27,00:00:00.00,0.943638,6.83302,1.73
1639,2014-06-28,00:00:00.00,0.00859519,6.59881,2.83
1640,2014-06-29,00:00:00.00,0,6.46088,2.32
1641,2014-06-30,00:00:00.00,1.31707,6.32913,1.5
1642,2014-07-01,00:00:00.00,1.0158,6.20311,1.21
1643,2014-07-02,00:00:00.00,0.00196719,6.08244,1.05
1644,2014-07-03,00:00:00.00,2.32888,5.96677,0.962
1645,2014-07-04,00:00:00.00,1.32723,5.85577,1.14
1646,2014-07-05,00:00:00.00,0.0109466,5.74915,1.25
1647,2014-07-06,00:00:00.00,0.0610328,5.64665,0.907
1648,2014-07-07,00:00:00.00,0.0237745,5.548,0.815
1649,2014-07-08,00:00:00.00,41.4382,8.39518,3.42
1650,2014-07-09,00:00:00.00,17.6909,13.5033,5.7
1651,2014-07-10,00:00:00.00,0.389124,13.4731,7.71
1652,2014-07-11,00:00:00.00,0.0208878,10.347,4.04
1653,2014-07-12,00:00:00.00,0.0102575,9.30531,2.47
1654,2014-07-13,00:00:00.00,0.0282352,8.99986,1.84
1655,2014-07-14,00:00:00.00,3.94115,8.71575,1.51
1656,2014-07-15,00:00:00.00,0.244402,8.45077,1.32
1657,2014-07-16,00:00:00.00,3.58726,8.20302,1.2
1658,2014-07-17,00:00:00.00,1.21215,7.97084,1.05
1659,2014-07-18,00:00:00.00,0.0790026,7.75275,0.911
1660,2014-07-19,00:00:00.00,0.127353,7.54749,0.85
1661,2014-07-20,00:00:00.00,4.11737,7.36345,0.797
1662,2014-07-21,00:00:00.00,4.57066,7.22039,1.05
1663,2014-07-22,00:00:00.00,0.310538,7.08089,1.31
1664,2014-07-23,00:00:00.00,0.00150523,6.91785,0.976
1665,2014-07-24,00:00:00.00,2.82726,6.75773,0.809
1666,2014-07-25,00:00:00.00,0,6.60559,0.753
1667,2014-07-26,00:00:00.00,0.00674613,6.46082,0.697
1668,2014-07-27,00:00:00.00,0.0256375,6.32289,0.664
1669,2014-07-28,00:00:00.00,0.100698,6.19129,0.664
1670,2014-07-29,00:00:00.00,61.8952,11.3697,11.4
1671,2014-07-30,00:00:00.00,0.0366901,18.1439,11.5
1672,2014-07-31,00:00:00.00,1.83419,15.6641,6.76
1673,2014-08-01,00:00:00.00,0.248264,11.4054,4.36
1674,2014-08-02,00:00:00.00,0.468521,10.9325,3.51
1675,2014-08-03,00:00:00.00,0.038554,10.5005,3
1676,2014-08-04,00:00:00.00,0.114404,10.1042,2.49
1677,2014-08-05,00:00:00.00,0.644206,9.73937,1.96
1678,2014-08-06,00:00:00.00,4.17066,9.42598,1.67
1679,2014-08-07,00:00:00.00,0.211694,9.14003,1.51
1680,2014-08-08,00:00:00.00,0.00569766,8.85069,1.2
1681,2014-08-09,00:00:00.00,0.0372984,8.57678,1.02
1682,2014-08-10,00:00:00.00,0.0537868,8.32098,0.897
1683,2014-08-11,00:00:00.00,0.00223031,8.08152,0.8
1684,2014-08-12,00:00:00.00,0.0323998,7.85682,0.752
1685,2014-08-13,00:00:00.00,17.4246,8.71791,1.63
1686,2014-08-14,00:00:00.00,0.00101533,9.94539,1.15
1687,2014-08-15,00:00:00.00,0.0240607,9.34394,0.907
1688,2014-08-16,00:00:00.00,0.0344195,8.3597,0.806
1689,2014-08-17,00:00:00.00,1.62348,8.11715,0.727
1690,2014-08-18,00:00:00.00,0.214986,7.88968,0.68
1691,2014-08-19,00:00:00.00,0.0189555,7.6759,0.667
1692,2014-08-20,00:00:00.00,0.00332406,7.47457,0.632
1693,2014-08-21,00:00:00.00,2.40339,7.2846,0.617
1694,2014-08-22,00:00:00.00,0.844509,7.10503,0.65
1695,2014-08-23,00:00:00.00,0.0866132,6.935,0.646
1696,2014-08-24,00:00:00.00,0.13634,6.77373,0.589
1697,2014-08-25,00:00:00.00,0.0360792,6.62055,0.576
1698,2014-08-26,00:00:00.00,0.0516796,6.47483,0.56
1699,2014-08-27,00:00:00.00,0.00249608,6.33601,0.548
1700,2014-08-28,00:00:00.00,0.00295036,6.2036,0.515
1701,2014-08-29,00:00:00.00,2.145e-308,6.07714,0.499
1702,2014-08-30,00:00:00.00,0.0480349,5.95622,0.483
1703,2014-08-31,00:00:00.00,0.00352257,5.84046,0.474
1704,2014-09-01,00:00:00.00,0.346372,5.72952,0.466
1705,2014-09-02,00:00:00.00,0.161307,5.62309,0.475
1706,2014-09-03,00:00:00.00,18.6539,6.55594,0.624
1707,2014-09-04,00:00:00.00,0.287138,7.84788,1.24
1708,2014-09-05,00:00:00.00,0.000899654,7.27133,0.714
1709,2014-09-06,00:00:00.00,8.72724,6.57602,0.68
1710,2014-09-07,00:00:00.00,38.8215,10.0774,3.78
1711,2014-09-08,00:00:00.00,0.234612,13.8927,2.42
1712,2014-09-09,00:00:00.00,0.178207,12.0255,2.04
1713,2014-09-10,00:00:00.00,0.120646,9.48766,1.47
1714,2014-09-11,00:00:00.00,18.0517,10.4483,1.32
1715,2014-09-12,00:00:00.00,22.9562,14.1131,5.58
1716,2014-09-13,00:00:00.00,0.00166736,15.9389,3.73
1717,2014-09-14,00:00:00.00,4.29861,13.9182,2.9
1718,2014-09-15,00:00:00.00,0.155258,12.3429,2.29
1719,2014-09-16,00:00:00.00,0.183853,11.8124,1.91
1720,2014-09-17,00:00:00.00,1.51995,11.3049,1.67
1721,2014-09-18,00:00:00.00,0.000147212,10.8427,1.48
1722,2014-09-19,00:00:00.00,0.0415988,10.4199,1.29
1723,2014-09-20,00:00:00.00,0.00430208,10.0317,1.13
1724,2014-09-21,00:00:00.00,0.00701419,9.6739,1.04
1725,2014-09-22,00:00:00.00,12.9473,10.1628,1.49
1726,2014-09-23,00:00:00.00,0.152011,10.9575,1.45
1727,2014-09-24,00:00:00.00,0.00511781,10.4284,1.22
1728,2014-09-25,00:00:00.00,0.0785746,9.59689,1.12
1729,2014-09-26,00:00:00.00,0.0411467,9.27239,0.962
1730,2014-09-27,00:00:00.00,0.0642808,8.97119,0.851
1731,2014-09-28,00:00:00.00,0.0007868,8.69084,0.784
1732,2014-09-29,00:00:00.00,0.000906229,8.42919,0.693
1733,2014-09-30,00:00:00.00,0.0644256,8.1844,0.618
1734,2014-10-01,00:00:00.00,4.89315,8.07112,0.652
1735,2014-10-02,00:00:00.00,0.135559,7.98656,0.783
1736,2014-10-03,00:00:00.00,0.0136039,7.79064,0.726
1737,2014-10-04,00:00:00.00,7.5589,7.86233,0.719
1738,2014-10-05,00:00:00.00,10.9304,8.93655,2.27
1739,2014-10-06,00:00:00.00,0.00571396,9.59945,2.85
1740,2014-10-07,00:00:00.00,4.82117,8.9702,2.61
1741,2014-10-08,00:00:00.00,7.54671,9.01597,2.49
1742,2014-10-09,00:00:00.00,2.83661,9.38434,3.12
1743,2014-10-10,00:00:00.00,0.0165839,8.95707,2.73
1744,2014-10-11,00:00:00.00,0.00739101,8.47432,2.27
1745,2014-10-12,00:00:00.00,0.00419759,8.22501,1.86
1746,2014-10-13,00:00:00.00,1e-308,7.99141,1.57
1747,2014-10-14,00:00:00.00,1.06802,7.77204,1.36
1748,2014-10-15,00:00:00.00,1.81194,7.56561,1.29
1749,2014-10-16,00:00:00.00,5.34922,7.51324,1.48
1750,2014-10-17,00:00:00.00,1.6408,7.52732,1.57
1751,2014-10-18,00:00:00.00,0.307774,7.3635,1.59
1752,2014-10-19,00:00:00.00,0.611177,7.14498,1.5
1753,2014-10-20,00:00:00.00,0.139207,6.9729,1.39
1754,2014-10-21,00:00:00.00,1.96427,6.83544,1.29
1755,2014-10-22,00:00:00.00,5.93666,6.95753,1.3
1756,2014-10-23,00:00:00.00,0.949206,7.12635,1.63
1757,2014-10-24,00:00:00.00,0.000386093,6.92116,1.56
1758,2014-10-25,00:00:00.00,0.000380856,6.64733,1.56
1759,2014-10-26,00:00:00.00,0.00021131,6.49971,1.44
1760,2014-10-27,00:00:00.00,8.17205e-308,6.35915,1.31
1761,2014-10-28,00:00:00.00,0.013455,6.22513,1.26
1762,2014-10-29,00:00:00.00,2.86702,6.14145,1.26
1763,2014-10-30,00:00:00.00,0.0181818,6.06973,1.24
1764,2014-10-31,00:00:00.00,0.296872,5.95678,1.27
1765,2014-11-01,00:00:00.00,3.54076,5.92098,1.29
1766,2014-11-02,00:00:00.00,1.57935,5.92517,1.37
1767,2014-11-03,00:00:00.00,0.0512857,5.83854,1.31
1768,2014-11-04,00:00:00.00,3.16e-308,5.71684,1.24
1769,2014-11-05,00:00:00.00,3.39216,5.6796,1.2
1770,2014-11-06,00:00:00.00,2.30162,5.73646,1.37
1771,2014-11-07,00:00:00.00,0.12322,5.68948,1.32
1772,2014-11-08,00:00:00.00,2.97139,5.60669,1.64
1773,2014-11-09,00:00:00.00,2.73686,5.62407,1.64
1774,2014-11-10,00:00:00.00,1.20474,5.5924,1.67
1775,2014-11-11,00:00:00.00,0.0490971,5.49913,1.63
1776,2014-11-12,00:00:00.00,0,5.40249,1.64
1777,2014-11-13,00:00:00.00,1.29934,5.32288,1.64
1778,2014-11-14,00:00:00.00,0.843316,5.24924,1.58
1779,2014-11-15,00:00:00.00,0.614085,5.16239,1.47
1780,2014-11-16,00:00:00.00,0.671564,5.07571,1.45
1781,2014-11-17,00:00:00.00,1.19841,4.99213,1.45
1782,2014-11-18,00:00:00.00,11.3391,4.98756,1.36
1783,2014-11-19,00:00:00.00,0.113239,5.02518,1.17
1784,2014-11-20,00:00:00.00,4.40051,4.95845,1.26
1785,2014-11-21,00:00:00.00,6.04831,4.85181,1.5
1786,2014-11-22,00:00:00.00,0.41199,4.77557,1.46
1787,2014-11-23,00:00:00.00,0.24697,4.70186,1.4
1788,2014-11-24,00:00:00.00,2.98752,4.68566,2.54
1789,2014-11-25,00:00:00.00,28.3553,6.66828,9.35
1790,2014-11-26,00:00:00.00,0.0499879,9.07677,12.7
1791,2014-11-27,00:00:00.00,0.158526,7.92078,11.1
1792,2014-11-28,00:00:00.00,2.27393,6.25392,7.59
1793,2014-11-29,00:00:00.00,1.1983,6.12353,5.85
1794,2014-11-30,00:00:00.00,0.153636,5.99494,4.88
1795,2014-12-01,00:00:00.00,0.0159626,5.8714,4.31
1796,2014-12-02,00:00:00.00,0.068508,5.75335,4.08
1797,2014-12-03,00:00:00.00,0.912451,5.64043,3.6
1798,2014-12-04,00:00:00.00,0.906998,5.53228,3.19
1799,2014-12-05,00:00:00.00,0.129285,5.42859,2.91
1800,2014-12-06,00:00:00.00,0.00611016,5.32909,2.57
1801,2014-12-07,00:00:00.00,0.0326627,5.23352,2.31
1802,2014-12-08,00:00:00.00,0.000437738,5.14162,2.17
1803,2014-12-09,00:00:00.00,0.000243104,5.05318,1.86
1804,2014-12-10,00:00:00.00,0.0587139,4.96801,1.93
1805,2014-12-11,00:00:00.00,0.689072,4.8859,1.98
1806,2014-12-12,00:00:00.00,3.62261,4.8067,1.88
1807,2014-12-13,00:00:00.00,0.229434,4.73023,1.81
1808,2014-12-14,00:00:00.00,0.270804,4.65635,1.77
1809,2014-12-15,00:00:00.00,0.43948,4.58493,1.76
1810,2014-12-16,00:00:00.00,0.155437,4.51583,1.78
1811,2014-12-17,00:00:00.00,2.96442,4.49604,1.86
1812,2014-12-18,00:00:00.00,1.63118,4.50831,2.14
1813,2014-12-19,00:00:00.00,0.511052,4.46974,2.29
1814,2014-12-20,00:00:00.00,0.0115745,4.40083,2.22
1815,2014-12-21,00:00:00.00,5.41556e-308,4.3373,1.75
1816,2014-12-22,00:00:00.00,0.00116665,4.2757,1.28
1817,2014-12-23,00:00:00.00,0.0117093,4.21595,1.13
1818,2014-12-24,00:00:00.00,0.0126064,4.15795,1.07
1819,2014-12-25,00:00:00.00,4.79908,4.224,1.22
1820,2014-12-26,00:00:00.00,6.46019,4.74346,1.7
1821,2014-12-27,00:00:00.00,0.0104596,5.02321,2.3
1822,2014-12-28,00:00:00.00,0.00819422,4.64465,2.77
1823,2014-12-29,00:00:00.00,2.78916,5.51114,3.05
1824,2014-12-30,00:00:00.00,0.0916435,6.97494,2.94
1825,2014-12-31,00:00:00.00,0.115148,6.32293,2.42
