time,date,hour,precip [mm/day],sub722 [m3/s],sub722 (observed) [m3/s]
0,2010-01-01,00:00:00.00,---,13.0865,
1,2010-01-02,00:00:00.00,0.931374,8.10667,6.4846
2,2010-01-03,00:00:00.00,1.38693,1.56349,4.644
3,2010-01-04,00:00:00.00,3.06597,0.054951,4.4741
4,2010-01-05,00:00:00.00,2.98441,0.127233,4.1909
5,2010-01-06,00:00:00.00,3.4232,0.181401,4.021
6,2010-01-07,00:00:00.00,2.48481,0.209424,4.021
7,2010-01-08,00:00:00.00,3.11529,0.214639,3.9927
8,2010-01-09,00:00:00.00,5.03144,0.215238,3.8794
9,2010-01-10,00:00:00.00,0.373967,0.212963,3.9644
10,2010-01-11,00:00:00.00,0.221171,0.212559,3.9644
11,2010-01-12,00:00:00.00,2.22955,0.210476,3.9644
12,2010-01-13,00:00:00.00,0.805237,0.210028,3.9644
13,2010-01-14,00:00:00.00,0.0943322,0.208153,3.9644
14,2010-01-15,00:00:00.00,0.0154638,0.207627,4.4741
15,2010-01-16,00:00:00.00,0.166285,0.205803,4.8139
16,2010-01-17,00:00:00.00,0.0365104,0.205055,6.6828
17,2010-01-18,00:00:00.00,0.130409,0.203159,6.881
18,2010-01-19,00:00:00.00,0.0584118,0.202185,8.5234
19,2010-01-20,00:00:00.00,0.220516,0.200271,8.3252
20,2010-01-21,00:00:00.00,0.112348,0.199206,7.2774
21,2010-01-22,00:00:00.00,0.00566242,0.19741,6.5978
22,2010-01-23,00:00:00.00,1.73606,0.197377,6.4279
23,2010-01-24,00:00:00.00,0.0318724,0.200729,6.4279
24,2010-01-25,00:00:00.00,11.4393,0.291258,11.3551
25,2010-01-26,00:00:00.00,8.89491,0.724207,101.657
26,2010-01-27,00:00:00.00,7.97577,1.67581,40.7763
27,2010-01-28,00:00:00.00,1.81117,2.55146,17.9529
28,2010-01-29,00:00:00.00,2.31142,2.42614,12.2612
29,2010-01-30,00:00:00.00,0.197982,1.49404,8.2685
30,2010-01-31,00:00:00.00,0.0570457,0.683777,6.9659
31,2010-02-01,00:00:00.00,0.0939354,0.343497,6.4846
32,2010-02-02,00:00:00.00,0.0559905,0.273002,5.9749
33,2010-02-03,00:00:00.00,0.302401,0.266533,5.3802
34,2010-02-04,00:00:00.00,1.71256,0.265512,4.9554
35,2010-02-05,00:00:00.00,0.0288639,0.264162,4.0493
36,2010-02-06,00:00:00.00,1.25201,0.262978,3.5962
37,2010-02-07,00:00:00.00,1.64585,0.261635,3.5113
38,2010-02-08,00:00:00.00,0.253972,0.260489,3.3697
39,2010-02-09,00:00:00.00,0.00288334,0.259214,3.4263
40,2010-02-10,00:00:00.00,7.94333,0.258094,3.4263
41,2010-02-11,00:00:00.00,10.8039,0.256884,3.4263
42,2010-02-12,00:00:00.00,2.24482,0.2559,3.4263
43,2010-02-13,00:00:00.00,0.609637,0.254889,3.4263
44,2010-02-14,00:00:00.00,1.40435,0.25394,3.5679
45,2010-02-15,00:00:00.00,0.896811,0.252785,3.5962
46,2010-02-16,00:00:00.00,1.65186,0.251648,3.5113
47,2010-02-17,00:00:00.00,5.2421,0.250411,3.6246
48,2010-02-18,00:00:00.00,1.00585,0.249255,3.5679
49,2010-02-19,00:00:00.00,0.394055,0.248042,3.9644
50,2010-02-20,00:00:00.00,0.0620958,0.246904,4.559
51,2010-02-21,00:00:00.00,0.00264367,0.245705,4.7572
52,2010-02-22,00:00:00.00,0.0684033,0.244542,4.7006
53,2010-02-23,00:00:00.00,7.67295,0.252693,10.6755
54,2010-02-24,00:00:00.00,0.493798,0.299034,27.6372
55,2010-02-25,00:00:00.00,1.48738,0.399232,26.5329
56,2010-02-26,00:00:00.00,3.26488,0.480532,20.2465
57,2010-02-27,00:00:00.00,10.6782,0.449411,14.8947
58,2010-02-28,00:00:00.00,5.48995,0.349612,12.2046
59,2010-03-01,00:00:00.00,1.86663,0.284391,11.2135
60,2010-03-02,00:00:00.00,0.406524,0.276156,9.9392
61,2010-03-03,00:00:00.00,0.0922064,0.285937,8.7499
62,2010-03-04,00:00:00.00,0.101549,0.280737,7.8721
63,2010-03-05,00:00:00.00,0.00483009,0.264044,7.9287
64,2010-03-06,00:00:00.00,0.00145904,0.251719,7.419
65,2010-03-07,00:00:00.00,0.0372281,0.24698,7.5323
66,2010-03-08,00:00:00.00,0,0.245604,8.042
67,2010-03-09,00:00:00.00,0,0.244682,8.8349
68,2010-03-10,00:00:00.00,0.020391,0.328131,23.8711
69,2010-03-11,00:00:00.00,0.332929,0.8315,55.7842
70,2010-03-12,00:00:00.00,0.063082,2.14113,90.3307
71,2010-03-13,00:00:00.00,0.43127,3.73738,99.3921
72,2010-03-14,00:00:00.00,8.25649,4.18063,66.2614
73,2010-03-15,00:00:00.00,3.63398,3.13799,71.3585
74,2010-03-16,00:00:00.00,0.372134,1.8979,36.8119
75,2010-03-17,00:00:00.00,0.0241565,1.30994,21.3509
76,2010-03-18,00:00:00.00,0,1.08286,14.9796
77,2010-03-19,00:00:00.00,0,0.8741,12.1196
78,2010-03-20,00:00:00.00,0,0.707715,10.5056
79,2010-03-21,00:00:00.00,0.0307221,0.637506,9.4012
80,2010-03-22,00:00:00.00,0.11492,0.62445,8.5234
81,2010-03-23,00:00:00.00,16.9198,0.662366,16.9618
82,2010-03-24,00:00:00.00,2.02641,0.85533,35.3961
83,2010-03-25,00:00:00.00,0.000303148,1.281,18.4626
84,2010-03-26,00:00:00.00,18.5588,1.69534,14.0168
85,2010-03-27,00:00:00.00,0.0113263,1.85842,22.9366
86,2010-03-28,00:00:00.00,0.00168843,2.02154,15.2628
87,2010-03-29,00:00:00.00,6.47849,2.19855,13.8186
88,2010-03-30,00:00:00.00,1.5092,2.04685,24.8056
89,2010-03-31,00:00:00.00,0.00235321,1.72608,15.6875
90,2010-04-01,00:00:00.00,0.00388126,1.52782,11.6665
91,2010-04-02,00:00:00.00,0,1.39296,9.741
92,2010-04-03,00:00:00.00,0,1.25868,8.5517
93,2010-04-04,00:00:00.00,5.452e-308,1.17356,7.8154
94,2010-04-05,00:00:00.00,0,1.14939,7.0509
95,2010-04-06,00:00:00.00,0.0165361,1.15142,6.6828
96,2010-04-07,00:00:00.00,0.00268869,1.15693,6.4562
97,2010-04-08,00:00:00.00,0.0522755,1.16218,6.1164
98,2010-04-09,00:00:00.00,4.62376,1.17289,6.0881
99,2010-04-10,00:00:00.00,0.353426,1.20742,5.1537
100,2010-04-11,00:00:00.00,0,1.2788,4.2192
101,2010-04-12,00:00:00.00,0.0109031,1.34027,3.7095
102,2010-04-13,00:00:00.00,0.00559412,1.33354,3.398
103,2010-04-14,00:00:00.00,5.08709,1.29316,4.2475
104,2010-04-15,00:00:00.00,6.15404e-308,1.29778,5.0687
105,2010-04-16,00:00:00.00,0.00115446,1.3744,3.9077
106,2010-04-17,00:00:00.00,4.21019,1.45143,4.0493
107,2010-04-18,00:00:00.00,0.126078,1.45517,4.9271
108,2010-04-19,00:00:00.00,0.0793402,1.42676,4.0493
109,2010-04-20,00:00:00.00,0,1.41214,3.8228
110,2010-04-21,00:00:00.00,0,1.39474,3.4263
111,2010-04-22,00:00:00.00,2.36906e-308,1.37032,3.1715
112,2010-04-23,00:00:00.00,0.000474005,1.35488,3.1149
113,2010-04-24,00:00:00.00,0,1.35188,2.9166
114,2010-04-25,00:00:00.00,2.06555,1.35412,2.86
115,2010-04-26,00:00:00.00,24.4936,1.41214,14.2151
116,2010-04-27,00:00:00.00,15.3549,1.73801,73.907
117,2010-04-28,00:00:00.00,0.00646155,2.58171,27.8355
118,2010-04-29,00:00:00.00,0,3.56231,11.1002
119,2010-04-30,00:00:00.00,0.00354138,3.80108,7.3057
120,2010-05-01,00:00:00.00,0.000255721,3.21838,5.7483
121,2010-05-02,00:00:00.00,0.00475635,2.53406,4.8705
122,2010-05-03,00:00:00.00,0.194985,2.1832,4.559
123,2010-05-04,00:00:00.00,0.350799,2.09033,4.1909
124,2010-05-05,00:00:00.00,0.453422,2.07806,3.8228
125,2010-05-06,00:00:00.00,8.71314,2.08852,3.4263
126,2010-05-07,00:00:00.00,4.08417,2.16042,7.5606
127,2010-05-08,00:00:00.00,4.57011,2.34119,5.2386
128,2010-05-09,00:00:00.00,14.8555,2.56491,27.3824
129,2010-05-10,00:00:00.00,0.502825,2.78947,10.279
130,2010-05-11,00:00:00.00,1.70067e-308,3.11889,6.6261
131,2010-05-12,00:00:00.00,16.4921,3.39641,8.4384
132,2010-05-13,00:00:00.00,0.273817,3.46729,20.8978
133,2010-05-14,00:00:00.00,9.87983,3.65553,9.7976
134,2010-05-15,00:00:00.00,9.10094,3.98014,59.4654
135,2010-05-16,00:00:00.00,0,4.17505,19.0289
136,2010-05-17,00:00:00.00,8.9837e-308,4.24589,8.7216
137,2010-05-18,00:00:00.00,2.99984,4.1381,6.3996
138,2010-05-19,00:00:00.00,21.1993,3.90181,45.5901
139,2010-05-20,00:00:00.00,0.0728076,3.92287,33.697
140,2010-05-21,00:00:00.00,0.00155412,4.4987,11.8648
141,2010-05-22,00:00:00.00,0.555236,5.06737,7.3057
142,2010-05-23,00:00:00.00,9.12723,4.9661,7.7871
143,2010-05-24,00:00:00.00,0.0632689,4.5659,10.9303
144,2010-05-25,00:00:00.00,0.00300709,4.4274,6.9659
145,2010-05-26,00:00:00.00,1.133e-308,4.47455,5.0687
146,2010-05-27,00:00:00.00,0.00107694,4.39645,4.1059
147,2010-05-28,00:00:00.00,0,4.2145,3.5679
148,2010-05-29,00:00:00.00,0,4.07084,3.1998
149,2010-05-30,00:00:00.00,0,3.9921,2.9733
150,2010-05-31,00:00:00.00,0,3.94238,2.7411
151,2010-06-01,00:00:00.00,31.4438,3.98088,33.4139
152,2010-06-02,00:00:00.00,5.13416,4.39423,62.2971
153,2010-06-03,00:00:00.00,0.314302,5.45907,12.4028
154,2010-06-04,00:00:00.00,0.0035366,6.39285,7.1925
155,2010-06-05,00:00:00.00,0.0122647,6.25908,5.5784
156,2010-06-06,00:00:00.00,2.63777,5.53489,6.343
157,2010-06-07,00:00:00.00,29.6292,5.06145,67.9604
158,2010-06-08,00:00:00.00,0.506155,5.29364,17.8679
159,2010-06-09,00:00:00.00,0.0358613,6.34916,8.3818
160,2010-06-10,00:00:00.00,9.92463,7.28767,13.5355
161,2010-06-11,00:00:00.00,0.0381387,7.2102,12.0063
162,2010-06-12,00:00:00.00,0.133151,6.74992,6.3713
163,2010-06-13,00:00:00.00,0.210285,6.43018,4.7572
164,2010-06-14,00:00:00.00,0.190687,6.14612,4.021
165,2010-06-15,00:00:00.00,0.83535,5.86614,3.6812
166,2010-06-16,00:00:00.00,0.380723,5.64745,3.6812
167,2010-06-17,00:00:00.00,0.0614935,5.50621,3.3131
168,2010-06-18,00:00:00.00,1.6208e-308,5.39706,2.945
169,2010-06-19,00:00:00.00,4.921e-308,5.297,2.6958
170,2010-06-20,00:00:00.00,0.00265362,5.19717,2.557
171,2010-06-21,00:00:00.00,0,5.1012,2.373
172,2010-06-22,00:00:00.00,0.0685676,5.00556,2.2569
173,2010-06-23,00:00:00.00,6.19411,4.91853,2.8204
174,2010-06-24,00:00:00.00,3.58015,4.85446,3.1149
175,2010-06-25,00:00:00.00,1.98835,4.83135,3.4547
176,2010-06-26,00:00:00.00,0.0232565,4.80125,2.945
177,2010-06-27,00:00:00.00,0.00145081,4.71522,2.3928
178,2010-06-28,00:00:00.00,6.89351,4.60529,2.4749
179,2010-06-29,00:00:00.00,2.1126,4.53498,5.72
180,2010-06-30,00:00:00.00,0.03618,4.52813,5.182
181,2010-07-01,00:00:00.00,0,4.5198,3.0016
182,2010-07-02,00:00:00.00,0.000216034,4.43776,2.4154
183,2010-07-03,00:00:00.00,0,4.31853,2.1804
184,2010-07-04,00:00:00.00,0,4.2129,2.0615
185,2010-07-05,00:00:00.00,0,4.13122,1.985
186,2010-07-06,00:00:00.00,0.00023433,4.05992,1.9057
187,2010-07-07,00:00:00.00,8.95598e-308,3.99158,1.8972
188,2010-07-08,00:00:00.00,2.0085e-308,3.92384,1.8066
189,2010-07-09,00:00:00.00,0.000771288,3.85759,1.7302
190,2010-07-10,00:00:00.00,3.91648,3.79223,1.7443
191,2010-07-11,00:00:00.00,0.101766,3.72884,2.3899
192,2010-07-12,00:00:00.00,0.0436005,3.66731,2.0247
193,2010-07-13,00:00:00.00,9.77136,3.62067,2.019
194,2010-07-14,00:00:00.00,6.49111,3.63393,10.6188
195,2010-07-15,00:00:00.00,0,3.75785,4.0493
196,2010-07-16,00:00:00.00,0.109099,3.89351,2.54
197,2010-07-17,00:00:00.00,0.213258,3.87069,2.1323
198,2010-07-18,00:00:00.00,0.0320286,3.70963,1.985
199,2010-07-19,00:00:00.00,0.0782474,3.54553,1.9595
200,2010-07-20,00:00:00.00,1.2799,3.43912,1.9793
201,2010-07-21,00:00:00.00,1.95401,3.37246,2.0331
202,2010-07-22,00:00:00.00,0.0615436,3.3179,2.019
203,2010-07-23,00:00:00.00,0.0177374,3.26627,1.801
204,2010-07-24,00:00:00.00,14.2129,3.23489,2.0388
205,2010-07-25,00:00:00.00,5.16686,3.28752,5.5784
206,2010-07-26,00:00:00.00,4.34783,3.4781,5.7483
207,2010-07-27,00:00:00.00,0.0119906,3.63995,3.9077
208,2010-07-28,00:00:00.00,0.00253465,3.5739,2.5259
209,2010-07-29,00:00:00.00,8.27444,3.38427,2.322
210,2010-07-30,00:00:00.00,7.83736,3.27005,3.9077
211,2010-07-31,00:00:00.00,2.9585e-308,3.31656,3.0299
212,2010-08-01,00:00:00.00,0.0392651,3.4409,2.1323
213,2010-08-02,00:00:00.00,0.00395614,3.46476,1.9312
214,2010-08-03,00:00:00.00,0.00192878,3.3428,1.8151
215,2010-08-04,00:00:00.00,1.02055,3.18678,1.7641
216,2010-08-05,00:00:00.00,6.48398,3.0833,1.75
217,2010-08-06,00:00:00.00,0.156981,3.04185,3.3414
218,2010-08-07,00:00:00.00,0.0789227,3.04494,3.1432
219,2010-08-08,00:00:00.00,0.00742992,3.04311,2.1294
220,2010-08-09,00:00:00.00,0.000255429,2.99341,1.8094
221,2010-08-10,00:00:00.00,0.00833492,2.91815,1.699
222,2010-08-11,00:00:00.00,0.00386159,2.85289,1.648
223,2010-08-12,00:00:00.00,2.794,2.80388,1.5688
224,2010-08-13,00:00:00.00,3.46796,2.76261,5.2953
225,2010-08-14,00:00:00.00,0.000593001,2.72344,4.559
226,2010-08-15,00:00:00.00,0.90949,2.6857,4.8988
227,2010-08-16,00:00:00.00,0.220727,2.64896,7.2774
228,2010-08-17,00:00:00.00,0.0560465,2.61284,3.2564
229,2010-08-18,00:00:00.00,1.9486e-308,2.57708,2.0388
230,2010-08-19,00:00:00.00,0.00359034,2.54188,1.7783
231,2010-08-20,00:00:00.00,0.000813202,2.50725,1.5829
232,2010-08-21,00:00:00.00,0.0253275,2.47331,1.5121
233,2010-08-22,00:00:00.00,29.1935,2.48116,1.985
234,2010-08-23,00:00:00.00,1.20291,2.66596,7.7588
235,2010-08-24,00:00:00.00,0.513977,3.13628,3.0299
236,2010-08-25,00:00:00.00,0.0931163,3.5266,2.1323
237,2010-08-26,00:00:00.00,0.052941,3.41399,1.767
238,2010-08-27,00:00:00.00,0.0854029,3.02903,1.6254
239,2010-08-28,00:00:00.00,0,2.7439,1.5319
240,2010-08-29,00:00:00.00,8.9737e-308,2.62476,1.4357
241,2010-08-30,00:00:00.00,0,2.57858,1.3705
242,2010-08-31,00:00:00.00,0,2.54314,1.3309
243,2010-09-01,00:00:00.00,0.000409523,2.50854,1.2884
244,2010-09-02,00:00:00.00,0.000232366,2.47428,1.2403
245,2010-09-03,00:00:00.00,7.6884e-308,2.44087,1.2091
246,2010-09-04,00:00:00.00,4.39907,2.40953,1.3026
247,2010-09-05,00:00:00.00,12.1633,2.40065,3.0299
248,2010-09-06,00:00:00.00,0.0455508,2.46543,2.1577
249,2010-09-07,00:00:00.00,0.00618236,2.62649,1.5631
250,2010-09-08,00:00:00.00,1.97569,2.73956,1.396
251,2010-09-09,00:00:00.00,0.00315892,2.66698,1.5178
252,2010-09-10,00:00:00.00,0.00241769,2.50293,1.3932
253,2010-09-11,00:00:00.00,0.00702826,2.38137,1.2856
254,2010-09-12,00:00:00.00,5.65628,2.32614,1.2686
255,2010-09-13,00:00:00.00,0.340182,2.31641,1.6537
256,2010-09-14,00:00:00.00,0.153434,2.34046,1.7358
257,2010-09-15,00:00:00.00,0.00732309,2.35653,1.5404
258,2010-09-16,00:00:00.00,2.05606e-308,2.3198,1.396
259,2010-09-17,00:00:00.00,20.1471,2.28074,1.8123
260,2010-09-18,00:00:00.00,0.210284,2.36452,6.1448
261,2010-09-19,00:00:00.00,0.00105791,2.64486,2.4862
262,2010-09-20,00:00:00.00,0.0176278,2.88154,1.7953
263,2010-09-21,00:00:00.00,0.000634957,2.80125,1.5744
264,2010-09-22,00:00:00.00,0.0116041,2.54671,1.4357
265,2010-09-23,00:00:00.00,4.12892,2.35904,1.4158
266,2010-09-24,00:00:00.00,0.260842,2.2873,1.767
267,2010-09-25,00:00:00.00,0.00366634,2.27608,1.9086
268,2010-09-26,00:00:00.00,0.00362682,2.26806,1.5178
269,2010-09-27,00:00:00.00,0.00228058,2.23735,1.3677
270,2010-09-28,00:00:00.00,1.84855,2.19406,1.3366
271,2010-09-29,00:00:00.00,28.7561,2.19712,7.2774
272,2010-09-30,00:00:00.00,0.671033,2.38303,9.1747
273,2010-10-01,00:00:00.00,0.0283493,2.8529,3.5113
274,2010-10-02,00:00:00.00,0.00871845,3.24326,2.3899
275,2010-10-03,00:00:00.00,11.6867,3.15067,2.1861
276,2010-10-04,00:00:00.00,8.49568,2.86633,9.0614
277,2010-10-05,00:00:00.00,3.15887,2.84851,6.0032
278,2010-10-06,00:00:00.00,4.77085,3.06488,4.4174
279,2010-10-07,00:00:00.00,5.38394,3.18195,6.2014
280,2010-10-08,00:00:00.00,0.105586,3.11836,5.0121
281,2010-10-09,00:00:00.00,0.0433645,3.01826,3.3131
282,2010-10-10,00:00:00.00,0.00234465,2.91528,2.6165
283,2010-10-11,00:00:00.00,0.0449987,2.78094,2.2823
284,2010-10-12,00:00:00.00,0.00474593,2.65281,2.1832
285,2010-10-13,00:00:00.00,0.00255246,2.57041,2.0218
286,2010-10-14,00:00:00.00,0.367645,2.52423,1.9652
287,2010-10-15,00:00:00.00,13.5775,2.51283,5.7483
288,2010-10-16,00:00:00.00,4.63545,2.60015,8.6083
289,2010-10-17,00:00:00.00,9.16648e-308,2.85844,5.182
290,2010-10-18,00:00:00.00,0.000444289,3.11413,3.3697
291,2010-10-19,00:00:00.00,1.42924,3.10126,2.7751
292,2010-10-20,00:00:00.00,0.103369,2.87988,2.7666
293,2010-10-21,00:00:00.00,0.00340486,2.67335,2.506
294,2010-10-22,00:00:00.00,4.54213,2.57185,2.7269
295,2010-10-23,00:00:00.00,0.00528999,2.5553,3.2281
296,2010-10-24,00:00:00.00,0.00156582,2.59296,2.8034
297,2010-10-25,00:00:00.00,1.23253,2.6215,2.5485
298,2010-10-26,00:00:00.00,0.290676,2.58157,2.5825
299,2010-10-27,00:00:00.00,16.7146,2.53261,3.6246
300,2010-10-28,00:00:00.00,0,2.61598,11.6949
301,2010-10-29,00:00:00.00,4.04027,2.91794,5.4085
302,2010-10-30,00:00:00.00,1.62623,3.19961,4.5873
303,2010-10-31,00:00:00.00,1.592e-308,3.18754,4.021
304,2010-11-01,00:00:00.00,0.0572483,2.98915,3.2281
305,2010-11-02,00:00:00.00,0.00877503,2.79218,2.7382
306,2010-11-03,00:00:00.00,0.00382808,2.6607,2.4919
307,2010-11-04,00:00:00.00,0.345339,2.58484,2.4891
308,2010-11-05,00:00:00.00,7.06047,2.55093,2.4494
309,2010-11-06,00:00:00.00,7.88775,2.59319,7.504
310,2010-11-07,00:00:00.00,2.56086,2.77729,11.6949
311,2010-11-08,00:00:00.00,0,3.04326,13.677
312,2010-11-09,00:00:00.00,0,3.16087,8.3818
313,2010-11-10,00:00:00.00,0.000246099,3.03493,5.9749
314,2010-11-11,00:00:00.00,0.00381905,2.81885,4.5873
315,2010-11-12,00:00:00.00,3.82585e-308,2.66598,3.7945
316,2010-11-13,00:00:00.00,0.000801935,2.59301,3.398
317,2010-11-14,00:00:00.00,0.00259244,2.55646,3.0865
318,2010-11-15,00:00:00.00,1.44473,2.52848,3.0865
319,2010-11-16,00:00:00.00,0.000218534,2.50501,3.1998
320,2010-11-17,00:00:00.00,20.7821,2.52681,3.7095
321,2010-11-18,00:00:00.00,5.10215,2.72644,25.4852
322,2010-11-19,00:00:00.00,2.45911,3.2339,13.8186
323,2010-11-20,00:00:00.00,0.206481,3.73665,9.0331
324,2010-11-21,00:00:00.00,0.0082034,3.76414,6.0598
325,2010-11-22,00:00:00.00,0.0278916,3.41816,4.8705
326,2010-11-23,00:00:00.00,8.90914,3.08542,6.0598
327,2010-11-24,00:00:00.00,4.03311,2.98891,11.9214
328,2010-11-25,00:00:00.00,0.0353116,3.15078,7.4473
329,2010-11-26,00:00:00.00,33.5051,3.44453,33.697
330,2010-11-27,00:00:00.00,4.11022,3.86925,75.0396
331,2010-11-28,00:00:00.00,1.08736,4.67234,21.4925
332,2010-11-29,00:00:00.00,0.0646911,5.32704,10.6188
333,2010-11-30,00:00:00.00,0.0517925,5.09155,7.7871
334,2010-12-01,00:00:00.00,48.0781,4.53184,35.1129
335,2010-12-02,00:00:00.00,21.884,4.78946,90.3307
336,2010-12-03,00:00:00.00,0.533508,6.48081,25.4852
337,2010-12-04,00:00:00.00,1.30354,8.10252,13.5071
338,2010-12-05,00:00:00.00,1.46785,7.90095,9.9958
339,2010-12-06,00:00:00.00,1.5343,6.72073,8.4384
340,2010-12-07,00:00:00.00,3.31079,5.80127,7.7588
341,2010-12-08,00:00:00.00,0.929485,5.40936,7.2208
342,2010-12-09,00:00:00.00,1.45593,5.27493,6.9943
343,2010-12-10,00:00:00.00,0.914446,5.18232,6.8527
344,2010-12-11,00:00:00.00,1.2936,5.09855,6.4279
345,2010-12-12,00:00:00.00,7.68986e-308,5.01402,5.6917
346,2010-12-13,00:00:00.00,14.9497,4.95698,22.9083
347,2010-12-14,00:00:00.00,5.82034,4.99013,30.0159
348,2010-12-15,00:00:00.00,1.50358,5.18066,12.9408
349,2010-12-16,00:00:00.00,0.641081,5.32965,8.6933
350,2010-12-17,00:00:00.00,0.364849,5.2313,7.7871
351,2010-12-18,00:00:00.00,0.555868,5.00494,7.8154
352,2010-12-19,00:00:00.00,0.045736,4.82642,7.7588
353,2010-12-20,00:00:00.00,0.751364,4.71981,7.5889
354,2010-12-21,00:00:00.00,1.00142,4.64893,7.5889
355,2010-12-22,00:00:00.00,0.341015,4.58275,7.5323
356,2010-12-23,00:00:00.00,0.619261,4.52046,7.3624
357,2010-12-24,00:00:00.00,0.93284,4.45836,7.1642
358,2010-12-25,00:00:00.00,0.498797,4.39967,7.0226
359,2010-12-26,00:00:00.00,0.782608,4.3413,6.881
360,2010-12-27,00:00:00.00,1.20157,4.28601,6.8244
361,2010-12-28,00:00:00.00,0.624856,4.23109,6.6828
362,2010-12-29,00:00:00.00,0.0457911,4.17887,6.5695
363,2010-12-30,00:00:00.00,0.0253141,4.12708,6.3713
364,2010-12-31,00:00:00.00,0.613181,4.07771,6.258
365,2011-01-01,00:00:00.00,0.865352,4.02903,21.8323
366,2011-01-02,00:00:00.00,9.00829,4.19528,65.4119
367,2011-01-03,00:00:00.00,0.100433,5.31052,44.7406
368,2011-01-04,00:00:00.00,0.0386475,8.21594,14.6115
369,2011-01-05,00:00:00.00,0.209417,10.6977,11.3551
370,2011-01-06,00:00:00.00,0.792563,10.3215,8.58
371,2011-01-07,00:00:00.00,4.57017,8.56339,5.72
372,2011-01-08,00:00:00.00,2.9275,7.28486,5.3802
373,2011-01-09,00:00:00.00,5.6311,6.77323,5.2669
374,2011-01-10,00:00:00.00,1.03046,6.59733,5.2669
375,2011-01-11,00:00:00.00,0.247489,6.47426,5.2669
376,2011-01-12,00:00:00.00,6.09845,6.35688,5.182
377,2011-01-13,00:00:00.00,3.26384,6.24371,5.0687
378,2011-01-14,00:00:00.00,1.5409,6.13579,6.3996
379,2011-01-15,00:00:00.00,1.20168,6.03156,5.6634
380,2011-01-16,00:00:00.00,1.45072,5.93197,5.4935
381,2011-01-17,00:00:00.00,0.165181,5.83571,5.4368
382,2011-01-18,00:00:00.00,0.00786746,5.74356,5.182
383,2011-01-19,00:00:00.00,3.04198,5.65979,5.182
384,2011-01-20,00:00:00.00,1.61714,5.60334,9.0614
385,2011-01-21,00:00:00.00,3.61384,5.58915,8.6083
386,2011-01-22,00:00:00.00,1.51094,5.56747,7.6739
387,2011-01-23,00:00:00.00,0.722492,5.48302,7.3341
388,2011-01-24,00:00:00.00,0.439569,5.36894,9.3162
389,2011-01-25,00:00:00.00,1.29309,5.26804,7.957
390,2011-01-26,00:00:00.00,0.262397,5.18789,8.4667
391,2011-01-27,00:00:00.00,0.101598,5.1177,8.58
392,2011-01-28,00:00:00.00,2.63963,5.05076,8.0137
393,2011-01-29,00:00:00.00,2.76565,4.98545,7.6455
394,2011-01-30,00:00:00.00,2.61032,4.92202,7.2774
395,2011-01-31,00:00:00.00,0.543997,4.8602,6.9093
396,2011-02-01,00:00:00.00,0.0516947,4.80022,6.3996
397,2011-02-02,00:00:00.00,12.4596,4.74181,6.9376
398,2011-02-03,00:00:00.00,9.5312,4.69406,11.6099
399,2011-02-04,00:00:00.00,0.369473,4.68665,15.7442
400,2011-02-05,00:00:00.00,0.000853948,4.74528,15.2628
401,2011-02-06,00:00:00.00,5.97576,4.78806,13.3656
402,2011-02-07,00:00:00.00,0.355995,4.72553,11.7798
403,2011-02-08,00:00:00.00,4.63331,4.61408,10.817
404,2011-02-09,00:00:00.00,0.604743,4.53769,9.9392
405,2011-02-10,00:00:00.00,0.0346348,4.51659,9.0331
406,2011-02-11,00:00:00.00,0.0828854,4.50245,11.525
407,2011-02-12,00:00:00.00,0.0653398,4.44947,10.6471
408,2011-02-13,00:00:00.00,4.68293,4.37669,10.1657
409,2011-02-14,00:00:00.00,0.330162,4.31262,10.2507
410,2011-02-15,00:00:00.00,1.51953,4.26209,23.8145
411,2011-02-16,00:00:00.00,0,4.21783,28.0337
412,2011-02-17,00:00:00.00,0.0174138,4.17535,22.2004
413,2011-02-18,00:00:00.00,0.00721423,4.38749,45.0238
414,2011-02-19,00:00:00.00,0.0186406,5.77217,81.2693
415,2011-02-20,00:00:00.00,0.019016,9.54218,39.0772
416,2011-02-21,00:00:00.00,14.4932,13.2741,17.4432
417,2011-02-22,00:00:00.00,13.4483,13.0758,56.0674
418,2011-02-23,00:00:00.00,0.065183,10.7424,24.0693
419,2011-02-24,00:00:00.00,0.000184899,9.22469,12.7709
420,2011-02-25,00:00:00.00,0.53951,8.48937,10.5339
421,2011-02-26,00:00:00.00,10.6478,8.17382,8.6933
422,2011-02-27,00:00:00.00,0.386804,7.9853,7.6455
423,2011-02-28,00:00:00.00,1.81061,7.84204,9.6277
424,2011-03-01,00:00:00.00,33.6981,7.81176,269.01
425,2011-03-02,00:00:00.00,0,8.1986,97.1268
426,2011-03-03,00:00:00.00,0.0129908,9.34572,45.307
427,2011-03-04,00:00:00.00,0.00718277,10.2773,24.6357
428,2011-03-05,00:00:00.00,5.29798,10.0286,22.342
429,2011-03-06,00:00:00.00,24.4362,9.71905,148.38
430,2011-03-07,00:00:00.00,5.42319,11.7071,105.905
431,2011-03-08,00:00:00.00,0.0179206,18.3319,40.7763
432,2011-03-09,00:00:00.00,0.00854555,23.4844,26.986
433,2011-03-10,00:00:00.00,15.4332,21.8865,57.4832
434,2011-03-11,00:00:00.00,15.2412,19.0713,164.521
435,2011-03-12,00:00:00.00,8.87919,19.2026,86.3664
436,2011-03-13,00:00:00.00,0.322851,21.4004,47.006
437,2011-03-14,00:00:00.00,0.359797,22.2323,52.3862
438,2011-03-15,00:00:00.00,0.0796648,20.7278,35.3961
439,2011-03-16,00:00:00.00,5.09709,18.768,30.8654
440,2011-03-17,00:00:00.00,0.803385,17.5389,66.8278
441,2011-03-18,00:00:00.00,9.52361e-308,17.2585,44.4574
442,2011-03-19,00:00:00.00,0.000737416,17.5513,30.0159
443,2011-03-20,00:00:00.00,0.000892959,17.4058,18.9723
444,2011-03-21,00:00:00.00,6.009,16.5365,13.762
445,2011-03-22,00:00:00.00,11.3291,15.8117,18.6608
446,2011-03-23,00:00:00.00,0.60425,15.9437,14.6681
447,2011-03-24,00:00:00.00,6.30006,16.7748,22.6818
448,2011-03-25,00:00:00.00,0.572561,17.1534,26.4479
449,2011-03-26,00:00:00.00,0.164673,16.7713,13.8753
450,2011-03-27,00:00:00.00,0.00184481,16.0904,10.7604
451,2011-03-28,00:00:00.00,0.000157181,15.2134,9.2596
452,2011-03-29,00:00:00.00,0.0260207,14.4152,8.0703
453,2011-03-30,00:00:00.00,0.000386627,13.8089,7.3057
454,2011-03-31,00:00:00.00,5.91778,13.3309,6.9659
455,2011-04-01,00:00:00.00,0.765184,12.9682,7.8154
456,2011-04-02,00:00:00.00,0.533955,12.7203,8.7782
457,2011-04-03,00:00:00.00,0.166397,12.4711,9.3729
458,2011-04-04,00:00:00.00,0.290696,12.1345,7.6739
459,2011-04-05,00:00:00.00,24.4427,11.9898,46.1565
460,2011-04-06,00:00:00.00,0.605462,12.5973,88.3486
461,2011-04-07,00:00:00.00,3.69658,14.4824,25.7966
462,2011-04-08,00:00:00.00,1.12624,15.922,16.7069
463,2011-04-09,00:00:00.00,10.7407,15.4844,35.3961
464,2011-04-10,00:00:00.00,0.0274164,14.6738,29.1664
465,2011-04-11,00:00:00.00,0.0333727,14.6332,15.4044
466,2011-04-12,00:00:00.00,5.00955,14.712,13.762
467,2011-04-13,00:00:00.00,0.00894327,14.1886,14.6398
468,2011-04-14,00:00:00.00,0.141772,13.5738,9.9392
469,2011-04-15,00:00:00.00,0.00265761,13.1151,7.9287
470,2011-04-16,00:00:00.00,0.090638,12.638,6.9093
471,2011-04-17,00:00:00.00,15.069,12.2701,15.7725
472,2011-04-18,00:00:00.00,0.521316,12.3607,29.4495
473,2011-04-19,00:00:00.00,2.75626,13.2092,13.3939
474,2011-04-20,00:00:00.00,17.4098,13.9425,18.2644
475,2011-04-21,00:00:00.00,12.3332,14.1906,102.224
476,2011-04-22,00:00:00.00,0.148774,15.3224,35.3961
477,2011-04-23,00:00:00.00,8.89824,16.9244,20.3881
478,2011-04-24,00:00:00.00,6.34162,17.2844,93.7288
479,2011-04-25,00:00:00.00,3.59104,16.872,34.2634
480,2011-04-26,00:00:00.00,22.0299,16.697,54.6515
481,2011-04-27,00:00:00.00,1.87875,17.0071,78.4377
482,2011-04-28,00:00:00.00,0.148493,18.3699,24.1826
483,2011-04-29,00:00:00.00,2.63967,19.2205,15.2911
484,2011-04-30,00:00:00.00,3.01654,18.1301,16.1123
485,2011-05-01,00:00:00.00,0.0174345,16.5984,14.0452
486,2011-05-02,00:00:00.00,4.77551,15.5958,10.8454
487,2011-05-03,00:00:00.00,4.34911,15.0343,13.4505
488,2011-05-04,00:00:00.00,16.1678,14.844,43.6079
489,2011-05-05,00:00:00.00,1.03541,15.2547,42.7584
490,2011-05-06,00:00:00.00,0.000219012,16.4198,18.0945
491,2011-05-07,00:00:00.00,3.51874,17.0331,12.1762
492,2011-05-08,00:00:00.00,1.40428,16.2144,13.0824
493,2011-05-09,00:00:00.00,0.00722815,15.085,9.5994
494,2011-05-10,00:00:00.00,6.39919e-308,14.2859,7.5606
495,2011-05-11,00:00:00.00,0.116069,13.7084,6.1731
496,2011-05-12,00:00:00.00,0.00753298,13.228,5.9749
497,2011-05-13,00:00:00.00,6.87346,12.8062,6.1731
498,2011-05-14,00:00:00.00,18.2988,12.6209,31.1485
499,2011-05-15,00:00:00.00,12.6444,13.1756,61.1644
500,2011-05-16,00:00:00.00,11.2351,14.9259,67.9604
501,2011-05-17,00:00:00.00,1.69888,16.9663,64.5624
502,2011-05-18,00:00:00.00,4.83977,17.8863,26.363
503,2011-05-19,00:00:00.00,10.7532,17.4428,26.7311
504,2011-05-20,00:00:00.00,0.111672,16.5973,28.3168
505,2011-05-21,00:00:00.00,0.00887203,16.3749,14.2717
506,2011-05-22,00:00:00.00,0.00158803,16.1755,9.5994
507,2011-05-23,00:00:00.00,2.84632,15.3715,7.957
508,2011-05-24,00:00:00.00,6.31476,14.4773,7.0792
509,2011-05-25,00:00:00.00,0.155632,13.8757,24.2392
510,2011-05-26,00:00:00.00,25.0109,13.7496,17.4432
511,2011-05-27,00:00:00.00,10.4951,14.4342,130.257
512,2011-05-28,00:00:00.00,5.0877,16.5116,70.5089
513,2011-05-29,00:00:00.00,1.84447,18.5064,23.8145
514,2011-05-30,00:00:00.00,7.32641,18.3725,16.4238
515,2011-05-31,00:00:00.00,0.449844,17.0217,20.8412
516,2011-06-01,00:00:00.00,5.6e-308,15.9418,9.5145
517,2011-06-02,00:00:00.00,2.8e-308,15.2536,6.7394
518,2011-06-03,00:00:00.00,9.681e-308,14.5719,5.1537
519,2011-06-04,00:00:00.00,0.00103592,13.9,4.3608
520,2011-06-05,00:00:00.00,5.72162e-308,13.3272,3.9927
521,2011-06-06,00:00:00.00,9.0876e-308,12.8362,3.6812
522,2011-06-07,00:00:00.00,0.00690204,12.3935,3.3697
523,2011-06-08,00:00:00.00,24.1424,12.1097,25.5701
524,2011-06-09,00:00:00.00,0,12.4415,13.3089
525,2011-06-10,00:00:00.00,0.107392,13.8334,6.3996
526,2011-06-11,00:00:00.00,4.83225,14.8248,5.0404
527,2011-06-12,00:00:00.00,1.89544,14.1599,4.8705
528,2011-06-13,00:00:00.00,0.0357906,13.0224,4.6156
529,2011-06-14,00:00:00.00,3.58992e-308,12.2295,3.8228
530,2011-06-15,00:00:00.00,0.00187596,11.7057,3.1998
531,2011-06-16,00:00:00.00,0.00110066,11.3034,3.0582
532,2011-06-17,00:00:00.00,6.09724,10.9611,4.1626
533,2011-06-18,00:00:00.00,0.276361,10.6921,7.1925
534,2011-06-19,00:00:00.00,0.0316128,10.5251,4.2475
535,2011-06-20,00:00:00.00,3.75051,10.3499,3.7661
536,2011-06-21,00:00:00.00,1.36606,10.0472,7.419
537,2011-06-22,00:00:00.00,3.08294,9.69647,4.8139
538,2011-06-23,00:00:00.00,2.89578,9.38172,6.4846
539,2011-06-24,00:00:00.00,4.58233,9.1156,18.7741
540,2011-06-25,00:00:00.00,3.87551,8.88549,16.9335
541,2011-06-26,00:00:00.00,0.284673,8.68462,16.5654
542,2011-06-27,00:00:00.00,0,8.49307,8.0703
543,2011-06-28,00:00:00.00,0.00015877,8.29006,5.2669
544,2011-06-29,00:00:00.00,7.92e-308,8.08267,4.1626
545,2011-06-30,00:00:00.00,0.0165324,7.88214,3.483
546,2011-07-01,00:00:00.00,0,7.69151,3.0299
547,2011-07-02,00:00:00.00,0.00300089,7.5089,2.8289
548,2011-07-03,00:00:00.00,10.9483,7.36044,2.7835
549,2011-07-04,00:00:00.00,1.8062,7.33873,12.5444
550,2011-07-05,00:00:00.00,0.0213833,7.52907,4.8139
551,2011-07-06,00:00:00.00,0.0102551,7.66602,3.1149
552,2011-07-07,00:00:00.00,2.82246e-308,7.47954,2.6958
553,2011-07-08,00:00:00.00,0.0120666,7.14418,2.4607
554,2011-07-09,00:00:00.00,0.213689,6.86123,2.4098
555,2011-07-10,00:00:00.00,0.00239383,6.66382,2.4522
556,2011-07-11,00:00:00.00,0,6.50792,2.4721
557,2011-07-12,00:00:00.00,2.43595,6.36165,2.4324
558,2011-07-13,00:00:00.00,0.135649,6.22057,2.3956
559,2011-07-14,00:00:00.00,0.0326612,6.08407,2.2653
560,2011-07-15,00:00:00.00,0.00532724,5.95284,2.1124
561,2011-07-16,00:00:00.00,0.000839143,5.82541,1.9907
562,2011-07-17,00:00:00.00,1.98991e-308,5.70197,1.9312
563,2011-07-18,00:00:00.00,1.01524e-308,5.58167,1.8972
564,2011-07-19,00:00:00.00,14.2338,5.49502,1.8491
565,2011-07-20,00:00:00.00,10.9063,5.56424,14.0168
566,2011-07-21,00:00:00.00,0.013023,5.95415,5.1253
567,2011-07-22,00:00:00.00,1.1064e-308,6.4474,2.9166
568,2011-07-23,00:00:00.00,10.9725,6.55423,10.3356
569,2011-07-24,00:00:00.00,5.66134,6.30869,19.397
570,2011-07-25,00:00:00.00,5.10357,6.15884,8.2119
571,2011-07-26,00:00:00.00,0.454231,6.1512,5.8333
572,2011-07-27,00:00:00.00,0.000669039,6.03566,3.7945
573,2011-07-28,00:00:00.00,0.160635,5.79928,2.6929
574,2011-07-29,00:00:00.00,13.671,5.59225,8.7216
575,2011-07-30,00:00:00.00,0.887119,5.57101,9.118
576,2011-07-31,00:00:00.00,0.100784,5.80848,5.5501
577,2011-08-01,00:00:00.00,1.4043e-308,6.00749,3.3414
578,2011-08-02,00:00:00.00,1.36615,5.86353,26.0798
579,2011-08-03,00:00:00.00,1.12488,5.54741,18.0378
580,2011-08-04,00:00:00.00,3.79256,5.29259,12.9125
581,2011-08-05,00:00:00.00,0.212696,5.13753,8.6366
582,2011-08-06,00:00:00.00,0.0411408,5.02949,5.5784
583,2011-08-07,00:00:00.00,0.0886501,4.93075,4.1343
584,2011-08-08,00:00:00.00,1.83132,4.83508,4.3608
585,2011-08-09,00:00:00.00,0.612448,4.74104,24.4374
586,2011-08-10,00:00:00.00,20.2383,4.69578,8.2119
587,2011-08-11,00:00:00.00,0.660437,4.85279,16.5654
588,2011-08-12,00:00:00.00,0.132227,5.34998,7.2774
589,2011-08-13,00:00:00.00,7.305e-308,5.75926,4.5024
590,2011-08-14,00:00:00.00,0.000877607,5.60936,3.6529
591,2011-08-15,00:00:00.00,23.9976,5.23339,43.6079
592,2011-08-16,00:00:00.00,11.9551,5.23255,63.4297
593,2011-08-17,00:00:00.00,0.0153396,5.93581,15.5459
594,2011-08-18,00:00:00.00,0.00415097,6.79221,7.6455
595,2011-08-19,00:00:00.00,1.50244,6.89853,5.3802
596,2011-08-20,00:00:00.00,0.517835,6.33502,7.1358
597,2011-08-21,00:00:00.00,1.12818,5.73656,7.6172
598,2011-08-22,00:00:00.00,4.9425,5.39667,12.7143
599,2011-08-23,00:00:00.00,0.0768325,5.25221,9.4578
600,2011-08-24,00:00:00.00,0.00141017,5.19348,5.0404
601,2011-08-25,00:00:00.00,6.52723,5.14376,5.0121
602,2011-08-26,00:00:00.00,17.9473,5.12439,45.307
603,2011-08-27,00:00:00.00,0.00266483,5.32875,12.5727
604,2011-08-28,00:00:00.00,0.062687,5.84477,6.4846
605,2011-08-29,00:00:00.00,0.0496562,6.19335,4.8988
606,2011-08-30,00:00:00.00,0.00909275,5.97728,4.2758
607,2011-08-31,00:00:00.00,0.0193019,5.51898,3.8228
608,2011-09-01,00:00:00.00,0.0600796,5.17963,3.398
609,2011-09-02,00:00:00.00,2.72965,5.00104,11.3551
610,2011-09-03,00:00:00.00,0.26971,4.8916,8.2685
611,2011-09-04,00:00:00.00,0.275907,4.7945,4.8988
612,2011-09-05,00:00:00.00,12.9626,4.72742,9.9958
613,2011-09-06,00:00:00.00,2.74952,4.7765,51.2535
614,2011-09-07,00:00:00.00,0.164361,5.01884,11.7515
615,2011-09-08,00:00:00.00,3.99821,5.21607,7.1358
616,2011-09-09,00:00:00.00,2.09531,5.11513,7.9287
617,2011-09-10,00:00:00.00,1.19807,4.88101,9.0048
618,2011-09-11,00:00:00.00,28.0235,4.76868,75.3228
619,2011-09-12,00:00:00.00,3.90943,5.02038,56.0674
620,2011-09-13,00:00:00.00,0.0119267,5.83771,29.4495
621,2011-09-14,00:00:00.00,0.0231333,6.55418,12.9974
622,2011-09-15,00:00:00.00,0.984766,6.39748,7.8721
623,2011-09-16,00:00:00.00,9.88336,5.78824,17.0184
624,2011-09-17,00:00:00.00,0.0836913,5.41381,11.978
625,2011-09-18,00:00:00.00,0.028619,5.46384,7.0226
626,2011-09-19,00:00:00.00,0.0394686,5.59136,5.5784
627,2011-09-20,00:00:00.00,9.44004,5.48439,5.0121
628,2011-09-21,00:00:00.00,1.29212,5.3335,18.0945
629,2011-09-22,00:00:00.00,3.50654,5.38681,16.6503
630,2011-09-23,00:00:00.00,0.0991362,5.4926,37.0951
631,2011-09-24,00:00:00.00,1.03772,5.4024,18.1511
632,2011-09-25,00:00:00.00,0.00904959,5.18775,17.6131
633,2011-09-26,00:00:00.00,0.88954,4.98492,10.1374
634,2011-09-27,00:00:00.00,8.69533,4.85732,41.3426
635,2011-09-28,00:00:00.00,0.46174,4.84714,55.501
636,2011-09-29,00:00:00.00,0.0296328,4.98393,16.0273
637,2011-09-30,00:00:00.00,0.370036,5.09182,9.5711
638,2011-10-01,00:00:00.00,7.56688,5.00172,15.6026
639,2011-10-02,00:00:00.00,5.54036,4.88541,90.6139
640,2011-10-03,00:00:00.00,6.71996,4.99109,30.299
641,2011-10-04,00:00:00.00,2.59759,5.27966,32.8475
642,2011-10-05,00:00:00.00,0.171759,5.50101,21.5208
643,2011-10-06,00:00:00.00,0.028946,5.4802,12.3745
644,2011-10-07,00:00:00.00,0.0404079,5.23699,8.6083
645,2011-10-08,00:00:00.00,0.0433954,4.95209,6.796
646,2011-10-09,00:00:00.00,0.0384199,4.74955,5.6917
647,2011-10-10,00:00:00.00,0.068598,4.62675,4.8988
648,2011-10-11,00:00:00.00,0.0540401,4.54008,4.4457
649,2011-10-12,00:00:00.00,0.00973988,4.46213,4.1059
650,2011-10-13,00:00:00.00,10.0522,4.4099,4.1909
651,2011-10-14,00:00:00.00,6.79394,4.4724,6.4562
652,2011-10-15,00:00:00.00,8.68556,4.78363,41.6258
653,2011-10-16,00:00:00.00,4.75866,5.25397,22.5402
654,2011-10-17,00:00:00.00,6.731,5.63173,13.3089
655,2011-10-18,00:00:00.00,0.0126208,5.79877,16.3105
656,2011-10-19,00:00:00.00,1.79409,5.77548,9.2596
657,2011-10-20,00:00:00.00,33.7321,5.69436,50.9703
658,2011-10-21,00:00:00.00,8.12373,5.98203,111.568
659,2011-10-22,00:00:00.00,7.41276,7.24502,108.454
660,2011-10-23,00:00:00.00,0.00744229,8.68706,33.4139
661,2011-10-24,00:00:00.00,0.00284148,8.99003,18.2927
662,2011-10-25,00:00:00.00,2.85952,8.32676,13.9319
663,2011-10-26,00:00:00.00,0.081557,7.48448,11.8648
664,2011-10-27,00:00:00.00,7.62908,6.98186,16.4804
665,2011-10-28,00:00:00.00,7.08874,6.87314,41.3426
666,2011-10-29,00:00:00.00,0.206357,7.11224,32.8475
667,2011-10-30,00:00:00.00,0.160645,7.49266,15.8858
668,2011-10-31,00:00:00.00,0.041203,7.55576,11.525
669,2011-11-01,00:00:00.00,0.0978342,7.22729,9.4578
670,2011-11-02,00:00:00.00,0.00164711,6.82246,8.3535
671,2011-11-03,00:00:00.00,0.000331721,6.53891,7.5606
672,2011-11-04,00:00:00.00,0.000224259,6.36457,7.0226
673,2011-11-05,00:00:00.00,0.00149079,6.23227,6.6828
674,2011-11-06,00:00:00.00,6.5619e-308,6.10887,6.1731
675,2011-11-07,00:00:00.00,0,5.9909,5.6351
676,2011-11-08,00:00:00.00,0.00365035,5.87714,5.3802
677,2011-11-09,00:00:00.00,1.14998e-308,5.7683,5.1253
678,2011-11-10,00:00:00.00,0.455415,5.663,5.0404
679,2011-11-11,00:00:00.00,1.5161,5.56379,5.1253
680,2011-11-12,00:00:00.00,4.89942,5.4879,6.0881
681,2011-11-13,00:00:00.00,2.58077e-308,5.48042,8.1269
682,2011-11-14,00:00:00.00,0.0268702,5.55604,7.5889
683,2011-11-15,00:00:00.00,30.3406,5.69296,34.8297
684,2011-11-16,00:00:00.00,0.0149786,6.14322,92.8793
685,2011-11-17,00:00:00.00,0.0652978,7.3531,21.4925
686,2011-11-18,00:00:00.00,1.38562,8.38028,12.4028
687,2011-11-19,00:00:00.00,0.275562,8.13071,9.2596
688,2011-11-20,00:00:00.00,0.0157921,7.27957,7.9287
689,2011-11-21,00:00:00.00,0.0139042,6.64593,7.1925
690,2011-11-22,00:00:00.00,0.317611,6.3471,6.6545
691,2011-11-23,00:00:00.00,21.3593,6.27901,13.3656
692,2011-11-24,00:00:00.00,7.55251,6.61804,57.4832
693,2011-11-25,00:00:00.00,0.000238853,7.72358,20.5297
694,2011-11-26,00:00:00.00,7.41997e-308,8.87941,12.1762
695,2011-11-27,00:00:00.00,1.414e-308,8.97494,9.3446
696,2011-11-28,00:00:00.00,13.8559,8.30699,12.8275
697,2011-11-29,00:00:00.00,4.63096,7.90139,58.899
698,2011-11-30,00:00:00.00,8.70452,8.34882,103.923
699,2011-12-01,00:00:00.00,1.69411,9.17099,49.5545
700,2011-12-02,00:00:00.00,0.000249592,9.6229,26.363
701,2011-12-03,00:00:00.00,0.0684375,9.50241,16.1689
702,2011-12-04,00:00:00.00,9.0216e-308,8.95497,12.2046
703,2011-12-05,00:00:00.00,3.1954,8.39375,11.0719
704,2011-12-06,00:00:00.00,39.3485,8.24917,71.0753
705,2011-12-07,00:00:00.00,5.39274,9.20508,139.602
706,2011-12-08,00:00:00.00,1.00374,12.0022,38.7941
707,2011-12-09,00:00:00.00,0.136573,14.4884,21.4075
708,2011-12-10,00:00:00.00,0.888157,14.0535,14.8097
709,2011-12-11,00:00:00.00,0.194776,12.2679,12.7992
710,2011-12-12,00:00:00.00,0.0246801,11.0768,10.0242
711,2011-12-13,00:00:00.00,0,10.4919,8.4951
712,2011-12-14,00:00:00.00,0.0273024,10.1476,7.7588
713,2011-12-15,00:00:00.00,4.01525,9.88351,7.5889
714,2011-12-16,00:00:00.00,23.4103,9.85504,28.8832
715,2011-12-17,00:00:00.00,0.0997875,10.56,29.4495
716,2011-12-18,00:00:00.00,5.42691,12.3889,14.4982
717,2011-12-19,00:00:00.00,0.70212,13.6385,12.516
718,2011-12-20,00:00:00.00,0.787129,12.9884,12.3461
719,2011-12-21,00:00:00.00,2.41126,11.8249,14.1584
720,2011-12-22,00:00:00.00,17.8752,11.3251,14.5265
721,2011-12-23,00:00:00.00,6.39612,12.0093,28.3168
722,2011-12-24,00:00:00.00,1.25055,13.8555,42.1921
723,2011-12-25,00:00:00.00,0.124877,15.2554,22.3986
724,2011-12-26,00:00:00.00,0.20062,14.8761,14.5265
725,2011-12-27,00:00:00.00,0.0750483,13.5839,11.44
726,2011-12-28,00:00:00.00,11.4717,12.6031,11.44
727,2011-12-29,00:00:00.00,2.73514,12.3745,24.0127
728,2011-12-30,00:00:00.00,0.592585,12.9088,14.385
729,2011-12-31,00:00:00.00,4.01515,13.2976,18.859
730,2012-01-01,00:00:00.00,1.80776,12.9562,40.2099
731,2012-01-02,00:00:00.00,1.92055,12.6688,21.5774
732,2012-01-03,00:00:00.00,11.1555,12.7882,16.8202
733,2012-01-04,00:00:00.00,0.881873,12.829,12.6576
734,2012-01-05,00:00:00.00,0.0304514,12.4898,10.9303
735,2012-01-06,00:00:00.00,0.0371536,11.9397,11.2984
736,2012-01-07,00:00:00.00,0,11.4334,12.4594
737,2012-01-08,00:00:00.00,0.0107456,11.1366,21.7473
738,2012-01-09,00:00:00.00,0.00542221,11.246,15.9707
739,2012-01-10,00:00:00.00,0.00147065,12.0291,11.3551
740,2012-01-11,00:00:00.00,0.0424668,12.6027,9.6277
741,2012-01-12,00:00:00.00,7.72735,12.1925,8.7782
742,2012-01-13,00:00:00.00,5.61989,11.7214,20.8412
743,2012-01-14,00:00:00.00,8.67418,11.9795,18.1794
744,2012-01-15,00:00:00.00,8.48515,12.5537,11.8648
745,2012-01-16,00:00:00.00,1.18422,12.5093,9.6277
746,2012-01-17,00:00:00.00,9.964,11.9008,8.8632
747,2012-01-18,00:00:00.00,26.3862,11.6146,66.5446
748,2012-01-19,00:00:00.00,1.02217,12.6058,39.6436
749,2012-01-20,00:00:00.00,5.12438,15.1283,17.3299
750,2012-01-21,00:00:00.00,2.60153,16.7171,12.5727
751,2012-01-22,00:00:00.00,3.03952,15.7747,10.8454
752,2012-01-23,00:00:00.00,0.030789,14.1739,9.3162
753,2012-01-24,00:00:00.00,5.42865,13.1776,80.9862
754,2012-01-25,00:00:00.00,0.122767,12.8113,56.9169
755,2012-01-26,00:00:00.00,1.36529,12.8819,20.7562
756,2012-01-27,00:00:00.00,11.6986,12.9216,18.2927
757,2012-01-28,00:00:00.00,17.4616,12.9505,118.931
758,2012-01-29,00:00:00.00,3.84857,13.9713,39.6436
759,2012-01-30,00:00:00.00,3.26886,16.2225,20.0766
760,2012-01-31,00:00:00.00,0.199676,17.46,14.6115
761,2012-02-01,00:00:00.00,0.0301882,16.497,15.4893
762,2012-02-02,00:00:00.00,3.07758,15.3646,28.6
763,2012-02-03,00:00:00.00,0.0856434,16.42,18.0945
764,2012-02-04,00:00:00.00,0,21.1917,12.1196
765,2012-02-05,00:00:00.00,0.394347,24.8657,10.0525
766,2012-02-06,00:00:00.00,0.00166949,23.3438,8.7782
767,2012-02-07,00:00:00.00,0.00389926,20.4014,7.8438
768,2012-02-08,00:00:00.00,0.0338849,18.4594,7.4473
769,2012-02-09,00:00:00.00,0.851654,17.369,6.8244
770,2012-02-10,00:00:00.00,0.00497609,16.648,6.1164
771,2012-02-11,00:00:00.00,1.54082,15.9942,5.9182
772,2012-02-12,00:00:00.00,4.89517,15.3999,6.1164
773,2012-02-13,00:00:00.00,2.27656,14.8551,6.6261
774,2012-02-14,00:00:00.00,0.026016,14.3566,7.1075
775,2012-02-15,00:00:00.00,1.76176,13.8958,6.881
776,2012-02-16,00:00:00.00,0.142113,13.471,6.6261
777,2012-02-17,00:00:00.00,5.34626,13.1083,14.3
778,2012-02-18,00:00:00.00,0.0853794,12.9558,26.278
779,2012-02-19,00:00:00.00,0.202351,13.2433,13.7337
780,2012-02-20,00:00:00.00,0.029134,13.753,9.4295
781,2012-02-21,00:00:00.00,0.0329657,13.7603,7.5323
782,2012-02-22,00:00:00.00,1.06896,13.1717,6.796
783,2012-02-23,00:00:00.00,4.52431,12.5662,9.1463
784,2012-02-24,00:00:00.00,8.76395,12.3982,9.3729
785,2012-02-25,00:00:00.00,4.70399,12.9885,39.6436
786,2012-02-26,00:00:00.00,4.03186,14.1011,18.6608
787,2012-02-27,00:00:00.00,0.210755,14.7344,13.1673
788,2012-02-28,00:00:00.00,0.0105538,14.349,14.3
789,2012-02-29,00:00:00.00,0.0243171,13.4687,15.0646
790,2012-03-01,00:00:00.00,20.6371,12.9109,55.2179
791,2012-03-02,00:00:00.00,0.360756,13.3692,45.307
792,2012-03-03,00:00:00.00,11.0549,15.3647,21.266
793,2012-03-04,00:00:00.00,0.17011,17.2329,35.6792
794,2012-03-05,00:00:00.00,3.13587,17.6452,15.999
795,2012-03-06,00:00:00.00,2.30731,17.1334,12.063
796,2012-03-07,00:00:00.00,0.080965,15.9789,9.4295
797,2012-03-08,00:00:00.00,0,14.8987,9.118
798,2012-03-09,00:00:00.00,14.9888,14.33,12.7992
799,2012-03-10,00:00:00.00,0.323548,14.6029,22.6252
800,2012-03-11,00:00:00.00,0.000730047,16.095,12.1479
801,2012-03-12,00:00:00.00,0.000864368,17.1476,9.4012
802,2012-03-13,00:00:00.00,8.65582,16.473,13.5355
803,2012-03-14,00:00:00.00,6.7845,15.6009,41.0594
804,2012-03-15,00:00:00.00,0.0466246,15.7907,19.6802
805,2012-03-16,00:00:00.00,10.2886,16.5154,31.4317
806,2012-03-17,00:00:00.00,5.30074,16.7809,117.515
807,2012-03-18,00:00:00.00,0.0403602,16.9477,31.998
808,2012-03-19,00:00:00.00,11.7218,17.1856,20.8978
809,2012-03-20,00:00:00.00,0.765383,17.0849,53.802
810,2012-03-21,00:00:00.00,5.8859e-308,17.2052,23.4463
811,2012-03-22,00:00:00.00,0,17.1741,15.5459
812,2012-03-23,00:00:00.00,0,16.3362,12.2329
813,2012-03-24,00:00:00.00,1.38833,15.3265,10.4772
814,2012-03-25,00:00:00.00,4.18982,14.58,11.1285
815,2012-03-26,00:00:00.00,0.181372,14.0985,11.9214
816,2012-03-27,00:00:00.00,0.00100802,13.8211,9.3446
817,2012-03-28,00:00:00.00,0,13.5317,6.6261
818,2012-03-29,00:00:00.00,0.155737,13.1045,5.8899
819,2012-03-30,00:00:00.00,0.00365609,12.6483,5.4935
820,2012-03-31,00:00:00.00,4.59528,12.268,5.2103
821,2012-04-01,00:00:00.00,0.0548561,12.0263,5.6917
822,2012-04-02,00:00:00.00,0.41619,11.969,5.182
823,2012-04-03,00:00:00.00,0.0197941,11.8655,4.9271
824,2012-04-04,00:00:00.00,0.0039209,11.5307,4.5873
825,2012-04-05,00:00:00.00,0.000228916,11.147,4.4457
826,2012-04-06,00:00:00.00,8.51502e-308,10.8272,4.1626
827,2012-04-07,00:00:00.00,1.56208e-308,10.5418,3.9077
828,2012-04-08,00:00:00.00,0,10.2859,3.7378
829,2012-04-09,00:00:00.00,0.00185964,10.0438,3.6529
830,2012-04-10,00:00:00.00,0.00174972,9.81348,3.5679
831,2012-04-11,00:00:00.00,0.606626,9.59148,3.483
832,2012-04-12,00:00:00.00,0.600744,9.37945,6.1448
833,2012-04-13,00:00:00.00,0.000973171,9.17575,8.6083
834,2012-04-14,00:00:00.00,0.000213236,8.98251,5.2103
835,2012-04-15,00:00:00.00,1.18222,8.79634,4.3608
836,2012-04-16,00:00:00.00,1.26978,8.61752,4.4741
837,2012-04-17,00:00:00.00,0.00322291,8.44377,4.1626
838,2012-04-18,00:00:00.00,0.000882033,8.27656,3.483
839,2012-04-19,00:00:00.00,0.000468622,8.11301,3.0865
840,2012-04-20,00:00:00.00,9.89943e-308,7.95417,2.945
841,2012-04-21,00:00:00.00,1.67795,7.79886,2.8883
842,2012-04-22,00:00:00.00,5.95682,7.66731,4.1909
843,2012-04-23,00:00:00.00,0.053256,7.62093,4.7572
844,2012-04-24,00:00:00.00,0.00399669,7.71836,3.7378
845,2012-04-25,00:00:00.00,0.000790181,7.78061,3.1149
846,2012-04-26,00:00:00.00,0.0271193,7.62897,2.7807
847,2012-04-27,00:00:00.00,1.19879,7.37728,2.7524
848,2012-04-28,00:00:00.00,0.0204988,7.16409,3.2564
849,2012-04-29,00:00:00.00,0.735013,7.0073,2.9166
850,2012-04-30,00:00:00.00,0.000438655,6.87926,2.6561
851,2012-05-01,00:00:00.00,10.8939,6.79148,2.7864
852,2012-05-02,00:00:00.00,6.0636,6.86933,20.2465
853,2012-05-03,00:00:00.00,0.0464621,7.2651,9.5145
854,2012-05-04,00:00:00.00,0.020452,7.6901,5.7766
855,2012-05-05,00:00:00.00,0.434788,7.67432,4.3042
856,2012-05-06,00:00:00.00,0.00697827,7.30997,3.4263
857,2012-05-07,00:00:00.00,0.000243639,6.93851,2.8883
858,2012-05-08,00:00:00.00,10.9601,6.7261,2.7835
859,2012-05-09,00:00:00.00,16.3135,6.78956,35.6792
860,2012-05-10,00:00:00.00,0.15028,7.36149,18.6325
861,2012-05-11,00:00:00.00,0.00465901,8.30581,8.1836
862,2012-05-12,00:00:00.00,0,8.7597,4.8988
863,2012-05-13,00:00:00.00,9.47478e-308,8.35642,3.5396
864,2012-05-14,00:00:00.00,0.000216674,7.69337,2.8883
865,2012-05-15,00:00:00.00,0.000650544,7.23493,2.5825
866,2012-05-16,00:00:00.00,0.000196507,6.99223,2.3503
867,2012-05-17,00:00:00.00,0.0217968,6.83207,2.1577
868,2012-05-18,00:00:00.00,0,6.68734,2.0105
869,2012-05-19,00:00:00.00,2.63362e-308,6.5467,1.9369
870,2012-05-20,00:00:00.00,0,6.41088,1.8208
871,2012-05-21,00:00:00.00,2.48964e-308,6.2789,1.767
872,2012-05-22,00:00:00.00,0.00454975,6.15047,1.7075
873,2012-05-23,00:00:00.00,0.0134415,6.02462,1.6933
874,2012-05-24,00:00:00.00,0.007828,5.90196,1.6395
875,2012-05-25,00:00:00.00,0.000432746,5.78255,1.6056
876,2012-05-26,00:00:00.00,1.14411,5.66688,1.5631
877,2012-05-27,00:00:00.00,0.261043,5.55434,1.5829
878,2012-05-28,00:00:00.00,0.995094,5.44509,1.5716
879,2012-05-29,00:00:00.00,0.0379843,5.33877,1.5008
880,2012-05-30,00:00:00.00,2.0289,5.23543,1.682
881,2012-05-31,00:00:00.00,0.0549335,5.13469,1.6112
882,2012-06-01,00:00:00.00,0.00304187,5.03695,1.5065
883,2012-06-02,00:00:00.00,18.3719,4.98682,2.5429
884,2012-06-03,00:00:00.00,0.0623669,5.13519,3.398
885,2012-06-04,00:00:00.00,0.171924,5.6175,2.0105
886,2012-06-05,00:00:00.00,0.0325675,6.01446,1.6707
887,2012-06-06,00:00:00.00,0.0167802,5.86448,1.5546
888,2012-06-07,00:00:00.00,0.000224454,5.43968,1.481
889,2012-06-08,00:00:00.00,4.946e-308,5.10966,1.4725
890,2012-06-09,00:00:00.00,8.8e-308,4.93582,1.396
891,2012-06-10,00:00:00.00,6e-308,4.83191,1.2884
892,2012-06-11,00:00:00.00,0,4.73938,1.2629
893,2012-06-12,00:00:00.00,0.0353203,4.64923,1.2261
894,2012-06-13,00:00:00.00,0.15366,4.56066,1.2431
895,2012-06-14,00:00:00.00,0.000644721,4.47459,1.2544
896,2012-06-15,00:00:00.00,0,4.39057,1.1808
897,2012-06-16,00:00:00.00,0,4.30937,1.1383
898,2012-06-17,00:00:00.00,0,4.2302,1.1129
899,2012-06-18,00:00:00.00,15.447,4.181,1.2063
900,2012-06-19,00:00:00.00,1.57381,4.25367,2.3786
901,2012-06-20,00:00:00.00,0.0164175,4.52809,1.9425
902,2012-06-21,00:00:00.00,0,4.74984,1.5093
903,2012-06-22,00:00:00.00,0.00529171,4.63647,1.2658
904,2012-06-23,00:00:00.00,0.0153173,4.35003,1.1412
905,2012-06-24,00:00:00.00,0.000179678,4.1247,1.0817
906,2012-06-25,00:00:00.00,0.0807814,4.00029,1.0052
907,2012-06-26,00:00:00.00,0.354231,3.9217,1.0109
908,2012-06-27,00:00:00.00,1.56313e-308,3.85102,0.9656
909,2012-06-28,00:00:00.00,0.000458757,3.78274,0.9458
910,2012-06-29,00:00:00.00,0.000437731,3.71603,0.9458
911,2012-06-30,00:00:00.00,0.000267124,3.65131,0.9345
912,2012-07-01,00:00:00.00,4.29754e-308,3.58768,0.9231
913,2012-07-02,00:00:00.00,0.128329,3.52564,0.9543
914,2012-07-03,00:00:00.00,2.83393,3.46475,1.2318
915,2012-07-04,00:00:00.00,24.2833,3.44514,1.4413
916,2012-07-05,00:00:00.00,1.41512,3.59748,4.1909
917,2012-07-06,00:00:00.00,3.63915,4.03261,2.9733
918,2012-07-07,00:00:00.00,0.0313559,4.39167,2.2767
919,2012-07-08,00:00:00.00,0.0319934,4.27022,1.4442
920,2012-07-09,00:00:00.00,0.00368234,3.89643,1.2063
921,2012-07-10,00:00:00.00,3.09056e-308,3.61267,1.0789
922,2012-07-11,00:00:00.00,0.00135343,3.47776,1.0137
923,2012-07-12,00:00:00.00,0.00335018,3.40921,0.9458
924,2012-07-13,00:00:00.00,0.307157,3.35096,0.9118
925,2012-07-14,00:00:00.00,0.00283484,3.29463,0.892
926,2012-07-15,00:00:00.00,0.0140544,3.23931,0.8807
927,2012-07-16,00:00:00.00,0.736629,3.18575,0.9288
928,2012-07-17,00:00:00.00,0.000999171,3.13313,1.3847
929,2012-07-18,00:00:00.00,2.58962e-308,3.08214,1.093
930,2012-07-19,00:00:00.00,0.0885204,3.03207,0.9769
931,2012-07-20,00:00:00.00,17.4435,3.00573,1.5319
932,2012-07-21,00:00:00.00,0.640948,3.07609,2.9166
933,2012-07-22,00:00:00.00,0.0041632,3.30305,1.5489
934,2012-07-23,00:00:00.00,0.00310478,3.4868,1.1525
935,2012-07-24,00:00:00.00,0.000995615,3.40095,1.0279
936,2012-07-25,00:00:00.00,0.0185939,3.17115,0.9599
937,2012-07-26,00:00:00.00,0.00253833,2.99423,0.9061
938,2012-07-27,00:00:00.00,9.46301,2.91226,0.875
939,2012-07-28,00:00:00.00,7.24963,2.9082,1.8887
940,2012-07-29,00:00:00.00,7.39665,2.9927,4.5024
941,2012-07-30,00:00:00.00,0.00374556,3.1245,3.1715
942,2012-07-31,00:00:00.00,7.665e-308,3.19331,1.5942
943,2012-08-01,00:00:00.00,0.00378785,3.13813,1.1808
944,2012-08-02,00:00:00.00,0.00106594,2.9963,1.0562
945,2012-08-03,00:00:00.00,6.0693e-308,2.85932,0.9883
946,2012-08-04,00:00:00.00,1.9671e-308,2.77018,0.9288
947,2012-08-05,00:00:00.00,0.0544312,2.71582,0.8891
948,2012-08-06,00:00:00.00,4.59446,2.67424,0.9345
949,2012-08-07,00:00:00.00,2.54831e-308,2.63808,1.0392
950,2012-08-08,00:00:00.00,0,2.6076,0.9713
951,2012-08-09,00:00:00.00,0.179325,2.57698,0.8976
952,2012-08-10,00:00:00.00,9.44344,2.54724,1.1072
953,2012-08-11,00:00:00.00,17.8339,2.57098,6.4562
954,2012-08-12,00:00:00.00,1.93725,2.74712,7.2208
955,2012-08-13,00:00:00.00,0.11783,3.06135,2.4806
956,2012-08-14,00:00:00.00,0.104195,3.23435,1.6254
957,2012-08-15,00:00:00.00,5.37858,3.09025,1.7103
958,2012-08-16,00:00:00.00,0.00881743,2.83437,1.7387
959,2012-08-17,00:00:00.00,0.0674995,2.68416,1.3252
960,2012-08-18,00:00:00.00,0.734021,2.63089,1.2629
961,2012-08-19,00:00:00.00,0.000314325,2.58423,1.1298
962,2012-08-20,00:00:00.00,0.0617143,2.5249,1.0591
963,2012-08-21,00:00:00.00,0.272785,2.47317,1.0506
964,2012-08-22,00:00:00.00,0.386471,2.43336,1.0874
965,2012-08-23,00:00:00.00,0.0221045,2.39935,1.0477
966,2012-08-24,00:00:00.00,8.32454e-308,2.36665,1.0166
967,2012-08-25,00:00:00.00,5.8864e-308,2.33476,0.9826
968,2012-08-26,00:00:00.00,3.9217e-308,2.30339,0.9401
969,2012-08-27,00:00:00.00,3.95386e-308,2.27269,0.9033
970,2012-08-28,00:00:00.00,27.2192,2.27565,2.9733
971,2012-08-29,00:00:00.00,0.108721,2.42083,6.258
972,2012-08-30,00:00:00.00,0,2.79296,2.2059
973,2012-08-31,00:00:00.00,0.0059687,3.1001,1.4838
974,2012-09-01,00:00:00.00,3.79e-308,3.00331,1.2488
975,2012-09-02,00:00:00.00,2.20064,2.68621,1.127
976,2012-09-03,00:00:00.00,0.944925,2.45097,3.5113
977,2012-09-04,00:00:00.00,1.45142,2.35179,1.9482
978,2012-09-05,00:00:00.00,7.3306,2.31807,2.7892
979,2012-09-06,00:00:00.00,0.0435086,2.31721,10.7038
980,2012-09-07,00:00:00.00,0.365367,2.35474,3.1998
981,2012-09-08,00:00:00.00,12.6443,2.39474,2.0303
982,2012-09-09,00:00:00.00,35.021,2.47466,22.965
983,2012-09-10,00:00:00.00,3.69479,2.82623,10.5905
984,2012-09-11,00:00:00.00,0.00424857,3.52636,3.7945
985,2012-09-12,00:00:00.00,6.2981e-308,4.00278,2.4211
986,2012-09-13,00:00:00.00,8.24875e-308,3.77562,1.8916
987,2012-09-14,00:00:00.00,0.00309172,3.22362,1.6764
988,2012-09-15,00:00:00.00,4.94544,2.84109,1.6594
989,2012-09-16,00:00:00.00,0.0855024,2.70672,1.8944
990,2012-09-17,00:00:00.00,0.000220011,2.69754,1.6707
991,2012-09-18,00:00:00.00,0.0253204,2.69747,1.515
992,2012-09-19,00:00:00.00,11.5681,2.67046,2.2625
993,2012-09-20,00:00:00.00,0.0826732,2.68478,3.0016
994,2012-09-21,00:00:00.00,0.00882797,2.81191,1.9765
995,2012-09-22,00:00:00.00,2.4527,2.92385,1.6169
996,2012-09-23,00:00:00.00,32.8784,2.9153,11.6949
997,2012-09-24,00:00:00.00,9.23382,3.05927,12.8275
998,2012-09-25,00:00:00.00,0.581763,3.68934,14.8097
999,2012-09-26,00:00:00.00,2.5818,4.37619,6.4846
1000,2012-09-27,00:00:00.00,18.9134,4.42363,16.7636
1001,2012-09-28,00:00:00.00,0.618471,4.09084,15.6309
1002,2012-09-29,00:00:00.00,0.00203849,4.03965,6.6545
1003,2012-09-30,00:00:00.00,0.00838152,4.16228,4.3608
1004,2012-10-01,00:00:00.00,0.0736758,4.00851,3.2564
1005,2012-10-02,00:00:00.00,0.0303507,3.67088,2.8034
1006,2012-10-03,00:00:00.00,11.9995,3.44148,4.5307
1007,2012-10-04,00:00:00.00,0.466533,3.43664,5.3802
1008,2012-10-05,00:00:00.00,6.12642e-308,3.63936,3.5962
1009,2012-10-06,00:00:00.00,12.2837,3.83192,3.3414
1010,2012-10-07,00:00:00.00,10.877,3.8898,19.7085
1011,2012-10-08,00:00:00.00,7.97407,4.08153,11.0153
1012,2012-10-09,00:00:00.00,0.0748225,4.49925,9.1463
1013,2012-10-10,00:00:00.00,0.000444979,4.7917,5.3802
1014,2012-10-11,00:00:00.00,6.26666,4.69524,4.8988
1015,2012-10-12,00:00:00.00,0.000673187,4.37891,4.559
1016,2012-10-13,00:00:00.00,0.0751006,4.1807,3.5396
1017,2012-10-14,00:00:00.00,1.5951,4.11165,3.2281
1018,2012-10-15,00:00:00.00,3.26248,4.00443,4.2192
1019,2012-10-16,00:00:00.00,1.1198,3.86801,4.5873
1020,2012-10-17,00:00:00.00,0.0698681,3.78319,3.5679
1021,2012-10-18,00:00:00.00,0.0397051,3.73645,2.945
1022,2012-10-19,00:00:00.00,2.29149,3.67675,2.86
1023,2012-10-20,00:00:00.00,2.17301,3.61034,2.8883
1024,2012-10-21,00:00:00.00,1.11607,3.56905,3.1149
1025,2012-10-22,00:00:00.00,0.02745,3.54813,2.8883
1026,2012-10-23,00:00:00.00,0.0376884,3.51334,2.557
1027,2012-10-24,00:00:00.00,9.36433,3.46965,6.0598
1028,2012-10-25,00:00:00.00,1.67875,3.49708,10.9586
1029,2012-10-26,00:00:00.00,0.0138746,3.65947,6.796
1030,2012-10-27,00:00:00.00,5.25918,3.80541,4.5307
1031,2012-10-28,00:00:00.00,22.3126,3.8302,30.0159
1032,2012-10-29,00:00:00.00,26.221,4.10216,43.8911
1033,2012-10-30,00:00:00.00,45.0429,5.22846,107.604
1034,2012-10-31,00:00:00.00,49.5056,7.5977,294.495
1035,2012-11-01,00:00:00.00,28.0333,11.4963,242.109
1036,2012-11-02,00:00:00.00,8.00333,16.6729,133.655
1037,2012-11-03,00:00:00.00,1.05604,20.3112,51.2535
1038,2012-11-04,00:00:00.00,1.01473,20.1322,23.7012
1039,2012-11-05,00:00:00.00,0.245271,17.535,15.2345
1040,2012-11-06,00:00:00.00,0.0975531,14.9162,12.4028
1041,2012-11-07,00:00:00.00,0.0242543,13.3705,9.6277
1042,2012-11-08,00:00:00.00,2.7627e-308,12.5723,7.7871
1043,2012-11-09,00:00:00.00,2.672e-308,12.0553,6.7111
1044,2012-11-10,00:00:00.00,0.356262,11.614,6.0032
1045,2012-11-11,00:00:00.00,2.86502,11.2308,5.6067
1046,2012-11-12,00:00:00.00,0,10.9277,5.2103
1047,2012-11-13,00:00:00.00,16.4335,10.7885,7.2208
1048,2012-11-14,00:00:00.00,0.44178,11.0117,18.1794
1049,2012-11-15,00:00:00.00,0.0182131,11.8612,10.0525
1050,2012-11-16,00:00:00.00,0.000522163,12.4407,7.4473
1051,2012-11-17,00:00:00.00,0.00766441,11.8916,6.2297
1052,2012-11-18,00:00:00.00,0.000697999,11.0405,5.3519
1053,2012-11-19,00:00:00.00,0.000290528,10.4504,4.8705
1054,2012-11-20,00:00:00.00,0.000291196,10.0482,4.5873
1055,2012-11-21,00:00:00.00,1.716e-308,9.74761,4.2758
1056,2012-11-22,00:00:00.00,0.00060176,9.47811,4.021
1057,2012-11-23,00:00:00.00,0.00183748,9.22443,3.7945
1058,2012-11-24,00:00:00.00,3.06078,8.9962,3.7378
1059,2012-11-25,00:00:00.00,1.00901,8.82925,3.9927
1060,2012-11-26,00:00:00.00,0.609634,8.75683,3.9077
1061,2012-11-27,00:00:00.00,0.0581654,8.67208,3.9644
1062,2012-11-28,00:00:00.00,0.264532,8.46932,3.9927
1063,2012-11-29,00:00:00.00,0.101198,8.21748,3.8511
1064,2012-11-30,00:00:00.00,0.000262917,7.99379,3.5679
1065,2012-12-01,00:00:00.00,0.0301987,7.80928,3.398
1066,2012-12-02,00:00:00.00,0.000446209,7.64607,3.2848
1067,2012-12-03,00:00:00.00,13.4148,7.5501,14.8097
1068,2012-12-04,00:00:00.00,0.10298,7.7163,16.4804
1069,2012-12-05,00:00:00.00,12.0134,8.38495,13.9602
1070,2012-12-06,00:00:00.00,0.00846115,9.17051,35.3961
1071,2012-12-07,00:00:00.00,0,9.67098,14.7814
1072,2012-12-08,00:00:00.00,5.58032,9.7539,10.5622
1073,2012-12-09,00:00:00.00,2.50882,9.41078,13.224
1074,2012-12-10,00:00:00.00,4.08664,9.18637,12.2612
1075,2012-12-11,00:00:00.00,8.91427,9.27117,31.1485
1076,2012-12-12,00:00:00.00,0.802744,9.53838,29.1664
1077,2012-12-13,00:00:00.00,0.0201694,9.93169,15.0079
1078,2012-12-14,00:00:00.00,0.0101047,10.0379,10.3073
1079,2012-12-15,00:00:00.00,0,9.63147,8.1553
1080,2012-12-16,00:00:00.00,0.977525,9.08719,7.1358
1081,2012-12-17,00:00:00.00,0.422152,8.69705,6.6545
1082,2012-12-18,00:00:00.00,3.82412,8.4857,6.5412
1083,2012-12-19,00:00:00.00,16.5935,8.4743,50.1208
1084,2012-12-20,00:00:00.00,1.59803,8.90342,22.9366
1085,2012-12-21,00:00:00.00,17.1323,9.99211,16.7069
1086,2012-12-22,00:00:00.00,14.7588,11.2864,33.9802
1087,2012-12-23,00:00:00.00,1.05263,12.5911,20.5863
1088,2012-12-24,00:00:00.00,0.0363189,13.4366,15.1212
1089,2012-12-25,00:00:00.00,1.73918,13.0074,12.3178
1090,2012-12-26,00:00:00.00,0.23245,11.8968,11.3267
1091,2012-12-27,00:00:00.00,17.2878,11.0412,10.817
1092,2012-12-28,00:00:00.00,1.48936,10.6331,11.525
1093,2012-12-29,00:00:00.00,0.0679284,10.502,10.9869
1094,2012-12-30,00:00:00.00,4.96082,10.4048,10.8454
1095,2012-12-31,00:00:00.00,1.00642,10.1625,10.9303
1096,2013-01-01,00:00:00.00,1.30465,9.87389,9.7976
1097,2013-01-02,00:00:00.00,0.592602,9.61805,9.9392
1098,2013-01-03,00:00:00.00,0.21259,9.38244,9.4578
1099,2013-01-04,00:00:00.00,0.449385,9.16226,7.5323
1100,2013-01-05,00:00:00.00,0.322352,8.95851,7.4473
1101,2013-01-06,00:00:00.00,0.196345,8.77231,7.2208
1102,2013-01-07,00:00:00.00,1.2249,8.59739,7.3341
1103,2013-01-08,00:00:00.00,0.150504,8.43204,7.504
1104,2013-01-09,00:00:00.00,8.94152e-308,8.27392,7.4756
1105,2013-01-10,00:00:00.00,0.899603,8.1238,9.7127
1106,2013-01-11,00:00:00.00,3.80752e-308,7.9844,17.8113
1107,2013-01-12,00:00:00.00,13.476,8.1198,69.0931
1108,2013-01-13,00:00:00.00,0.450178,9.42059,66.5446
1109,2013-01-14,00:00:00.00,10.6605,13.1693,44.1743
1110,2013-01-15,00:00:00.00,0.717521,16.5691,41.3426
1111,2013-01-16,00:00:00.00,0.025343,16.65,22.5968
1112,2013-01-17,00:00:00.00,0.0116069,15.1852,15.9424
1113,2013-01-18,00:00:00.00,0.63187,13.6747,12.9691
1114,2013-01-19,00:00:00.00,0.28944,12.6264,10.7038
1115,2013-01-20,00:00:00.00,0.0156546,12.0404,9.3729
1116,2013-01-21,00:00:00.00,0.123483,11.6376,8.665
1117,2013-01-22,00:00:00.00,1.11712,11.3214,7.1642
1118,2013-01-23,00:00:00.00,0.681362,11.037,5.1537
1119,2013-01-24,00:00:00.00,0.772257,10.7659,5.6351
1120,2013-01-25,00:00:00.00,1.16148,10.4981,5.7483
1121,2013-01-26,00:00:00.00,3.06092,10.2487,5.6351
1122,2013-01-27,00:00:00.00,0.955546,10.0123,5.4935
1123,2013-01-28,00:00:00.00,0.901003,9.79077,5.4935
1124,2013-01-29,00:00:00.00,10.878,9.63669,11.6382
1125,2013-01-30,00:00:00.00,4.24359,9.767,50.9703
1126,2013-01-31,00:00:00.00,10.6904,10.555,80.703
1127,2013-02-01,00:00:00.00,2.62734,11.9956,49.2713
1128,2013-02-02,00:00:00.00,2.56969,13.722,22.3986
1129,2013-02-03,00:00:00.00,4.25449,14.4523,15.2345
1130,2013-02-04,00:00:00.00,1.29838,13.5389,13.5355
1131,2013-02-05,00:00:00.00,2.46708,12.3021,11.978
1132,2013-02-06,00:00:00.00,1.21137,11.5303,11.5816
1133,2013-02-07,00:00:00.00,0.341495,11.1365,10.817
1134,2013-02-08,00:00:00.00,0.0516124,10.8733,9.9392
1135,2013-02-09,00:00:00.00,9.57801,10.622,22.0022
1136,2013-02-10,00:00:00.00,0.303624,10.4408,21.6907
1137,2013-02-11,00:00:00.00,0.182117,10.3697,14.1584
1138,2013-02-12,00:00:00.00,0.890611,10.2823,34.8297
1139,2013-02-13,00:00:00.00,0.225549,10.0572,29.4495
1140,2013-02-14,00:00:00.00,0.0102924,9.77606,15.8291
1141,2013-02-15,00:00:00.00,0.899805,9.52625,12.4594
1142,2013-02-16,00:00:00.00,0.164212,9.31886,11.0153
1143,2013-02-17,00:00:00.00,4.50019,9.13505,9.7693
1144,2013-02-18,00:00:00.00,3.36391,8.96124,8.2119
1145,2013-02-19,00:00:00.00,0.0375093,8.79546,7.7022
1146,2013-02-20,00:00:00.00,9.37357,8.65167,15.8291
1147,2013-02-21,00:00:00.00,0.672768,8.58152,14.4133
1148,2013-02-22,00:00:00.00,0.647108,8.63145,10.9586
1149,2013-02-23,00:00:00.00,1.4657,8.65439,9.4012
1150,2013-02-24,00:00:00.00,0.0319074,8.50261,9.7976
1151,2013-02-25,00:00:00.00,0.193915,8.27338,9.203
1152,2013-02-26,00:00:00.00,0.00960966,8.07519,8.3252
1153,2013-02-27,00:00:00.00,19.0434,7.97942,14.7531
1154,2013-02-28,00:00:00.00,6.43968,8.17426,71.9248
1155,2013-03-01,00:00:00.00,2.81756,8.91749,42.1921
1156,2013-03-02,00:00:00.00,0.570586,9.75634,22.1438
1157,2013-03-03,00:00:00.00,1.13581,9.8833,14.7531
1158,2013-03-04,00:00:00.00,2.14034,9.382,11.978
1159,2013-03-05,00:00:00.00,0.585855,8.82347,10.7604
1160,2013-03-06,00:00:00.00,0.00682453,8.47134,10.1941
1161,2013-03-07,00:00:00.00,0.0316749,8.27242,10.4772
1162,2013-03-08,00:00:00.00,0.805555,8.12443,10.0808
1163,2013-03-09,00:00:00.00,0.149775,7.98756,9.0897
1164,2013-03-10,00:00:00.00,0.0397446,7.85528,8.1269
1165,2013-03-11,00:00:00.00,0.350328,8.00325,8.2119
1166,2013-03-12,00:00:00.00,22.1552,9.53656,19.0572
1167,2013-03-13,00:00:00.00,1.38512,14.5574,57.2
1168,2013-03-14,00:00:00.00,1.3812,20.1876,19.2271
1169,2013-03-15,00:00:00.00,0.00545785,20.892,11.978
1170,2013-03-16,00:00:00.00,2.56197,18.0696,8.9198
1171,2013-03-17,00:00:00.00,6.42661,15.5568,10.0808
1172,2013-03-18,00:00:00.00,0.211106,14.3098,12.3178
1173,2013-03-19,00:00:00.00,6.90307,13.831,12.6576
1174,2013-03-20,00:00:00.00,1.22006,13.6086,29.1664
1175,2013-03-21,00:00:00.00,1.23967,13.5175,14.2434
1176,2013-03-22,00:00:00.00,1.54757,13.3353,10.1941
1177,2013-03-23,00:00:00.00,1.00333,12.8716,9.2596
1178,2013-03-24,00:00:00.00,0.0691525,12.3468,8.58
1179,2013-03-25,00:00:00.00,0.00263643,11.917,9.9109
1180,2013-03-26,00:00:00.00,4.83489,11.5757,9.203
1181,2013-03-27,00:00:00.00,1.75531,11.3227,11.0436
1182,2013-03-28,00:00:00.00,2.66812,11.1639,14.7531
1183,2013-03-29,00:00:00.00,1.02476,11.0891,17.5848
1184,2013-03-30,00:00:00.00,0.00052894,11.3325,20.4448
1185,2013-03-31,00:00:00.00,0.00983324,12.3379,19.8501
1186,2013-04-01,00:00:00.00,0.692579,13.072,13.5355
1187,2013-04-02,00:00:00.00,0.549468,12.5706,11.3551
1188,2013-04-03,00:00:00.00,0.490279,11.695,8.7216
1189,2013-04-04,00:00:00.00,0.0282711,11.1093,6.9943
1190,2013-04-05,00:00:00.00,0.0141736,10.7676,5.8899
1191,2013-04-06,00:00:00.00,0.0055437,10.4975,5.4935
1192,2013-04-07,00:00:00.00,0,10.2479,4.9838
1193,2013-04-08,00:00:00.00,0.0987883,10.011,4.5307
1194,2013-04-09,00:00:00.00,0.286024,9.7833,4.2758
1195,2013-04-10,00:00:00.00,0.162687,9.56561,5.9749
1196,2013-04-11,00:00:00.00,19.6154,9.44956,6.8244
1197,2013-04-12,00:00:00.00,3.10851,9.76988,65.4119
1198,2013-04-13,00:00:00.00,9.46292,10.9149,45.0238
1199,2013-04-14,00:00:00.00,1.16966,12.1648,24.1543
1200,2013-04-15,00:00:00.00,0.00397583,12.4617,13.8186
1201,2013-04-16,00:00:00.00,0.00145521,12.002,9.8259
1202,2013-04-17,00:00:00.00,3.02918,11.2904,8.6366
1203,2013-04-18,00:00:00.00,0.324957,10.6689,8.0703
1204,2013-04-19,00:00:00.00,7.99201e-308,10.2628,6.8244
1205,2013-04-20,00:00:00.00,7.25315,9.99376,10.364
1206,2013-04-21,00:00:00.00,1.49385,9.8833,11.4966
1207,2013-04-22,00:00:00.00,0.0106973,9.97936,7.8438
1208,2013-04-23,00:00:00.00,5.388e-308,10.0311,6.2863
1209,2013-04-24,00:00:00.00,0.141777,9.79368,5.4652
1210,2013-04-25,00:00:00.00,16.078,9.50293,13.9036
1211,2013-04-26,00:00:00.00,1.75621,9.59328,20.0483
1212,2013-04-27,00:00:00.00,0.00108105,10.3443,11.6382
1213,2013-04-28,00:00:00.00,0,10.9686,8.042
1214,2013-04-29,00:00:00.00,5.35206,10.7062,7.0792
1215,2013-04-30,00:00:00.00,2.55576,10.1006,10.1374
1216,2013-05-01,00:00:00.00,0.0423132,9.73377,10.364
1217,2013-05-02,00:00:00.00,0.000166862,9.55559,7.419
1218,2013-05-03,00:00:00.00,3.80476e-308,9.31662,5.9749
1219,2013-05-04,00:00:00.00,0,9.02465,5.0121
1220,2013-05-05,00:00:00.00,0,8.76006,4.3608
1221,2013-05-06,00:00:00.00,0,8.53811,3.7661
1222,2013-05-07,00:00:00.00,0,8.33855,3.398
1223,2013-05-08,00:00:00.00,0.00344017,8.14819,3.1998
1224,2013-05-09,00:00:00.00,0.417473,7.96426,3.2848
1225,2013-05-10,00:00:00.00,0.0173386,7.78659,4.7289
1226,2013-05-11,00:00:00.00,23.368,7.70623,18.6891
1227,2013-05-12,00:00:00.00,2.8619,8.0374,20.2749
1228,2013-05-13,00:00:00.00,0.902708,9.09228,10.0525
1229,2013-05-14,00:00:00.00,0.0369364,9.96015,7.2491
1230,2013-05-15,00:00:00.00,0.00644957,9.70504,5.1253
1231,2013-05-16,00:00:00.00,0.199496,8.92875,4.3891
1232,2013-05-17,00:00:00.00,0.000572542,8.32251,3.7095
1233,2013-05-18,00:00:00.00,0.00030865,7.99362,3.1432
1234,2013-05-19,00:00:00.00,2.69002e-308,7.78881,2.8317
1235,2013-05-20,00:00:00.00,0.00192902,7.60675,2.6986
1236,2013-05-21,00:00:00.00,7.98178e-308,7.4308,2.5768
1237,2013-05-22,00:00:00.00,0.0188828,7.26017,2.4381
1238,2013-05-23,00:00:00.00,0.164488,7.09634,2.3616
1239,2013-05-24,00:00:00.00,8.27097,6.95433,3.7945
1240,2013-05-25,00:00:00.00,0.8769,6.90126,3.0299
1241,2013-05-26,00:00:00.00,0.0214835,6.99617,2.5797
1242,2013-05-27,00:00:00.00,0.000445458,7.06083,2.2823
1243,2013-05-28,00:00:00.00,3.06635,6.90287,2.22
1244,2013-05-29,00:00:00.00,17.2553,6.69047,6.3713
1245,2013-05-30,00:00:00.00,0.207672,6.74525,5.4935
1246,2013-05-31,00:00:00.00,0.00885005,7.26036,3.1998
1247,2013-06-01,00:00:00.00,16.1682,7.7412,4.2758
1248,2013-06-02,00:00:00.00,5.63166,7.80107,15.9424
1249,2013-06-03,00:00:00.00,20.8759,8.00985,37.9446
1250,2013-06-04,00:00:00.00,0.00267721,8.58099,8.6083
1251,2013-06-05,00:00:00.00,0.000344454,9.30577,4.6156
1252,2013-06-06,00:00:00.00,0.0195441,9.61996,3.1998
1253,2013-06-07,00:00:00.00,25.4063,9.2141,13.8753
1254,2013-06-08,00:00:00.00,0.407405,8.98216,21.4075
1255,2013-06-09,00:00:00.00,0.0349457,9.72718,8.0986
1256,2013-06-10,00:00:00.00,0.0390568,10.4959,5.1253
1257,2013-06-11,00:00:00.00,15.233,10.2191,7.8438
1258,2013-06-12,00:00:00.00,1.11434,9.64611,15.2911
1259,2013-06-13,00:00:00.00,0.584346,9.65573,8.8915
1260,2013-06-14,00:00:00.00,11.2955,9.87535,28.2036
1261,2013-06-15,00:00:00.00,0.0265667,9.75512,12.7143
1262,2013-06-16,00:00:00.00,0.239717,9.64427,6.5695
1263,2013-06-17,00:00:00.00,3.58723,9.55627,4.8705
1264,2013-06-18,00:00:00.00,0.976512,9.20583,6.0032
1265,2013-06-19,00:00:00.00,1.04442,8.74181,9.6844
1266,2013-06-20,00:00:00.00,0.000237145,8.35911,3.8794
1267,2013-06-21,00:00:00.00,0,8.08547,3.0299
1268,2013-06-22,00:00:00.00,0.000299136,7.86261,2.7269
1269,2013-06-23,00:00:00.00,0.000427995,7.65475,2.5004
1270,2013-06-24,00:00:00.00,0.00534037,7.45405,2.3786
1271,2013-06-25,00:00:00.00,0.00263465,7.26153,2.2852
1272,2013-06-26,00:00:00.00,22.4295,7.14436,5.5501
1273,2013-06-27,00:00:00.00,6.09676,7.34514,17.6131
1274,2013-06-28,00:00:00.00,4.97358,8.11726,6.3147
1275,2013-06-29,00:00:00.00,2.13785,8.81338,4.3325
1276,2013-06-30,00:00:00.00,8.60505,8.69846,6.9943
1277,2013-07-01,00:00:00.00,0.199537,8.18959,8.2685
1278,2013-07-02,00:00:00.00,1.17313,7.88612,4.559
1279,2013-07-03,00:00:00.00,0.18428,7.75434,3.5962
1280,2013-07-04,00:00:00.00,0.568732,7.51744,3.1715
1281,2013-07-05,00:00:00.00,3.16148,7.2123,3.4263
1282,2013-07-06,00:00:00.00,2.36232,6.95291,4.0493
1283,2013-07-07,00:00:00.00,2.7374,6.75723,4.1909
1284,2013-07-08,00:00:00.00,0.776411,6.5947,4.4457
1285,2013-07-09,00:00:00.00,9.73488,6.46252,28.2036
1286,2013-07-10,00:00:00.00,13.307,6.45212,54.6515
1287,2013-07-11,00:00:00.00,43.099,6.8858,119.78
1288,2013-07-12,00:00:00.00,0.25611,8.2482,88.9149
1289,2013-07-13,00:00:00.00,0.000166158,10.5862,19.482
1290,2013-07-14,00:00:00.00,0,12.1596,9.9958
1291,2013-07-15,00:00:00.00,0.00710468,11.3954,6.5412
1292,2013-07-16,00:00:00.00,0.00121211,9.82841,4.7289
1293,2013-07-17,00:00:00.00,0.135332,8.88224,3.8228
1294,2013-07-18,00:00:00.00,0.00615202,8.38119,3.1998
1295,2013-07-19,00:00:00.00,0.000862013,8.10539,2.86
1296,2013-07-20,00:00:00.00,10.8552,7.89389,2.642
1297,2013-07-21,00:00:00.00,27.6942,7.89522,109.586
1298,2013-07-22,00:00:00.00,0.139986,8.51781,20.6713
1299,2013-07-23,00:00:00.00,3.24717,9.8611,10.3923
1300,2013-07-24,00:00:00.00,6.89249,10.7212,10.4206
1301,2013-07-25,00:00:00.00,0.197188,10.3098,18.4343
1302,2013-07-26,00:00:00.00,1.35746e-308,9.4994,8.1269
1303,2013-07-27,00:00:00.00,0.00031659,8.9195,5.2953
1304,2013-07-28,00:00:00.00,6.83665,8.52811,4.5307
1305,2013-07-29,00:00:00.00,1.39937,8.26326,5.4652
1306,2013-07-30,00:00:00.00,0.0307421,8.14387,4.2758
1307,2013-07-31,00:00:00.00,1.7677e-308,8.04381,3.7095
1308,2013-08-01,00:00:00.00,0.08583,7.81778,3.2564
1309,2013-08-02,00:00:00.00,1.37213,7.53359,4.4174
1310,2013-08-03,00:00:00.00,2.64355,7.28017,3.6529
1311,2013-08-04,00:00:00.00,1.48614,7.07492,8.7782
1312,2013-08-05,00:00:00.00,0.645654,6.8929,4.8988
1313,2013-08-06,00:00:00.00,0.0101615,6.72323,3.3697
1314,2013-08-07,00:00:00.00,0.00029275,6.56043,2.945
1315,2013-08-08,00:00:00.00,10.6345,6.42671,6.2014
1316,2013-08-09,00:00:00.00,2.30645,6.39663,9.5428
1317,2013-08-10,00:00:00.00,1.68987,6.5406,19.7935
1318,2013-08-11,00:00:00.00,0.00728894,6.64549,8.1269
1319,2013-08-12,00:00:00.00,0.000259265,6.48437,4.9554
1320,2013-08-13,00:00:00.00,1.08808,6.19405,3.8511
1321,2013-08-14,00:00:00.00,5.25976,5.9578,6.9093
1322,2013-08-15,00:00:00.00,0.0483654,5.82522,3.7661
1323,2013-08-16,00:00:00.00,7.85e-308,5.77651,3.0865
1324,2013-08-17,00:00:00.00,0,5.72422,2.7128
1325,2013-08-18,00:00:00.00,0,5.60012,2.4862
1326,2013-08-19,00:00:00.00,0.00439046,5.44081,2.3673
1327,2013-08-20,00:00:00.00,0.00034246,5.29763,2.339
1328,2013-08-21,00:00:00.00,0.000512891,5.17804,2.2342
1329,2013-08-22,00:00:00.00,0.000285211,5.07129,2.1436
1330,2013-08-23,00:00:00.00,1.14661,4.96861,2.0898
1331,2013-08-24,00:00:00.00,0.348671,4.8695,2.3899
1332,2013-08-25,00:00:00.00,0.00273011,4.77329,2.1577
1333,2013-08-26,00:00:00.00,0.000580373,4.6807,1.951
1334,2013-08-27,00:00:00.00,0.102972,4.59071,1.8887
1335,2013-08-28,00:00:00.00,15.6789,4.53491,5.1537
1336,2013-08-29,00:00:00.00,10.9655,4.63843,7.9004
1337,2013-08-30,00:00:00.00,0.00919101,5.06425,4.7572
1338,2013-08-31,00:00:00.00,0.000180959,5.58299,2.8883
1339,2013-09-01,00:00:00.00,0.00664645,5.67993,2.3503
1340,2013-09-02,00:00:00.00,0.948062,5.32938,2.1294
1341,2013-09-03,00:00:00.00,0.0505653,4.91875,6.343
1342,2013-09-04,00:00:00.00,0.00437671,4.66418,3.8228
1343,2013-09-05,00:00:00.00,0.00164876,4.53312,2.4834
1344,2013-09-06,00:00:00.00,0,4.44293,2.0303
1345,2013-09-07,00:00:00.00,0,4.36005,1.801
1346,2013-09-08,00:00:00.00,0.00100344,4.27946,1.6537
1347,2013-09-09,00:00:00.00,0.00178606,4.20151,1.5319
1348,2013-09-10,00:00:00.00,0.0169577,4.12569,1.4725
1349,2013-09-11,00:00:00.00,0.00363712,4.05217,1.4045
1350,2013-09-12,00:00:00.00,0.000624909,3.98051,1.3734
1351,2013-09-13,00:00:00.00,11.5525,3.93085,1.7585
1352,2013-09-14,00:00:00.00,4.50394,3.97444,8.1836
1353,2013-09-15,00:00:00.00,0.00172693,4.18432,4.3042
1354,2013-09-16,00:00:00.00,0.322349,4.39233,2.2484
1355,2013-09-17,00:00:00.00,0.2741,4.35023,1.8321
1356,2013-09-18,00:00:00.00,0.000637807,4.12359,1.699
1357,2013-09-19,00:00:00.00,0.00709534,3.91126,1.5234
1358,2013-09-20,00:00:00.00,0.108342,3.78411,1.43
1359,2013-09-21,00:00:00.00,14.273,3.73485,1.5489
1360,2013-09-22,00:00:00.00,31.031,3.88397,37.0951
1361,2013-09-23,00:00:00.00,0.354955,4.53717,14.8947
1362,2013-09-24,00:00:00.00,0.0211358,5.67331,5.6634
1363,2013-09-25,00:00:00.00,5.68762e-308,6.35128,3.5113
1364,2013-09-26,00:00:00.00,0.000160551,5.96978,2.7212
1365,2013-09-27,00:00:00.00,0.0704194,5.19012,2.2795
1366,2013-09-28,00:00:00.00,0.000175132,4.66614,2.0728
1367,2013-09-29,00:00:00.00,0,4.44712,1.8661
1368,2013-09-30,00:00:00.00,0.0366868,4.3504,1.7585
1369,2013-10-01,00:00:00.00,0.158349,4.27188,1.7443
1370,2013-10-02,00:00:00.00,0.000979263,4.19603,1.7953
1371,2013-10-03,00:00:00.00,5.02956e-308,4.12212,1.7726
1372,2013-10-04,00:00:00.00,0.725599,4.05079,1.699
1373,2013-10-05,00:00:00.00,0.254143,3.98125,1.9878
1374,2013-10-06,00:00:00.00,3.04806,3.91545,3.7095
1375,2013-10-07,00:00:00.00,12.5434,3.88167,2.7326
1376,2013-10-08,00:00:00.00,15.2374,3.9996,30.0159
1377,2013-10-09,00:00:00.00,1.22277e-308,4.44137,9.2313
1378,2013-10-10,00:00:00.00,4.5875e-308,5.07079,4.4741
1379,2013-10-11,00:00:00.00,0.00266511,5.32772,3.1432
1380,2013-10-12,00:00:00.00,0.0247485,5.01354,2.4692
1381,2013-10-13,00:00:00.00,0.0025122,4.54242,2.1351
1382,2013-10-14,00:00:00.00,0.0796905,4.23928,1.9709
1383,2013-10-15,00:00:00.00,3.21e-308,4.10126,1.9029
1384,2013-10-16,00:00:00.00,2.32851,4.02626,1.8831
1385,2013-10-17,00:00:00.00,15.7705,4.00094,11.5533
1386,2013-10-18,00:00:00.00,1.27287,4.13907,13.8753
1387,2013-10-19,00:00:00.00,0.240354,4.53137,7.7022
1388,2013-10-20,00:00:00.00,10.281,4.86705,5.8899
1389,2013-10-21,00:00:00.00,0.157591,4.86987,7.6739
1390,2013-10-22,00:00:00.00,4.3867,4.8327,4.6156
1391,2013-10-23,00:00:00.00,0.973008,4.86505,6.5695
1392,2013-10-24,00:00:00.00,12.4751,4.8281,5.9465
1393,2013-10-25,00:00:00.00,15,4.85792,24.8056
1394,2013-10-26,00:00:00.00,1.7385,5.24464,42.7584
1395,2013-10-27,00:00:00.00,1.17613,5.89001,25.202
1396,2013-10-28,00:00:00.00,0.0398239,6.16327,17.245
1397,2013-10-29,00:00:00.00,0.0124682,5.83286,10.5622
1398,2013-10-30,00:00:00.00,1.48254e-308,5.31946,7.0509
1399,2013-10-31,00:00:00.00,0.00437258,4.96543,5.2103
1400,2013-11-01,00:00:00.00,16.7013,4.83449,6.2014
1401,2013-11-02,00:00:00.00,2.62012,4.98565,26.5046
1402,2013-11-03,00:00:00.00,7.38442,5.53424,43.0416
1403,2013-11-04,00:00:00.00,0.041898,6.11729,34.5466
1404,2013-11-05,00:00:00.00,0.000565949,6.27974,12.8558
1405,2013-11-06,00:00:00.00,0.0010023,6.06754,8.0986
1406,2013-11-07,00:00:00.00,8.28719,5.70388,6.343
1407,2013-11-08,00:00:00.00,10.643,5.51805,23.7012
1408,2013-11-09,00:00:00.00,4.53688,5.78054,22.8517
1409,2013-11-10,00:00:00.00,0.0147767,6.37409,13.5638
1410,2013-11-11,00:00:00.00,0.0790698,6.7402,8.4101
1411,2013-11-12,00:00:00.00,8.57249,6.58059,7.2774
1412,2013-11-13,00:00:00.00,4.82623,6.25797,15.376
1413,2013-11-14,00:00:00.00,0.170869,6.21883,11.6665
1414,2013-11-15,00:00:00.00,2.18668e-308,6.32555,9.4861
1415,2013-11-16,00:00:00.00,0,6.21524,9.3162
1416,2013-11-17,00:00:00.00,0.000756511,5.95179,8.5234
1417,2013-11-18,00:00:00.00,11.4476,5.78733,8.2968
1418,2013-11-19,00:00:00.00,0.155557,5.87214,22.9933
1419,2013-11-20,00:00:00.00,0.0328757,6.23851,9.9392
1420,2013-11-21,00:00:00.00,0.00163871,6.52102,6.6828
1421,2013-11-22,00:00:00.00,2.53626,6.36633,5.4652
1422,2013-11-23,00:00:00.00,4.14151,6.04212,7.5606
1423,2013-11-24,00:00:00.00,1.44673,5.90128,11.2135
1424,2013-11-25,00:00:00.00,0.480696,5.96402,6.9376
1425,2013-11-26,00:00:00.00,0.25501,5.98391,5.182
1426,2013-11-27,00:00:00.00,3.36121,5.83426,5.097
1427,2013-11-28,00:00:00.00,1.85497,5.64165,5.3519
1428,2013-11-29,00:00:00.00,0.606648,5.51804,5.2386
1429,2013-11-30,00:00:00.00,1.11944,5.44107,4.8139
1430,2013-12-01,00:00:00.00,0,5.35058,5.2103
1431,2013-12-02,00:00:00.00,0.0209847,5.24819,4.5873
1432,2013-12-03,00:00:00.00,0.0271557,5.15403,5.5784
1433,2013-12-04,00:00:00.00,0.0501459,5.08954,6.6828
1434,2013-12-05,00:00:00.00,0.0204911,5.10717,6.3147
1435,2013-12-06,00:00:00.00,1.97939,5.2591,5.805
1436,2013-12-07,00:00:00.00,4.8061,5.40061,6.0032
1437,2013-12-08,00:00:00.00,0.66532,5.37437,6.5412
1438,2013-12-09,00:00:00.00,0.495959,5.24584,5.2669
1439,2013-12-10,00:00:00.00,0.737503,5.09734,4.6723
1440,2013-12-11,00:00:00.00,0.425471,4.96438,3.8228
1441,2013-12-12,00:00:00.00,1.76879,4.85996,3.1432
1442,2013-12-13,00:00:00.00,0.434836,4.77965,2.9166
1443,2013-12-14,00:00:00.00,0.0952522,4.71351,2.9733
1444,2013-12-15,00:00:00.00,13.5905,4.6608,3.5962
1445,2013-12-16,00:00:00.00,4.32073,4.64775,4.4741
1446,2013-12-17,00:00:00.00,1.15345,4.69786,4.1059
1447,2013-12-18,00:00:00.00,4.04921,4.73301,4.1909
1448,2013-12-19,00:00:00.00,0.974717,4.66628,4.3608
1449,2013-12-20,00:00:00.00,0.858189,4.54837,4.4174
1450,2013-12-21,00:00:00.00,4.94924,4.46363,32.8475
1451,2013-12-22,00:00:00.00,43.821,4.73737,125.727
1452,2013-12-23,00:00:00.00,8.75036,6.38447,183.493
1453,2013-12-24,00:00:00.00,0.774003,10.6529,50.1208
1454,2013-12-25,00:00:00.00,1.5394,14.7506,21.4925
1455,2013-12-26,00:00:00.00,0.102294,14.4032,13.0824
1456,2013-12-27,00:00:00.00,1.81749,11.6751,10.3356
1457,2013-12-28,00:00:00.00,0.485345,9.96989,8.6933
1458,2013-12-29,00:00:00.00,0,9.21391,8.2119
1459,2013-12-30,00:00:00.00,2.07318,8.88957,9.6844
1460,2013-12-31,00:00:00.00,1.27132,8.75951,11.2984
1461,2014-01-01,00:00:00.00,2.84352,8.77029,8.5517
1462,2014-01-02,00:00:00.00,5.13766,8.75645,6.4846
1463,2014-01-03,00:00:00.00,8.41709,8.55289,5.2669
1464,2014-01-04,00:00:00.00,0.573773,8.27039,4.8422
1465,2014-01-05,00:00:00.00,0.00097901,8.0244,4.559
1466,2014-01-06,00:00:00.00,8.15165,7.85186,8.2402
1467,2014-01-07,00:00:00.00,6.6305,7.77599,25.8533
1468,2014-01-08,00:00:00.00,0.195541,7.83094,15.8858
1469,2014-01-09,00:00:00.00,0.335707,7.85622,15.8858
1470,2014-01-10,00:00:00.00,0.547799,7.70008,15.461
1471,2014-01-11,00:00:00.00,3.91697,7.47221,15.1495
1472,2014-01-12,00:00:00.00,13.4585,7.39072,39.6436
1473,2014-01-13,00:00:00.00,0.538347,7.70978,140.452
1474,2014-01-14,00:00:00.00,1.70073,8.66196,21.4925
1475,2014-01-15,00:00:00.00,1.08855,10.1351,19.2838
1476,2014-01-16,00:00:00.00,1.06364,12.3851,12.8842
1477,2014-01-17,00:00:00.00,0.690626,13.8594,8.8632
1478,2014-01-18,00:00:00.00,10.2404,12.9762,6.5978
1479,2014-01-19,00:00:00.00,1.12993,11.5185,5.4085
1480,2014-01-20,00:00:00.00,0.397941,10.8328,4.7289
1481,2014-01-21,00:00:00.00,1.01991,10.5683,4.3325
1482,2014-01-22,00:00:00.00,0.285204,10.2644,3.5679
1483,2014-01-23,00:00:00.00,0.77389,9.9103,3.4263
1484,2014-01-24,00:00:00.00,2.08482,9.60214,3.3414
1485,2014-01-25,00:00:00.00,0.224966,9.35334,3.2848
1486,2014-01-26,00:00:00.00,8.32745,9.13986,3.2564
1487,2014-01-27,00:00:00.00,3.56524,8.93911,3.3414
1488,2014-01-28,00:00:00.00,7.31702,8.75065,3.5113
1489,2014-01-29,00:00:00.00,0.0453308,8.56999,3.3697
1490,2014-01-30,00:00:00.00,0,8.40006,3.398
1491,2014-01-31,00:00:00.00,0.00419401,8.2372,3.3414
1492,2014-02-01,00:00:00.00,0.387704,8.08402,3.2848
1493,2014-02-02,00:00:00.00,4.56911,7.94577,3.2564
1494,2014-02-03,00:00:00.00,2.77282,7.85607,21.5491
1495,2014-02-04,00:00:00.00,0.00475364,7.84023,11.8648
1496,2014-02-05,00:00:00.00,1.15045,7.81081,8.0986
1497,2014-02-06,00:00:00.00,12.5721,7.67458,6.9943
1498,2014-02-07,00:00:00.00,0.958801,7.4928,6.5412
1499,2014-02-08,00:00:00.00,0.0911065,7.33134,6.7111
1500,2014-02-09,00:00:00.00,0.843285,7.20378,6.2014
1501,2014-02-10,00:00:00.00,3.84052,7.09123,6.1731
1502,2014-02-11,00:00:00.00,0.576311,6.98626,5.5784
1503,2014-02-12,00:00:00.00,0.481356,6.88324,5.4085
1504,2014-02-13,00:00:00.00,0.00424692,6.78564,4.8139
1505,2014-02-14,00:00:00.00,0.134034,6.68965,4.8988
1506,2014-02-15,00:00:00.00,2.24839,6.59838,5.6634
1507,2014-02-16,00:00:00.00,0.607284,6.50844,5.182
1508,2014-02-17,00:00:00.00,2.67434,6.42243,4.8139
1509,2014-02-18,00:00:00.00,6.53653,6.33775,5.3802
1510,2014-02-19,00:00:00.00,5.66742,6.26415,5.0121
1511,2014-02-20,00:00:00.00,0.134326,6.22411,5.182
1512,2014-02-21,00:00:00.00,12.3045,6.2829,5.7483
1513,2014-02-22,00:00:00.00,4.42472,6.59838,77.305
1514,2014-02-23,00:00:00.00,0.286613,7.60127,67.9604
1515,2014-02-24,00:00:00.00,0.422332,9.41152,54.9347
1516,2014-02-25,00:00:00.00,0.146619,10.9146,42.4753
1517,2014-02-26,00:00:00.00,0.451664,10.9542,35.3961
1518,2014-02-27,00:00:00.00,0.331929,9.95628,28.2319
1519,2014-02-28,00:00:00.00,0.895692,8.99603,22.2004
1520,2014-03-01,00:00:00.00,0.0258736,8.47008,18.7174
1521,2014-03-02,00:00:00.00,0.796572,8.22364,15.8008
1522,2014-03-03,00:00:00.00,4.75955,8.06342,12.063
1523,2014-03-04,00:00:00.00,0.015971,7.91818,10.0242
1524,2014-03-05,00:00:00.00,0.00800423,7.77923,7.8721
1525,2014-03-06,00:00:00.00,0.0849824,7.64613,6.3713
1526,2014-03-07,00:00:00.00,0.00163435,7.51898,4.9271
1527,2014-03-08,00:00:00.00,2.97947e-308,7.39654,4.4174
1528,2014-03-09,00:00:00.00,2.62071,7.27849,5.2386
1529,2014-03-10,00:00:00.00,0.00459238,7.16517,5.2386
1530,2014-03-11,00:00:00.00,0.044348,7.05615,7.5889
1531,2014-03-12,00:00:00.00,0.147294,7.17843,36.8119
1532,2014-03-13,00:00:00.00,28.5177,8.36503,61.1644
1533,2014-03-14,00:00:00.00,0.0693185,11.7063,46.7228
1534,2014-03-15,00:00:00.00,1.84244,14.7434,40.4931
1535,2014-03-16,00:00:00.00,0.278148,14.2384,52.3862
1536,2014-03-17,00:00:00.00,0.0341789,12.1695,24.7206
1537,2014-03-18,00:00:00.00,0.00971758,10.9214,12.9408
1538,2014-03-19,00:00:00.00,0.000409239,10.3627,12.0063
1539,2014-03-20,00:00:00.00,8.4155,10.0923,15.6592
1540,2014-03-21,00:00:00.00,1.80318,10.0825,33.4139
1541,2014-03-22,00:00:00.00,0.883346,10.5856,15.8858
1542,2014-03-23,00:00:00.00,0.789555,11.7176,12.4028
1543,2014-03-24,00:00:00.00,0.416821,13.5112,9.9392
1544,2014-03-25,00:00:00.00,0.312316,15.5687,7.7022
1545,2014-03-26,00:00:00.00,1.33441,16.1916,6.6545
1546,2014-03-27,00:00:00.00,1.00713,14.9421,6.4846
1547,2014-03-28,00:00:00.00,0.46007,13.4584,6.2863
1548,2014-03-29,00:00:00.00,1.46384,12.5546,15.6875
1549,2014-03-30,00:00:00.00,6.62012,12.0885,13.4505
1550,2014-03-31,00:00:00.00,0.842702,11.9023,16.537
1551,2014-04-01,00:00:00.00,0.00282694,11.9759,28.0903
1552,2014-04-02,00:00:00.00,0.00876133,11.9706,22.257
1553,2014-04-03,00:00:00.00,0.000305829,11.6011,13.139
1554,2014-04-04,00:00:00.00,20.0102,11.2656,18.236
1555,2014-04-05,00:00:00.00,7.7306,11.6124,69.9426
1556,2014-04-06,00:00:00.00,0.268427,13.227,36.5287
1557,2014-04-07,00:00:00.00,0.0027443,14.81,15.6592
1558,2014-04-08,00:00:00.00,14.0274,14.7195,13.5638
1559,2014-04-09,00:00:00.00,8.69438,14.0589,73.6238
1560,2014-04-10,00:00:00.00,0.168544,14.5062,26.1931
1561,2014-04-11,00:00:00.00,4.05585,15.5077,13.3656
1562,2014-04-12,00:00:00.00,8.95312,15.5351,30.299
1563,2014-04-13,00:00:00.00,0.00333429,14.9249,17.2733
1564,2014-04-14,00:00:00.00,0.000272417,14.7018,10.9303
1565,2014-04-15,00:00:00.00,14.6191,14.604,16.3671
1566,2014-04-16,00:00:00.00,21.5608,14.4684,71.6416
1567,2014-04-17,00:00:00.00,0.0653716,15.0476,24.2959
1568,2014-04-18,00:00:00.00,0,15.711,13.9319
1569,2014-04-19,00:00:00.00,0,15.4201,9.7976
1570,2014-04-20,00:00:00.00,0,15.037,7.6172
1571,2014-04-21,00:00:00.00,0,15.6992,6.3147
1572,2014-04-22,00:00:00.00,0.0176404,16.2636,5.4935
1573,2014-04-23,00:00:00.00,1.89061,15.5157,5.6634
1574,2014-04-24,00:00:00.00,0.103924,14.3731,5.8333
1575,2014-04-25,00:00:00.00,0.00487158,13.5409,4.6723
1576,2014-04-26,00:00:00.00,6.80741,13.0216,4.7855
1577,2014-04-27,00:00:00.00,0.08971,12.7617,7.4473
1578,2014-04-28,00:00:00.00,0.00304819,12.762,5.2669
1579,2014-04-29,00:00:00.00,4.18692,12.6995,4.3608
1580,2014-04-30,00:00:00.00,17.1561,12.4292,16.9901
1581,2014-05-01,00:00:00.00,18.0778,12.7039,61.1644
1582,2014-05-02,00:00:00.00,0.574983,14.357,47.5723
1583,2014-05-03,00:00:00.00,0.0248903,16.5738,16.622
1584,2014-05-04,00:00:00.00,2.64034,17.1143,10.8737
1585,2014-05-05,00:00:00.00,0.238039,15.796,9.0897
1586,2014-05-06,00:00:00.00,0.272774,14.3254,7.0226
1587,2014-05-07,00:00:00.00,0.0285869,13.4104,6.3147
1588,2014-05-08,00:00:00.00,1.10061,12.8626,5.2103
1589,2014-05-09,00:00:00.00,0.155857,12.4369,4.8139
1590,2014-05-10,00:00:00.00,8.47532,12.0691,4.4741
1591,2014-05-11,00:00:00.00,0.97761,11.8626,6.7111
1592,2014-05-12,00:00:00.00,0.00123266,11.9104,5.6917
1593,2014-05-13,00:00:00.00,17.9853,11.9769,5.6634
1594,2014-05-14,00:00:00.00,4.65259,12.1046,35.1129
1595,2014-05-15,00:00:00.00,11.701,12.9274,29.7327
1596,2014-05-16,00:00:00.00,11.7258,13.8793,62.0139
1597,2014-05-17,00:00:00.00,0.114353,14.4233,30.8654
1598,2014-05-18,00:00:00.00,1.25315,14.8807,14.0452
1599,2014-05-19,00:00:00.00,0.0825545,14.6732,10.7038
1600,2014-05-20,00:00:00.00,0.000232974,13.7206,8.1553
1601,2014-05-21,00:00:00.00,0.279595,12.7762,7.2208
1602,2014-05-22,00:00:00.00,1.40018,12.1333,6.881
1603,2014-05-23,00:00:00.00,0.00573084,11.6939,6.2297
1604,2014-05-24,00:00:00.00,0.00594474,11.3325,5.5218
1605,2014-05-25,00:00:00.00,0.0111184,11.0072,4.9271
1606,2014-05-26,00:00:00.00,0.0058234,10.6922,4.4741
1607,2014-05-27,00:00:00.00,0.0743415,10.378,4.0493
1608,2014-05-28,00:00:00.00,0.351649,10.0781,3.9077
1609,2014-05-29,00:00:00.00,0.214598,9.79157,3.8228
1610,2014-05-30,00:00:00.00,0.025039,9.51702,3.6529
1611,2014-05-31,00:00:00.00,9.771e-308,9.255,3.3414
1612,2014-06-01,00:00:00.00,0,9.00442,3.1149
1613,2014-06-02,00:00:00.00,0.000316122,8.76503,3.0016
1614,2014-06-03,00:00:00.00,0.57651,8.53514,3.0299
1615,2014-06-04,00:00:00.00,3.31884,8.31474,3.8511
1616,2014-06-05,00:00:00.00,6.76663,8.11682,3.6812
1617,2014-06-06,00:00:00.00,0.0230663,7.98784,4.021
1618,2014-06-07,00:00:00.00,0,7.96774,3.3697
1619,2014-06-08,00:00:00.00,0.000857725,7.92751,2.8883
1620,2014-06-09,00:00:00.00,17.2546,7.79534,4.4741
1621,2014-06-10,00:00:00.00,0.136296,7.8535,8.4384
1622,2014-06-11,00:00:00.00,0.0550929,8.38704,4.4741
1623,2014-06-12,00:00:00.00,0.178959,8.83598,3.6246
1624,2014-06-13,00:00:00.00,0.0710174,8.5952,3.2848
1625,2014-06-14,00:00:00.00,0.154762,8.03152,3.0582
1626,2014-06-15,00:00:00.00,0.00163221,7.58097,2.9166
1627,2014-06-16,00:00:00.00,0,7.31129,2.6165
1628,2014-06-17,00:00:00.00,0.214069,7.12538,2.54
1629,2014-06-18,00:00:00.00,0.698761,6.9553,2.5089
1630,2014-06-19,00:00:00.00,26.4262,6.87449,7.3057
1631,2014-06-20,00:00:00.00,11.3661,7.20348,19.5386
1632,2014-06-21,00:00:00.00,1.3337,8.33918,9.9958
1633,2014-06-22,00:00:00.00,1.88448,9.53001,6.5695
1634,2014-06-23,00:00:00.00,0.135441,9.6065,5.1253
1635,2014-06-24,00:00:00.00,1.66794,8.82284,9.6844
1636,2014-06-25,00:00:00.00,14.8397,8.07718,35.9624
1637,2014-06-26,00:00:00.00,45.5687,8.02939,116.382
1638,2014-06-27,00:00:00.00,0.117221,9.36768,28.3168
1639,2014-06-28,00:00:00.00,2.093e-308,12.4079,11.6665
1640,2014-06-29,00:00:00.00,7.0731e-308,14.4496,7.2208
1641,2014-06-30,00:00:00.00,1.81021,13.4256,5.7766
1642,2014-07-01,00:00:00.00,5.13533e-308,11.5464,4.8705
1643,2014-07-02,00:00:00.00,0.144551,10.4539,3.7661
1644,2014-07-03,00:00:00.00,0.655687,9.90459,3.2281
1645,2014-07-04,00:00:00.00,0.36319,9.54186,3.3697
1646,2014-07-05,00:00:00.00,0.000919096,9.23091,2.9166
1647,2014-07-06,00:00:00.00,0,8.93824,2.5797
1648,2014-07-07,00:00:00.00,0.0239934,8.6612,2.3899
1649,2014-07-08,00:00:00.00,1.12223,8.39967,3.4547
1650,2014-07-09,00:00:00.00,25.1722,8.23842,55.2179
1651,2014-07-10,00:00:00.00,2.24131,8.47831,26.2497
1652,2014-07-11,00:00:00.00,0.0442846,9.41184,10.6755
1653,2014-07-12,00:00:00.00,0.0311119,10.1609,6.1164
1654,2014-07-13,00:00:00.00,0,9.84035,4.3042
1655,2014-07-14,00:00:00.00,4.71729,9.03919,4.2758
1656,2014-07-15,00:00:00.00,1.63422,8.41145,4.5873
1657,2014-07-16,00:00:00.00,0.521763,8.06034,3.483
1658,2014-07-17,00:00:00.00,2.32506,7.83001,3.1149
1659,2014-07-18,00:00:00.00,1.03746,7.61421,3.2281
1660,2014-07-19,00:00:00.00,0.0615756,7.40277,2.6703
1661,2014-07-20,00:00:00.00,18.1441,7.25862,3.398
1662,2014-07-21,00:00:00.00,0.265686,7.36854,4.5873
1663,2014-07-22,00:00:00.00,0.0237153,7.90458,3.0865
1664,2014-07-23,00:00:00.00,0.00255778,8.32533,2.5938
1665,2014-07-24,00:00:00.00,0.996122,8.08335,2.4126
1666,2014-07-25,00:00:00.00,0.00329116,7.53488,2.3446
1667,2014-07-26,00:00:00.00,0.998198,7.09962,2.2059
1668,2014-07-27,00:00:00.00,9.75933,6.85588,2.2342
1669,2014-07-28,00:00:00.00,32.1979,6.8858,40.7763
1670,2014-07-29,00:00:00.00,22.9388,7.6463,103.64
1671,2014-07-30,00:00:00.00,0.0248543,9.59575,22.7667
1672,2014-07-31,00:00:00.00,1.8567,11.8238,10.1091
1673,2014-08-01,00:00:00.00,0.0119764,12.2909,7.3907
1674,2014-08-02,00:00:00.00,0.0700234,11.0257,5.3236
1675,2014-08-03,00:00:00.00,8.3605,9.75115,14.5832
1676,2014-08-04,00:00:00.00,0.688061,9.10173,21.1527
1677,2014-08-05,00:00:00.00,0.0671218,8.95705,7.6455
1678,2014-08-06,00:00:00.00,2.41983,8.90465,5.182
1679,2014-08-07,00:00:00.00,0.381495,8.63533,5.5501
1680,2014-08-08,00:00:00.00,0,8.26761,4.021
1681,2014-08-09,00:00:00.00,0,7.94792,3.2281
1682,2014-08-10,00:00:00.00,4.26175e-308,7.69703,2.86
1683,2014-08-11,00:00:00.00,2.13088e-308,7.48081,2.6391
1684,2014-08-12,00:00:00.00,20.4856,7.34152,2.7751
1685,2014-08-13,00:00:00.00,19.2056,7.55537,18.0095
1686,2014-08-14,00:00:00.00,5.451,8.56156,80.703
1687,2014-08-15,00:00:00.00,0.00559931,9.97746,14.6115
1688,2014-08-16,00:00:00.00,0,10.5458,7.2491
1689,2014-08-17,00:00:00.00,0.682375,9.94676,4.9554
1690,2014-08-18,00:00:00.00,8.21425,9.02311,28.1186
1691,2014-08-19,00:00:00.00,0.0115484,8.45367,9.7976
1692,2014-08-20,00:00:00.00,11.2866,8.35927,7.0509
1693,2014-08-21,00:00:00.00,15.7667,8.53954,44.7406
1694,2014-08-22,00:00:00.00,3.07798,8.98635,29.7327
1695,2014-08-23,00:00:00.00,0.809548,9.66645,14.0168
1696,2014-08-24,00:00:00.00,0.00245174,9.89959,8.3252
1697,2014-08-25,00:00:00.00,0.00125351,9.39747,5.7483
1698,2014-08-26,00:00:00.00,0.00209846,8.69849,4.559
1699,2014-08-27,00:00:00.00,1.29522,8.19436,3.8511
1700,2014-08-28,00:00:00.00,0.0800635,7.88762,5.0404
1701,2014-08-29,00:00:00.00,1.2725e-308,7.66125,3.7661
1702,2014-08-30,00:00:00.00,0,7.45478,3.1149
1703,2014-08-31,00:00:00.00,0.192726,7.2584,2.8883
1704,2014-09-01,00:00:00.00,2.68356,7.07222,2.7467
1705,2014-09-02,00:00:00.00,0.0679047,6.89307,3.1715
1706,2014-09-03,00:00:00.00,3.29322,6.72248,3.0299
1707,2014-09-04,00:00:00.00,0.0182686,6.56059,3.2848
1708,2014-09-05,00:00:00.00,0.00158962,6.4064,2.8175
1709,2014-09-06,00:00:00.00,8.24069,6.27485,2.54
1710,2014-09-07,00:00:00.00,9.54487,6.24028,37.9446
1711,2014-09-08,00:00:00.00,0.00176316,6.42746,9.6277
1712,2014-09-09,00:00:00.00,0.00101237,6.75693,5.0121
1713,2014-09-10,00:00:00.00,0.0911168,6.85478,3.6529
1714,2014-09-11,00:00:00.00,10.4424,6.6134,13.8469
1715,2014-09-12,00:00:00.00,34.4935,6.49682,63.1466
1716,2014-09-13,00:00:00.00,0.461841,7.19082,17.4149
1717,2014-09-14,00:00:00.00,1.09667,8.87234,10.9586
1718,2014-09-15,00:00:00.00,0.0138927,10.0258,8.042
1719,2014-09-16,00:00:00.00,7.71072,9.57865,6.4562
1720,2014-09-17,00:00:00.00,1.25299,8.58846,10.7321
1721,2014-09-18,00:00:00.00,0.0274582,8.07657,6.4279
1722,2014-09-19,00:00:00.00,0.0239422,7.92995,4.7006
1723,2014-09-20,00:00:00.00,0.000345642,7.69769,4.021
1724,2014-09-21,00:00:00.00,0.317931,7.37604,3.5962
1725,2014-09-22,00:00:00.00,6.37166,7.11785,3.6246
1726,2014-09-23,00:00:00.00,0.385212,6.99279,4.021
1727,2014-09-24,00:00:00.00,0,7.0118,3.2848
1728,2014-09-25,00:00:00.00,0,7.01328,3.0016
1729,2014-09-26,00:00:00.00,0.000205713,6.84561,2.8062
1730,2014-09-27,00:00:00.00,2.97894e-308,6.59894,2.6731
1731,2014-09-28,00:00:00.00,0,6.38484,2.5825
1732,2014-09-29,00:00:00.00,0,6.22135,2.4975
1733,2014-09-30,00:00:00.00,7.3798e-308,6.08286,2.4494
1734,2014-10-01,00:00:00.00,8.27755,5.97273,3.7945
1735,2014-10-02,00:00:00.00,0.0551203,5.95732,4.9554
1736,2014-10-03,00:00:00.00,0,6.09839,3.2281
1737,2014-10-04,00:00:00.00,13.5643,6.24187,3.7378
1738,2014-10-05,00:00:00.00,1.88546,6.31251,16.0557
1739,2014-10-06,00:00:00.00,0.220799,6.55986,7.0226
1740,2014-10-07,00:00:00.00,2.28634,6.78604,4.559
1741,2014-10-08,00:00:00.00,3.68293,6.62172,4.1909
1742,2014-10-09,00:00:00.00,0.20332,6.28349,4.5307
1743,2014-10-10,00:00:00.00,0.00102179,6.06642,3.7378
1744,2014-10-11,00:00:00.00,0.00832912,5.9493,3.2281
1745,2014-10-12,00:00:00.00,0.000168232,5.80871,2.945
1746,2014-10-13,00:00:00.00,0.0418012,5.64648,2.8317
1747,2014-10-14,00:00:00.00,4.31782,5.51383,3.3414
1748,2014-10-15,00:00:00.00,12.557,5.47533,3.2564
1749,2014-10-16,00:00:00.00,5.66379,5.67147,16.9901
1750,2014-10-17,00:00:00.00,8.63579,6.20072,30.0159
1751,2014-10-18,00:00:00.00,1.57954,6.78213,13.5355
1752,2014-10-19,00:00:00.00,7.7437,7.07574,14.3283
1753,2014-10-20,00:00:00.00,0.569928,7.0656,14.7814
1754,2014-10-21,00:00:00.00,14.6556,6.99499,8.6933
1755,2014-10-22,00:00:00.00,10.2308,7.14139,33.9802
1756,2014-10-23,00:00:00.00,0.743611,7.69594,28.0903
1757,2014-10-24,00:00:00.00,0.000289712,8.38362,11.6949
1758,2014-10-25,00:00:00.00,0.000303277,8.46528,7.7588
1759,2014-10-26,00:00:00.00,0.0123052,7.90558,5.8616
1760,2014-10-27,00:00:00.00,0.000634961,7.27926,4.6723
1761,2014-10-28,00:00:00.00,0.000308912,6.88812,3.936
1762,2014-10-29,00:00:00.00,0.831782,6.67872,3.6246
1763,2014-10-30,00:00:00.00,1.45404,6.53324,3.6812
1764,2014-10-31,00:00:00.00,1.58393,6.40509,3.9077
1765,2014-11-01,00:00:00.00,2.87862,6.30063,3.5962
1766,2014-11-02,00:00:00.00,5.54863,6.25857,7.2208
1767,2014-11-03,00:00:00.00,0.00111331,6.33286,5.9749
1768,2014-11-04,00:00:00.00,0.00134009,6.49837,4.1059
1769,2014-11-05,00:00:00.00,3.97257,6.55679,3.6246
1770,2014-11-06,00:00:00.00,1.3909,6.43117,4.7855
1771,2014-11-07,00:00:00.00,13.6436,6.3561,5.1253
1772,2014-11-08,00:00:00.00,1.64491,6.54061,14.0168
1773,2014-11-09,00:00:00.00,0.713287,7.04594,9.118
1774,2014-11-10,00:00:00.00,0.622854,7.42965,7.2774
1775,2014-11-11,00:00:00.00,0.000358653,7.23476,6.1164
1776,2014-11-12,00:00:00.00,1.38729,6.76741,4.9271
1777,2014-11-13,00:00:00.00,0.644015,6.40084,5.6351
1778,2014-11-14,00:00:00.00,3.0843,6.20557,5.182
1779,2014-11-15,00:00:00.00,3.12614,6.09802,5.6351
1780,2014-11-16,00:00:00.00,0.595899,6.01603,7.5606
1781,2014-11-17,00:00:00.00,1.8986,5.93659,8.4951
1782,2014-11-18,00:00:00.00,6.90313,5.84219,9.9958
1783,2014-11-19,00:00:00.00,0.806589,5.74608,9.3162
1784,2014-11-20,00:00:00.00,1.19835,5.66387,5.72
1785,2014-11-21,00:00:00.00,2.76672,5.58834,5.9182
1786,2014-11-22,00:00:00.00,2.23356,5.50286,5.3519
1787,2014-11-23,00:00:00.00,9.03457,5.4296,8.2968
1788,2014-11-24,00:00:00.00,4.04862,5.4415,45.8733
1789,2014-11-25,00:00:00.00,2.39467,5.72309,59.4654
1790,2014-11-26,00:00:00.00,0.122553,6.49136,28.6
1791,2014-11-27,00:00:00.00,0.0101073,7.81776,13.762
1792,2014-11-28,00:00:00.00,2.17569,8.6972,10.2224
1793,2014-11-29,00:00:00.00,0.863507,8.32259,9.3729
1794,2014-11-30,00:00:00.00,0.0842278,7.44983,8.6366
1795,2014-12-01,00:00:00.00,1.45818,6.84056,14.0735
1796,2014-12-02,00:00:00.00,0.824168,6.57254,16.7919
1797,2014-12-03,00:00:00.00,0.947377,6.46166,12.1479
1798,2014-12-04,00:00:00.00,0.0785386,6.37311,9.1747
1799,2014-12-05,00:00:00.00,0.0721374,6.26689,7.6455
1800,2014-12-06,00:00:00.00,2.9508,6.1607,6.6828
1801,2014-12-07,00:00:00.00,16.9259,6.16616,47.8555
1802,2014-12-08,00:00:00.00,0.000398585,6.57168,24.8905
1803,2014-12-09,00:00:00.00,0.00317794,7.58332,12.6293
1804,2014-12-10,00:00:00.00,0.621139,8.35398,10.364
1805,2014-12-11,00:00:00.00,1.60472,8.1208,9.9958
1806,2014-12-12,00:00:00.00,0.312446,7.45088,8.9198
1807,2014-12-13,00:00:00.00,0.0361574,6.96061,7.5323
1808,2014-12-14,00:00:00.00,0.0437209,6.71839,6.6545
1809,2014-12-15,00:00:00.00,0.156675,6.58327,6.343
1810,2014-12-16,00:00:00.00,0.531229,6.47206,6.4846
1811,2014-12-17,00:00:00.00,12.11,6.42585,10.6471
1812,2014-12-18,00:00:00.00,1.60208,6.62096,19.9634
1813,2014-12-19,00:00:00.00,1.09737,7.20365,13.6204
1814,2014-12-20,00:00:00.00,0.338653,7.67637,9.3729
1815,2014-12-21,00:00:00.00,0.0195004,7.52508,7.9004
1816,2014-12-22,00:00:00.00,0.0142679,7.07201,6.9093
1817,2014-12-23,00:00:00.00,0.000621629,6.71029,6.2297
1818,2014-12-24,00:00:00.00,1.01579,6.51622,6.7677
1819,2014-12-25,00:00:00.00,4.46803,6.42521,8.9481
1820,2014-12-26,00:00:00.00,1.01396,6.44497,16.3388
1821,2014-12-27,00:00:00.00,0.000400318,6.62644,9.9675
1822,2014-12-28,00:00:00.00,1.46394,6.78941,7.6172
1823,2014-12-29,00:00:00.00,5.91918,6.7435,14.1867
1824,2014-12-30,00:00:00.00,0.0444572,6.6538,11.6665
1825,2014-12-31,00:00:00.00,0.315657,6.71644,8.0986
