time,date,hour,precip [mm/day],sub36 [m3/s],sub36 (observed) [m3/s]
0,2010-01-01,00:00:00.00,---,0,
1,2010-01-02,00:00:00.00,1.77594,0.0136284,
2,2010-01-03,00:00:00.00,1.5082,0.0270752,
3,2010-01-04,00:00:00.00,7.09723,0.0267144,
4,2010-01-05,00:00:00.00,1.88935,0.0263577,
5,2010-01-06,00:00:00.00,2.84376,0.026005,
6,2010-01-07,00:00:00.00,1.32627,0.0256558,
7,2010-01-08,00:00:00.00,1.11351,0.0253098,
8,2010-01-09,00:00:00.00,4.14496,0.0249674,
9,2010-01-10,00:00:00.00,0.418597,0.0246297,
10,2010-01-11,00:00:00.00,0.214597,0.0242969,
11,2010-01-12,00:00:00.00,1.59437,0.0239686,
12,2010-01-13,00:00:00.00,0.816956,0.0236449,
13,2010-01-14,00:00:00.00,0.173604,0.0233257,
14,2010-01-15,00:00:00.00,0.00264149,0.0230103,
15,2010-01-16,00:00:00.00,0.463722,0.0226993,
16,2010-01-17,00:00:00.00,0.0101767,0.0223929,
17,2010-01-18,00:00:00.00,0.389123,0.0220912,
18,2010-01-19,00:00:00.00,0.345559,0.0217944,
19,2010-01-20,00:00:00.00,1.97907,0.0215031,
20,2010-01-21,00:00:00.00,1.11806,0.021217,
21,2010-01-22,00:00:00.00,0.0048436,0.0209357,
22,2010-01-23,00:00:00.00,0.00759649,0.0206592,
23,2010-01-24,00:00:00.00,0.063294,0.0203874,
24,2010-01-25,00:00:00.00,12.8365,0.535038,
25,2010-01-26,00:00:00.00,27.2044,9.37066,
26,2010-01-27,00:00:00.00,2.84823,12.6488,
27,2010-01-28,00:00:00.00,2.3247,6.44067,
28,2010-01-29,00:00:00.00,11.0368,4.60538,
29,2010-01-30,00:00:00.00,0.362059,3.50903,
30,2010-01-31,00:00:00.00,0.1573,2.79104,
31,2010-02-01,00:00:00.00,2.88155,2.28945,
32,2010-02-02,00:00:00.00,0.601186,1.92126,
33,2010-02-03,00:00:00.00,0.46231,1.64073,
34,2010-02-04,00:00:00.00,1.41867,1.42073,
35,2010-02-05,00:00:00.00,0.0476343,1.2443,
36,2010-02-06,00:00:00.00,0.0259842,1.10022,
37,2010-02-07,00:00:00.00,0.257442,0.980847,
38,2010-02-08,00:00:00.00,0.265747,0.880849,
39,2010-02-09,00:00:00.00,0.36574,0.796065,
40,2010-02-10,00:00:00.00,0.48541,0.723348,
41,2010-02-11,00:00:00.00,5.8416,0.661532,
42,2010-02-12,00:00:00.00,0.559202,0.607852,
43,2010-02-13,00:00:00.00,0.217509,0.559778,
44,2010-02-14,00:00:00.00,2.36533,0.517277,
45,2010-02-15,00:00:00.00,10.5099,0.47949,
46,2010-02-16,00:00:00.00,5.43967,0.445805,
47,2010-02-17,00:00:00.00,0.675687,0.415646,
48,2010-02-18,00:00:00.00,7.56987,0.388453,
49,2010-02-19,00:00:00.00,2.81111,0.363888,
50,2010-02-20,00:00:00.00,0.581984,0.341619,
51,2010-02-21,00:00:00.00,0.133332,0.321327,
52,2010-02-22,00:00:00.00,0.0116256,0.302786,
53,2010-02-23,00:00:00.00,1.31099,0.285826,
54,2010-02-24,00:00:00.00,0.203923,0.270272,
55,2010-02-25,00:00:00.00,0.237533,0.255956,
56,2010-02-26,00:00:00.00,6.24845,0.242759,
57,2010-02-27,00:00:00.00,15.4701,0.251841,
58,2010-02-28,00:00:00.00,8.02447,0.268981,
59,2010-03-01,00:00:00.00,1.87236,0.263749,
60,2010-03-02,00:00:00.00,0.941837,0.250342,
61,2010-03-03,00:00:00.00,0.256505,0.237895,
62,2010-03-04,00:00:00.00,0.067858,0.226308,
63,2010-03-05,00:00:00.00,0.000707049,0.215515,
64,2010-03-06,00:00:00.00,0.00651747,0.205459,
65,2010-03-07,00:00:00.00,0.00874778,0.196081,
66,2010-03-08,00:00:00.00,0.00408672,0.187326,
67,2010-03-09,00:00:00.00,1.85645e-308,0.179142,
68,2010-03-10,00:00:00.00,0,2.31498,
69,2010-03-11,00:00:00.00,0.022171,16.5813,
70,2010-03-12,00:00:00.00,0.187179,21.7057,
71,2010-03-13,00:00:00.00,3.27272,12.1413,
72,2010-03-14,00:00:00.00,5.63407,8.97701,
73,2010-03-15,00:00:00.00,3.72739,7.64229,
74,2010-03-16,00:00:00.00,0.982354,5.90181,
75,2010-03-17,00:00:00.00,0.0312247,4.29184,
76,2010-03-18,00:00:00.00,0,3.29491,
77,2010-03-19,00:00:00.00,7.42342e-308,2.62478,
78,2010-03-20,00:00:00.00,3.71171e-308,2.14865,
79,2010-03-21,00:00:00.00,8e-308,1.79643,
80,2010-03-22,00:00:00.00,0.135583,1.52782,
81,2010-03-23,00:00:00.00,9.03263,1.67002,
82,2010-03-24,00:00:00.00,9.39096,2.43071,
83,2010-03-25,00:00:00.00,0.564001,2.65516,
84,2010-03-26,00:00:00.00,11.4533,3.31354,
85,2010-03-27,00:00:00.00,0,3.76165,
86,2010-03-28,00:00:00.00,0,2.94551,
87,2010-03-29,00:00:00.00,4.469,2.62108,
88,2010-03-30,00:00:00.00,2.77348,2.48792,
89,2010-03-31,00:00:00.00,0.00198333,2.15293,
90,2010-04-01,00:00:00.00,0.000332463,1.80526,
91,2010-04-02,00:00:00.00,0,1.53693,
92,2010-04-03,00:00:00.00,0,1.3251,
93,2010-04-04,00:00:00.00,0.0421691,1.1553,
94,2010-04-05,00:00:00.00,0,1.01736,
95,2010-04-06,00:00:00.00,0.156144,0.903813,
96,2010-04-07,00:00:00.00,7.87079,0.864318,
97,2010-04-08,00:00:00.00,2.29064,0.83158,
98,2010-04-09,00:00:00.00,8.73313,0.864667,
99,2010-04-10,00:00:00.00,0.87644,0.89328,
100,2010-04-11,00:00:00.00,0.0117095,0.802251,
101,2010-04-12,00:00:00.00,0.32094,0.724584,
102,2010-04-13,00:00:00.00,0.00689217,0.65789,
103,2010-04-14,00:00:00.00,0.0116849,0.600254,
104,2010-04-15,00:00:00.00,0,0.550139,
105,2010-04-16,00:00:00.00,0.0191437,0.506299,
106,2010-04-17,00:00:00.00,7.96988,0.493093,
107,2010-04-18,00:00:00.00,0.591929,0.481551,
108,2010-04-19,00:00:00.00,0.686159,0.446025,
109,2010-04-20,00:00:00.00,0.00187863,0.414425,
110,2010-04-21,00:00:00.00,0.000976661,0.386185,
111,2010-04-22,00:00:00.00,0.00577141,0.36085,
112,2010-04-23,00:00:00.00,0.0238407,0.338037,
113,2010-04-24,00:00:00.00,0.000347448,0.317418,
114,2010-04-25,00:00:00.00,0.231684,0.298714,
115,2010-04-26,00:00:00.00,9.76705,0.296227,
116,2010-04-27,00:00:00.00,5.82421,0.311229,
117,2010-04-28,00:00:00.00,0.219372,0.310469,
118,2010-04-29,00:00:00.00,0.00293909,0.292566,
119,2010-04-30,00:00:00.00,9.66701e-308,0.276165,
120,2010-05-01,00:00:00.00,0.00144838,0.261125,
121,2010-05-02,00:00:00.00,0.0304635,0.247316,
122,2010-05-03,00:00:00.00,0.584804,0.234615,
123,2010-05-04,00:00:00.00,2.95152,0.22291,
124,2010-05-05,00:00:00.00,0.37369,0.212096,
125,2010-05-06,00:00:00.00,15.5073,0.234577,
126,2010-05-07,00:00:00.00,7.35518,0.293691,
127,2010-05-08,00:00:00.00,6.81815,0.370378,
128,2010-05-09,00:00:00.00,10.9109,0.747942,
129,2010-05-10,00:00:00.00,1.05281,0.925075,
130,2010-05-11,00:00:00.00,0,0.735351,
131,2010-05-12,00:00:00.00,8.89411,0.891995,
132,2010-05-13,00:00:00.00,3.22349,1.05508,
133,2010-05-14,00:00:00.00,12.9941,1.6644,
134,2010-05-15,00:00:00.00,1.61702,2.11346,
135,2010-05-16,00:00:00.00,0.0107048,1.7784,
136,2010-05-17,00:00:00.00,0.000312127,1.5161,
137,2010-05-18,00:00:00.00,0.0155957,1.30819,
138,2010-05-19,00:00:00.00,5.15402,1.1825,
139,2010-05-20,00:00:00.00,0.0417162,1.08095,
140,2010-05-21,00:00:00.00,0.0174173,0.956492,
141,2010-05-22,00:00:00.00,0.0167388,0.853194,
142,2010-05-23,00:00:00.00,1.82661,0.766561,
143,2010-05-24,00:00:00.00,0.0297912,0.693151,
144,2010-05-25,00:00:00.00,1.004e-308,0.630335,
145,2010-05-26,00:00:00.00,0.000342287,0.576121,
146,2010-05-27,00:00:00.00,0.00162605,0.528964,
147,2010-05-28,00:00:00.00,0.00887071,0.487658,
148,2010-05-29,00:00:00.00,0.401005,0.451246,
149,2010-05-30,00:00:00.00,0.00506349,0.418965,
150,2010-05-31,00:00:00.00,0,0.390194,
151,2010-06-01,00:00:00.00,0.903066,0.36443,
152,2010-06-02,00:00:00.00,13.0388,0.35219,
153,2010-06-03,00:00:00.00,10.3355,0.377135,
154,2010-06-04,00:00:00.00,3.99693,0.389616,
155,2010-06-05,00:00:00.00,1.28756,0.365032,
156,2010-06-06,00:00:00.00,11.6346,0.420401,
157,2010-06-07,00:00:00.00,58.3922,11.168,
158,2010-06-08,00:00:00.00,0.107517,16.4112,
159,2010-06-09,00:00:00.00,0.00698635,8.92212,
160,2010-06-10,00:00:00.00,5.5391,6.0867,
161,2010-06-11,00:00:00.00,6.01257,4.88026,
162,2010-06-12,00:00:00.00,0.00545157,3.91742,
163,2010-06-13,00:00:00.00,0.691763,3.02106,
164,2010-06-14,00:00:00.00,4.26754,2.4259,
165,2010-06-15,00:00:00.00,1.73088,2.00344,
166,2010-06-16,00:00:00.00,0.00885015,1.68045,
167,2010-06-17,00:00:00.00,6.91533,1.48109,
168,2010-06-18,00:00:00.00,0.438331,1.32581,
169,2010-06-19,00:00:00.00,0.00222628,1.1546,
170,2010-06-20,00:00:00.00,1.53708,1.01619,
171,2010-06-21,00:00:00.00,1.01504,0.902573,
172,2010-06-22,00:00:00.00,0.0939287,0.807998,
173,2010-06-23,00:00:00.00,9.92292,0.749193,
174,2010-06-24,00:00:00.00,4.9182,0.702358,
175,2010-06-25,00:00:00.00,11.6355,0.731154,
176,2010-06-26,00:00:00.00,0.00449272,0.752904,
177,2010-06-27,00:00:00.00,0.0873855,0.681888,
178,2010-06-28,00:00:00.00,6.30822,0.633784,
179,2010-06-29,00:00:00.00,10.3151,0.669673,
180,2010-06-30,00:00:00.00,0.0359514,0.687859,
181,2010-07-01,00:00:00.00,0.0801636,0.626262,
182,2010-07-02,00:00:00.00,0.0013207,0.572759,
183,2010-07-03,00:00:00.00,0.00168817,0.526082,
184,2010-07-04,00:00:00.00,0,0.485139,
185,2010-07-05,00:00:00.00,0,0.449023,
186,2010-07-06,00:00:00.00,0,0.416988,
187,2010-07-07,00:00:00.00,0.000855533,0.388428,
188,2010-07-08,00:00:00.00,0.00440805,0.362845,
189,2010-07-09,00:00:00.00,0.26662,0.339827,
190,2010-07-10,00:00:00.00,24.7673,0.477634,
191,2010-07-11,00:00:00.00,0.0829448,0.569555,
192,2010-07-12,00:00:00.00,0.00536529,0.493216,
193,2010-07-13,00:00:00.00,0.262488,0.456321,
194,2010-07-14,00:00:00.00,0.288735,0.42352,
195,2010-07-15,00:00:00.00,0.0235581,0.394275,
196,2010-07-16,00:00:00.00,0.0306802,0.368095,
197,2010-07-17,00:00:00.00,1.70348,0.344559,
198,2010-07-18,00:00:00.00,0.127185,0.323316,
199,2010-07-19,00:00:00.00,0.185621,0.304068,
200,2010-07-20,00:00:00.00,2.65331,0.286569,
201,2010-07-21,00:00:00.00,0.0620987,0.270605,
202,2010-07-22,00:00:00.00,2.96593,0.256,
203,2010-07-23,00:00:00.00,0.0525674,0.242598,
204,2010-07-24,00:00:00.00,28.8328,0.841708,
205,2010-07-25,00:00:00.00,12.2004,1.25359,
206,2010-07-26,00:00:00.00,2.64028,1.0045,
207,2010-07-27,00:00:00.00,0.0525485,0.89993,
208,2010-07-28,00:00:00.00,0.000723932,0.808308,
209,2010-07-29,00:00:00.00,5.36295,0.747516,
210,2010-07-30,00:00:00.00,0.12053,0.695536,
211,2010-07-31,00:00:00.00,0.00751058,0.63273,
212,2010-08-01,00:00:00.00,0.00140874,0.578305,
213,2010-08-02,00:00:00.00,1.20669,0.530906,
214,2010-08-03,00:00:00.00,0.328822,0.489378,
215,2010-08-04,00:00:00.00,0.462263,0.452771,
216,2010-08-05,00:00:00.00,0.244176,0.420321,
217,2010-08-06,00:00:00.00,6.73468,0.394079,
218,2010-08-07,00:00:00.00,1.58264,0.370596,
219,2010-08-08,00:00:00.00,0.0116968,0.346814,
220,2010-08-09,00:00:00.00,0.271051,0.325355,
221,2010-08-10,00:00:00.00,9.22757,0.312631,
222,2010-08-11,00:00:00.00,1.235,0.301087,
223,2010-08-12,00:00:00.00,0.0126817,0.283863,
224,2010-08-13,00:00:00.00,0.387986,0.268135,
225,2010-08-14,00:00:00.00,0.00245733,0.253736,
226,2010-08-15,00:00:00.00,0.0294854,0.240518,
227,2010-08-16,00:00:00.00,1.83944,0.228351,
228,2010-08-17,00:00:00.00,6.02721,0.217901,
229,2010-08-18,00:00:00.00,0,0.208238,
230,2010-08-19,00:00:00.00,0.212674,0.198506,
231,2010-08-20,00:00:00.00,0.429489,0.18947,
232,2010-08-21,00:00:00.00,1.40667,0.181063,
233,2010-08-22,00:00:00.00,3.0731,0.173226,
234,2010-08-23,00:00:00.00,31.2029,1.33448,
235,2010-08-24,00:00:00.00,4.4906,1.59423,
236,2010-08-25,00:00:00.00,0.0482843,0.659953,
237,2010-08-26,00:00:00.00,0.672616,0.604866,
238,2010-08-27,00:00:00.00,0.386467,0.555536,
239,2010-08-28,00:00:00.00,0.0082854,0.51167,
240,2010-08-29,00:00:00.00,0,0.472723,
241,2010-08-30,00:00:00.00,0.00201203,0.438128,
242,2010-08-31,00:00:00.00,0.0118953,0.407322,
243,2010-09-01,00:00:00.00,0,0.379792,
244,2010-09-02,00:00:00.00,0,0.355088,
245,2010-09-03,00:00:00.00,0.103864,0.33283,
246,2010-09-04,00:00:00.00,4.17973,0.313117,
247,2010-09-05,00:00:00.00,4.84633,0.297346,
248,2010-09-06,00:00:00.00,0.741814,0.282572,
249,2010-09-07,00:00:00.00,0.340038,0.266956,
250,2010-09-08,00:00:00.00,12.4575,0.278776,
251,2010-09-09,00:00:00.00,0.871922,0.289672,
252,2010-09-10,00:00:00.00,0.511531,0.273587,
253,2010-09-11,00:00:00.00,0.349497,0.258809,
254,2010-09-12,00:00:00.00,0.401402,0.245218,
255,2010-09-13,00:00:00.00,5.05701,0.238844,
256,2010-09-14,00:00:00.00,0.690982,0.232986,
257,2010-09-15,00:00:00.00,0.0062303,0.221439,
258,2010-09-16,00:00:00.00,0.000531525,0.21075,
259,2010-09-17,00:00:00.00,14.5066,0.304206,
260,2010-09-18,00:00:00.00,1.37159,0.347677,
261,2010-09-19,00:00:00.00,0.00846522,0.28454,
262,2010-09-20,00:00:00.00,0.544732,0.269108,
263,2010-09-21,00:00:00.00,0,0.254826,
264,2010-09-22,00:00:00.00,0.157782,0.241619,
265,2010-09-23,00:00:00.00,4.12262,0.233679,
266,2010-09-24,00:00:00.00,0.0110357,0.226354,
267,2010-09-25,00:00:00.00,0.223102,0.215315,
268,2010-09-26,00:00:00.00,0.155268,0.205082,
269,2010-09-27,00:00:00.00,0.0259562,0.195586,
270,2010-09-28,00:00:00.00,3.95956,0.189071,
271,2010-09-29,00:00:00.00,11.0835,0.216597,
272,2010-09-30,00:00:00.00,1.42634,0.240009,
273,2010-10-01,00:00:00.00,17.6606,1.25646,
274,2010-10-02,00:00:00.00,0.180478,1.50133,
275,2010-10-03,00:00:00.00,2.08336,0.704456,
276,2010-10-04,00:00:00.00,11.7137,1.14899,
277,2010-10-05,00:00:00.00,9.57069,2.27501,
278,2010-10-06,00:00:00.00,13.0481,4.55565,
279,2010-10-07,00:00:00.00,8.51556,6.80937,
280,2010-10-08,00:00:00.00,0.757196,6.31154,
281,2010-10-09,00:00:00.00,0.00557739,4.51683,
282,2010-10-10,00:00:00.00,0.0398261,3.42942,
283,2010-10-11,00:00:00.00,0.0010254,2.71053,
284,2010-10-12,00:00:00.00,9.38888,2.84872,
285,2010-10-13,00:00:00.00,0.192294,2.94758,
286,2010-10-14,00:00:00.00,0.0273915,2.37876,
287,2010-10-15,00:00:00.00,2.61426,2.03725,
288,2010-10-16,00:00:00.00,2.11559,1.82848,
289,2010-10-17,00:00:00.00,0.10287,1.60079,
290,2010-10-18,00:00:00.00,0.0277831,1.37848,
291,2010-10-19,00:00:00.00,0.0763332,1.2009,
292,2010-10-20,00:00:00.00,0.32866,1.05683,
293,2010-10-21,00:00:00.00,0.590532,0.938277,
294,2010-10-22,00:00:00.00,14.0103,1.3374,
295,2010-10-23,00:00:00.00,0.143831,1.66081,
296,2010-10-24,00:00:00.00,4.18696,1.58815,
297,2010-10-25,00:00:00.00,0.466182,1.53153,
298,2010-10-26,00:00:00.00,0.892625,1.32758,
299,2010-10-27,00:00:00.00,11.6278,1.79335,
300,2010-10-28,00:00:00.00,0.313894,2.1538,
301,2010-10-29,00:00:00.00,0.620974,1.80987,
302,2010-10-30,00:00:00.00,0.053321,1.54611,
303,2010-10-31,00:00:00.00,0.0988229,1.33809,
304,2010-11-01,00:00:00.00,0.552926,1.17115,
305,2010-11-02,00:00:00.00,0.0425658,1.03507,
306,2010-11-03,00:00:00.00,0.0220863,0.92221,
307,2010-11-04,00:00:00.00,0.0874163,0.827409,
308,2010-11-05,00:00:00.00,7.32864,0.92725,
309,2010-11-06,00:00:00.00,7.47439,1.3434,
310,2010-11-07,00:00:00.00,0.64205,1.50823,
311,2010-11-08,00:00:00.00,0.390148,1.31361,
312,2010-11-09,00:00:00.00,0.00633995,1.15599,
313,2010-11-10,00:00:00.00,0.00286757,1.02575,
314,2010-11-11,00:00:00.00,0.242956,0.916896,
315,2010-11-12,00:00:00.00,0,0.824856,
316,2010-11-13,00:00:00.00,0,0.74607,
317,2010-11-14,00:00:00.00,0,0.678083,
318,2010-11-15,00:00:00.00,1.21973,0.622007,
319,2010-11-16,00:00:00.00,0.0305039,0.57327,
320,2010-11-17,00:00:00.00,14.171,1.04536,
321,2010-11-18,00:00:00.00,9.25715,1.96047,
322,2010-11-19,00:00:00.00,2.22478,2.31441,
323,2010-11-20,00:00:00.00,0.0642122,2.07055,
324,2010-11-21,00:00:00.00,0.211264,1.75446,
325,2010-11-22,00:00:00.00,0.0164015,1.50916,
326,2010-11-23,00:00:00.00,17.0426,3.01695,
327,2010-11-24,00:00:00.00,5.17437,4.79659,
328,2010-11-25,00:00:00.00,0.14007,4.34995,
329,2010-11-26,00:00:00.00,6.08647,4.17172,
330,2010-11-27,00:00:00.00,8.43469,4.77849,
331,2010-11-28,00:00:00.00,3.24241,4.46762,
332,2010-11-29,00:00:00.00,0.188911,3.54871,
333,2010-11-30,00:00:00.00,0.0400684,2.81796,
334,2010-12-01,00:00:00.00,14.6055,5.8622,
335,2010-12-02,00:00:00.00,32.5901,19.356,
336,2010-12-03,00:00:00.00,3.30958,21.3796,
337,2010-12-04,00:00:00.00,0.842494,10.6004,
338,2010-12-05,00:00:00.00,0.909661,6.70153,
339,2010-12-06,00:00:00.00,4.38631,4.7467,
340,2010-12-07,00:00:00.00,6.76439,3.5937,
341,2010-12-08,00:00:00.00,2.06235,2.84359,
342,2010-12-09,00:00:00.00,0.188398,2.32222,
343,2010-12-10,00:00:00.00,0.130044,1.94215,
344,2010-12-11,00:00:00.00,0.222358,1.65454,
345,2010-12-12,00:00:00.00,0.0101409,1.43001,
346,2010-12-13,00:00:00.00,4.57988,2.46798,
347,2010-12-14,00:00:00.00,6.19902,3.23199,
348,2010-12-15,00:00:00.00,10.1925,2.5986,
349,2010-12-16,00:00:00.00,0.631839,2.1483,
350,2010-12-17,00:00:00.00,0.656235,1.81384,
351,2010-12-18,00:00:00.00,1.58204,1.5569,
352,2010-12-19,00:00:00.00,0.755231,1.3543,
353,2010-12-20,00:00:00.00,0.357647,1.19118,
354,2010-12-21,00:00:00.00,1.638,1.0575,
355,2010-12-22,00:00:00.00,0.274153,0.946278,
356,2010-12-23,00:00:00.00,1.93628,0.852596,
357,2010-12-24,00:00:00.00,1.98498,0.772788,
358,2010-12-25,00:00:00.00,0.531971,0.704139,
359,2010-12-26,00:00:00.00,1.27501,0.6446,
360,2010-12-27,00:00:00.00,1.81976,0.592589,
361,2010-12-28,00:00:00.00,1.11683,0.546872,
362,2010-12-29,00:00:00.00,0.606326,0.506404,
363,2010-12-30,00:00:00.00,0.195655,0.470348,
364,2010-12-31,00:00:00.00,0.0646421,0.438046,
365,2011-01-01,00:00:00.00,1.42021,6.19614,
366,2011-01-02,00:00:00.00,6.11022,10.8734,
367,2011-01-03,00:00:00.00,1.5819,8.08012,
368,2011-01-04,00:00:00.00,1.03479,5.48648,
369,2011-01-05,00:00:00.00,5.78282,4.15386,
370,2011-01-06,00:00:00.00,1.62805,3.32693,
371,2011-01-07,00:00:00.00,1.51523,2.66501,
372,2011-01-08,00:00:00.00,1.8471,2.19642,
373,2011-01-09,00:00:00.00,2.32593,1.84994,
374,2011-01-10,00:00:00.00,1.1854,1.58504,
375,2011-01-11,00:00:00.00,0.288571,1.37708,
376,2011-01-12,00:00:00.00,4.91687,1.21011,
377,2011-01-13,00:00:00.00,10.1449,1.07352,
378,2011-01-14,00:00:00.00,2.30166,0.960192,
379,2011-01-15,00:00:00.00,0.858549,0.864911,
380,2011-01-16,00:00:00.00,6.42382,0.783763,
381,2011-01-17,00:00:00.00,0.31541,0.713986,
382,2011-01-18,00:00:00.00,0.115351,0.653551,
383,2011-01-19,00:00:00.00,2.14575,0.61986,
384,2011-01-20,00:00:00.00,2.08621,0.590438,
385,2011-01-21,00:00:00.00,2.44748,0.545517,
386,2011-01-22,00:00:00.00,3.21923,0.505707,
387,2011-01-23,00:00:00.00,2.37357,0.470271,
388,2011-01-24,00:00:00.00,6.70153,0.438632,
389,2011-01-25,00:00:00.00,0.514532,0.41026,
390,2011-01-26,00:00:00.00,1.376,0.384624,
391,2011-01-27,00:00:00.00,0.333713,0.36129,
392,2011-01-28,00:00:00.00,0.680554,0.339973,
393,2011-01-29,00:00:00.00,1.26894,0.320453,
394,2011-01-30,00:00:00.00,1.10178,0.302538,
395,2011-01-31,00:00:00.00,0.513412,0.286072,
396,2011-02-01,00:00:00.00,0.260087,0.270927,
397,2011-02-02,00:00:00.00,4.15628,0.256969,
398,2011-02-03,00:00:00.00,20.0312,0.244056,
399,2011-02-04,00:00:00.00,1.14757,0.232089,
400,2011-02-05,00:00:00.00,0.00226069,0.220986,
401,2011-02-06,00:00:00.00,8.19555,0.218171,
402,2011-02-07,00:00:00.00,0.667584,0.215597,
403,2011-02-08,00:00:00.00,3.98307,0.209881,
404,2011-02-09,00:00:00.00,2.9759,0.204593,
405,2011-02-10,00:00:00.00,0.0726277,0.195541,
406,2011-02-11,00:00:00.00,1.02798,0.187085,
407,2011-02-12,00:00:00.00,0.0989715,0.179172,
408,2011-02-13,00:00:00.00,7.63783,0.171739,
409,2011-02-14,00:00:00.00,1.46142,0.164946,
410,2011-02-15,00:00:00.00,1.03249,0.158903,
411,2011-02-16,00:00:00.00,0.00136156,0.15304,
412,2011-02-17,00:00:00.00,0.26009,0.14718,
413,2011-02-18,00:00:00.00,1.70742,5.73582,
414,2011-02-19,00:00:00.00,0.150054,17.7855,
415,2011-02-20,00:00:00.00,1.82159,17.9963,
416,2011-02-21,00:00:00.00,2.29061,9.5165,
417,2011-02-22,00:00:00.00,5.39196,6.18348,
418,2011-02-23,00:00:00.00,0.273223,4.4435,
419,2011-02-24,00:00:00.00,0.00159965,3.39264,
420,2011-02-25,00:00:00.00,2.48347,2.71077,
421,2011-02-26,00:00:00.00,19.0402,2.50728,
422,2011-02-27,00:00:00.00,3.1567,2.35028,
423,2011-02-28,00:00:00.00,1.45602,1.96053,
424,2011-03-01,00:00:00.00,22.7718,6.48929,
425,2011-03-02,00:00:00.00,0.193859,9.10804,
426,2011-03-03,00:00:00.00,0.637608,5.98695,
427,2011-03-04,00:00:00.00,0.0531128,4.32789,
428,2011-03-05,00:00:00.00,1.94692,3.3379,
429,2011-03-06,00:00:00.00,25.8132,43.7149,
430,2011-03-07,00:00:00.00,14.2751,53.627,
431,2011-03-08,00:00:00.00,0.00178136,17.0496,
432,2011-03-09,00:00:00.00,0,9.19518,
433,2011-03-10,00:00:00.00,5.38843,6.54318,
434,2011-03-11,00:00:00.00,6.62626,17.8949,
435,2011-03-12,00:00:00.00,3.39767,22.3134,
436,2011-03-13,00:00:00.00,0.931403,11.7197,
437,2011-03-14,00:00:00.00,1.01834,7.18657,
438,2011-03-15,00:00:00.00,0.345333,5.00172,
439,2011-03-16,00:00:00.00,0.561675,3.73878,
440,2011-03-17,00:00:00.00,2.9559,3.23979,
441,2011-03-18,00:00:00.00,0.00453122,2.90342,
442,2011-03-19,00:00:00.00,0.168589,2.35081,
443,2011-03-20,00:00:00.00,0.0163151,1.94908,
444,2011-03-21,00:00:00.00,0.105847,1.64673,
445,2011-03-22,00:00:00.00,18.215,2.79775,
446,2011-03-23,00:00:00.00,0.976071,3.62278,
447,2011-03-24,00:00:00.00,13.0992,2.8899,
448,2011-03-25,00:00:00.00,0.352514,2.3834,
449,2011-03-26,00:00:00.00,1.13219,1.98095,
450,2011-03-27,00:00:00.00,0.0836041,1.67752,
451,2011-03-28,00:00:00.00,0.0151213,1.44201,
452,2011-03-29,00:00:00.00,0.0140671,1.25479,
453,2011-03-30,00:00:00.00,0.00224307,1.10298,
454,2011-03-31,00:00:00.00,2.49345,0.979278,
455,2011-04-01,00:00:00.00,4.78315,1.26332,
456,2011-04-02,00:00:00.00,0.800998,1.58535,
457,2011-04-03,00:00:00.00,0.00459227,1.83426,
458,2011-04-04,00:00:00.00,3.07225,2.06922,
459,2011-04-05,00:00:00.00,21.9875,5.1958,
460,2011-04-06,00:00:00.00,2.35339,7.01089,
461,2011-04-07,00:00:00.00,4.2358,5.10373,
462,2011-04-08,00:00:00.00,0.00251585,4.17039,
463,2011-04-09,00:00:00.00,0.126332,3.3927,
464,2011-04-10,00:00:00.00,0.00309577,2.69823,
465,2011-04-11,00:00:00.00,0.00563551,2.20329,
466,2011-04-12,00:00:00.00,0.0231194,1.83629,
467,2011-04-13,00:00:00.00,0.0632541,1.55673,
468,2011-04-14,00:00:00.00,16.3376,2.15119,
469,2011-04-15,00:00:00.00,0.0579562,2.59562,
470,2011-04-16,00:00:00.00,0.00132246,2.12542,
471,2011-04-17,00:00:00.00,15.512,2.90819,
472,2011-04-18,00:00:00.00,2.45483,3.51185,
473,2011-04-19,00:00:00.00,3.1518,3.01187,
474,2011-04-20,00:00:00.00,6.84393,3.21887,
475,2011-04-21,00:00:00.00,24.781,8.37249,
476,2011-04-22,00:00:00.00,1.01204,10.5532,
477,2011-04-23,00:00:00.00,0.905079,6.66061,
478,2011-04-24,00:00:00.00,18.233,8.19415,
479,2011-04-25,00:00:00.00,0.669756,8.94479,
480,2011-04-26,00:00:00.00,30.331,14.1465,
481,2011-04-27,00:00:00.00,4.04254,16.4211,
482,2011-04-28,00:00:00.00,9.14458,10.8816,
483,2011-04-29,00:00:00.00,1.63149,8.4585,
484,2011-04-30,00:00:00.00,1.52192,5.66142,
485,2011-05-01,00:00:00.00,0.0252549,4.12896,
486,2011-05-02,00:00:00.00,3.85656,3.2523,
487,2011-05-03,00:00:00.00,6.57098,3.02324,
488,2011-05-04,00:00:00.00,30.0593,9.10929,
489,2011-05-05,00:00:00.00,0.431685,11.8972,
490,2011-05-06,00:00:00.00,0.00828387,7.22274,
491,2011-05-07,00:00:00.00,0.165626,4.98124,
492,2011-05-08,00:00:00.00,0.43238,3.69376,
493,2011-05-09,00:00:00.00,0.000236971,2.87286,
494,2011-05-10,00:00:00.00,0.000366419,2.31171,
495,2011-05-11,00:00:00.00,0.0048076,1.90871,
496,2011-05-12,00:00:00.00,0.000617835,1.60815,
497,2011-05-13,00:00:00.00,0.00455849,1.3772,
498,2011-05-14,00:00:00.00,13.8317,1.32824,
499,2011-05-15,00:00:00.00,11.0626,1.55743,
500,2011-05-16,00:00:00.00,27.6271,4.97434,
501,2011-05-17,00:00:00.00,3.10889,7.0175,
502,2011-05-18,00:00:00.00,2.92084,5.05257,
503,2011-05-19,00:00:00.00,21.1364,7.89938,
504,2011-05-20,00:00:00.00,1.71444,9.34181,
505,2011-05-21,00:00:00.00,1.01267,6.08127,
506,2011-05-22,00:00:00.00,0.0276418,4.35359,
507,2011-05-23,00:00:00.00,0.0583443,3.30214,
508,2011-05-24,00:00:00.00,9.23149,2.89304,
509,2011-05-25,00:00:00.00,2.0631,2.61522,
510,2011-05-26,00:00:00.00,0.000959708,2.13152,
511,2011-05-27,00:00:00.00,17.1686,2.49894,
512,2011-05-28,00:00:00.00,14.4191,4.08032,
513,2011-05-29,00:00:00.00,0.803386,4.43827,
514,2011-05-30,00:00:00.00,6.85071,3.6352,
515,2011-05-31,00:00:00.00,0.106067,3.11375,
516,2011-06-01,00:00:00.00,0.00369431,2.48258,
517,2011-06-02,00:00:00.00,0.0241296,2.03356,
518,2011-06-03,00:00:00.00,3.75497e-308,1.70234,
519,2011-06-04,00:00:00.00,3.15002e-308,1.45025,
520,2011-06-05,00:00:00.00,9.25372,1.30953,
521,2011-06-06,00:00:00.00,0.000906689,1.19794,
522,2011-06-07,00:00:00.00,0.00582223,1.05147,
523,2011-06-08,00:00:00.00,4.04889,0.931706,
524,2011-06-09,00:00:00.00,1.243,0.832381,
525,2011-06-10,00:00:00.00,0.0017976,0.748957,
526,2011-06-11,00:00:00.00,0.0529392,0.678124,
527,2011-06-12,00:00:00.00,2.11636,0.617402,
528,2011-06-13,00:00:00.00,1.88336,0.564902,
529,2011-06-14,00:00:00.00,0.354475,0.519162,
530,2011-06-15,00:00:00.00,2.44158,0.479037,
531,2011-06-16,00:00:00.00,0.00237057,0.443619,
532,2011-06-17,00:00:00.00,2.93992,0.41218,
533,2011-06-18,00:00:00.00,0.130341,0.384129,
534,2011-06-19,00:00:00.00,0.0026061,0.358983,
535,2011-06-20,00:00:00.00,5.45371e-308,0.336344,
536,2011-06-21,00:00:00.00,0.0156098,0.315881,
537,2011-06-22,00:00:00.00,8.08094,0.298116,
538,2011-06-23,00:00:00.00,19.1367,0.354652,
539,2011-06-24,00:00:00.00,15.3565,0.858882,
540,2011-06-25,00:00:00.00,15.2719,1.83821,
541,2011-06-26,00:00:00.00,1.96399,2.18007,
542,2011-06-27,00:00:00.00,0.120806,1.82803,
543,2011-06-28,00:00:00.00,0.00169403,1.55271,
544,2011-06-29,00:00:00.00,0.289806,1.33576,
545,2011-06-30,00:00:00.00,0.477289,1.1629,
546,2011-07-01,00:00:00.00,0.00891755,1.02309,
547,2011-07-02,00:00:00.00,0.000990291,0.908303,
548,2011-07-03,00:00:00.00,0.0229892,0.812802,
549,2011-07-04,00:00:00.00,0.789598,0.732394,
550,2011-07-05,00:00:00.00,0.000318344,0.663974,
551,2011-07-06,00:00:00.00,0.00019652,0.605206,
552,2011-07-07,00:00:00.00,0.0720592,0.554306,
553,2011-07-08,00:00:00.00,0.0172219,0.509889,
554,2011-07-09,00:00:00.00,0.00848254,0.470871,
555,2011-07-10,00:00:00.00,0.0202958,0.436385,
556,2011-07-11,00:00:00.00,0.00286918,0.405738,
557,2011-07-12,00:00:00.00,0.00583839,0.378364,
558,2011-07-13,00:00:00.00,0.000787859,0.353801,
559,2011-07-14,00:00:00.00,0.000588865,0.331667,
560,2011-07-15,00:00:00.00,0,0.311643,
561,2011-07-16,00:00:00.00,0,0.293463,
562,2011-07-17,00:00:00.00,0,0.2769,
563,2011-07-18,00:00:00.00,1.26322e-308,0.261764,
564,2011-07-19,00:00:00.00,0.366402,0.247892,
565,2011-07-20,00:00:00.00,1.36707,0.235142,
566,2011-07-21,00:00:00.00,0.000465705,0.223394,
567,2011-07-22,00:00:00.00,0.0630844,0.212543,
568,2011-07-23,00:00:00.00,0.00567861,0.202497,
569,2011-07-24,00:00:00.00,0.368712,0.193178,
570,2011-07-25,00:00:00.00,2.58855,0.184514,
571,2011-07-26,00:00:00.00,7.75841,0.176775,
572,2011-07-27,00:00:00.00,0.102609,0.169555,
573,2011-07-28,00:00:00.00,3.29077e-308,0.162476,
574,2011-07-29,00:00:00.00,5.942,0.156231,
575,2011-07-30,00:00:00.00,4.48844,0.15051,
576,2011-07-31,00:00:00.00,0.0670324,0.144756,
577,2011-08-01,00:00:00.00,5.88306,0.139739,
578,2011-08-02,00:00:00.00,2.45296,0.135018,
579,2011-08-03,00:00:00.00,0.02409,0.130042,
580,2011-08-04,00:00:00.00,11.4002,0.1327,
581,2011-08-05,00:00:00.00,0.451966,0.135218,
582,2011-08-06,00:00:00.00,3.8742e-308,0.130243,
583,2011-08-07,00:00:00.00,1.16227,0.12554,
584,2011-08-08,00:00:00.00,15.759,0.250584,
585,2011-08-09,00:00:00.00,0.555126,0.275078,
586,2011-08-10,00:00:00.00,13.9577,0.575467,
587,2011-08-11,00:00:00.00,2.74825,0.649935,
588,2011-08-12,00:00:00.00,0.00672229,0.312122,
589,2011-08-13,00:00:00.00,0.0140344,0.294525,
590,2011-08-14,00:00:00.00,0.0215982,0.278087,
591,2011-08-15,00:00:00.00,8.94113,0.292812,
592,2011-08-16,00:00:00.00,3.09882,0.306463,
593,2011-08-17,00:00:00.00,0.0434645,0.289137,
594,2011-08-18,00:00:00.00,0.00127634,0.273086,
595,2011-08-19,00:00:00.00,0.0495779,0.258315,
596,2011-08-20,00:00:00.00,1.66776,0.24474,
597,2011-08-21,00:00:00.00,1.10839,0.232248,
598,2011-08-22,00:00:00.00,29.8661,1.60013,
599,2011-08-23,00:00:00.00,0.24097,1.93861,
600,2011-08-24,00:00:00.00,0.00161075,0.85735,
601,2011-08-25,00:00:00.00,0.157182,0.771946,
602,2011-08-26,00:00:00.00,32.5866,3.26114,
603,2011-08-27,00:00:00.00,0.116488,4.79751,
604,2011-08-28,00:00:00.00,0.0129968,3.38184,
605,2011-08-29,00:00:00.00,0.0158801,2.66786,
606,2011-08-30,00:00:00.00,0.0568404,2.1683,
607,2011-08-31,00:00:00.00,0.00861894,1.80363,
608,2011-09-01,00:00:00.00,0.0143547,1.52839,
609,2011-09-02,00:00:00.00,2.16814,1.31499,
610,2011-09-03,00:00:00.00,0.00401894,1.14577,
611,2011-09-04,00:00:00.00,0.0586514,1.00896,
612,2011-09-05,00:00:00.00,10.6673,0.947654,
613,2011-09-06,00:00:00.00,9.46651,1.02601,
614,2011-09-07,00:00:00.00,1.21222,1.04081,
615,2011-09-08,00:00:00.00,2.82434,0.929402,
616,2011-09-09,00:00:00.00,0.147536,0.836337,
617,2011-09-10,00:00:00.00,0.0927697,0.752977,
618,2011-09-11,00:00:00.00,0.0519951,0.681836,
619,2011-09-12,00:00:00.00,5.63709,0.642634,
620,2011-09-13,00:00:00.00,0.105982,0.60887,
621,2011-09-14,00:00:00.00,1.21616,0.557644,
622,2011-09-15,00:00:00.00,0.121473,0.512893,
623,2011-09-16,00:00:00.00,9.50322,0.525981,
624,2011-09-17,00:00:00.00,0.0710262,0.537673,
625,2011-09-18,00:00:00.00,0.000259574,0.495672,
626,2011-09-19,00:00:00.00,0,0.458512,
627,2011-09-20,00:00:00.00,4.48474,0.437456,
628,2011-09-21,00:00:00.00,5.10354,0.439923,
629,2011-09-22,00:00:00.00,0.761366,0.430326,
630,2011-09-23,00:00:00.00,8.67974,0.467332,
631,2011-09-24,00:00:00.00,6.82446,0.583034,
632,2011-09-25,00:00:00.00,1.29854,0.619519,
633,2011-09-26,00:00:00.00,0.00417866,0.569098,
634,2011-09-27,00:00:00.00,0.00199095,0.523958,
635,2011-09-28,00:00:00.00,1.85272,0.483895,
636,2011-09-29,00:00:00.00,10.9152,0.583425,
637,2011-09-30,00:00:00.00,2.13124,0.672488,
638,2011-10-01,00:00:00.00,3.50051,0.653289,
639,2011-10-02,00:00:00.00,6.21767,0.777628,
640,2011-10-03,00:00:00.00,11.0108,1.39818,
641,2011-10-04,00:00:00.00,4.94841,2.04168,
642,2011-10-05,00:00:00.00,1.60753,2.01076,
643,2011-10-06,00:00:00.00,0.0578013,1.70994,
644,2011-10-07,00:00:00.00,0,1.47101,
645,2011-10-08,00:00:00.00,0,1.27833,
646,2011-10-09,00:00:00.00,0,1.12093,
647,2011-10-10,00:00:00.00,0,0.99108,
648,2011-10-11,00:00:00.00,0,0.882985,
649,2011-10-12,00:00:00.00,1.06526e-308,0.792182,
650,2011-10-13,00:00:00.00,9.74846,0.84613,
651,2011-10-14,00:00:00.00,1.35418,0.892574,
652,2011-10-15,00:00:00.00,16.774,1.53573,
653,2011-10-16,00:00:00.00,35.9016,10.2953,
654,2011-10-17,00:00:00.00,10.0722,17.0822,
655,2011-10-18,00:00:00.00,0.0501709,12.3721,
656,2011-10-19,00:00:00.00,1.51801,7.45871,
657,2011-10-20,00:00:00.00,5.01272,5.78223,
658,2011-10-21,00:00:00.00,16.222,8.42705,
659,2011-10-22,00:00:00.00,9.22291,11.4852,
660,2011-10-23,00:00:00.00,0.141247,9.48576,
661,2011-10-24,00:00:00.00,0.00140959,6.1639,
662,2011-10-25,00:00:00.00,2.30739,4.55832,
663,2011-10-26,00:00:00.00,1.55097,3.64109,
664,2011-10-27,00:00:00.00,15.6048,5.3789,
665,2011-10-28,00:00:00.00,5.13066,7.30483,
666,2011-10-29,00:00:00.00,0.0445368,6.02735,
667,2011-10-30,00:00:00.00,1.47113,4.4128,
668,2011-10-31,00:00:00.00,0.135502,3.43444,
669,2011-11-01,00:00:00.00,0.0578992,2.73086,
670,2011-11-02,00:00:00.00,0.00210181,2.23448,
671,2011-11-03,00:00:00.00,0,1.86795,
672,2011-11-04,00:00:00.00,0.0187743,1.58808,
673,2011-11-05,00:00:00.00,0.00149585,1.36914,
674,2011-11-06,00:00:00.00,0,1.19441,
675,2011-11-07,00:00:00.00,0,1.05236,
676,2011-11-08,00:00:00.00,0.0173832,0.935055,
677,2011-11-09,00:00:00.00,0.0509217,0.836926,
678,2011-11-10,00:00:00.00,0.00718036,0.753945,
679,2011-11-11,00:00:00.00,9.45999,0.869744,
680,2011-11-12,00:00:00.00,4.15029,1.09458,
681,2011-11-13,00:00:00.00,0.10833,1.099,
682,2011-11-14,00:00:00.00,8.55784e-308,0.976896,
683,2011-11-15,00:00:00.00,32.4881,4.83459,
684,2011-11-16,00:00:00.00,0.0199388,7.30123,
685,2011-11-17,00:00:00.00,0.20284,5.06065,
686,2011-11-18,00:00:00.00,1.97972,3.92735,
687,2011-11-19,00:00:00.00,0.22468,3.2133,
688,2011-11-20,00:00:00.00,0.0977161,2.57665,
689,2011-11-21,00:00:00.00,0.380085,2.12315,
690,2011-11-22,00:00:00.00,0.0877413,1.78658,
691,2011-11-23,00:00:00.00,12.6052,2.64328,
692,2011-11-24,00:00:00.00,12.946,5.44641,
693,2011-11-25,00:00:00.00,0.010973,6.15794,
694,2011-11-26,00:00:00.00,0.00311927,4.43141,
695,2011-11-27,00:00:00.00,1.82017e-308,3.38367,
696,2011-11-28,00:00:00.00,5.97212,3.23815,
697,2011-11-29,00:00:00.00,9.32314,4.4106,
698,2011-11-30,00:00:00.00,6.78566,5.7133,
699,2011-12-01,00:00:00.00,4.5026,6.02921,
700,2011-12-02,00:00:00.00,0.000229473,5.14318,
701,2011-12-03,00:00:00.00,3.87434,4.34561,
702,2011-12-04,00:00:00.00,3.92891e-308,3.85368,
703,2011-12-05,00:00:00.00,0.33975,3.01805,
704,2011-12-06,00:00:00.00,15.374,4.77688,
705,2011-12-07,00:00:00.00,7.41238,7.39483,
706,2011-12-08,00:00:00.00,0.618854,6.67977,
707,2011-12-09,00:00:00.00,0.241552,4.73781,
708,2011-12-10,00:00:00.00,0.894476,3.59139,
709,2011-12-11,00:00:00.00,0.19377,2.84561,
710,2011-12-12,00:00:00.00,0.155896,2.32603,
711,2011-12-13,00:00:00.00,6.37451e-308,1.94585,
712,2011-12-14,00:00:00.00,0.000438822,1.70921,
713,2011-12-15,00:00:00.00,2.63799,1.66083,
714,2011-12-16,00:00:00.00,22.76,5.08066,
715,2011-12-17,00:00:00.00,2.68693,7.58569,
716,2011-12-18,00:00:00.00,0.410112,5.73435,
717,2011-12-19,00:00:00.00,0.277823,4.19795,
718,2011-12-20,00:00:00.00,0.711634,3.24903,
719,2011-12-21,00:00:00.00,0.128928,2.61274,
720,2011-12-22,00:00:00.00,11.6037,3.61534,
721,2011-12-23,00:00:00.00,2.71347,4.78585,
722,2011-12-24,00:00:00.00,4.41555,4.19428,
723,2011-12-25,00:00:00.00,0.044087,3.31137,
724,2011-12-26,00:00:00.00,3.0522,2.81206,
725,2011-12-27,00:00:00.00,1.00997,2.88755,
726,2011-12-28,00:00:00.00,6.73568,3.95707,
727,2011-12-29,00:00:00.00,3.50235,4.2528,
728,2011-12-30,00:00:00.00,1.10079,3.28677,
729,2011-12-31,00:00:00.00,2.05947,2.79409,
730,2012-01-01,00:00:00.00,1.84163,3.17816,
731,2012-01-02,00:00:00.00,7.7633,4.46009,
732,2012-01-03,00:00:00.00,6.90854,4.64253,
733,2012-01-04,00:00:00.00,3.70034,3.59773,
734,2012-01-05,00:00:00.00,0.0965995,2.85694,
735,2012-01-06,00:00:00.00,0.296141,2.33993,
736,2012-01-07,00:00:00.00,0.00459222,1.96027,
737,2012-01-08,00:00:00.00,0.389232,2.7188,
738,2012-01-09,00:00:00.00,0.360533,3.2623,
739,2012-01-10,00:00:00.00,0.00995839,2.61988,
740,2012-01-11,00:00:00.00,0.27531,2.16241,
741,2012-01-12,00:00:00.00,0.922488,1.85746,
742,2012-01-13,00:00:00.00,17.0783,3.80177,
743,2012-01-14,00:00:00.00,11.8709,5.27247,
744,2012-01-15,00:00:00.00,2.25458,4.12978,
745,2012-01-16,00:00:00.00,0.150436,3.20649,
746,2012-01-17,00:00:00.00,3.30461,2.60877,
747,2012-01-18,00:00:00.00,3.12673,2.41947,
748,2012-01-19,00:00:00.00,0.415482,2.25816,
749,2012-01-20,00:00:00.00,4.44408,1.90062,
750,2012-01-21,00:00:00.00,0.705577,1.62754,
751,2012-01-22,00:00:00.00,3.24858,1.41319,
752,2012-01-23,00:00:00.00,0.00460344,1.24074,
753,2012-01-24,00:00:00.00,6.60505,1.45323,
754,2012-01-25,00:00:00.00,0.822185,1.62392,
755,2012-01-26,00:00:00.00,0.760724,1.40965,
756,2012-01-27,00:00:00.00,6.12092,1.37605,
757,2012-01-28,00:00:00.00,22.8631,3.51368,
758,2012-01-29,00:00:00.00,3.1364,4.93657,
759,2012-01-30,00:00:00.00,12.7593,4.19209,
760,2012-01-31,00:00:00.00,1.68281,3.64785,
761,2012-02-01,00:00:00.00,0.338805,2.88589,
762,2012-02-02,00:00:00.00,6.01301,10.4364,
763,2012-02-03,00:00:00.00,0.504912,14.0817,
764,2012-02-04,00:00:00.00,0.0742001,8.14034,
765,2012-02-05,00:00:00.00,0.0158353,5.50355,
766,2012-02-06,00:00:00.00,0.117044,4.04479,
767,2012-02-07,00:00:00.00,0.0333864,3.133,
768,2012-02-08,00:00:00.00,0.783988,2.51682,
769,2012-02-09,00:00:00.00,0.039642,2.07725,
770,2012-02-10,00:00:00.00,0.020383,1.75002,
771,2012-02-11,00:00:00.00,2.43449,1.49875,
772,2012-02-12,00:00:00.00,3.98656,1.30103,
773,2012-02-13,00:00:00.00,4.47027,1.14203,
774,2012-02-14,00:00:00.00,0.0233209,1.01181,
775,2012-02-15,00:00:00.00,1.8575,0.903746,
776,2012-02-16,00:00:00.00,0.930226,0.813071,
777,2012-02-17,00:00:00.00,2.97543,0.770867,
778,2012-02-18,00:00:00.00,1.23236,0.735189,
779,2012-02-19,00:00:00.00,3.71187,0.679435,
780,2012-02-20,00:00:00.00,0.38137,0.631215,
781,2012-02-21,00:00:00.00,0.035392,0.579558,
782,2012-02-22,00:00:00.00,1.23426,0.534158,
783,2012-02-23,00:00:00.00,10.2801,1.98582,
784,2012-02-24,00:00:00.00,2.04503,2.92975,
785,2012-02-25,00:00:00.00,14.0284,5.67884,
786,2012-02-26,00:00:00.00,4.38457,7.46543,
787,2012-02-27,00:00:00.00,0.00397347,5.15989,
788,2012-02-28,00:00:00.00,0.312754,3.84247,
789,2012-02-29,00:00:00.00,0.299167,3.00196,
790,2012-03-01,00:00:00.00,0.720565,2.42618,
791,2012-03-02,00:00:00.00,0.864707,3.55684,
792,2012-03-03,00:00:00.00,2.62062,7.19282,
793,2012-03-04,00:00:00.00,1.12253,7.84235,
794,2012-03-05,00:00:00.00,1.62206,5.35855,
795,2012-03-06,00:00:00.00,0.317161,3.96379,
796,2012-03-07,00:00:00.00,0.00518598,3.08355,
797,2012-03-08,00:00:00.00,0.00109759,2.48131,
798,2012-03-09,00:00:00.00,9.21542,2.99638,
799,2012-03-10,00:00:00.00,1.25718,3.35705,
800,2012-03-11,00:00:00.00,0.0836249,2.67238,
801,2012-03-12,00:00:00.00,0.000985644,2.18755,
802,2012-03-13,00:00:00.00,0.955421,1.83498,
803,2012-03-14,00:00:00.00,2.38094,1.59015,
804,2012-03-15,00:00:00.00,0.000340752,1.3939,
805,2012-03-16,00:00:00.00,2.38014,1.21523,
806,2012-03-17,00:00:00.00,1.53188,1.07088,
807,2012-03-18,00:00:00.00,4.16781e-308,0.951216,
808,2012-03-19,00:00:00.00,1.17347,0.850576,
809,2012-03-20,00:00:00.00,0.403041,0.76547,
810,2012-03-21,00:00:00.00,0.0203586,0.692778,
811,2012-03-22,00:00:00.00,0.000254599,0.630261,
812,2012-03-23,00:00:00.00,0.00163863,0.576159,
813,2012-03-24,00:00:00.00,0.0140253,0.52904,
814,2012-03-25,00:00:00.00,10.0878,0.535866,
815,2012-03-26,00:00:00.00,2.29924,0.544013,
816,2012-03-27,00:00:00.00,0.0237052,0.503289,
817,2012-03-28,00:00:00.00,0.0148515,0.465429,
818,2012-03-29,00:00:00.00,2.14999,0.431974,
819,2012-03-30,00:00:00.00,1.31076,0.40219,
820,2012-03-31,00:00:00.00,2.5453,0.38264,
821,2012-04-01,00:00:00.00,0.681637,0.365112,
822,2012-04-02,00:00:00.00,9.69601,0.424835,
823,2012-04-03,00:00:00.00,0.102822,0.478639,
824,2012-04-04,00:00:00.00,0.000840435,0.444356,
825,2012-04-05,00:00:00.00,0.0731741,0.413446,
826,2012-04-06,00:00:00.00,0.00783521,0.385616,
827,2012-04-07,00:00:00.00,0.000711083,0.36053,
828,2012-04-08,00:00:00.00,0,0.337859,
829,2012-04-09,00:00:00.00,0.303771,0.317318,
830,2012-04-10,00:00:00.00,0.00574262,0.298658,
831,2012-04-11,00:00:00.00,1.40182,0.28166,
832,2012-04-12,00:00:00.00,2.84867,0.268203,
833,2012-04-13,00:00:00.00,0.0366963,0.255882,
834,2012-04-14,00:00:00.00,0,0.242504,
835,2012-04-15,00:00:00.00,0.606077,0.230188,
836,2012-04-16,00:00:00.00,2.3941,0.218826,
837,2012-04-17,00:00:00.00,0.0741282,0.208319,
838,2012-04-18,00:00:00.00,1.36572e-308,0.198582,
839,2012-04-19,00:00:00.00,6.924e-308,0.189541,
840,2012-04-20,00:00:00.00,0.000924056,0.181128,
841,2012-04-21,00:00:00.00,0.000840264,0.173287,
842,2012-04-22,00:00:00.00,16.3175,0.198061,
843,2012-04-23,00:00:00.00,1.69937,0.22129,
844,2012-04-24,00:00:00.00,28.487,0.815434,
845,2012-04-25,00:00:00.00,5.35665,0.981813,
846,2012-04-26,00:00:00.00,0.23029,1.94086,
847,2012-04-27,00:00:00.00,2.12568,2.64272,
848,2012-04-28,00:00:00.00,0.419829,1.80857,
849,2012-04-29,00:00:00.00,0.000868776,1.54986,
850,2012-04-30,00:00:00.00,0.00106196,1.34192,
851,2012-05-01,00:00:00.00,9.43388,1.50477,
852,2012-05-02,00:00:00.00,6.25714,1.86065,
853,2012-05-03,00:00:00.00,0.314492,1.80978,
854,2012-05-04,00:00:00.00,0.0491967,1.54002,
855,2012-05-05,00:00:00.00,3.0345,1.32736,
856,2012-05-06,00:00:00.00,0.0104521,1.15771,
857,2012-05-07,00:00:00.00,0.00415927,1.01953,
858,2012-05-08,00:00:00.00,2.06743,0.905706,
859,2012-05-09,00:00:00.00,10.1915,0.914208,
860,2012-05-10,00:00:00.00,0.108285,0.92162,
861,2012-05-11,00:00:00.00,0.0606238,0.824646,
862,2012-05-12,00:00:00.00,0.00109335,0.742719,
863,2012-05-13,00:00:00.00,0.00037015,0.672911,
864,2012-05-14,00:00:00.00,0.0023846,0.612948,
865,2012-05-15,00:00:00.00,0.014524,0.561045,
866,2012-05-16,00:00:00.00,0.00317748,0.515791,
867,2012-05-17,00:00:00.00,0.0411001,0.476071,
868,2012-05-18,00:00:00.00,0,0.440993,
869,2012-05-19,00:00:00.00,0,0.409842,
870,2012-05-20,00:00:00.00,0.000313755,0.382037,
871,2012-05-21,00:00:00.00,0.000182601,0.357104,
872,2012-05-22,00:00:00.00,1.92383,0.334648,
873,2012-05-23,00:00:00.00,4.10287,0.314357,
874,2012-05-24,00:00:00.00,0.0841757,0.295942,
875,2012-05-25,00:00:00.00,0.000315665,0.279162,
876,2012-05-26,00:00:00.00,0.0188437,0.263834,
877,2012-05-27,00:00:00.00,0.00118855,0.249791,
878,2012-05-28,00:00:00.00,0.0364917,0.236889,
879,2012-05-29,00:00:00.00,0.0057946,0.225006,
880,2012-05-30,00:00:00.00,1.31435,0.214033,
881,2012-05-31,00:00:00.00,0.109306,0.203879,
882,2012-06-01,00:00:00.00,0.0881006,0.19446,
883,2012-06-02,00:00:00.00,19.3467,0.218358,
884,2012-06-03,00:00:00.00,1.1647,0.240589,
885,2012-06-04,00:00:00.00,20.7211,1.29789,
886,2012-06-05,00:00:00.00,2.0545,1.55472,
887,2012-06-06,00:00:00.00,0.0986956,0.714457,
888,2012-06-07,00:00:00.00,0.131023,0.651032,
889,2012-06-08,00:00:00.00,0.00116147,0.594937,
890,2012-06-09,00:00:00.00,0.0801049,0.545672,
891,2012-06-10,00:00:00.00,4.15503,0.502513,
892,2012-06-11,00:00:00.00,0.654056,0.464503,
893,2012-06-12,00:00:00.00,8.9366,0.450446,
894,2012-06-13,00:00:00.00,26.8096,1.8054,
895,2012-06-14,00:00:00.00,0.00272244,2.38414,
896,2012-06-15,00:00:00.00,0.000700731,1.49792,
897,2012-06-16,00:00:00.00,0.000543735,1.29316,
898,2012-06-17,00:00:00.00,0.000309216,1.12878,
899,2012-06-18,00:00:00.00,0.829426,0.995232,
900,2012-06-19,00:00:00.00,2.80559,0.885256,
901,2012-06-20,00:00:00.00,0.140571,0.793498,
902,2012-06-21,00:00:00.00,0,0.716033,
903,2012-06-22,00:00:00.00,0.0120928,0.649969,
904,2012-06-23,00:00:00.00,0.82393,0.593112,
905,2012-06-24,00:00:00.00,0.0244999,0.54378,
906,2012-06-25,00:00:00.00,0.482497,0.500665,
907,2012-06-26,00:00:00.00,1.45775,0.462736,
908,2012-06-27,00:00:00.00,0.00215625,0.42917,
909,2012-06-28,00:00:00.00,0.0232654,0.399305,
910,2012-06-29,00:00:00.00,0.0158858,0.372602,
911,2012-06-30,00:00:00.00,0.0222297,0.348617,
912,2012-07-01,00:00:00.00,0.0133905,0.326984,
913,2012-07-02,00:00:00.00,0.026379,0.307397,
914,2012-07-03,00:00:00.00,7.96395e-308,0.289599,
915,2012-07-04,00:00:00.00,0.630941,0.273374,
916,2012-07-05,00:00:00.00,0.104225,0.258536,
917,2012-07-06,00:00:00.00,0.00140287,0.244927,
918,2012-07-07,00:00:00.00,0.000689779,0.232413,
919,2012-07-08,00:00:00.00,7.27609,0.221057,
920,2012-07-09,00:00:00.00,0.0630167,0.210563,
921,2012-07-10,00:00:00.00,0.00669219,0.200662,
922,2012-07-11,00:00:00.00,0.0123319,0.191473,
923,2012-07-12,00:00:00.00,0.00349108,0.182928,
924,2012-07-13,00:00:00.00,0.00058768,0.174966,
925,2012-07-14,00:00:00.00,0.248438,0.167534,
926,2012-07-15,00:00:00.00,0.0132833,0.160585,
927,2012-07-16,00:00:00.00,1.80827,0.154077,
928,2012-07-17,00:00:00.00,3.52076,0.147972,
929,2012-07-18,00:00:00.00,0.100919,0.142238,
930,2012-07-19,00:00:00.00,0.150944,0.136844,
931,2012-07-20,00:00:00.00,2.30266,0.131763,
932,2012-07-21,00:00:00.00,4.51549,0.126975,
933,2012-07-22,00:00:00.00,0.292471,0.122454,
934,2012-07-23,00:00:00.00,0.0759736,0.118175,
935,2012-07-24,00:00:00.00,0.10542,0.114125,
936,2012-07-25,00:00:00.00,0.0490024,0.110288,
937,2012-07-26,00:00:00.00,0.613057,0.106648,
938,2012-07-27,00:00:00.00,15.4307,0.11061,
939,2012-07-28,00:00:00.00,4.99512,0.116731,
940,2012-07-29,00:00:00.00,8.37005,0.130166,
941,2012-07-30,00:00:00.00,0.393917,0.140561,
942,2012-07-31,00:00:00.00,0.0033184,0.135359,
943,2012-08-01,00:00:00.00,3.37279,0.130401,
944,2012-08-02,00:00:00.00,0.153767,0.125707,
945,2012-08-03,00:00:00.00,0.00903024,0.121258,
946,2012-08-04,00:00:00.00,0.0785071,0.117045,
947,2012-08-05,00:00:00.00,0.0438474,0.113055,
948,2012-08-06,00:00:00.00,17.1243,0.203406,
949,2012-08-07,00:00:00.00,0.00828676,0.222128,
950,2012-08-08,00:00:00.00,0.00144024,0.145696,
951,2012-08-09,00:00:00.00,0.0015315,0.140125,
952,2012-08-10,00:00:00.00,2.90642,0.134865,
953,2012-08-11,00:00:00.00,4.37544,0.130588,
954,2012-08-12,00:00:00.00,0.217263,0.126552,
955,2012-08-13,00:00:00.00,1.97505,0.122053,
956,2012-08-14,00:00:00.00,0.170001,0.117798,
957,2012-08-15,00:00:00.00,6.07616,0.115235,
958,2012-08-16,00:00:00.00,0.734569,0.112809,
959,2012-08-17,00:00:00.00,0.0356492,0.109041,
960,2012-08-18,00:00:00.00,3.0996,0.105466,
961,2012-08-19,00:00:00.00,0.00667295,0.10207,
962,2012-08-20,00:00:00.00,0.0473452,0.0988404,
963,2012-08-21,00:00:00.00,0.0275856,0.0957676,
964,2012-08-22,00:00:00.00,0.0140017,0.092841,
965,2012-08-23,00:00:00.00,0.00778167,0.0900514,
966,2012-08-24,00:00:00.00,0.000842381,0.0873901,
967,2012-08-25,00:00:00.00,0.00139009,0.0848493,
968,2012-08-26,00:00:00.00,0.00594539,0.0824216,
969,2012-08-27,00:00:00.00,0.0276789,0.0801003,
970,2012-08-28,00:00:00.00,4.28102,0.0778909,
971,2012-08-29,00:00:00.00,0.215637,0.0757753,
972,2012-08-30,00:00:00.00,0.0229451,0.0737364,
973,2012-08-31,00:00:00.00,3.35e-308,0.0717815,
974,2012-09-01,00:00:00.00,0.00124889,0.069906,
975,2012-09-02,00:00:00.00,9.5832e-308,0.0681055,
976,2012-09-03,00:00:00.00,3.95264e-308,0.066376,
977,2012-09-04,00:00:00.00,0.0104546,0.0647138,
978,2012-09-05,00:00:00.00,28.9769,1.02505,
979,2012-09-06,00:00:00.00,0.337102,1.09836,
980,2012-09-07,00:00:00.00,0.352934,0.205848,
981,2012-09-08,00:00:00.00,1.2311,0.196739,
982,2012-09-09,00:00:00.00,19.1293,1.30179,
983,2012-09-10,00:00:00.00,0.578259,1.52867,
984,2012-09-11,00:00:00.00,0.0741132,0.619482,
985,2012-09-12,00:00:00.00,0,0.569029,
986,2012-09-13,00:00:00.00,0,0.523833,
987,2012-09-14,00:00:00.00,0,0.483594,
988,2012-09-15,00:00:00.00,7.59313,0.492774,
989,2012-09-16,00:00:00.00,0.0509169,0.501026,
990,2012-09-17,00:00:00.00,0.00162187,0.463485,
991,2012-09-18,00:00:00.00,0.0319277,0.430037,
992,2012-09-19,00:00:00.00,13.8589,0.533105,
993,2012-09-20,00:00:00.00,0.0320053,0.624359,
994,2012-09-21,00:00:00.00,0.00223966,0.572383,
995,2012-09-22,00:00:00.00,1.35862,0.52654,
996,2012-09-23,00:00:00.00,18.7912,1.28093,
997,2012-09-24,00:00:00.00,1.44717,1.66242,
998,2012-09-25,00:00:00.00,0.565491,1.19297,
999,2012-09-26,00:00:00.00,0.00821984,1.05473,
1000,2012-09-27,00:00:00.00,5.1503,1.03693,
1001,2012-09-28,00:00:00.00,0.0473962,1.02201,
1002,2012-09-29,00:00:00.00,0.714752,0.911173,
1003,2012-09-30,00:00:00.00,0.918453,0.817826,
1004,2012-10-01,00:00:00.00,1.06876,0.738564,0.589
1005,2012-10-02,00:00:00.00,0.0293474,0.670533,0.5097
1006,2012-10-03,00:00:00.00,4.27216,0.642076,0.5097
1007,2012-10-04,00:00:00.00,0.154815,0.617505,0.4814
1008,2012-10-05,00:00:00.00,0.0142834,0.565626,0.538
1009,2012-10-06,00:00:00.00,2.12109,0.521229,0.4814
1010,2012-10-07,00:00:00.00,17.9017,1.10814,1.1044
1011,2012-10-08,00:00:00.00,8.52575,1.89331,1.161
1012,2012-10-09,00:00:00.00,0.616783,1.91249,1.1044
1013,2012-10-10,00:00:00.00,7.32453e-308,1.62896,1.076
1014,2012-10-11,00:00:00.00,0.919461,1.40588,0.7079
1015,2012-10-12,00:00:00.00,0.100588,1.22734,0.5663
1016,2012-10-13,00:00:00.00,1.5238,1.09143,0.538
1017,2012-10-14,00:00:00.00,1.07488,0.980117,0.5663
1018,2012-10-15,00:00:00.00,7.41481,1.09225,0.6796
1019,2012-10-16,00:00:00.00,0.226169,1.18512,0.8212
1020,2012-10-17,00:00:00.00,0.0129275,1.04814,0.8495
1021,2012-10-18,00:00:00.00,0.000207277,0.933611,0.6513
1022,2012-10-19,00:00:00.00,9.45596,1.12342,0.623
1023,2012-10-20,00:00:00.00,2.9619,1.35393,1.3875
1024,2012-10-21,00:00:00.00,3.34041,1.37036,1.9822
1025,2012-10-22,00:00:00.00,0.0435546,1.31118,1.3592
1026,2012-10-23,00:00:00.00,0.101851,1.15198,1.4158
1027,2012-10-24,00:00:00.00,22.1772,2.96776,2.86
1028,2012-10-25,00:00:00.00,3.73364,4.60669,9.4295
1029,2012-10-26,00:00:00.00,0.130566,3.85144,3.5679
1030,2012-10-27,00:00:00.00,0.0726658,3.00408,2.1238
1031,2012-10-28,00:00:00.00,8.06115,3.13943,4.9554
1032,2012-10-29,00:00:00.00,10.0681,5.05526,9.3162
1033,2012-10-30,00:00:00.00,39.8074,39.8797,16.6786
1034,2012-10-31,00:00:00.00,15.5833,68.3056,107.604
1035,2012-11-01,00:00:00.00,2.69481,47.5778,16.6786
1036,2012-11-02,00:00:00.00,6.49167,30.7689,16.4804
1037,2012-11-03,00:00:00.00,2.10816,24.7496,15.5459
1038,2012-11-04,00:00:00.00,0.776848,16.8609,7.504
1039,2012-11-05,00:00:00.00,0.281047,12.3789,5.0687
1040,2012-11-06,00:00:00.00,0.453039,9.78084,3.8228
1041,2012-11-07,00:00:00.00,0,8.03385,3.1715
1042,2012-11-08,00:00:00.00,0.00109187,6.77862,2.5768
1043,2012-11-09,00:00:00.00,0,5.83583,2.1804
1044,2012-11-10,00:00:00.00,0.0107333,5.10265,1.9539
1045,2012-11-11,00:00:00.00,0.921662,4.61074,1.784
1046,2012-11-12,00:00:00.00,0.0362763,4.1749,1.699
1047,2012-11-13,00:00:00.00,9.67985,6.22959,1.6424
1048,2012-11-14,00:00:00.00,2.73811,7.755,4.6723
1049,2012-11-15,00:00:00.00,0.000189357,6.20316,3.8794
1050,2012-11-16,00:00:00.00,0,5.12543,2.6335
1051,2012-11-17,00:00:00.00,0,4.54058,2.1238
1052,2012-11-18,00:00:00.00,0,4.06279,1.8123
1053,2012-11-19,00:00:00.00,4.89731e-308,3.66543,1.6141
1054,2012-11-20,00:00:00.00,0.0181084,3.33069,1.5008
1055,2012-11-21,00:00:00.00,0.000387332,3.0455,1.4442
1056,2012-11-22,00:00:00.00,0.000458213,2.79996,1.3875
1057,2012-11-23,00:00:00.00,0.000973214,2.58664,1.3309
1058,2012-11-24,00:00:00.00,1.79724,2.52688,1.3309
1059,2012-11-25,00:00:00.00,0.619039,2.40917,1.4442
1060,2012-11-26,00:00:00.00,0.81641,2.17963,2.0388
1061,2012-11-27,00:00:00.00,0.551004,2.04313,2.5202
1062,2012-11-28,00:00:00.00,0.137946,1.92086,1.3592
1063,2012-11-29,00:00:00.00,0.920535,1.81102,1.3026
1064,2012-11-30,00:00:00.00,0.0682315,1.71174,1.3875
1065,2012-12-01,00:00:00.00,1.74243,1.6465,1.3592
1066,2012-12-02,00:00:00.00,0.0307722,1.572,1.3875
1067,2012-12-03,00:00:00.00,9.30026,3.17098,1.7556
1068,2012-12-04,00:00:00.00,0.170784,3.65916,4.7855
1069,2012-12-05,00:00:00.00,8.13301,4.13484,4.1059
1070,2012-12-06,00:00:00.00,0.35598,4.64168,17.8113
1071,2012-12-07,00:00:00.00,0.00433409,3.35887,6.9943
1072,2012-12-08,00:00:00.00,1.29068,3.2284,4.1059
1073,2012-12-09,00:00:00.00,5.43311,4.36437,4.3042
1074,2012-12-10,00:00:00.00,2.0197,5.01427,5.8616
1075,2012-12-11,00:00:00.00,5.08292,5.64715,11.2701
1076,2012-12-12,00:00:00.00,0.576674,5.72123,12.8558
1077,2012-12-13,00:00:00.00,1.03435,4.45685,6.9093
1078,2012-12-14,00:00:00.00,0.000887083,4.02148,4.5307
1079,2012-12-15,00:00:00.00,0.0484384,3.83549,3.5396
1080,2012-12-16,00:00:00.00,0.260911,3.60009,3.1149
1081,2012-12-17,00:00:00.00,1.37189,3.38265,2.9166
1082,2012-12-18,00:00:00.00,6.34209,4.91023,3.2281
1083,2012-12-19,00:00:00.00,9.51676,8.98459,9.741
1084,2012-12-20,00:00:00.00,0.110229,9.30156,17.2166
1085,2012-12-21,00:00:00.00,5.77853,8.98013,7.0792
1086,2012-12-22,00:00:00.00,15.2417,18.7849,5.8899
1087,2012-12-23,00:00:00.00,7.49836,21.2217,7.7305
1088,2012-12-24,00:00:00.00,0.944339,13.7771,5.8333
1089,2012-12-25,00:00:00.00,1.00014,10.5834,5.1537
1090,2012-12-26,00:00:00.00,1.33007,8.60414,4.6156
1091,2012-12-27,00:00:00.00,22.1548,7.21807,4.2192
1092,2012-12-28,00:00:00.00,10.6818,6.19261,3.6812
1093,2012-12-29,00:00:00.00,0.629954,5.40512,4.8139
1094,2012-12-30,00:00:00.00,7.24128,4.78225,5.6634
1095,2012-12-31,00:00:00.00,0.941332,4.27765,5.3802
1096,2013-01-01,00:00:00.00,0.50935,3.86154,5.3802
1097,2013-01-02,00:00:00.00,0.361712,3.51285,5.097
1098,2013-01-03,00:00:00.00,0.777683,3.21656,4.8139
1099,2013-01-04,00:00:00.00,1.57409,2.96185,4.5307
1100,2013-01-05,00:00:00.00,0.352532,2.74038,4.2475
1101,2013-01-06,00:00:00.00,0.0579408,2.54592,4.2475
1102,2013-01-07,00:00:00.00,0.94495,2.37525,4.5307
1103,2013-01-08,00:00:00.00,0.405172,2.22416,4.2475
1104,2013-01-09,00:00:00.00,3.13674e-308,2.0878,4.2475
1105,2013-01-10,00:00:00.00,0.231324,5.54341,4.8139
1106,2013-01-11,00:00:00.00,0.010846,6.8277,7.0792
1107,2013-01-12,00:00:00.00,1.9153,4.73188,8.7782
1108,2013-01-13,00:00:00.00,0.0222861,34.8436,39.0772
1109,2013-01-14,00:00:00.00,1.05884,45.599,31.1485
1110,2013-01-15,00:00:00.00,0.196935,21.9185,18.236
1111,2013-01-16,00:00:00.00,0.0266949,15.1639,8.9481
1112,2013-01-17,00:00:00.00,0.0819157,11.4873,6.0032
1113,2013-01-18,00:00:00.00,0.928075,9.17876,4.9554
1114,2013-01-19,00:00:00.00,0.658126,7.60228,3.5962
1115,2013-01-20,00:00:00.00,0.120615,6.45849,3.7095
1116,2013-01-21,00:00:00.00,0.931803,5.59142,4.0776
1117,2013-01-22,00:00:00.00,1.15987,4.9161,2.8317
1118,2013-01-23,00:00:00.00,1.17845,4.37813,2.5485
1119,2013-01-24,00:00:00.00,1.53221,3.94037,2.4352
1120,2013-01-25,00:00:00.00,1.55445,3.57699,2.2653
1121,2013-01-26,00:00:00.00,0.44865,3.27043,2.0388
1122,2013-01-27,00:00:00.00,0.0675484,3.00791,1.8123
1123,2013-01-28,00:00:00.00,0.136757,2.77979,1.8123
1124,2013-01-29,00:00:00.00,10.1989,4.27461,2.2653
1125,2013-01-30,00:00:00.00,14.188,17.8652,18.1228
1126,2013-01-31,00:00:00.00,3.07197,23.6952,67.9604
1127,2013-02-01,00:00:00.00,3.62973,15.0086,37.3782
1128,2013-02-02,00:00:00.00,9.70504,11.174,11.8648
1129,2013-02-03,00:00:00.00,3.49958,8.98841,6.796
1130,2013-02-04,00:00:00.00,1.5352,7.48162,5.3802
1131,2013-02-05,00:00:00.00,1.03182,6.38261,4.2475
1132,2013-02-06,00:00:00.00,0.240487,5.54685,3.9644
1133,2013-02-07,00:00:00.00,0.525573,4.8894,3.9644
1134,2013-02-08,00:00:00.00,0.0796373,4.35822,3.398
1135,2013-02-09,00:00:00.00,30.8981,8.59318,3.398
1136,2013-02-10,00:00:00.00,3.94141,10.2877,3.398
1137,2013-02-11,00:00:00.00,0.0367973,6.95212,3.6812
1138,2013-02-12,00:00:00.00,3.01254,6.54951,7.3624
1139,2013-02-13,00:00:00.00,1.17548,6.05493,13.0257
1140,2013-02-14,00:00:00.00,0.0923912,5.08978,7.504
1141,2013-02-15,00:00:00.00,0.518484,4.51617,6.5129
1142,2013-02-16,00:00:00.00,0.395131,4.04765,8.2685
1143,2013-02-17,00:00:00.00,0.130244,3.65855,5.5218
1144,2013-02-18,00:00:00.00,1.34365,3.3321,3.2564
1145,2013-02-19,00:00:00.00,0.0987858,3.05383,2.6618
1146,2013-02-20,00:00:00.00,2.34543,2.86982,5.097
1147,2013-02-21,00:00:00.00,1.25591,2.68353,6.2297
1148,2013-02-22,00:00:00.00,0.65157,2.46489,3.9644
1149,2013-02-23,00:00:00.00,0.570905,2.29902,3.9644
1150,2013-02-24,00:00:00.00,0.527194,2.15068,3.7095
1151,2013-02-25,00:00:00.00,0.411304,2.01788,3.6246
1152,2013-02-26,00:00:00.00,0.0809967,1.89827,3.3414
1153,2013-02-27,00:00:00.00,8.71153,2.27892,3.7378
1154,2013-02-28,00:00:00.00,11.379,4.64836,25.4852
1155,2013-03-01,00:00:00.00,2.55866,5.1102,23.418
1156,2013-03-02,00:00:00.00,0.806694,3.47198,11.4117
1157,2013-03-03,00:00:00.00,1.83253,3.16989,7.419
1158,2013-03-04,00:00:00.00,2.47499,2.91958,5.9465
1159,2013-03-05,00:00:00.00,0.851151,2.701,5.2103
1160,2013-03-06,00:00:00.00,0.135997,2.50775,4.7006
1161,2013-03-07,00:00:00.00,0.27736,2.33576,4.5024
1162,2013-03-08,00:00:00.00,1.10714,2.18307,5.1253
1163,2013-03-09,00:00:00.00,0.57857,2.04687,5.1537
1164,2013-03-10,00:00:00.00,0.00729945,1.92363,5.9182
1165,2013-03-11,00:00:00.00,0.0325665,27.5656,10.817
1166,2013-03-12,00:00:00.00,0.836406,50.4188,31.7149
1167,2013-03-13,00:00:00.00,4.33803,38.7627,35.1129
1168,2013-03-14,00:00:00.00,1.83093,24.2221,13.5071
1169,2013-03-15,00:00:00.00,0.672472,15.9608,7.8438
1170,2013-03-16,00:00:00.00,0.235198,11.9276,6.0598
1171,2013-03-17,00:00:00.00,0.316029,9.43501,5.0404
1172,2013-03-18,00:00:00.00,0.173169,7.75069,4.0493
1173,2013-03-19,00:00:00.00,3.08278,6.54277,3.7661
1174,2013-03-20,00:00:00.00,2.15851,5.63854,4.3325
1175,2013-03-21,00:00:00.00,1.88805,4.93525,4.1059
1176,2013-03-22,00:00:00.00,1.87803,4.37226,3.8511
1177,2013-03-23,00:00:00.00,1.88321,3.91305,3.9077
1178,2013-03-24,00:00:00.00,0.159193,3.53146,3.8228
1179,2013-03-25,00:00:00.00,0.00742608,3.21012,3.7378
1180,2013-03-26,00:00:00.00,0.155578,2.93647,4.2192
1181,2013-03-27,00:00:00.00,0.917433,2.70153,4.3891
1182,2013-03-28,00:00:00.00,1.57985,2.49841,7.7871
1183,2013-03-29,00:00:00.00,0.696885,2.32084,9.118
1184,2013-03-30,00:00:00.00,0.156987,2.82069,11.4966
1185,2013-03-31,00:00:00.00,0.00755371,3.95882,19.8501
1186,2013-04-01,00:00:00.00,1.36556,3.77979,16.4521
1187,2013-04-02,00:00:00.00,1.99451,2.92618,15.6309
1188,2013-04-03,00:00:00.00,0.867801,2.70094,10.5905
1189,2013-04-04,00:00:00.00,0.272277,2.50207,6.8527
1190,2013-04-05,00:00:00.00,0.00333408,2.32605,5.4368
1191,2013-04-06,00:00:00.00,0.0595684,2.27898,5.72
1192,2013-04-07,00:00:00.00,0.0384122,2.17801,4.8422
1193,2013-04-08,00:00:00.00,0.10038,1.97826,4.2475
1194,2013-04-09,00:00:00.00,1.21287,1.8596,4.8988
1195,2013-04-10,00:00:00.00,15.6979,3.75427,4.8139
1196,2013-04-11,00:00:00.00,32.9573,20.7654,48.1386
1197,2013-04-12,00:00:00.00,7.24904,30.9637,62.5802
1198,2013-04-13,00:00:00.00,16.2786,34.617,62.2971
1199,2013-04-14,00:00:00.00,0.761441,32.5368,34.8297
1200,2013-04-15,00:00:00.00,0.139564,18.5752,17.3865
1201,2013-04-16,00:00:00.00,5.31744e-308,13.3236,11.4117
1202,2013-04-17,00:00:00.00,6.12345,11.6516,8.0986
1203,2013-04-18,00:00:00.00,0.00404321,10.2939,9.2596
1204,2013-04-19,00:00:00.00,0.0086687,7.96088,7.0792
1205,2013-04-20,00:00:00.00,2.64975,6.65265,5.6634
1206,2013-04-21,00:00:00.00,1.41988,5.69216,5.4652
1207,2013-04-22,00:00:00.00,0.00211206,4.95367,5.0687
1208,2013-04-23,00:00:00.00,0,4.36819,4.2192
1209,2013-04-24,00:00:00.00,2.82295e-308,3.89499,3.6246
1210,2013-04-25,00:00:00.00,5.92666,3.80517,3.483
1211,2013-04-26,00:00:00.00,0.503576,3.59909,5.4085
1212,2013-04-27,00:00:00.00,0.00128679,3.12695,4.0776
1213,2013-04-28,00:00:00.00,0.000277303,2.86137,3.2848
1214,2013-04-29,00:00:00.00,1.65706,2.63382,2.9166
1215,2013-04-30,00:00:00.00,1.31493,2.43703,3.0299
1216,2013-05-01,00:00:00.00,0.0136706,2.26514,3.0582
1217,2013-05-02,00:00:00.00,0.0077934,2.1139,2.5768
1218,2013-05-03,00:00:00.00,0,1.97994,2.2087
1219,2013-05-04,00:00:00.00,6.6102e-308,1.86056,1.9539
1220,2013-05-05,00:00:00.00,3.3051e-308,1.75354,1.8123
1221,2013-05-06,00:00:00.00,0,1.65713,1.6424
1222,2013-05-07,00:00:00.00,0,1.56986,1.5291
1223,2013-05-08,00:00:00.00,1.30148e-308,1.49053,1.4442
1224,2013-05-09,00:00:00.00,5.41673,1.42222,1.4158
1225,2013-05-10,00:00:00.00,9.49582,1.46235,3.7378
1226,2013-05-11,00:00:00.00,9.82782,1.80589,4.3325
1227,2013-05-12,00:00:00.00,3.74416,1.85591,8.6366
1228,2013-05-13,00:00:00.00,3.28981,1.64819,4.3608
1229,2013-05-14,00:00:00.00,0.361208,1.55413,2.86
1230,2013-05-15,00:00:00.00,0.136881,1.41028,2.2653
1231,2013-05-16,00:00:00.00,0.729886,1.34395,1.9255
1232,2013-05-17,00:00:00.00,1.6673e-308,1.28313,1.699
1233,2013-05-18,00:00:00.00,0,1.22729,1.4442
1234,2013-05-19,00:00:00.00,0.00600472,1.17584,1.2743
1235,2013-05-20,00:00:00.00,0.55914,1.12821,1.1893
1236,2013-05-21,00:00:00.00,0.021335,1.08397,1.2176
1237,2013-05-22,00:00:00.00,2.2063,1.04276,1.1893
1238,2013-05-23,00:00:00.00,1.60131,1.0043,1.161
1239,2013-05-24,00:00:00.00,10.9778,1.0828,1.4725
1240,2013-05-25,00:00:00.00,2.30871,1.07549,1.4158
1241,2013-05-26,00:00:00.00,0.0389972,0.954044,1.4725
1242,2013-05-27,00:00:00.00,0,0.921051,1.161
1243,2013-05-28,00:00:00.00,2.6338e-308,0.890119,0.9628
1244,2013-05-29,00:00:00.00,31.3688,4.30319,2.8883
1245,2013-05-30,00:00:00.00,6.74126,6.10647,22.6535
1246,2013-05-31,00:00:00.00,0.0079008,3.89581,5.6067
1247,2013-06-01,00:00:00.00,0.0764067,3.16077,2.5485
1248,2013-06-02,00:00:00.00,13.2801,4.47697,1.9539
1249,2013-06-03,00:00:00.00,14.2226,8.17998,34.5466
1250,2013-06-04,00:00:00.00,0.0222269,8.35627,8.1836
1251,2013-06-05,00:00:00.00,0.000287399,5.85641,3.2564
1252,2013-06-06,00:00:00.00,0.0324818,5.07581,2.1521
1253,2013-06-07,00:00:00.00,36.991,19.8477,37.6614
1254,2013-06-08,00:00:00.00,0.975327,25.8685,54.3683
1255,2013-06-09,00:00:00.00,1.3376,14.5646,12.601
1256,2013-06-10,00:00:00.00,0.0287331,10.996,7.5323
1257,2013-06-11,00:00:00.00,3.79856,8.7437,4.8139
1258,2013-06-12,00:00:00.00,6.45532,7.8705,6.5129
1259,2013-06-13,00:00:00.00,0.512843,7.05258,6.2863
1260,2013-06-14,00:00:00.00,29.0353,16.6081,54.0852
1261,2013-06-15,00:00:00.00,0.0115086,20.5419,19.6236
1262,2013-06-16,00:00:00.00,0.00866042,12.4002,7.1925
1263,2013-06-17,00:00:00.00,3.45305,9.65104,4.8705
1264,2013-06-18,00:00:00.00,0.799099,7.83887,4.644
1265,2013-06-19,00:00:00.00,0.222926,6.55388,3.398
1266,2013-06-20,00:00:00.00,0,5.60382,2.6051
1267,2013-06-21,00:00:00.00,0,4.87618,2.237
1268,2013-06-22,00:00:00.00,0.000553858,4.30298,1.8689
1269,2013-06-23,00:00:00.00,0.200057,3.84092,1.6707
1270,2013-06-24,00:00:00.00,0.272723,3.46129,1.5857
1271,2013-06-25,00:00:00.00,0.0382417,3.14437,1.4442
1272,2013-06-26,00:00:00.00,0.115015,2.87618,1.3592
1273,2013-06-27,00:00:00.00,0.0358899,2.64659,1.3026
1274,2013-06-28,00:00:00.00,6.45338,2.45529,1.3026
1275,2013-06-29,00:00:00.00,8.0775,2.3515,3.398
1276,2013-06-30,00:00:00.00,9.24925,2.4813,7.6455
1277,2013-07-01,00:00:00.00,0.125923,2.38757,3.7378
1278,2013-07-02,00:00:00.00,13.4133,2.95022,2.0388
1279,2013-07-03,00:00:00.00,0.435736,3.12081,2.3503
1280,2013-07-04,00:00:00.00,0.405588,2.39687,3.1432
1281,2013-07-05,00:00:00.00,2.95033,2.22934,3.9927
1282,2013-07-06,00:00:00.00,0.26059,2.08223,2.6901
1283,2013-07-07,00:00:00.00,0.112605,1.95155,1.784
1284,2013-07-08,00:00:00.00,1.65955,1.83509,1.5857
1285,2013-07-09,00:00:00.00,0.0835599,1.73063,1.6141
1286,2013-07-10,00:00:00.00,1.63014,1.63642,1.3875
1287,2013-07-11,00:00:00.00,3.56581,1.55106,1.4442
1288,2013-07-12,00:00:00.00,0.124476,1.4734,1.4442
1289,2013-07-13,00:00:00.00,0.0195067,1.40248,1.2459
1290,2013-07-14,00:00:00.00,0.0127626,1.33747,1.161
1291,2013-07-15,00:00:00.00,0.000604794,1.2777,1.0477
1292,2013-07-16,00:00:00.00,0.00344184,1.22257,0.9911
1293,2013-07-17,00:00:00.00,0.0555753,1.17158,0.8778
1294,2013-07-18,00:00:00.00,0.0139217,1.12429,0.7362
1295,2013-07-19,00:00:00.00,0.0207439,1.08034,0.6796
1296,2013-07-20,00:00:00.00,12.5438,1.10493,0.9061
1297,2013-07-21,00:00:00.00,35.59,6.72323,12.5727
1298,2013-07-22,00:00:00.00,0.25955,8.67683,6.5129
1299,2013-07-23,00:00:00.00,2.74259,4.76345,2.1521
1300,2013-07-24,00:00:00.00,6.276,4.77783,1.9255
1301,2013-07-25,00:00:00.00,0.124307,4.56522,2.0954
1302,2013-07-26,00:00:00.00,0.00209022,3.8362,1.3026
1303,2013-07-27,00:00:00.00,0,3.45642,1.0194
1304,2013-07-28,00:00:00.00,1.05931,3.13973,0.8778
1305,2013-07-29,00:00:00.00,2.32325,2.8723,0.9061
1306,2013-07-30,00:00:00.00,2.00748,2.64344,0.8212
1307,2013-07-31,00:00:00.00,0.00121559,2.44531,0.7362
1308,2013-08-01,00:00:00.00,0.0033886,2.27233,0.6796
1309,2013-08-02,00:00:00.00,4.00787,2.1252,0.7362
1310,2013-08-03,00:00:00.00,2.12494,1.99217,0.7362
1311,2013-08-04,00:00:00.00,0.629239,1.8687,0.6796
1312,2013-08-05,00:00:00.00,0.00570746,1.76085,0.5947
1313,2013-08-06,00:00:00.00,0.000789912,1.66373,0.5097
1314,2013-08-07,00:00:00.00,0.0106277,1.57584,0.4814
1315,2013-08-08,00:00:00.00,0.332052,1.49598,0.4814
1316,2013-08-09,00:00:00.00,24.2575,2.71058,0.7362
1317,2013-08-10,00:00:00.00,16.824,6.33537,3.398
1318,2013-08-11,00:00:00.00,0.0606257,6.63504,4.1343
1319,2013-08-12,00:00:00.00,0.0376682,4.30807,1.4442
1320,2013-08-13,00:00:00.00,4.59782,4.02556,0.9061
1321,2013-08-14,00:00:00.00,7.08665,4.48634,0.9345
1322,2013-08-15,00:00:00.00,0.0217911,4.36372,1.7556
1323,2013-08-16,00:00:00.00,0.000514553,3.57014,0.9345
1324,2013-08-17,00:00:00.00,4.1392e-308,3.23517,0.7079
1325,2013-08-18,00:00:00.00,0.00121961,2.95278,0.5947
1326,2013-08-19,00:00:00.00,5.59916e-308,2.71208,0.5097
1327,2013-08-20,00:00:00.00,0.00230918,2.50474,0.4814
1328,2013-08-21,00:00:00.00,0.00594593,2.32438,0.4531
1329,2013-08-22,00:00:00.00,1.5127e-308,2.16617,0.3964
1330,2013-08-23,00:00:00.00,0.208411,2.02636,0.3964
1331,2013-08-24,00:00:00.00,0.0794333,1.90202,0.3681
1332,2013-08-25,00:00:00.00,6.0088e-308,1.79077,0.3681
1333,2013-08-26,00:00:00.00,0.029813,1.69073,0.3398
1334,2013-08-27,00:00:00.00,8.68496,1.64013,0.4814
1335,2013-08-28,00:00:00.00,3.57764,1.57118,0.5097
1336,2013-08-29,00:00:00.00,3.93584,1.47779,0.623
1337,2013-08-30,00:00:00.00,0.0197459,1.4092,0.5097
1338,2013-08-31,00:00:00.00,0.0460119,1.3371,0.4814
1339,2013-09-01,00:00:00.00,0.369596,1.27734,0.4531
1340,2013-09-02,00:00:00.00,1.89746,1.22224,0.3964
1341,2013-09-03,00:00:00.00,0.776622,1.17127,0.4531
1342,2013-09-04,00:00:00.00,0.160865,1.12401,0.4531
1343,2013-09-05,00:00:00.00,2.02208,1.08007,0.4248
1344,2013-09-06,00:00:00.00,0.343974,1.03913,0.3964
1345,2013-09-07,00:00:00.00,0.0151015,1.00091,0.4531
1346,2013-09-08,00:00:00.00,6.61784,0.984966,0.4531
1347,2013-09-09,00:00:00.00,1.02137,0.955895,0.4814
1348,2013-09-10,00:00:00.00,0.122872,0.908772,0.5947
1349,2013-09-11,00:00:00.00,1.09962,0.878636,0.538
1350,2013-09-12,00:00:00.00,1.10437,0.850256,0.4248
1351,2013-09-13,00:00:00.00,5.02629,0.836535,0.4814
1352,2013-09-14,00:00:00.00,1.38941,0.813934,0.6513
1353,2013-09-15,00:00:00.00,0.0260979,0.779505,0.5947
1354,2013-09-16,00:00:00.00,1.26068,0.756565,0.4814
1355,2013-09-17,00:00:00.00,1.77029,0.734815,0.4531
1356,2013-09-18,00:00:00.00,0.000401308,0.714165,0.4248
1357,2013-09-19,00:00:00.00,0.00511322,0.694536,0.3964
1358,2013-09-20,00:00:00.00,0.00260836,0.675858,0.3681
1359,2013-09-21,00:00:00.00,0.00186645,0.658065,0.3398
1360,2013-09-22,00:00:00.00,43.9282,7.33393,2.9166
1361,2013-09-23,00:00:00.00,0.0454564,9.63604,2.0105
1362,2013-09-24,00:00:00.00,0.000426932,4.94277,1.1044
1363,2013-09-25,00:00:00.00,0,4.37714,0.6513
1364,2013-09-26,00:00:00.00,0,3.91118,0.4814
1365,2013-09-27,00:00:00.00,0,3.52361,0.4531
1366,2013-09-28,00:00:00.00,0,3.19843,0.4248
1367,2013-09-29,00:00:00.00,0.000594634,2.92279,0.3681
1368,2013-09-30,00:00:00.00,0,2.68679,0.3681
1369,2013-10-01,00:00:00.00,0.00145015,2.48294,0.3398
1370,2013-10-02,00:00:00.00,0.00293023,2.30533,0.3398
1371,2013-10-03,00:00:00.00,0.0030933,2.14936,0.3398
1372,2013-10-04,00:00:00.00,0.268835,2.01144,0.3115
1373,2013-10-05,00:00:00.00,5.7688,1.98507,0.3964
1374,2013-10-06,00:00:00.00,3.18706,1.94638,1.2459
1375,2013-10-07,00:00:00.00,3.4297,1.84606,2.4069
1376,2013-10-08,00:00:00.00,17.3314,3.84318,3.7945
1377,2013-10-09,00:00:00.00,0.153723,4.45426,4.2192
1378,2013-10-10,00:00:00.00,0.000457724,2.92086,1.784
1379,2013-10-11,00:00:00.00,0.000266772,2.68862,1.076
1380,2013-10-12,00:00:00.00,0.000961462,2.48617,0.8212
1381,2013-10-13,00:00:00.00,0.000411044,2.30882,0.6513
1382,2013-10-14,00:00:00.00,3.34844,2.26913,0.5663
1383,2013-10-15,00:00:00.00,6.10698,2.68111,0.7929
1384,2013-10-16,00:00:00.00,0.0461163,2.65171,1.0477
1385,2013-10-17,00:00:00.00,11.6392,3.89105,1.0194
1386,2013-10-18,00:00:00.00,12.2841,7.82143,1.9539
1387,2013-10-19,00:00:00.00,3.9624,9.06517,8.6933
1388,2013-10-20,00:00:00.00,5.80228,9.06136,3.5113
1389,2013-10-21,00:00:00.00,2.68635,9.29608,4.8139
1390,2013-10-22,00:00:00.00,0.829752,7.61836,6.4279
1391,2013-10-23,00:00:00.00,9.73533,10.439,6.9376
1392,2013-10-24,00:00:00.00,1.70854,11.8051,4.0776
1393,2013-10-25,00:00:00.00,1.46591,8.772,2.7751
1394,2013-10-26,00:00:00.00,4.35437,8.99926,2.2937
1395,2013-10-27,00:00:00.00,4.43634,10.3875,2.6618
1396,2013-10-28,00:00:00.00,0.105406,9.34511,3.1149
1397,2013-10-29,00:00:00.00,0.0855419,7.25258,2.4069
1398,2013-10-30,00:00:00.00,0.441945,6.20057,1.7273
1399,2013-10-31,00:00:00.00,0.837587,5.39853,1.4442
1400,2013-11-01,00:00:00.00,27.117,19.8376,4.5873
1401,2013-11-02,00:00:00.00,5.40292,29.0644,32.2812
1402,2013-11-03,00:00:00.00,7.72993,24.8224,12.7709
1403,2013-11-04,00:00:00.00,0.173205,21.0784,9.6844
1404,2013-11-05,00:00:00.00,9.35818e-308,14.0155,4.644
1405,2013-11-06,00:00:00.00,0.000289265,10.7681,3.1432
1406,2013-11-07,00:00:00.00,7.19788,11.6036,2.7184
1407,2013-11-08,00:00:00.00,11.7348,18.3526,17.0184
1408,2013-11-09,00:00:00.00,2.17414,19.2136,8.4951
1409,2013-11-10,00:00:00.00,1.32679,13.6854,4.4457
1410,2013-11-11,00:00:00.00,2.0547,11.3659,3.7095
1411,2013-11-12,00:00:00.00,8.2773,14.2042,4.8139
1412,2013-11-13,00:00:00.00,1.22249,14.4231,8.8915
1413,2013-11-14,00:00:00.00,0.314441,10.1174,5.2669
1414,2013-11-15,00:00:00.00,0.0288561,8.26431,4.0493
1415,2013-11-16,00:00:00.00,0,7.15622,4.0493
1416,2013-11-17,00:00:00.00,0,6.27157,4.3325
1417,2013-11-18,00:00:00.00,2.38585,5.80185,3.6812
1418,2013-11-19,00:00:00.00,8.07373,8.23928,11.0719
1419,2013-11-20,00:00:00.00,0.295182,8.75133,7.1358
1420,2013-11-21,00:00:00.00,6.12919e-308,6.41452,3.936
1421,2013-11-22,00:00:00.00,0.982914,5.63392,2.8883
1422,2013-11-23,00:00:00.00,5.75318,6.86656,3.5962
1423,2013-11-24,00:00:00.00,0.725979,7.11522,7.2774
1424,2013-11-25,00:00:00.00,0.826871,5.47554,3.7378
1425,2013-11-26,00:00:00.00,0.162415,4.83623,2.5485
1426,2013-11-27,00:00:00.00,8.21766,5.40731,2.8883
1427,2013-11-28,00:00:00.00,7.85898,5.81566,3.0865
1428,2013-11-29,00:00:00.00,1.57188,4.92413,3.0299
1429,2013-11-30,00:00:00.00,0.561601,4.2566,2.9166
1430,2013-12-01,00:00:00.00,0.000887848,3.84599,3.1149
1431,2013-12-02,00:00:00.00,0.233711,3.50013,3.9644
1432,2013-12-03,00:00:00.00,0.0488483,5.30829,4.644
1433,2013-12-04,00:00:00.00,0.0402617,5.92337,5.182
1434,2013-12-05,00:00:00.00,0.424151,4.33997,5.0404
1435,2013-12-06,00:00:00.00,0.770444,6.30715,16.4238
1436,2013-12-07,00:00:00.00,0.841249,6.98106,11.3267
1437,2013-12-08,00:00:00.00,0.619978,5.14152,7.2774
1438,2013-12-09,00:00:00.00,0.235507,4.57234,4.021
1439,2013-12-10,00:00:00.00,1.50691,4.20184,3.6246
1440,2013-12-11,00:00:00.00,1.65042,3.85727,3.6246
1441,2013-12-12,00:00:00.00,1.8334,3.47425,2.2937
1442,2013-12-13,00:00:00.00,3.62296,3.18791,2.2653
1443,2013-12-14,00:00:00.00,3.98605,2.94116,3.1149
1444,2013-12-15,00:00:00.00,10.8409,2.72615,2.8317
1445,2013-12-16,00:00:00.00,15.9228,2.54083,2.8317
1446,2013-12-17,00:00:00.00,2.93246,2.37694,3.1149
1447,2013-12-18,00:00:00.00,3.70129,2.22836,3.398
1448,2013-12-19,00:00:00.00,3.91212,2.09633,3.9644
1449,2013-12-20,00:00:00.00,0.189499,1.97702,3.9644
1450,2013-12-21,00:00:00.00,9.158,38.9032,6.796
1451,2013-12-22,00:00:00.00,26.8581,96.2318,84.9505
1452,2013-12-23,00:00:00.00,15.2014,96.6637,135.921
1453,2013-12-24,00:00:00.00,1.29704,54.1936,42.1921
1454,2013-12-25,00:00:00.00,3.14342,25.7235,16.3105
1455,2013-12-26,00:00:00.00,0.0819099,17.0014,9.1463
1456,2013-12-27,00:00:00.00,5.39519,12.5879,8.9198
1457,2013-12-28,00:00:00.00,0.964044,9.93215,7.6172
1458,2013-12-29,00:00:00.00,0.0493041,8.14649,7.1642
1459,2013-12-30,00:00:00.00,0.482995,11.8267,9.0048
1460,2013-12-31,00:00:00.00,0.353268,13.1144,15.0929
1461,2014-01-01,00:00:00.00,4.58753,9.09277,6.2297
1462,2014-01-02,00:00:00.00,3.30268,7.56165,4.5307
1463,2014-01-03,00:00:00.00,11.0673,6.45045,4.5307
1464,2014-01-04,00:00:00.00,1.31149,5.61161,4.2475
1465,2014-01-05,00:00:00.00,0.000460347,4.95478,4.8139
1466,2014-01-06,00:00:00.00,0.183473,4.42291,5.6634
1467,2014-01-07,00:00:00.00,1.09154,3.9847,20.9545
1468,2014-01-08,00:00:00.00,7.88495,3.62127,15.8574
1469,2014-01-09,00:00:00.00,2.23224,3.31575,15.2911
1470,2014-01-10,00:00:00.00,0.419916,3.05311,14.7248
1471,2014-01-11,00:00:00.00,1.82017,2.9878,16.9901
1472,2014-01-12,00:00:00.00,11.6581,33.397,50.9703
1473,2014-01-13,00:00:00.00,2.1745,44.7977,45.0238
1474,2014-01-14,00:00:00.00,0.514269,21.5233,15.0362
1475,2014-01-15,00:00:00.00,0.232788,15.6464,32.5644
1476,2014-01-16,00:00:00.00,0.727069,12.3681,13.762
1477,2014-01-17,00:00:00.00,0.460868,9.64671,8.2119
1478,2014-01-18,00:00:00.00,0.787522,7.95014,6.6545
1479,2014-01-19,00:00:00.00,4.90533,6.73465,5.6917
1480,2014-01-20,00:00:00.00,2.61894,5.82125,4.5307
1481,2014-01-21,00:00:00.00,4.49277,5.11035,4.8139
1482,2014-01-22,00:00:00.00,0.608249,4.5453,3.398
1483,2014-01-23,00:00:00.00,0.779878,4.08898,3.398
1484,2014-01-24,00:00:00.00,1.94686,3.71218,3.1149
1485,2014-01-25,00:00:00.00,0.301388,3.39472,3.1149
1486,2014-01-26,00:00:00.00,2.92921,3.12217,2.8317
1487,2014-01-27,00:00:00.00,2.04431,2.88596,2.8317
1488,2014-01-28,00:00:00.00,8.50757,2.68013,2.7184
1489,2014-01-29,00:00:00.00,0.371152,2.5003,2.5485
1490,2014-01-30,00:00:00.00,0.310601,2.34258,2.3786
1491,2014-01-31,00:00:00.00,0.0232066,2.20078,2.5485
1492,2014-02-01,00:00:00.00,0.390402,2.07136,2.6051
1493,2014-02-02,00:00:00.00,7.09774,2.58449,2.8317
1494,2014-02-03,00:00:00.00,4.78874,2.80088,7.3624
1495,2014-02-04,00:00:00.00,0.320485,2.30821,5.9465
1496,2014-02-05,00:00:00.00,0.242539,2.11113,4.2475
1497,2014-02-06,00:00:00.00,19.61,1.9909,3.398
1498,2014-02-07,00:00:00.00,5.24038,1.88212,3.1149
1499,2014-02-08,00:00:00.00,2.60468,1.78406,3.1149
1500,2014-02-09,00:00:00.00,0.279814,1.69497,2.8317
1501,2014-02-10,00:00:00.00,2.82256,1.61309,2.8317
1502,2014-02-11,00:00:00.00,0.768881,1.53741,2.7184
1503,2014-02-12,00:00:00.00,0.373912,1.4679,2.6051
1504,2014-02-13,00:00:00.00,0.0140382,1.40353,2.4919
1505,2014-02-14,00:00:00.00,0.343832,1.34307,2.3786
1506,2014-02-15,00:00:00.00,1.58844,1.28645,2.2653
1507,2014-02-16,00:00:00.00,1.76925,1.23363,2.1521
1508,2014-02-17,00:00:00.00,1.48084,1.18462,2.0388
1509,2014-02-18,00:00:00.00,0.335432,1.139,1.9822
1510,2014-02-19,00:00:00.00,4.56292,1.09643,1.9255
1511,2014-02-20,00:00:00.00,0.471746,1.05626,2.1521
1512,2014-02-21,00:00:00.00,20.3276,8.05467,5.6067
1513,2014-02-22,00:00:00.00,10.6931,36.8391,39.6436
1514,2014-02-23,00:00:00.00,0.208552,46.9387,32.8475
1515,2014-02-24,00:00:00.00,0.0984436,27.8327,16.2539
1516,2014-02-25,00:00:00.00,1.25789,17.434,10.0808
1517,2014-02-26,00:00:00.00,1.76018,12.7857,6.796
1518,2014-02-27,00:00:00.00,2.45915,10.0165,5.6634
1519,2014-02-28,00:00:00.00,3.28154,8.18986,4.2475
1520,2014-03-01,00:00:00.00,8.8267e-308,6.90027,3.398
1521,2014-03-02,00:00:00.00,1.80693,5.93716,3.1149
1522,2014-03-03,00:00:00.00,4.79466,5.19011,3.1149
1523,2014-03-04,00:00:00.00,0.268909,4.60211,2.8317
1524,2014-03-05,00:00:00.00,0.375082,4.12691,2.7184
1525,2014-03-06,00:00:00.00,0.385994,3.7322,2.5485
1526,2014-03-07,00:00:00.00,0.00871558,3.39834,2.4352
1527,2014-03-08,00:00:00.00,0.00316558,3.11038,2.5485
1528,2014-03-09,00:00:00.00,0.42024,2.85995,2.5485
1529,2014-03-10,00:00:00.00,0.0917655,2.64263,2.5485
1530,2014-03-11,00:00:00.00,0.491067,2.45207,2.7184
1531,2014-03-12,00:00:00.00,0.83314,10.3606,5.6634
1532,2014-03-13,00:00:00.00,36.8557,13.6692,16.9901
1533,2014-03-14,00:00:00.00,0.676679,8.22566,11.3267
1534,2014-03-15,00:00:00.00,0.602696,6.91435,9.3446
1535,2014-03-16,00:00:00.00,1.32233,5.93389,28.3168
1536,2014-03-17,00:00:00.00,0.103789,5.1794,14.1584
1537,2014-03-18,00:00:00.00,0.0446922,4.58121,7.6455
1538,2014-03-19,00:00:00.00,0,4.09198,7.0792
1539,2014-03-20,00:00:00.00,4.11003,4.17668,13.0257
1540,2014-03-21,00:00:00.00,2.61174,4.04266,31.1485
1541,2014-03-22,00:00:00.00,0.00838248,3.43951,12.8275
1542,2014-03-23,00:00:00.00,1.22262,3.14019,13.5355
1543,2014-03-24,00:00:00.00,0.496803,2.88455,10.4206
1544,2014-03-25,00:00:00.00,0.0551254,2.66305,5.6634
1545,2014-03-26,00:00:00.00,0.226233,2.46906,3.9644
1546,2014-03-27,00:00:00.00,0.152474,2.2981,3.9644
1547,2014-03-28,00:00:00.00,0.0603991,2.14647,3.398
1548,2014-03-29,00:00:00.00,2.23994,2.06294,15.2911
1549,2014-03-30,00:00:00.00,8.68861,2.5538,22.342
1550,2014-03-31,00:00:00.00,4.0304,2.70755,22.1438
1551,2014-04-01,00:00:00.00,2.2319e-308,2.22668,15.4044
1552,2014-04-02,00:00:00.00,0.070209,19.1971,23.9844
1553,2014-04-03,00:00:00.00,0.000285874,35.7208,31.4317
1554,2014-04-04,00:00:00.00,0.553709,27.9471,18.6608
1555,2014-04-05,00:00:00.00,10.8899,66.3251,26.363
1556,2014-04-06,00:00:00.00,1.58018,74.0311,33.697
1557,2014-04-07,00:00:00.00,0.000181203,28.8321,11.5533
1558,2014-04-08,00:00:00.00,16.1058,30.9055,12.9408
1559,2014-04-09,00:00:00.00,10.5875,38.8969,50.9703
1560,2014-04-10,00:00:00.00,0.128204,29.0621,17.3299
1561,2014-04-11,00:00:00.00,5.16929,19.6374,11.1568
1562,2014-04-12,00:00:00.00,2.54579,15.9485,15.2628
1563,2014-04-13,00:00:00.00,0.0102219,11.7362,10.1941
1564,2014-04-14,00:00:00.00,0.548671,9.23244,8.4951
1565,2014-04-15,00:00:00.00,8.33305,9.57506,8.5517
1566,2014-04-16,00:00:00.00,9.38696,10.2833,30.299
1567,2014-04-17,00:00:00.00,0.0220185,8.53627,13.9602
1568,2014-04-18,00:00:00.00,9.6373e-308,6.83281,8.6933
1569,2014-04-19,00:00:00.00,0.0546219,6.79473,6.7677
1570,2014-04-20,00:00:00.00,0.00406992,6.45475,5.6634
1571,2014-04-21,00:00:00.00,0.000191875,5.22864,4.8988
1572,2014-04-22,00:00:00.00,5.53806e-308,4.58715,4.4457
1573,2014-04-23,00:00:00.00,7.03249,4.7515,5.4652
1574,2014-04-24,00:00:00.00,2.05918,4.61852,6.9943
1575,2014-04-25,00:00:00.00,0,3.83211,6.3996
1576,2014-04-26,00:00:00.00,4.36551,3.74787,4.6723
1577,2014-04-27,00:00:00.00,4.57607,3.96286,6.0315
1578,2014-04-28,00:00:00.00,0.0141698,3.66863,5.2386
1579,2014-04-29,00:00:00.00,0.00108047,3.13588,4.1059
1580,2014-04-30,00:00:00.00,10.0144,3.99556,4.4174
1581,2014-05-01,00:00:00.00,16.2206,8.34675,7.2774
1582,2014-05-02,00:00:00.00,1.89023,9.20282,12.1479
1583,2014-05-03,00:00:00.00,2.13235,6.24915,6.881
1584,2014-05-04,00:00:00.00,5.16039,6.32319,6.1731
1585,2014-05-05,00:00:00.00,0.197303,6.05967,7.2491
1586,2014-05-06,00:00:00.00,0.000864115,4.94002,5.182
1587,2014-05-07,00:00:00.00,0.000300472,4.3612,3.9927
1588,2014-05-08,00:00:00.00,0.0432437,3.89028,3.3697
1589,2014-05-09,00:00:00.00,3.22059,3.50395,3.7378
1590,2014-05-10,00:00:00.00,4.32037,3.21948,4.0493
1591,2014-05-11,00:00:00.00,2.1557,2.96145,4.559
1592,2014-05-12,00:00:00.00,1.26151e-308,2.70304,3.6529
1593,2014-05-13,00:00:00.00,0.464875,2.49658,2.8317
1594,2014-05-14,00:00:00.00,15.2017,3.31064,4.4174
1595,2014-05-15,00:00:00.00,29.1448,12.6196,7.0509
1596,2014-05-16,00:00:00.00,9.5041,19.3949,5.2669
1597,2014-05-17,00:00:00.00,15.0655,24.3954,23.8994
1598,2014-05-18,00:00:00.00,0.0622083,24.0953,10.0242
1599,2014-05-19,00:00:00.00,0.25079,14.8777,5.0687
1600,2014-05-20,00:00:00.00,0.0345366,11.1896,3.6812
1601,2014-05-21,00:00:00.00,3.01198,8.87914,3.0299
1602,2014-05-22,00:00:00.00,4.13054,7.44936,3.7095
1603,2014-05-23,00:00:00.00,2.30444,6.38225,3.6812
1604,2014-05-24,00:00:00.00,0.725002,5.44388,3.0582
1605,2014-05-25,00:00:00.00,0.0599252,4.75439,2.5768
1606,2014-05-26,00:00:00.00,0,4.20562,2.237
1607,2014-05-27,00:00:00.00,0,3.76118,1.8972
1608,2014-05-28,00:00:00.00,3.91515,3.39512,1.8972
1609,2014-05-29,00:00:00.00,0.0748296,3.08874,2.2653
1610,2014-05-30,00:00:00.00,0.0194826,2.82871,1.6707
1611,2014-05-31,00:00:00.00,0.00866524,2.60567,1.4442
1612,2014-06-01,00:00:00.00,0.000239169,2.41245,1.3026
1613,2014-06-02,00:00:00.00,0,2.2436,1.1893
1614,2014-06-03,00:00:00.00,0.392122,2.09492,1.1044
1615,2014-06-04,00:00:00.00,13.7949,2.17824,2.4919
1616,2014-06-05,00:00:00.00,0.00510708,2.12957,1.8123
1617,2014-06-06,00:00:00.00,0.00695819,1.87084,1.2743
1618,2014-06-07,00:00:00.00,0.00143921,1.76269,1.1044
1619,2014-06-08,00:00:00.00,0.000277496,1.66535,1.0194
1620,2014-06-09,00:00:00.00,21.0159,2.75106,1.699
1621,2014-06-10,00:00:00.00,0.976233,3.04619,6.1731
1622,2014-06-11,00:00:00.00,0.0324729,2.1359,2.4636
1623,2014-06-12,00:00:00.00,1.62736,1.99807,1.6141
1624,2014-06-13,00:00:00.00,20.5465,4.12013,4.7572
1625,2014-06-14,00:00:00.00,6.68181,5.52514,16.7636
1626,2014-06-15,00:00:00.00,0.359705,4.17925,5.4935
1627,2014-06-16,00:00:00.00,1.43579e-308,3.44277,2.6335
1628,2014-06-17,00:00:00.00,8.332e-308,3.12636,1.8406
1629,2014-06-18,00:00:00.00,4.09897,2.86051,1.5008
1630,2014-06-19,00:00:00.00,0.161368,2.63351,1.8406
1631,2014-06-20,00:00:00.00,4.98774,2.48699,1.699
1632,2014-06-21,00:00:00.00,0.00349047,2.33264,1.4725
1633,2014-06-22,00:00:00.00,0.00948711,2.14624,1.1327
1634,2014-06-23,00:00:00.00,4.98227e-308,2.0086,1.0194
1635,2014-06-24,00:00:00.00,0.396506,1.88614,0.9628
1636,2014-06-25,00:00:00.00,12.8716,2.02591,1.0194
1637,2014-06-26,00:00:00.00,12.0345,2.80502,8.0703
1638,2014-06-27,00:00:00.00,1.47567,2.80075,5.097
1639,2014-06-28,00:00:00.00,0.0311225,2.14106,2.4352
1640,2014-06-29,00:00:00.00,0.546536,2.00249,1.6141
1641,2014-06-30,00:00:00.00,2.2667,1.88028,1.4442
1642,2014-07-01,00:00:00.00,0.239558,1.77115,1.2743
1643,2014-07-02,00:00:00.00,1.96426,1.67294,1.1044
1644,2014-07-03,00:00:00.00,2.21849,1.58418,0.9911
1645,2014-07-04,00:00:00.00,7.81844,1.57413,1.3592
1646,2014-07-05,00:00:00.00,0.599427,1.52055,1.6424
1647,2014-07-06,00:00:00.00,1.95125e-308,1.40097,1.2743
1648,2014-07-07,00:00:00.00,0.0147697,1.33605,0.9628
1649,2014-07-08,00:00:00.00,18.2402,1.98317,1.5008
1650,2014-07-09,00:00:00.00,21.8713,6.00483,22.2854
1651,2014-07-10,00:00:00.00,0.472771,6.88049,23.1632
1652,2014-07-11,00:00:00.00,0.00186923,4.17134,4.2758
1653,2014-07-12,00:00:00.00,0.00030209,3.73182,2.2653
1654,2014-07-13,00:00:00.00,2.07057e-308,3.36909,1.6141
1655,2014-07-14,00:00:00.00,18.1907,5.05831,3.3131
1656,2014-07-15,00:00:00.00,8.41163,6.79509,8.2119
1657,2014-07-16,00:00:00.00,1.52384,5.77304,6.796
1658,2014-07-17,00:00:00.00,0.804058,4.58521,4.6156
1659,2014-07-18,00:00:00.00,0.472092,4.07208,2.237
1660,2014-07-19,00:00:00.00,0.000177514,3.65171,1.6141
1661,2014-07-20,00:00:00.00,11.1298,4.13526,1.4725
1662,2014-07-21,00:00:00.00,4.37935,4.25799,2.0388
1663,2014-07-22,00:00:00.00,0.296834,3.49174,4.0776
1664,2014-07-23,00:00:00.00,5.7067e-308,3.1318,2.1804
1665,2014-07-24,00:00:00.00,5.65243,2.97113,1.4442
1666,2014-07-25,00:00:00.00,0.564543,2.78213,1.3309
1667,2014-07-26,00:00:00.00,0.000223428,2.51239,1.1893
1668,2014-07-27,00:00:00.00,0.415835,2.33093,0.9628
1669,2014-07-28,00:00:00.00,2.87145,2.17191,1.0477
1670,2014-07-29,00:00:00.00,23.4958,4.26625,19.397
1671,2014-07-30,00:00:00.00,0.448793,4.96415,10.9869
1672,2014-07-31,00:00:00.00,1.21793,3.33368,3.7945
1673,2014-08-01,00:00:00.00,11.1476,4.4232,14.5549
1674,2014-08-02,00:00:00.00,0.601367,4.71749,6.1731
1675,2014-08-03,00:00:00.00,18.5503,7.73594,7.2774
1676,2014-08-04,00:00:00.00,4.71315,9.59429,18.944
1677,2014-08-05,00:00:00.00,0.0537436,6.78089,13.8186
1678,2014-08-06,00:00:00.00,6.98394,6.61965,4.644
1679,2014-08-07,00:00:00.00,0.0234256,6.30118,8.6083
1680,2014-08-08,00:00:00.00,0.00763207,5.10052,3.5679
1681,2014-08-09,00:00:00.00,0.00207188,4.48154,2.3503
1682,2014-08-10,00:00:00.00,0.000201117,3.98558,1.8689
1683,2014-08-11,00:00:00.00,0.000491682,3.58061,1.5291
1684,2014-08-12,00:00:00.00,0.146392,3.24436,1.3309
1685,2014-08-13,00:00:00.00,34.5203,9.54278,1.9255
1686,2014-08-14,00:00:00.00,1.74054,12.1474,7.8438
1687,2014-08-15,00:00:00.00,0.239235,7.60732,3.1998
1688,2014-08-16,00:00:00.00,0.0897793,6.39963,1.8689
1689,2014-08-17,00:00:00.00,2.01832,5.49511,1.4158
1690,2014-08-18,00:00:00.00,2.57696,4.79951,1.3026
1691,2014-08-19,00:00:00.00,7.1564e-308,4.24546,1.3026
1692,2014-08-20,00:00:00.00,0.00054503,3.79386,1.0477
1693,2014-08-21,00:00:00.00,0.0495107,3.42197,0.9628
1694,2014-08-22,00:00:00.00,0.00868314,3.11113,0.9345
1695,2014-08-23,00:00:00.00,0.0174595,2.8478,0.8778
1696,2014-08-24,00:00:00.00,0.0258638,2.62212,0.7929
1697,2014-08-25,00:00:00.00,0.00105746,2.42676,0.7646
1698,2014-08-26,00:00:00.00,1.22579e-308,2.25616,0.7362
1699,2014-08-27,00:00:00.00,0.0029806,2.10601,0.6513
1700,2014-08-28,00:00:00.00,0.1712,1.97296,0.6513
1701,2014-08-29,00:00:00.00,0.00129725,1.85432,0.6513
1702,2014-08-30,00:00:00.00,0.000569841,1.74794,0.5663
1703,2014-08-31,00:00:00.00,3.57072,1.65211,0.538
1704,2014-09-01,00:00:00.00,6.77186,1.57881,0.6513
1705,2014-09-02,00:00:00.00,1.74889,1.50371,0.9628
1706,2014-09-03,00:00:00.00,13.783,1.81855,1.0194
1707,2014-09-04,00:00:00.00,0.396651,1.86545,2.3503
1708,2014-09-05,00:00:00.00,0.000244684,1.51119,1.5291
1709,2014-09-06,00:00:00.00,6.12186,1.5606,0.9628
1710,2014-09-07,00:00:00.00,11.0968,2.3062,1.699
1711,2014-09-08,00:00:00.00,0.0278707,2.38578,1.1327
1712,2014-09-09,00:00:00.00,0.000333115,1.75673,0.7646
1713,2014-09-10,00:00:00.00,0.741451,1.65923,0.6513
1714,2014-09-11,00:00:00.00,1.40396,1.57164,0.5947
1715,2014-09-12,00:00:00.00,10.0651,2.07445,0.9061
1716,2014-09-13,00:00:00.00,0.769377,2.17694,1.1893
1717,2014-09-14,00:00:00.00,1.18999,1.68839,0.9061
1718,2014-09-15,00:00:00.00,0.0662965,1.59867,0.7646
1719,2014-09-16,00:00:00.00,7.85844,2.04225,0.7362
1720,2014-09-17,00:00:00.00,2.08825,2.12845,0.9345
1721,2014-09-18,00:00:00.00,0.0288252,1.68066,1.0194
1722,2014-09-19,00:00:00.00,0.0217955,1.59055,0.7929
1723,2014-09-20,00:00:00.00,0.00190356,1.50893,0.6513
1724,2014-09-21,00:00:00.00,0.038161,1.4346,0.5663
1725,2014-09-22,00:00:00.00,5.94511,1.55383,0.538
1726,2014-09-23,00:00:00.00,2.37182,1.57752,0.623
1727,2014-09-24,00:00:00.00,0.00150566,1.39067,0.8778
1728,2014-09-25,00:00:00.00,0.000229077,1.3049,0.6796
1729,2014-09-26,00:00:00.00,0,1.2474,0.538
1730,2014-09-27,00:00:00.00,2.0775e-308,1.19441,0.4531
1731,2014-09-28,00:00:00.00,1.0387e-308,1.1454,0.4248
1732,2014-09-29,00:00:00.00,0,1.09993,0.4248
1733,2014-09-30,00:00:00.00,0,1.05763,0.4248
1734,2014-10-01,00:00:00.00,0.922857,1.01818,0.3964
1735,2014-10-02,00:00:00.00,0.336245,0.981312,0.4701
1736,2014-10-03,00:00:00.00,0.000487004,0.946776,0.7051
1737,2014-10-04,00:00:00.00,1.63289,0.914371,0.4757
1738,2014-10-05,00:00:00.00,11.3764,1.12542,0.9288
1739,2014-10-06,00:00:00.00,5.91037,1.47631,1.1015
1740,2014-10-07,00:00:00.00,8.70259,2.22023,0.9345
1741,2014-10-08,00:00:00.00,3.2202,2.41143,1.0704
1742,2014-10-09,00:00:00.00,9.59455,3.53037,2.4352
1743,2014-10-10,00:00:00.00,0.00717386,3.88918,2.4891
1744,2014-10-11,00:00:00.00,0.0142833,2.60252,1.1242
1745,2014-10-12,00:00:00.00,0.0246444,2.4176,0.7674
1746,2014-10-13,00:00:00.00,0.0049291,2.25288,0.6258
1747,2014-10-14,00:00:00.00,4.27144,2.46999,0.7023
1748,2014-10-15,00:00:00.00,0.202363,2.46311,0.6513
1749,2014-10-16,00:00:00.00,4.71551,2.503,0.7447
1750,2014-10-17,00:00:00.00,2.997,2.73287,1.1383
1751,2014-10-18,00:00:00.00,9.12388,4.0679,1.9765
1752,2014-10-19,00:00:00.00,12.7001,8.48708,2.8317
1753,2014-10-20,00:00:00.00,0.635479,9.01489,4.5873
1754,2014-10-21,00:00:00.00,1.56113,6.23804,2.1719
1755,2014-10-22,00:00:00.00,10.2195,9.54668,2.5117
1756,2014-10-23,00:00:00.00,0.870142,10.6849,4.3891
1757,2014-10-24,00:00:00.00,0.00934578,7.53437,2.2767
1758,2014-10-25,00:00:00.00,0.0109869,6.39841,1.5461
1759,2014-10-26,00:00:00.00,0.0921656,5.53022,1.2233
1760,2014-10-27,00:00:00.00,0.0291932,4.84761,1.1072
1761,2014-10-28,00:00:00.00,0.0391816,4.29906,0.9458
1762,2014-10-29,00:00:00.00,5.00296,4.59248,0.9231
1763,2014-10-30,00:00:00.00,0.921712,4.53218,1.2828
1764,2014-10-31,00:00:00.00,0.0550258,3.74253,1.1525
1765,2014-11-01,00:00:00.00,3.04599,3.81086,1.0279
1766,2014-11-02,00:00:00.00,4.68904,4.60639,1.0591
1767,2014-11-03,00:00:00.00,0.409737,4.4594,1.3535
1768,2014-11-04,00:00:00.00,0.0183493,3.60048,1.665
1769,2014-11-05,00:00:00.00,2.1242,3.4731,1.5234
1770,2014-11-06,00:00:00.00,2.06659,3.49605,1.6424
1771,2014-11-07,00:00:00.00,5.19148,4.2868,1.5716
1772,2014-11-08,00:00:00.00,6.46446,6.17512,5.2669
1773,2014-11-09,00:00:00.00,1.03066,6.06139,6.4279
1774,2014-11-10,00:00:00.00,0.825418,4.61525,3.398
1775,2014-11-11,00:00:00.00,0.00108733,4.13971,2.7326
1776,2014-11-12,00:00:00.00,0,3.73884,2.0586
1777,2014-11-13,00:00:00.00,1.21752,3.48861,1.7896
1778,2014-11-14,00:00:00.00,2.05849,3.24307,1.5433
1779,2014-11-15,00:00:00.00,1.0013,2.94649,1.5319
1780,2014-11-16,00:00:00.00,0.135657,2.72677,1.4838
1781,2014-11-17,00:00:00.00,0.483385,2.5336,1.3932
1782,2014-11-18,00:00:00.00,10.5102,3.2451,2.1408
1783,2014-11-19,00:00:00.00,20.9978,3.41852,5.6634
1784,2014-11-20,00:00:00.00,4.65438,2.69113,6.2297
1785,2014-11-21,00:00:00.00,12.363,2.50434,3.1149
1786,2014-11-22,00:00:00.00,0.864291,2.33872,3.1149
1787,2014-11-23,00:00:00.00,4.17293,2.47381,5.6634
1788,2014-11-24,00:00:00.00,3.62727,39.9745,15.2911
1789,2014-11-25,00:00:00.00,3.02829,55.4857,101.941
1790,2014-11-26,00:00:00.00,0.637397,26.9831,40.7763
1791,2014-11-27,00:00:00.00,0.851869,17.3508,13.8753
1792,2014-11-28,00:00:00.00,2.03646,12.7826,8.8065
1793,2014-11-29,00:00:00.00,3.20911,10.0476,7.1358
1794,2014-11-30,00:00:00.00,0.0705493,8.22683,6.2014
1795,2014-12-01,00:00:00.00,1.05596,7.04072,15.6309
1796,2014-12-02,00:00:00.00,0.548973,6.13151,21.0961
1797,2014-12-03,00:00:00.00,0.905806,5.32487,8.5517
1798,2014-12-04,00:00:00.00,0.6829,4.72114,7.7871
1799,2014-12-05,00:00:00.00,0.100827,4.23127,7.0509
1800,2014-12-06,00:00:00.00,0.577423,3.82526,4.7572
1801,2014-12-07,00:00:00.00,5.94113,4.3934,16.0273
1802,2014-12-08,00:00:00.00,0.0222735,4.47419,12.4311
1803,2014-12-09,00:00:00.00,1.7275e-308,3.63383,5.9465
1804,2014-12-10,00:00:00.00,0.15853,3.32062,4.8988
1805,2014-12-11,00:00:00.00,7.21972,3.26457,4.8705
1806,2014-12-12,00:00:00.00,15.1515,3.11581,4.5024
1807,2014-12-13,00:00:00.00,0.444871,2.77465,5.182
1808,2014-12-14,00:00:00.00,0.187676,2.57853,4.5307
1809,2014-12-15,00:00:00.00,0.616359,2.40611,5.9182
1810,2014-12-16,00:00:00.00,0.172282,5.97691,10.817
1811,2014-12-17,00:00:00.00,6.52888,22.455,18.4909
1812,2014-12-18,00:00:00.00,5.45822,29.7236,37.0951
1813,2014-12-19,00:00:00.00,0.990667,19.8735,15.0362
1814,2014-12-20,00:00:00.00,0.216741,13.6892,8.8915
1815,2014-12-21,00:00:00.00,0.0252281,10.6072,6.4562
1816,2014-12-22,00:00:00.00,0.0491643,8.60437,5.3802
1817,2014-12-23,00:00:00.00,0.00128244,7.2013,4.7289
1818,2014-12-24,00:00:00.00,0.381804,6.16812,5.2386
1819,2014-12-25,00:00:00.00,3.80315,7.26642,11.4683
1820,2014-12-26,00:00:00.00,4.1625,9.03683,12.8558
1821,2014-12-27,00:00:00.00,0.09473,8.0218,8.3535
1822,2014-12-28,00:00:00.00,0.250632,6.31643,5.6067
1823,2014-12-29,00:00:00.00,8.08025,8.70595,8.8349
1824,2014-12-30,00:00:00.00,0.252852,9.50103,7.0792
1825,2014-12-31,00:00:00.00,0.775735,6.90314,4.7572
