time,date,hour,precip [mm/day],sub18 [m3/s],sub18 (observed) [m3/s]
0,2010-01-01,00:00:00.00,---,0,
1,2010-01-02,00:00:00.00,3.13295,0.000640623,38
2,2010-01-03,00:00:00.00,0.375533,0.00618354,27
3,2010-01-04,00:00:00.00,0.957946,0.0119612,22
4,2010-01-05,00:00:00.00,0.359208,0.0118628,26
5,2010-01-06,00:00:00.00,2.16525,0.00986014,31
6,2010-01-07,00:00:00.00,0.217387,0.00784243,30.5
7,2010-01-08,00:00:00.00,0.849327,0.00598876,34
8,2010-01-09,00:00:00.00,2.41583,0.00441831,30
9,2010-01-10,00:00:00.00,0.0164906,0.00323639,26
10,2010-01-11,00:00:00.00,0.0153206,0.00243595,25
11,2010-01-12,00:00:00.00,3.41202,0.00179783,26.2
12,2010-01-13,00:00:00.00,0.312128,0.00120462,28
13,2010-01-14,00:00:00.00,0.0100408,0.000690041,28.2
14,2010-01-15,00:00:00.00,0.0734355,0.000325679,26
15,2010-01-16,00:00:00.00,0.386242,0.000196636,30.2
16,2010-01-17,00:00:00.00,0.050683,0.000196642,33.2
17,2010-01-18,00:00:00.00,0.0146655,0.000196645,32.3
18,2010-01-19,00:00:00.00,0.0170833,0.000196647,31.7
19,2010-01-20,00:00:00.00,1.38875,0.000196648,30
20,2010-01-21,00:00:00.00,0.331418,0.000196647,28
21,2010-01-22,00:00:00.00,0.00637198,0.000196647,26
22,2010-01-23,00:00:00.00,0.0121723,0.000196645,27
23,2010-01-24,00:00:00.00,0.00586428,0.000196644,28.2
24,2010-01-25,00:00:00.00,6.35179,0.215942,29
25,2010-01-26,00:00:00.00,8.66975,10.157,46.6
26,2010-01-27,00:00:00.00,2.70674,43.374,54
27,2010-01-28,00:00:00.00,3.1772,44.0425,47
28,2010-01-29,00:00:00.00,4.52263,10.8407,33
29,2010-01-30,00:00:00.00,1.29782,0.415536,28
30,2010-01-31,00:00:00.00,0.0320705,0.344844,29
31,2010-02-01,00:00:00.00,5.17202,0.302264,31
32,2010-02-02,00:00:00.00,0.826532,0.259834,29.5
33,2010-02-03,00:00:00.00,1.89009,0.210624,28
34,2010-02-04,00:00:00.00,1.4411,0.162686,26.2
35,2010-02-05,00:00:00.00,0.0215941,0.120425,25.5
36,2010-02-06,00:00:00.00,0.00164563,0.085335,26
37,2010-02-07,00:00:00.00,0.00872742,0.0582487,24.5
38,2010-02-08,00:00:00.00,0.017811,0.0401905,23.7
39,2010-02-09,00:00:00.00,0.00653677,0.0288899,25
40,2010-02-10,00:00:00.00,1.43241,0.0197992,26
41,2010-02-11,00:00:00.00,3.29927,0.0118627,25.8
42,2010-02-12,00:00:00.00,0.00851207,0.00824235,25.6
43,2010-02-13,00:00:00.00,0.366255,0.00824407,26.2
44,2010-02-14,00:00:00.00,0.288789,0.0082451,27
45,2010-02-15,00:00:00.00,1.17877,0.00824562,26.1
46,2010-02-16,00:00:00.00,0.839879,0.00824575,25.7
47,2010-02-17,00:00:00.00,0.456242,0.00824559,25.2
48,2010-02-18,00:00:00.00,0.26417,0.00824523,25
49,2010-02-19,00:00:00.00,0.0858894,0.00824475,24.8
50,2010-02-20,00:00:00.00,0.0309457,0.00824418,24.5
51,2010-02-21,00:00:00.00,0.00312873,0.00824356,24
52,2010-02-22,00:00:00.00,0.00205444,0.00824291,23.6
53,2010-02-23,00:00:00.00,11.5589,0.00824225,24.5
54,2010-02-24,00:00:00.00,1.19626,0.00824157,24.3
55,2010-02-25,00:00:00.00,0.818902,0.00824089,24.1
56,2010-02-26,00:00:00.00,3.97501,0.00824021,23.7
57,2010-02-27,00:00:00.00,7.71638,0.0177785,23
58,2010-02-28,00:00:00.00,1.98297,0.0829245,24.1
59,2010-03-01,00:00:00.00,0.0838646,0.0858942,25.6
60,2010-03-02,00:00:00.00,0.0120553,0.0207708,26.2
61,2010-03-03,00:00:00.00,0.000632378,0.00828475,25.6
62,2010-03-04,00:00:00.00,0.000860565,0.00828407,26.1
63,2010-03-05,00:00:00.00,0.000206459,0.00828338,25.5
64,2010-03-06,00:00:00.00,0.000365225,0.00828269,25.1
65,2010-03-07,00:00:00.00,0.00087209,0.008282,24.8
66,2010-03-08,00:00:00.00,0.000181538,0.00828131,27.8
67,2010-03-09,00:00:00.00,1.9765e-308,0.00828062,31.2
68,2010-03-10,00:00:00.00,0.0018994,17.8717,36.6
69,2010-03-11,00:00:00.00,0.100328,86.2381,46.3
70,2010-03-12,00:00:00.00,0.0509705,101.956,58.6
71,2010-03-13,00:00:00.00,6.52492,40.0878,117
72,2010-03-14,00:00:00.00,15.846,21.0986,227
73,2010-03-15,00:00:00.00,9.81613,45.143,359
74,2010-03-16,00:00:00.00,0.413149,53.9142,404
75,2010-03-17,00:00:00.00,0.000209348,28.7799,363
76,2010-03-18,00:00:00.00,0.000273916,6.23787,283
77,2010-03-19,00:00:00.00,0.000435393,1.64966,226
78,2010-03-20,00:00:00.00,0.00222956,1.64637,144
79,2010-03-21,00:00:00.00,0.149054,1.64268,107
80,2010-03-22,00:00:00.00,0.242499,1.63887,92.4
81,2010-03-23,00:00:00.00,3.77736,1.63857,81.4
82,2010-03-24,00:00:00.00,0.595709,1.64494,71.2
83,2010-03-25,00:00:00.00,0.0131085,1.64777,63.7
84,2010-03-26,00:00:00.00,0.00524062,1.64391,59.8
85,2010-03-27,00:00:00.00,0.000364253,1.64003,54.6
86,2010-03-28,00:00:00.00,0.000404684,1.63616,47.9
87,2010-03-29,00:00:00.00,6.76205,1.64002,45.5
88,2010-03-30,00:00:00.00,2.30542,2.39275,49.3
89,2010-03-31,00:00:00.00,0.000254764,2.89623,49.7
90,2010-04-01,00:00:00.00,4.11628e-308,2.17198,44.9
91,2010-04-02,00:00:00.00,0.0188879,1.68919,42
92,2010-04-03,00:00:00.00,0.0059277,1.68513,38.5
93,2010-04-04,00:00:00.00,0.210825,1.68108,37
94,2010-04-05,00:00:00.00,0.178069,1.67703,36.5
95,2010-04-06,00:00:00.00,0.214662,1.673,35.3
96,2010-04-07,00:00:00.00,13.1372,2.60927,41.9
97,2010-04-08,00:00:00.00,8.99583,9.71785,51.9
98,2010-04-09,00:00:00.00,16.6962,26.107,85.4
99,2010-04-10,00:00:00.00,0.288343,47.7629,154
100,2010-04-11,00:00:00.00,0.912878,38.9432,134
101,2010-04-12,00:00:00.00,0.0114598,11.4371,96.6
102,2010-04-13,00:00:00.00,0.000278403,4.1788,73.2
103,2010-04-14,00:00:00.00,0.000389266,4.16052,59.7
104,2010-04-15,00:00:00.00,0.00121797,4.14185,50.3
105,2010-04-16,00:00:00.00,0.000577986,4.1232,45.4
106,2010-04-17,00:00:00.00,0.183648,4.10465,42.4
107,2010-04-18,00:00:00.00,0.671022,4.08624,38
108,2010-04-19,00:00:00.00,0.217801,4.06798,35
109,2010-04-20,00:00:00.00,4.3299e-308,4.04985,33.7
110,2010-04-21,00:00:00.00,0.00815995,4.03186,31.9
111,2010-04-22,00:00:00.00,0.000820742,4.01401,31
112,2010-04-23,00:00:00.00,0.00025301,3.99629,29.8
113,2010-04-24,00:00:00.00,7.4194e-308,3.9787,29.8
114,2010-04-25,00:00:00.00,0.021405,3.96125,28.3
115,2010-04-26,00:00:00.00,10.4616,3.97612,29.1
116,2010-04-27,00:00:00.00,0.031425,5.28175,34.2
117,2010-04-28,00:00:00.00,0.000556986,5.32523,31.7
118,2010-04-29,00:00:00.00,7.12795e-308,4.07754,29.2
119,2010-04-30,00:00:00.00,0.00826909,4.05937,27.2
120,2010-05-01,00:00:00.00,0.00321364,4.04131,26.3
121,2010-05-02,00:00:00.00,2.50039,4.02339,25.9
122,2010-05-03,00:00:00.00,1.99778,4.0056,26.2
123,2010-05-04,00:00:00.00,13.495,4.41171,28.7
124,2010-05-05,00:00:00.00,0.254716,8.21797,33.1
125,2010-05-06,00:00:00.00,10.5485,10.4712,33.8
126,2010-05-07,00:00:00.00,0.0324715,13.067,35.7
127,2010-05-08,00:00:00.00,25.3045,22.2814,32.4
128,2010-05-09,00:00:00.00,7.25158,54.9257,75.9
129,2010-05-10,00:00:00.00,0.192772,64.5976,166
130,2010-05-11,00:00:00.00,0.00382299,30.1757,138
131,2010-05-12,00:00:00.00,4.45587,12.3013,93.1
132,2010-05-13,00:00:00.00,0.384788,11.6404,67.2
133,2010-05-14,00:00:00.00,13.752,14.676,52
134,2010-05-15,00:00:00.00,0.807927,27.5288,55.3
135,2010-05-16,00:00:00.00,0.00161683,28.1285,74.1
136,2010-05-17,00:00:00.00,0.00149263,16.3367,72.8
137,2010-05-18,00:00:00.00,0.00137901,13.9697,55.2
138,2010-05-19,00:00:00.00,0.0210878,13.8195,44.3
139,2010-05-20,00:00:00.00,0.000369716,13.6719,36.9
140,2010-05-21,00:00:00.00,0.00227621,13.527,33.7
141,2010-05-22,00:00:00.00,0.0125738,13.3847,31.4
142,2010-05-23,00:00:00.00,3.12327,13.245,29.3
143,2010-05-24,00:00:00.00,0.0155082,13.1078,29.3
144,2010-05-25,00:00:00.00,0.0005878,12.9731,27.8
145,2010-05-26,00:00:00.00,0.00160063,12.8407,26.6
146,2010-05-27,00:00:00.00,0.000722193,12.7106,25.3
147,2010-05-28,00:00:00.00,0.34526,12.5828,24.2
148,2010-05-29,00:00:00.00,0.107154,12.4572,23.3
149,2010-05-30,00:00:00.00,0.124325,12.3338,22.4
150,2010-05-31,00:00:00.00,0.00362979,12.2125,21.6
151,2010-06-01,00:00:00.00,2.65212,12.0932,21.8
152,2010-06-02,00:00:00.00,4.57346,11.9759,25.4
153,2010-06-03,00:00:00.00,21.2782,14.2676,24.4
154,2010-06-04,00:00:00.00,12.6983,32.4755,31.5
155,2010-06-05,00:00:00.00,6.70305,52.8021,47.5
156,2010-06-06,00:00:00.00,1.04192,46.5653,44.4
157,2010-06-07,00:00:00.00,23.4048,37.524,68.1
158,2010-06-08,00:00:00.00,0.00131981,64.183,75
159,2010-06-09,00:00:00.00,0.0100619,66.758,71.1
160,2010-06-10,00:00:00.00,15.5416,38.702,59
161,2010-06-11,00:00:00.00,0.14176,43.8655,66
162,2010-06-12,00:00:00.00,0.0290803,45.2667,63.1
163,2010-06-13,00:00:00.00,3.66995,35.4554,56.8
164,2010-06-14,00:00:00.00,0.596077,34.6747,47.7
165,2010-06-15,00:00:00.00,0.459625,33.952,43.7
166,2010-06-16,00:00:00.00,0.00930266,33.255,38.3
167,2010-06-17,00:00:00.00,12.4404,32.838,39.2
168,2010-06-18,00:00:00.00,0.019573,32.9161,41.6
169,2010-06-19,00:00:00.00,0.0157715,32.7366,36.6
170,2010-06-20,00:00:00.00,0.133905,32.0826,33.8
171,2010-06-21,00:00:00.00,0.00986467,31.4506,34.4
172,2010-06-22,00:00:00.00,0.0251854,30.8399,29.8
173,2010-06-23,00:00:00.00,11.9451,30.4124,29.7
174,2010-06-24,00:00:00.00,0.658784,30.3038,35.6
175,2010-06-25,00:00:00.00,13.0628,30.5941,31.3
176,2010-06-26,00:00:00.00,0.116943,35.1145,36.1
177,2010-06-27,00:00:00.00,7.86523,35.8142,57.9
178,2010-06-28,00:00:00.00,26.2195,44.0896,70.5
179,2010-06-29,00:00:00.00,0.403655,85.4388,143
180,2010-06-30,00:00:00.00,0.0389461,88.7261,270
181,2010-07-01,00:00:00.00,0.00615569,55.7514,201
182,2010-07-02,00:00:00.00,0.0294676,48.3564,102
183,2010-07-03,00:00:00.00,0.00550982,47.0711,56.6
184,2010-07-04,00:00:00.00,0.000472014,45.8442,37.2
185,2010-07-05,00:00:00.00,0.000804291,44.6722,31.5
186,2010-07-06,00:00:00.00,0.006116,43.5516,28.4
187,2010-07-07,00:00:00.00,0.00426156,42.4791,26.7
188,2010-07-08,00:00:00.00,0.110357,41.452,24.8
189,2010-07-09,00:00:00.00,2.15612,40.4674,23.7
190,2010-07-10,00:00:00.00,28.6646,44.2388,27.2
191,2010-07-11,00:00:00.00,0.00778569,70.8747,44.8
192,2010-07-12,00:00:00.00,1.5108,75.1788,47.3
193,2010-07-13,00:00:00.00,7.7225,54.0106,39.4
194,2010-07-14,00:00:00.00,0.254811,50.679,30.5
195,2010-07-15,00:00:00.00,0.0261271,49.7464,28.1
196,2010-07-16,00:00:00.00,2.02691,48.3968,25.9
197,2010-07-17,00:00:00.00,12.0267,47.4459,31.3
198,2010-07-18,00:00:00.00,0.453669,47.1674,36.9
199,2010-07-19,00:00:00.00,1.90979,46.5656,32.5
200,2010-07-20,00:00:00.00,4.90218,45.3832,31.6
201,2010-07-21,00:00:00.00,0.0980772,44.2913,30.6
202,2010-07-22,00:00:00.00,0.830767,43.2259,28.4
203,2010-07-23,00:00:00.00,0.932084,42.1673,26.1
204,2010-07-24,00:00:00.00,32.9105,49.1864,53.1
205,2010-07-25,00:00:00.00,10.6391,92.6606,105
206,2010-07-26,00:00:00.00,0.110697,115.438,137
207,2010-07-27,00:00:00.00,0.00191988,84.7699,103
208,2010-07-28,00:00:00.00,0.0368383,66.1249,90.6
209,2010-07-29,00:00:00.00,7.92844,64.0635,83.5
210,2010-07-30,00:00:00.00,0.00684442,62.39,64.3
211,2010-07-31,00:00:00.00,0.0113018,60.6632,45.3
212,2010-08-01,00:00:00.00,0.709062,58.7603,36.7
213,2010-08-02,00:00:00.00,0.19119,56.9594,35.2
214,2010-08-03,00:00:00.00,0.0807453,55.253,33.4
215,2010-08-04,00:00:00.00,0.0196591,53.634,32
216,2010-08-05,00:00:00.00,0.468207,52.0962,27.5
217,2010-08-06,00:00:00.00,0.190486,50.634,26.7
218,2010-08-07,00:00:00.00,0.274286,49.242,25.5
219,2010-08-08,00:00:00.00,0.196244,47.9156,24.6
220,2010-08-09,00:00:00.00,4.85157,46.6511,24.2
221,2010-08-10,00:00:00.00,9.15405,45.5615,26
222,2010-08-11,00:00:00.00,0.103886,44.7349,29.4
223,2010-08-12,00:00:00.00,0.149013,43.8271,26.9
224,2010-08-13,00:00:00.00,0.0259797,42.743,25.3
225,2010-08-14,00:00:00.00,0.00682715,41.7048,24.4
226,2010-08-15,00:00:00.00,0.33414,40.7098,24.2
227,2010-08-16,00:00:00.00,2.54788,39.7556,23.8
228,2010-08-17,00:00:00.00,0.003505,38.8397,23.7
229,2010-08-18,00:00:00.00,0.0090828,37.96,23.1
230,2010-08-19,00:00:00.00,0.00281739,37.1145,22.7
231,2010-08-20,00:00:00.00,0.951931,36.3013,22.6
232,2010-08-21,00:00:00.00,0.0461065,35.5187,22.2
233,2010-08-22,00:00:00.00,11.598,34.9495,24.3
234,2010-08-23,00:00:00.00,7.17077,35.0529,33.3
235,2010-08-24,00:00:00.00,0.774688,35.6971,31.2
236,2010-08-25,00:00:00.00,0.0826993,35.5248,26.5
237,2010-08-26,00:00:00.00,0.0403386,34.6303,25
238,2010-08-27,00:00:00.00,0.026796,33.9093,24.3
239,2010-08-28,00:00:00.00,0.0103386,33.2138,23.4
240,2010-08-29,00:00:00.00,0.00493222,32.5428,22.8
241,2010-08-30,00:00:00.00,0,31.895,22.4
242,2010-08-31,00:00:00.00,0.0249008,31.2694,22
243,2010-09-01,00:00:00.00,0.0148569,30.6648,21.8
244,2010-09-02,00:00:00.00,0.209449,30.0803,21.5
245,2010-09-03,00:00:00.00,4.65587,29.5159,22.4
246,2010-09-04,00:00:00.00,12.3452,29.2961,31.4
247,2010-09-05,00:00:00.00,8.73654,33.2849,35.3
248,2010-09-06,00:00:00.00,0.961085,41.0074,33
249,2010-09-07,00:00:00.00,1.01922,38.6774,28.1
250,2010-09-08,00:00:00.00,0.191077,32.2358,26.4
251,2010-09-09,00:00:00.00,3.72627,31.6454,25.5
252,2010-09-10,00:00:00.00,1.31699,31.1519,25
253,2010-09-11,00:00:00.00,0.180272,30.6321,24.7
254,2010-09-12,00:00:00.00,2.03551,30.0494,24.1
255,2010-09-13,00:00:00.00,2.6582,29.488,24.7
256,2010-09-14,00:00:00.00,2.01094,28.9494,24.6
257,2010-09-15,00:00:00.00,0.0245816,28.4253,24
258,2010-09-16,00:00:00.00,0.102698,27.9127,23
259,2010-09-17,00:00:00.00,22.9583,31.3691,28.8
260,2010-09-18,00:00:00.00,0.109456,53.4747,43.1
261,2010-09-19,00:00:00.00,0.663614,56.5928,30.6
262,2010-09-20,00:00:00.00,0.003805,38.1459,28.7
263,2010-09-21,00:00:00.00,0.131778,34.612,26.3
264,2010-09-22,00:00:00.00,5.01328,33.9842,25.5
265,2010-09-23,00:00:00.00,3.23595,33.5883,25.4
266,2010-09-24,00:00:00.00,0.0495766,33.1904,25.8
267,2010-09-25,00:00:00.00,0.393923,32.5964,24.6
268,2010-09-26,00:00:00.00,1.85742,31.9476,24.1
269,2010-09-27,00:00:00.00,0.154982,31.3204,23.9
270,2010-09-28,00:00:00.00,4.88465,30.7724,23.7
271,2010-09-29,00:00:00.00,33.7657,44.3269,31.9
272,2010-09-30,00:00:00.00,0.0992309,100.902,53.1
273,2010-10-01,00:00:00.00,0.00331931,109.309,52.3
274,2010-10-02,00:00:00.00,0.128047,64.3791,51.5
275,2010-10-03,00:00:00.00,4.61234,53.32,46.8
276,2010-10-04,00:00:00.00,0.377339,52.5671,46.5
277,2010-10-05,00:00:00.00,0.51623,51.5865,40.6
278,2010-10-06,00:00:00.00,4.55941,50.4005,37.9
279,2010-10-07,00:00:00.00,2.74854,49.8338,43.8
280,2010-10-08,00:00:00.00,0.13692,49.2594,41
281,2010-10-09,00:00:00.00,0.027473,48.1484,38.2
282,2010-10-10,00:00:00.00,0.000710843,46.8781,36.3
283,2010-10-11,00:00:00.00,0.0097521,45.6617,34.5
284,2010-10-12,00:00:00.00,1.92439,44.5032,32.7
285,2010-10-13,00:00:00.00,0.00109774,43.404,28.5
286,2010-10-14,00:00:00.00,4.55026,42.4328,27.6
287,2010-10-15,00:00:00.00,17.9073,45.5478,42.2
288,2010-10-16,00:00:00.00,0.0133656,66.9612,48.2
289,2010-10-17,00:00:00.00,0.00212626,69.5752,41.7
290,2010-10-18,00:00:00.00,0.00554931,52.2965,37.5
291,2010-10-19,00:00:00.00,0.0638574,49.5839,34.3
292,2010-10-20,00:00:00.00,0.183536,48.2484,32.2
293,2010-10-21,00:00:00.00,3.21864,47.0764,31.4
294,2010-10-22,00:00:00.00,5.92097,46.6298,34.8
295,2010-10-23,00:00:00.00,0.748504,47.0062,34.5
296,2010-10-24,00:00:00.00,7.35092,47.5985,33.7
297,2010-10-25,00:00:00.00,6.67128,55.3451,35.1
298,2010-10-26,00:00:00.00,0.385906,64.4704,39.2
299,2010-10-27,00:00:00.00,8.81933,61.3352,40.9
300,2010-10-28,00:00:00.00,0.0561046,63.7803,46.5
301,2010-10-29,00:00:00.00,1.34888,64.4532,43.9
302,2010-10-30,00:00:00.00,0.704908,57.0933,42.4
303,2010-10-31,00:00:00.00,0.0293045,55.4928,40.6
304,2010-11-01,00:00:00.00,0.0806012,53.8951,39
305,2010-11-02,00:00:00.00,0.00321493,52.3642,36.9
306,2010-11-03,00:00:00.00,0.0107979,50.9009,36.1
307,2010-11-04,00:00:00.00,1.97723,49.5672,35
308,2010-11-05,00:00:00.00,1.39079,48.4505,34.7
309,2010-11-06,00:00:00.00,2.68853,47.5053,33.6
310,2010-11-07,00:00:00.00,0.0632385,46.6557,31.6
311,2010-11-08,00:00:00.00,0.0286818,45.6641,30.1
312,2010-11-09,00:00:00.00,0.00376223,44.5092,29.6
313,2010-11-10,00:00:00.00,0.00298862,43.4013,29.5
314,2010-11-11,00:00:00.00,0.000724984,42.3385,29.2
315,2010-11-12,00:00:00.00,0.000584168,41.3192,28.8
316,2010-11-13,00:00:00.00,0.00082949,40.3411,28.5
317,2010-11-14,00:00:00.00,0.123714,39.4024,28.3
318,2010-11-15,00:00:00.00,1.40904,38.5108,28.3
319,2010-11-16,00:00:00.00,0.0204133,37.6725,28.2
320,2010-11-17,00:00:00.00,11.758,37.6545,28.4
321,2010-11-18,00:00:00.00,6.48023,46.7237,42.1
322,2010-11-19,00:00:00.00,1.28094,56.9429,40.6
323,2010-11-20,00:00:00.00,0.0251208,51.0753,39.3
324,2010-11-21,00:00:00.00,0.004253,43.1591,37.2
325,2010-11-22,00:00:00.00,0.264932,42.1521,35
326,2010-11-23,00:00:00.00,7.64965,42.1064,34.7
327,2010-11-24,00:00:00.00,7.1206,52.6,43
328,2010-11-25,00:00:00.00,0.0637644,65.4811,46.9
329,2010-11-26,00:00:00.00,8.82398,60.6134,48.1
330,2010-11-27,00:00:00.00,3.26335,56.9061,54.1
331,2010-11-28,00:00:00.00,1.98843,56.7847,53.7
332,2010-11-29,00:00:00.00,0.154245,52.0499,52.7
333,2010-11-30,00:00:00.00,0.0295576,50.7536,45
334,2010-12-01,00:00:00.00,18.6628,61.1821,44.2
335,2010-12-02,00:00:00.00,6.7897,115.605,79.4
336,2010-12-03,00:00:00.00,0.937532,130.867,160
337,2010-12-04,00:00:00.00,0.429346,90.9879,144
338,2010-12-05,00:00:00.00,0.553309,77.706,110
339,2010-12-06,00:00:00.00,1.40956,74.8798,78.6
340,2010-12-07,00:00:00.00,5.41105,72.2144,54.2
341,2010-12-08,00:00:00.00,2.59189,69.6997,44
342,2010-12-09,00:00:00.00,1.77509,67.3261,35
343,2010-12-10,00:00:00.00,0.329103,65.0846,29
344,2010-12-11,00:00:00.00,1.28519,62.9662,34.2
345,2010-12-12,00:00:00.00,0.333725,60.962,37
346,2010-12-13,00:00:00.00,17.8599,59.9984,39.2
347,2010-12-14,00:00:00.00,1.83644,62.0855,30
348,2010-12-15,00:00:00.00,2.35174,61.9955,22.8
349,2010-12-16,00:00:00.00,2.8436,58.9275,25
350,2010-12-17,00:00:00.00,3.23406,57.1666,28
351,2010-12-18,00:00:00.00,2.26047,55.4888,33
352,2010-12-19,00:00:00.00,0.908642,53.8892,31.5
353,2010-12-20,00:00:00.00,0.742147,52.3641,30.8
354,2010-12-21,00:00:00.00,0.587434,50.9093,31.2
355,2010-12-22,00:00:00.00,0.256904,49.5207,30.7
356,2010-12-23,00:00:00.00,0.21438,48.1942,30.4
357,2010-12-24,00:00:00.00,0.201178,46.9264,29.6
358,2010-12-25,00:00:00.00,0.0820666,45.714,28.6
359,2010-12-26,00:00:00.00,0.114588,44.5538,27
360,2010-12-27,00:00:00.00,0.164426,43.4431,25.3
361,2010-12-28,00:00:00.00,0.231191,42.3792,23.3
362,2010-12-29,00:00:00.00,0.271957,41.3593,23.6
363,2010-12-30,00:00:00.00,0.124754,40.3809,24.2
364,2010-12-31,00:00:00.00,0.373177,39.4418,26.3
365,2011-01-01,00:00:00.00,2.34899,38.5965,28
366,2011-01-02,00:00:00.00,12.3716,64.1087,41.2
367,2011-01-03,00:00:00.00,1.14743,168.76,190
368,2011-01-04,00:00:00.00,1.58779,189.474,287
369,2011-01-05,00:00:00.00,6.87492,111.985,221
370,2011-01-06,00:00:00.00,1.50443,90.779,157
371,2011-01-07,00:00:00.00,4.29498,87.2269,90.8
372,2011-01-08,00:00:00.00,1.37265,83.7557,69.8
373,2011-01-09,00:00:00.00,0.702818,80.5085,61.5
374,2011-01-10,00:00:00.00,0.307158,77.4672,54.6
375,2011-01-11,00:00:00.00,0.06621,74.6148,44.7
376,2011-01-12,00:00:00.00,4.42951,71.9359,38.8
377,2011-01-13,00:00:00.00,4.78943,69.4163,35.3
378,2011-01-14,00:00:00.00,1.32154,67.0432,32.7
379,2011-01-15,00:00:00.00,1.12427,64.8051,31.3
380,2011-01-16,00:00:00.00,12.8148,62.6914,30.9
381,2011-01-17,00:00:00.00,0.866968,60.6927,30.3
382,2011-01-18,00:00:00.00,0.122376,58.8009,29.4
383,2011-01-19,00:00:00.00,1.3363,57.0088,29.4
384,2011-01-20,00:00:00.00,0.650379,55.3095,29.6
385,2011-01-21,00:00:00.00,2.38335,53.6958,29.8
386,2011-01-22,00:00:00.00,4.40197,52.1615,29.6
387,2011-01-23,00:00:00.00,2.4808,50.7015,29.2
388,2011-01-24,00:00:00.00,0.437096,49.3111,28.6
389,2011-01-25,00:00:00.00,2.17915,47.9859,28.1
390,2011-01-26,00:00:00.00,0.487545,46.7216,27.9
391,2011-01-27,00:00:00.00,0.307654,45.5137,28.2
392,2011-01-28,00:00:00.00,1.37842,44.3585,28.8
393,2011-01-29,00:00:00.00,1.09406,43.253,29.7
394,2011-01-30,00:00:00.00,1.67146,42.1944,30.5
395,2011-01-31,00:00:00.00,0.261184,41.1799,31
396,2011-02-01,00:00:00.00,0.0598272,40.2072,31.3
397,2011-02-02,00:00:00.00,1.40758,39.2738,31.6
398,2011-02-03,00:00:00.00,17.1514,38.3775,31.8
399,2011-02-04,00:00:00.00,0.0433535,37.5162,32
400,2011-02-05,00:00:00.00,0.0181211,36.688,32.2
401,2011-02-06,00:00:00.00,7.06156,35.8912,32.4
402,2011-02-07,00:00:00.00,1.8433,35.124,32.6
403,2011-02-08,00:00:00.00,0.847657,34.3849,32.7
404,2011-02-09,00:00:00.00,0.228227,33.6725,32.5
405,2011-02-10,00:00:00.00,0.463477,32.9854,32.2
406,2011-02-11,00:00:00.00,0.156759,32.3223,32.2
407,2011-02-12,00:00:00.00,1.63968,31.6822,32.8
408,2011-02-13,00:00:00.00,4.29066,31.0638,33.3
409,2011-02-14,00:00:00.00,1.36125,30.4661,33.7
410,2011-02-15,00:00:00.00,0.246604,29.8882,33.9
411,2011-02-16,00:00:00.00,0.0018633,29.3291,34.1
412,2011-02-17,00:00:00.00,0.877942,28.788,34.3
413,2011-02-18,00:00:00.00,1.07295,28.264,34.6
414,2011-02-19,00:00:00.00,1.37841,31.2994,64.2
415,2011-02-20,00:00:00.00,1.64894,52.0227,125
416,2011-02-21,00:00:00.00,3.49802,55.0491,146
417,2011-02-22,00:00:00.00,2.42365,37.7692,110
418,2011-02-23,00:00:00.00,0.0232007,34.5443,87
419,2011-02-24,00:00:00.00,0.00322489,33.8556,70.6
420,2011-02-25,00:00:00.00,2.10119,33.1839,61
421,2011-02-26,00:00:00.00,1.68807,32.5289,55.8
422,2011-02-27,00:00:00.00,8.13253,31.8916,52.1
423,2011-02-28,00:00:00.00,2.83553,31.273,50.5
424,2011-03-01,00:00:00.00,11.6851,30.7693,81.4
425,2011-03-02,00:00:00.00,0.00661295,30.4601,86.5
426,2011-03-03,00:00:00.00,0.0961814,30.0663,77.9
427,2011-03-04,00:00:00.00,0.0147691,29.5068,61.3
428,2011-03-05,00:00:00.00,5.14658,29.0393,56.7
429,2011-03-06,00:00:00.00,30.6812,52.1059,116
430,2011-03-07,00:00:00.00,3.2703,143.084,234
431,2011-03-08,00:00:00.00,0.00117416,158.277,195
432,2011-03-09,00:00:00.00,0.00115474,87.7501,171
433,2011-03-10,00:00:00.00,12.9421,69.5132,167
434,2011-03-11,00:00:00.00,11.4778,75.9207,204
435,2011-03-12,00:00:00.00,12.082,96.1191,368
436,2011-03-13,00:00:00.00,1.23189,107.161,380
437,2011-03-14,00:00:00.00,0.510846,94.8993,299
438,2011-03-15,00:00:00.00,0.00560337,83.4771,214
439,2011-03-16,00:00:00.00,1.13911,80.231,174
440,2011-03-17,00:00:00.00,4.47354,77.5515,168
441,2011-03-18,00:00:00.00,0.0450986,105.566,242
442,2011-03-19,00:00:00.00,0.190903,259.614,388
443,2011-03-20,00:00:00.00,0.0101064,415.921,527
444,2011-03-21,00:00:00.00,0.880224,362.336,433
445,2011-03-22,00:00:00.00,6.41655,263.614,296
446,2011-03-23,00:00:00.00,0.703077,244.363,245
447,2011-03-24,00:00:00.00,20.7888,229.943,208
448,2011-03-25,00:00:00.00,0.0686213,212.26,160
449,2011-03-26,00:00:00.00,0.0149147,195.879,124
450,2011-03-27,00:00:00.00,0.0244943,181.575,94.1
451,2011-03-28,00:00:00.00,1.49467e-308,169,77.9
452,2011-03-29,00:00:00.00,9.05235e-308,157.871,71.4
453,2011-03-30,00:00:00.00,0.0113511,147.963,66.6
454,2011-03-31,00:00:00.00,0.165315,139.095,63.6
455,2011-04-01,00:00:00.00,0.290126,131.119,68.2
456,2011-04-02,00:00:00.00,0.00258857,126.11,78.8
457,2011-04-03,00:00:00.00,0.00662319,136.649,94.3
458,2011-04-04,00:00:00.00,3.18029,177.848,100
459,2011-04-05,00:00:00.00,16.5998,253.821,128
460,2011-04-06,00:00:00.00,0.303074,368.758,279
461,2011-04-07,00:00:00.00,0.515336,366.13,291
462,2011-04-08,00:00:00.00,0.0211027,277.288,223
463,2011-04-09,00:00:00.00,0.00808908,247.876,153
464,2011-04-10,00:00:00.00,0.00217356,226.388,115
465,2011-04-11,00:00:00.00,3.6482,208.098,93.4
466,2011-04-12,00:00:00.00,0.127346,192.496,88.5
467,2011-04-13,00:00:00.00,0.00346315,178.765,102
468,2011-04-14,00:00:00.00,0.00120127,166.479,101
469,2011-04-15,00:00:00.00,0.000362399,155.608,84.9
470,2011-04-16,00:00:00.00,0.000718591,145.929,72.5
471,2011-04-17,00:00:00.00,18.2126,140.469,70.1
472,2011-04-18,00:00:00.00,2.77572,143.717,81.9
473,2011-04-19,00:00:00.00,0.198596,141.943,78.2
474,2011-04-20,00:00:00.00,3.69451,132.381,75.3
475,2011-04-21,00:00:00.00,15.2967,130.977,97.2
476,2011-04-22,00:00:00.00,0.370174,152.253,192
477,2011-04-23,00:00:00.00,0.38261,154.975,205
478,2011-04-24,00:00:00.00,12.4693,138.398,166
479,2011-04-25,00:00:00.00,0.199464,145.09,171
480,2011-04-26,00:00:00.00,4.14882,144.528,159
481,2011-04-27,00:00:00.00,6.89715,135.692,142
482,2011-04-28,00:00:00.00,14.9471,140.335,119
483,2011-04-29,00:00:00.00,6.63149,165.586,173
484,2011-04-30,00:00:00.00,0.266781,173.106,265
485,2011-05-01,00:00:00.00,0.0458948,154.176,208
486,2011-05-02,00:00:00.00,3.02331,142.68,135
487,2011-05-03,00:00:00.00,0.641721,134.463,105
488,2011-05-04,00:00:00.00,5.96249,127.616,91.9
489,2011-05-05,00:00:00.00,0.0263777,122.45,89.3
490,2011-05-06,00:00:00.00,0.0270485,117.154,80.2
491,2011-05-07,00:00:00.00,7.77345,111.823,73
492,2011-05-08,00:00:00.00,0.068241,108.045,72.9
493,2011-05-09,00:00:00.00,0.00427761,103.985,69
494,2011-05-10,00:00:00.00,0.000519915,99.1561,61.7
495,2011-05-11,00:00:00.00,0.105553,94.706,56.6
496,2011-05-12,00:00:00.00,0.0167989,90.595,52.1
497,2011-05-13,00:00:00.00,0.0352535,86.7873,49.3
498,2011-05-14,00:00:00.00,10.1206,83.4832,48
499,2011-05-15,00:00:00.00,20.5938,84.8175,62.3
500,2011-05-16,00:00:00.00,12.5696,117.23,97
501,2011-05-17,00:00:00.00,6.97199,151.781,162
502,2011-05-18,00:00:00.00,3.02986,143.824,172
503,2011-05-19,00:00:00.00,11.9036,126.935,151
504,2011-05-20,00:00:00.00,10.8774,139.512,215
505,2011-05-21,00:00:00.00,0.0237401,157.373,338
506,2011-05-22,00:00:00.00,0.789679,146.456,239
507,2011-05-23,00:00:00.00,2.20482,130.493,141
508,2011-05-24,00:00:00.00,8.60519,123.935,102
509,2011-05-25,00:00:00.00,0.370339,119.056,107
510,2011-05-26,00:00:00.00,10.7072,115.412,114
511,2011-05-27,00:00:00.00,8.47141,115.257,143
512,2011-05-28,00:00:00.00,1.19021,117.026,152
513,2011-05-29,00:00:00.00,0.413059,114.273,145
514,2011-05-30,00:00:00.00,8.53,109.236,129
515,2011-05-31,00:00:00.00,5.78963,106.581,145
516,2011-06-01,00:00:00.00,0.000681276,104.121,129
517,2011-06-02,00:00:00.00,9.79977e-308,100.031,95.2
518,2011-06-03,00:00:00.00,0.042817,95.5139,72.7
519,2011-06-04,00:00:00.00,0.0294743,91.3421,59.1
520,2011-06-05,00:00:00.00,18.4435,89.3338,55.8
521,2011-06-06,00:00:00.00,0.0319274,93.4453,79.3
522,2011-06-07,00:00:00.00,0.00651465,93.1449,93.5
523,2011-06-08,00:00:00.00,11.5671,87.6542,81.8
524,2011-06-09,00:00:00.00,3.4891,86.2346,79.7
525,2011-06-10,00:00:00.00,0.38795,84.161,105
526,2011-06-11,00:00:00.00,0.0937546,80.8163,87.1
527,2011-06-12,00:00:00.00,0.973477,77.6915,69.6
528,2011-06-13,00:00:00.00,0.0817197,74.772,59.9
529,2011-06-14,00:00:00.00,0.0227385,72.0397,54.5
530,2011-06-15,00:00:00.00,0.0014119,69.4777,48.4
531,2011-06-16,00:00:00.00,7.26633e-308,67.0712,44.3
532,2011-06-17,00:00:00.00,0.0690388,64.8072,41.5
533,2011-06-18,00:00:00.00,0.0207714,62.6737,39.8
534,2011-06-19,00:00:00.00,0.0165828,60.6602,38.2
535,2011-06-20,00:00:00.00,0.00158694,58.7574,36
536,2011-06-21,00:00:00.00,0.181811,56.9566,34.3
537,2011-06-22,00:00:00.00,0.881852,55.2503,33.2
538,2011-06-23,00:00:00.00,20.5224,55.0537,34.2
539,2011-06-24,00:00:00.00,6.53913,65.1383,51.1
540,2011-06-25,00:00:00.00,3.38421,69.6966,55.6
541,2011-06-26,00:00:00.00,0.787829,61.924,55.4
542,2011-06-27,00:00:00.00,0.080033,58.142,50
543,2011-06-28,00:00:00.00,0.0100098,56.3802,44.1
544,2011-06-29,00:00:00.00,1.99114,54.7042,40.9
545,2011-06-30,00:00:00.00,0.0908222,53.113,39.9
546,2011-07-01,00:00:00.00,0.000285679,51.601,37.5
547,2011-07-02,00:00:00.00,0.00611993,50.1627,35.2
548,2011-07-03,00:00:00.00,11.7275,48.9944,32.7
549,2011-07-04,00:00:00.00,0.0345391,48.2546,32.6
550,2011-07-05,00:00:00.00,0.00153743,47.3478,35.3
551,2011-07-06,00:00:00.00,0.0256799,46.1086,32.7
552,2011-07-07,00:00:00.00,0.0604415,44.9249,30.4
553,2011-07-08,00:00:00.00,0.00946902,43.7932,28.9
554,2011-07-09,00:00:00.00,0.00884528,42.7105,27.4
555,2011-07-10,00:00:00.00,0.00174422,41.6736,27
556,2011-07-11,00:00:00.00,0.0348109,40.6799,26.4
557,2011-07-12,00:00:00.00,0.0609299,39.7269,26.1
558,2011-07-13,00:00:00.00,0.0139219,38.8121,25.9
559,2011-07-14,00:00:00.00,0.00477231,37.9335,25
560,2011-07-15,00:00:00.00,0.00300897,37.0891,24.5
561,2011-07-16,00:00:00.00,0.00669716,36.2769,24.2
562,2011-07-17,00:00:00.00,0.0413185,35.4952,23
563,2011-07-18,00:00:00.00,0.0232016,34.7424,22.6
564,2011-07-19,00:00:00.00,0.857626,34.0171,21.9
565,2011-07-20,00:00:00.00,0.0114893,33.3177,21.9
566,2011-07-21,00:00:00.00,0.00722382,32.643,21.9
567,2011-07-22,00:00:00.00,0.00537954,31.9918,21.8
568,2011-07-23,00:00:00.00,0.170936,31.3629,21.2
569,2011-07-24,00:00:00.00,0.299181,30.7552,20.9
570,2011-07-25,00:00:00.00,1.25064,30.1677,21.5
571,2011-07-26,00:00:00.00,3.22653,29.5996,21.3
572,2011-07-27,00:00:00.00,0.282297,29.0497,21.1
573,2011-07-28,00:00:00.00,0.00734223,28.5175,20.3
574,2011-07-29,00:00:00.00,4.89551,28.0021,21.6
575,2011-07-30,00:00:00.00,9.57337,27.5777,27.7
576,2011-07-31,00:00:00.00,0.000569826,27.3052,27
577,2011-08-01,00:00:00.00,0.818664,26.966,23.3
578,2011-08-02,00:00:00.00,0.103953,26.4981,22.3
579,2011-08-03,00:00:00.00,0.0718359,26.0441,21.5
580,2011-08-04,00:00:00.00,5.72181,25.608,22
581,2011-08-05,00:00:00.00,0.0454271,25.1932,22.9
582,2011-08-06,00:00:00.00,0.102525,24.7857,22.4
583,2011-08-07,00:00:00.00,2.00768,24.3812,23.4
584,2011-08-08,00:00:00.00,9.16854,24.0426,23
585,2011-08-09,00:00:00.00,0.243667,23.815,25
586,2011-08-10,00:00:00.00,15.9924,24.2684,28.5
587,2011-08-11,00:00:00.00,1.93071,33.2607,34.8
588,2011-08-12,00:00:00.00,0.2805,34.1956,28.2
589,2011-08-13,00:00:00.00,0.0273746,26.3876,24.9
590,2011-08-14,00:00:00.00,0.0345909,25.8742,22.8
591,2011-08-15,00:00:00.00,10.9212,25.6425,22.2
592,2011-08-16,00:00:00.00,0.131825,25.8025,31.1
593,2011-08-17,00:00:00.00,0.0306045,25.7543,30.2
594,2011-08-18,00:00:00.00,0.804846,25.3225,25
595,2011-08-19,00:00:00.00,0.0291156,24.9027,22.6
596,2011-08-20,00:00:00.00,0.0445058,24.4949,22.4
597,2011-08-21,00:00:00.00,10.1689,24.1923,21.2
598,2011-08-22,00:00:00.00,8.55378,24.3935,22.1
599,2011-08-23,00:00:00.00,0.129281,27.3102,24
600,2011-08-24,00:00:00.00,0.0413629,27.5103,26
601,2011-08-25,00:00:00.00,19.152,27.568,24.1
602,2011-08-26,00:00:00.00,0.524575,44.6573,36
603,2011-08-27,00:00:00.00,0.0160226,46.9246,29.1
604,2011-08-28,00:00:00.00,0.0455806,32.4261,26.8
605,2011-08-29,00:00:00.00,0.0182443,29.9923,23.7
606,2011-08-30,00:00:00.00,0.078026,29.4299,21.9
607,2011-08-31,00:00:00.00,0.107757,28.8856,21.2
608,2011-09-01,00:00:00.00,1.96498,28.3585,20.8
609,2011-09-02,00:00:00.00,5.0274,27.8534,23.2
610,2011-09-03,00:00:00.00,0.120461,27.3742,23.2
611,2011-09-04,00:00:00.00,6.48595,26.9323,21.8
612,2011-09-05,00:00:00.00,8.83334,26.7882,28.1
613,2011-09-06,00:00:00.00,0.187463,27.313,27.4
614,2011-09-07,00:00:00.00,0.0787341,27.3012,24.5
615,2011-09-08,00:00:00.00,1.23049,26.5974,23.6
616,2011-09-09,00:00:00.00,0.381376,26.1408,23.5
617,2011-09-10,00:00:00.00,0.019365,25.6974,22.7
618,2011-09-11,00:00:00.00,0.0240999,25.2669,22.1
619,2011-09-12,00:00:00.00,0.139343,24.8487,21.8
620,2011-09-13,00:00:00.00,0.653173,24.4424,21.9
621,2011-09-14,00:00:00.00,0.442391,24.0475,22.1
622,2011-09-15,00:00:00.00,3.11855,23.6641,22.7
623,2011-09-16,00:00:00.00,0.916875,23.2921,22.9
624,2011-09-17,00:00:00.00,0.0580827,22.9298,21.9
625,2011-09-18,00:00:00.00,0.00627491,22.5761,21.8
626,2011-09-19,00:00:00.00,0.018102,22.2319,21.6
627,2011-09-20,00:00:00.00,21.1431,24.3133,23.1
628,2011-09-21,00:00:00.00,0.253877,39.9365,34.1
629,2011-09-22,00:00:00.00,4.99669,43.0041,30.8
630,2011-09-23,00:00:00.00,0.0979582,30.2351,33.8
631,2011-09-24,00:00:00.00,10.0875,28.3918,28.6
632,2011-09-25,00:00:00.00,0.13142,35.8843,28.9
633,2011-09-26,00:00:00.00,0.0935394,36.5158,26.7
634,2011-09-27,00:00:00.00,4.40124,30.1026,25.7
635,2011-09-28,00:00:00.00,13.1592,32.6871,30.9
636,2011-09-29,00:00:00.00,2.20692,46.7442,37.8
637,2011-09-30,00:00:00.00,2.96451,47.9675,32.8
638,2011-10-01,00:00:00.00,8.50285,38.53,34
639,2011-10-02,00:00:00.00,0.447064,47.929,31.8
640,2011-10-03,00:00:00.00,4.38115,49.3234,30.9
641,2011-10-04,00:00:00.00,4.41914,43.4987,32.4
642,2011-10-05,00:00:00.00,0.0412894,45.515,32.6
643,2011-10-06,00:00:00.00,0.00268035,44.0582,30.7
644,2011-10-07,00:00:00.00,0.00957484,41.6251,28.5
645,2011-10-08,00:00:00.00,0.0028172,40.6396,27.2
646,2011-10-09,00:00:00.00,0.00729157,39.6901,28.3
647,2011-10-10,00:00:00.00,2.33862e-308,38.7772,26.3
648,2011-10-11,00:00:00.00,0.0365153,37.9001,24.8
649,2011-10-12,00:00:00.00,0.0220644,37.0569,24.5
650,2011-10-13,00:00:00.00,11.7207,36.6801,24.8
651,2011-10-14,00:00:00.00,4.28922,38.8955,32.3
652,2011-10-15,00:00:00.00,27.7617,56.5413,47.6
653,2011-10-16,00:00:00.00,6.56816,114.083,67.8
654,2011-10-17,00:00:00.00,2.78533,133.387,63.2
655,2011-10-18,00:00:00.00,0.240216,91.9669,67.5
656,2011-10-19,00:00:00.00,0.445867,72.0401,57
657,2011-10-20,00:00:00.00,12.3089,72.1123,50.7
658,2011-10-21,00:00:00.00,31.0397,111.188,98.2
659,2011-10-22,00:00:00.00,0.961477,195.506,216
660,2011-10-23,00:00:00.00,0.12279,195.271,208
661,2011-10-24,00:00:00.00,0.0142947,137.765,131
662,2011-10-25,00:00:00.00,4.06387,124.484,77.3
663,2011-10-26,00:00:00.00,11.5776,124.038,60.9
664,2011-10-27,00:00:00.00,4.6714,141.163,60.6
665,2011-10-28,00:00:00.00,0.874092,147.444,91
666,2011-10-29,00:00:00.00,0.0834111,133.658,92.8
667,2011-10-30,00:00:00.00,0.0537017,125.14,87.2
668,2011-10-31,00:00:00.00,0.0604541,118.584,78.8
669,2011-11-01,00:00:00.00,0.0789157,112.578,70.4
670,2011-11-02,00:00:00.00,0.0420038,107.068,64
671,2011-11-03,00:00:00.00,0.00107545,102.003,60
672,2011-11-04,00:00:00.00,0.0677617,97.3382,58.1
673,2011-11-05,00:00:00.00,0.0053927,93.0317,50.4
674,2011-11-06,00:00:00.00,0.00101174,89.0474,50.5
675,2011-11-07,00:00:00.00,5.81671e-308,85.3526,46.3
676,2011-11-08,00:00:00.00,0.136281,81.9182,43.8
677,2011-11-09,00:00:00.00,1.02268,78.719,39.7
678,2011-11-10,00:00:00.00,4.87429,75.9061,37.5
679,2011-11-11,00:00:00.00,0.954323,73.6007,39.9
680,2011-11-12,00:00:00.00,1.51966,71.3106,36.8
681,2011-11-13,00:00:00.00,0.0160488,68.8932,35.3
682,2011-11-14,00:00:00.00,0.770717,66.5807,34.3
683,2011-11-15,00:00:00.00,8.66359,65.3218,36.6
684,2011-11-16,00:00:00.00,0.0715623,66.6241,43.5
685,2011-11-17,00:00:00.00,0.0533304,66.2905,40.1
686,2011-11-18,00:00:00.00,0.586161,63.4981,39.2
687,2011-11-19,00:00:00.00,0.0464149,61.4612,35.9
688,2011-11-20,00:00:00.00,0.087377,59.5308,36.8
689,2011-11-21,00:00:00.00,0.77081,57.7032,36.1
690,2011-11-22,00:00:00.00,0.00711265,55.9757,35.3
691,2011-11-23,00:00:00.00,5.72802,54.4357,34.7
692,2011-11-24,00:00:00.00,6.71865,53.5648,45.7
693,2011-11-25,00:00:00.00,0.0241849,54.4626,47.1
694,2011-11-26,00:00:00.00,0.0220883,59.0837,45.8
695,2011-11-27,00:00:00.00,0.453406,59.0066,43.8
696,2011-11-28,00:00:00.00,16.6609,59.2355,43.9
697,2011-11-29,00:00:00.00,3.19742,88.7773,59.6
698,2011-11-30,00:00:00.00,50.8274,140.557,118
699,2011-12-01,00:00:00.00,4.20532,265.539,386
700,2011-12-02,00:00:00.00,0.00121725,294.757,476
701,2011-12-03,00:00:00.00,1.10365,199.094,402
702,2011-12-04,00:00:00.00,0.611812,167.396,240
703,2011-12-05,00:00:00.00,15.9719,164.83,144
704,2011-12-06,00:00:00.00,10.6234,205.672,176
705,2011-12-07,00:00:00.00,2.90321,241.35,277
706,2011-12-08,00:00:00.00,0.123594,217.86,271
707,2011-12-09,00:00:00.00,0.551537,189.312,210
708,2011-12-10,00:00:00.00,2.8121,175.985,161
709,2011-12-11,00:00:00.00,0.225278,164.211,133
710,2011-12-12,00:00:00.00,0.00549332,153.744,101
711,2011-12-13,00:00:00.00,9.2057e-308,144.378,83.3
712,2011-12-14,00:00:00.00,0.00153303,135.955,72.5
713,2011-12-15,00:00:00.00,10.2461,134.473,63.1
714,2011-12-16,00:00:00.00,13.0848,171.263,81.5
715,2011-12-17,00:00:00.00,1.16625,211.031,236
716,2011-12-18,00:00:00.00,0.438778,192.618,292
717,2011-12-19,00:00:00.00,1.57444,163.277,219
718,2011-12-20,00:00:00.00,0.189076,152.972,150
719,2011-12-21,00:00:00.00,0.0905542,143.732,103
720,2011-12-22,00:00:00.00,6.39976,136.902,80.9
721,2011-12-23,00:00:00.00,0.870097,134.573,80.3
722,2011-12-24,00:00:00.00,0.70457,132.98,90.7
723,2011-12-25,00:00:00.00,0.0711246,127.73,95.8
724,2011-12-26,00:00:00.00,0.767685,120.979,82.7
725,2011-12-27,00:00:00.00,0.29295,114.818,70.7
726,2011-12-28,00:00:00.00,10.2107,110.485,66.2
727,2011-12-29,00:00:00.00,1.35947,108.945,65.2
728,2011-12-30,00:00:00.00,4.35847,106.242,55.4
729,2011-12-31,00:00:00.00,6.82368,102.419,57.3
730,2012-01-01,00:00:00.00,2.42578,111.546,68.3
731,2012-01-02,00:00:00.00,10.4034,157.799,86.8
732,2012-01-03,00:00:00.00,2.79745,190.312,158
733,2012-01-04,00:00:00.00,0.346493,165.198,210
734,2012-01-05,00:00:00.00,0.0467055,139.324,153
735,2012-01-06,00:00:00.00,0.0342015,131.495,126
736,2012-01-07,00:00:00.00,0.00472731,124.381,103
737,2012-01-08,00:00:00.00,0.0522495,118.571,86.8
738,2012-01-09,00:00:00.00,0.0792325,114.506,74.2
739,2012-01-10,00:00:00.00,0.0303315,110.119,74.6
740,2012-01-11,00:00:00.00,0.0930366,104.855,69.5
741,2012-01-12,00:00:00.00,0.233612,100.029,65.6
742,2012-01-13,00:00:00.00,5.45389,96.6532,65.6
743,2012-01-14,00:00:00.00,1.79797,95.4327,76.7
744,2012-01-15,00:00:00.00,0.366666,93.2484,91.4
745,2012-01-16,00:00:00.00,0.0327087,89.318,63.8
746,2012-01-17,00:00:00.00,2.20067,85.6647,54.6
747,2012-01-18,00:00:00.00,10.4482,84.2129,69.7
748,2012-01-19,00:00:00.00,0.665001,90.4637,75.1
749,2012-01-20,00:00:00.00,5.3306,90.7753,73.1
750,2012-01-21,00:00:00.00,1.38492,83.4809,63.9
751,2012-01-22,00:00:00.00,1.21228,80.2589,55.9
752,2012-01-23,00:00:00.00,0.00952535,77.2386,55.5
753,2012-01-24,00:00:00.00,6.52989,75.5465,62.4
754,2012-01-25,00:00:00.00,0.770314,76.5239,91.3
755,2012-01-26,00:00:00.00,1.06162,75.9372,107
756,2012-01-27,00:00:00.00,2.1204,72.8285,88.8
757,2012-01-28,00:00:00.00,8.89212,70.9023,88
758,2012-01-29,00:00:00.00,4.85436,70.301,92.8
759,2012-01-30,00:00:00.00,4.08897,69.1929,80.6
760,2012-01-31,00:00:00.00,6.49337,66.9432,64.6
761,2012-02-01,00:00:00.00,0.678011,64.7397,60.8
762,2012-02-02,00:00:00.00,0.0334191,65.6358,87.3
763,2012-02-03,00:00:00.00,0.000748918,87.037,186
764,2012-02-04,00:00:00.00,0.0111757,90.5705,161
765,2012-02-05,00:00:00.00,0.0229618,73.3445,128
766,2012-02-06,00:00:00.00,0.000406283,70.7623,99.5
767,2012-02-07,00:00:00.00,0.00760509,68.3185,87.8
768,2012-02-08,00:00:00.00,0.029839,66.0068,85
769,2012-02-09,00:00:00.00,5.31544e-308,63.8215,79.3
770,2012-02-10,00:00:00.00,7.92352e-308,61.7554,73
771,2012-02-11,00:00:00.00,1.7689,59.8006,68.2
772,2012-02-12,00:00:00.00,5.53047,57.9493,61.7
773,2012-02-13,00:00:00.00,2.51913,56.1948,48.1
774,2012-02-14,00:00:00.00,0.010681,54.5304,48.7
775,2012-02-15,00:00:00.00,0.43513,52.9497,53.9
776,2012-02-16,00:00:00.00,0.331407,51.4468,49.6
777,2012-02-17,00:00:00.00,2.70854,50.0335,49.5
778,2012-02-18,00:00:00.00,0.439856,48.7185,50.6
779,2012-02-19,00:00:00.00,5.57164,47.4621,49.9
780,2012-02-20,00:00:00.00,0.0694304,46.2582,47.7
781,2012-02-21,00:00:00.00,0.000239815,45.0943,44.2
782,2012-02-22,00:00:00.00,2.23316,43.9558,43.3
783,2012-02-23,00:00:00.00,0.686032,42.8665,46.3
784,2012-02-24,00:00:00.00,0.363786,41.8233,52.9
785,2012-02-25,00:00:00.00,10.4954,40.9185,60.2
786,2012-02-26,00:00:00.00,0.858735,40.2269,68.1
787,2012-02-27,00:00:00.00,0.0472875,39.4694,60.4
788,2012-02-28,00:00:00.00,0.0322552,38.5665,54.1
789,2012-02-29,00:00:00.00,0.0579435,37.6984,52.8
790,2012-03-01,00:00:00.00,0.092018,36.8635,54.6
791,2012-03-02,00:00:00.00,0.072479,36.06,62.7
792,2012-03-03,00:00:00.00,5.44486,35.3485,68.6
793,2012-03-04,00:00:00.00,6.54706,35.0546,107
794,2012-03-05,00:00:00.00,0.711556,35.2318,161
795,2012-03-06,00:00:00.00,0.0292523,35.0174,111
796,2012-03-07,00:00:00.00,0.164693,34.2929,78
797,2012-03-08,00:00:00.00,0.0240541,33.5904,66.2
798,2012-03-09,00:00:00.00,5.94292,58.8529,86.2
799,2012-03-10,00:00:00.00,2.598,163.935,170
800,2012-03-11,00:00:00.00,0.0849052,184.444,127
801,2012-03-12,00:00:00.00,0.000449922,105.141,87.3
802,2012-03-13,00:00:00.00,4.49874,86.3448,78.8
803,2012-03-14,00:00:00.00,5.89685,106.27,107
804,2012-03-15,00:00:00.00,0.048829,117.504,192
805,2012-03-16,00:00:00.00,1.7422,103.334,194
806,2012-03-17,00:00:00.00,0.0617053,94.2248,167
807,2012-03-18,00:00:00.00,0.00969908,90.1811,120
808,2012-03-19,00:00:00.00,0.0535997,86.4117,92.8
809,2012-03-20,00:00:00.00,0.0303395,82.9046,79
810,2012-03-21,00:00:00.00,0.0014884,79.6385,70.4
811,2012-03-22,00:00:00.00,0.0026775,76.5914,65.2
812,2012-03-23,00:00:00.00,0.0547442,73.7431,56.4
813,2012-03-24,00:00:00.00,0.398402,71.0754,53.5
814,2012-03-25,00:00:00.00,2.18677,68.5726,52.7
815,2012-03-26,00:00:00.00,0.0384944,66.2207,65
816,2012-03-27,00:00:00.00,0.00196987,64.0064,66.1
817,2012-03-28,00:00:00.00,0.0591396,61.9183,55.3
818,2012-03-29,00:00:00.00,0.223352,59.9467,48.8
819,2012-03-30,00:00:00.00,0.292368,58.0824,44.1
820,2012-03-31,00:00:00.00,0.661916,56.3173,39.7
821,2012-04-01,00:00:00.00,0.0534715,54.644,38.6
822,2012-04-02,00:00:00.00,2.92417,53.0566,38.7
823,2012-04-03,00:00:00.00,0.00756226,51.5498,39.3
824,2012-04-04,00:00:00.00,0.0149722,50.1155,38
825,2012-04-05,00:00:00.00,0.00181746,48.7481,37
826,2012-04-06,00:00:00.00,0.000841931,47.4447,36.2
827,2012-04-07,00:00:00.00,0.000204293,46.2009,34.3
828,2012-04-08,00:00:00.00,0.000177113,45.0131,30.7
829,2012-04-09,00:00:00.00,0.0850097,43.8776,29.9
830,2012-04-10,00:00:00.00,0.0560871,42.7912,29.8
831,2012-04-11,00:00:00.00,0.376273,41.7509,29.6
832,2012-04-12,00:00:00.00,0.0741283,40.7541,29.6
833,2012-04-13,00:00:00.00,0.00129609,39.798,28.6
834,2012-04-14,00:00:00.00,0.0271086,38.8804,28.4
835,2012-04-15,00:00:00.00,0.332331,37.9992,27.9
836,2012-04-16,00:00:00.00,3.0162,37.1522,29.1
837,2012-04-17,00:00:00.00,0.00761541,36.3376,31.4
838,2012-04-18,00:00:00.00,0.0011595,35.5536,29.7
839,2012-04-19,00:00:00.00,0.00834376,34.7987,28.4
840,2012-04-20,00:00:00.00,0.0482372,34.0713,27.3
841,2012-04-21,00:00:00.00,1.97585,33.37,26.5
842,2012-04-22,00:00:00.00,5.30166,32.7047,29.5
843,2012-04-23,00:00:00.00,0.00475852,32.0834,30.6
844,2012-04-24,00:00:00.00,5.47803,31.5105,29.4
845,2012-04-25,00:00:00.00,1.69139,31.0077,30.2
846,2012-04-26,00:00:00.00,0.0620045,30.4837,31.7
847,2012-04-27,00:00:00.00,1.07928,29.9056,31.6
848,2012-04-28,00:00:00.00,0.153532,29.3461,30.5
849,2012-04-29,00:00:00.00,0.000525711,28.8044,29.1
850,2012-04-30,00:00:00.00,0.080015,28.2799,27.9
851,2012-05-01,00:00:00.00,10.3499,27.9999,27.3
852,2012-05-02,00:00:00.00,0.473177,28.1593,31.7
853,2012-05-03,00:00:00.00,0.252066,28.0866,31.6
854,2012-05-04,00:00:00.00,9.29377,27.8205,31
855,2012-05-05,00:00:00.00,5.54203,28.5745,35.3
856,2012-05-06,00:00:00.00,0.00497249,28.9753,89.6
857,2012-05-07,00:00:00.00,0.00744097,28.3524,93
858,2012-05-08,00:00:00.00,0.71051,27.8441,58.4
859,2012-05-09,00:00:00.00,6.7061,27.4275,50.1
860,2012-05-10,00:00:00.00,2.66409,27.1689,44.6
861,2012-05-11,00:00:00.00,0.00141006,26.8412,35.8
862,2012-05-12,00:00:00.00,0.0611993,26.3781,36.9
863,2012-05-13,00:00:00.00,0.328523,25.9277,35.1
864,2012-05-14,00:00:00.00,0.450074,25.4905,33.8
865,2012-05-15,00:00:00.00,0.00260663,25.0659,28.8
866,2012-05-16,00:00:00.00,0.00489403,24.6534,27
867,2012-05-17,00:00:00.00,1.06194,24.2526,26.3
868,2012-05-18,00:00:00.00,8.03728e-308,23.863,26.2
869,2012-05-19,00:00:00.00,0.000311161,23.4841,25.2
870,2012-05-20,00:00:00.00,0.00249859,23.1156,24.3
871,2012-05-21,00:00:00.00,0.0195933,22.757,23.7
872,2012-05-22,00:00:00.00,0.426409,22.408,23
873,2012-05-23,00:00:00.00,0.040478,22.0681,22.6
874,2012-05-24,00:00:00.00,0.0172133,21.7372,22.7
875,2012-05-25,00:00:00.00,0.0229325,21.4147,22.6
876,2012-05-26,00:00:00.00,0.0692398,21.1005,22.2
877,2012-05-27,00:00:00.00,0.000790675,20.7941,21.9
878,2012-05-28,00:00:00.00,0.775514,20.4955,21.4
879,2012-05-29,00:00:00.00,0.0469073,20.2042,21.5
880,2012-05-30,00:00:00.00,1.5303,19.92,21.4
881,2012-05-31,00:00:00.00,0.001366,19.6426,21.1
882,2012-06-01,00:00:00.00,0.00218131,19.3719,20.8
883,2012-06-02,00:00:00.00,41.1532,32.718,26.5
884,2012-06-03,00:00:00.00,3.29467,88.7006,55.7
885,2012-06-04,00:00:00.00,4.16238,97.6593,51.1
886,2012-06-05,00:00:00.00,0.893637,51.4634,48.4
887,2012-06-06,00:00:00.00,0.0241319,38.3832,41.5
888,2012-06-07,00:00:00.00,8.00946,37.8383,35.9
889,2012-06-08,00:00:00.00,0.446416,37.877,45.2
890,2012-06-09,00:00:00.00,0.62511,37.6091,36.4
891,2012-06-10,00:00:00.00,6.1529,36.8261,35.2
892,2012-06-11,00:00:00.00,0.00025802,36.1606,38.4
893,2012-06-12,00:00:00.00,1.85041,35.4719,31.3
894,2012-06-13,00:00:00.00,4.76579,34.7252,31.9
895,2012-06-14,00:00:00.00,0.00735993,34.0149,31.7
896,2012-06-15,00:00:00.00,1.34458e-308,33.325,28.1
897,2012-06-16,00:00:00.00,0.0184307,32.6501,26.3
898,2012-06-17,00:00:00.00,0.000315181,31.9987,24.2
899,2012-06-18,00:00:00.00,2.37127,31.3695,22.9
900,2012-06-19,00:00:00.00,0.236205,30.7616,23
901,2012-06-20,00:00:00.00,0.0347865,30.1739,22.5
902,2012-06-21,00:00:00.00,0.000455737,29.6055,21.4
903,2012-06-22,00:00:00.00,5.63985,29.0559,20.8
904,2012-06-23,00:00:00.00,0.615864,28.5246,26.3
905,2012-06-24,00:00:00.00,0.000618766,28.0096,23.2
906,2012-06-25,00:00:00.00,0.896168,27.5099,20.7
907,2012-06-26,00:00:00.00,0.15176,27.0255,21.6
908,2012-06-27,00:00:00.00,0.0289863,26.5557,20.6
909,2012-06-28,00:00:00.00,0.0851285,26.0999,19.7
910,2012-06-29,00:00:00.00,0.000577524,25.6576,19.3
911,2012-06-30,00:00:00.00,0.000641371,25.2282,19.2
912,2012-07-01,00:00:00.00,0.00197839,24.8111,17.9
913,2012-07-02,00:00:00.00,0.000962091,24.4058,17.2
914,2012-07-03,00:00:00.00,0.0108778,24.012,17.9
915,2012-07-04,00:00:00.00,0.456541,23.629,18.1
916,2012-07-05,00:00:00.00,0.132772,23.2565,19.4
917,2012-07-06,00:00:00.00,0.0108077,22.8942,18.6
918,2012-07-07,00:00:00.00,0.00742512,22.5415,18.2
919,2012-07-08,00:00:00.00,0.32121,22.1982,17.9
920,2012-07-09,00:00:00.00,0.00959107,21.8638,16.9
921,2012-07-10,00:00:00.00,0.0179414,21.5381,16.8
922,2012-07-11,00:00:00.00,0.00137621,21.2207,16.8
923,2012-07-12,00:00:00.00,0.00243553,20.9114,18.1
924,2012-07-13,00:00:00.00,3.0258e-308,20.6098,17
925,2012-07-14,00:00:00.00,0.32148,20.3157,16.1
926,2012-07-15,00:00:00.00,0.0671864,20.0288,19.6
927,2012-07-16,00:00:00.00,2.4589,19.7488,18.7
928,2012-07-17,00:00:00.00,0.629349,19.4756,17.5
929,2012-07-18,00:00:00.00,0.530714,19.2089,17.3
930,2012-07-19,00:00:00.00,0.203437,18.9484,16.9
931,2012-07-20,00:00:00.00,0.42603,18.694,16.9
932,2012-07-21,00:00:00.00,0.698384,18.4455,16.6
933,2012-07-22,00:00:00.00,0.0107964,18.2026,16.5
934,2012-07-23,00:00:00.00,1.71208,17.9653,16.2
935,2012-07-24,00:00:00.00,0.200473,17.7332,18.8
936,2012-07-25,00:00:00.00,0.0234167,17.5063,16.7
937,2012-07-26,00:00:00.00,7.59117,17.2952,15.8
938,2012-07-27,00:00:00.00,17.843,19.0326,22.4
939,2012-07-28,00:00:00.00,1.31245,31.2091,28.5
940,2012-07-29,00:00:00.00,0.254277,32.3617,20.2
941,2012-07-30,00:00:00.00,0.000888759,21.6608,18.3
942,2012-07-31,00:00:00.00,0,20.0061,17.4
943,2012-08-01,00:00:00.00,2.57511,19.7267,17.7
944,2012-08-02,00:00:00.00,0.121453,19.454,18.2
945,2012-08-03,00:00:00.00,0.0409249,19.1878,17.8
946,2012-08-04,00:00:00.00,0.189034,18.9278,16.9
947,2012-08-05,00:00:00.00,1.65801,18.6739,16.6
948,2012-08-06,00:00:00.00,6.21754,18.4295,18.2
949,2012-08-07,00:00:00.00,0.102792,18.1977,21.2
950,2012-08-08,00:00:00.00,0.00357079,17.9673,16.9
951,2012-08-09,00:00:00.00,0.382849,17.7352,15.3
952,2012-08-10,00:00:00.00,9.572,17.5657,15.5
953,2012-08-11,00:00:00.00,20.8557,23.6095,20.1
954,2012-08-12,00:00:00.00,8.70789,51.0922,29.9
955,2012-08-13,00:00:00.00,1.71049,64.083,33.2
956,2012-08-14,00:00:00.00,0.161646,41.7589,23.4
957,2012-08-15,00:00:00.00,6.04656,27.7328,22
958,2012-08-16,00:00:00.00,0.304717,27.6757,22.6
959,2012-08-17,00:00:00.00,0.427394,27.4692,19.8
960,2012-08-18,00:00:00.00,2.35158,26.9869,19.2
961,2012-08-19,00:00:00.00,0.0351945,26.5184,18.3
962,2012-08-20,00:00:00.00,0.0281935,26.0638,17.5
963,2012-08-21,00:00:00.00,0.00661932,25.6225,17.3
964,2012-08-22,00:00:00.00,0.00246922,25.1941,16.9
965,2012-08-23,00:00:00.00,0.00535716,24.778,16.5
966,2012-08-24,00:00:00.00,0.003477,24.3737,16.2
967,2012-08-25,00:00:00.00,0,23.9807,15.9
968,2012-08-26,00:00:00.00,0,23.5986,16.2
969,2012-08-27,00:00:00.00,0.0370579,23.227,15.7
970,2012-08-28,00:00:00.00,6.04736,22.8716,16.8
971,2012-08-29,00:00:00.00,0.0148988,22.5374,17.9
972,2012-08-30,00:00:00.00,0.00398666,22.2057,17.6
973,2012-08-31,00:00:00.00,0.00307429,21.8712,16.2
974,2012-09-01,00:00:00.00,0.0134072,21.5453,15.5
975,2012-09-02,00:00:00.00,0.00743551,21.2277,14.9
976,2012-09-03,00:00:00.00,0.00591035,20.9182,14.7
977,2012-09-04,00:00:00.00,0.227257,20.6165,14.4
978,2012-09-05,00:00:00.00,17.7406,20.8486,16.7
979,2012-09-06,00:00:00.00,0.220065,28.4383,33.4
980,2012-09-07,00:00:00.00,0.0743775,29.1442,21.8
981,2012-09-08,00:00:00.00,3.01174,22.469,18.6
982,2012-09-09,00:00:00.00,26.1836,29.869,26
983,2012-09-10,00:00:00.00,0.392578,64.6548,31
984,2012-09-11,00:00:00.00,0.0230213,69.2942,20.7
985,2012-09-12,00:00:00.00,0.0263543,40.0988,18.3
986,2012-09-13,00:00:00.00,0.00342566,33.1374,17.2
987,2012-09-14,00:00:00.00,0.0152002,32.4696,16.1
988,2012-09-15,00:00:00.00,14.317,32.5027,16.4
989,2012-09-16,00:00:00.00,0.0659806,38.2898,21.1
990,2012-09-17,00:00:00.00,0.135044,38.9176,18.5
991,2012-09-18,00:00:00.00,0.0178235,33.7692,16.7
992,2012-09-19,00:00:00.00,23.216,38.373,26.8
993,2012-09-20,00:00:00.00,0.421513,66.1656,36.3
994,2012-09-21,00:00:00.00,3.15952,70.9805,23.6
995,2012-09-22,00:00:00.00,1.06384,48.7864,21.4
996,2012-09-23,00:00:00.00,9.70764,45.2049,28.3
997,2012-09-24,00:00:00.00,1.97523,53.4572,27
998,2012-09-25,00:00:00.00,0.342656,54.5934,21.4
999,2012-09-26,00:00:00.00,0.00435188,47.4459,19.8
1000,2012-09-27,00:00:00.00,0.0270758,46.222,18.7
1001,2012-09-28,00:00:00.00,0.101923,45.0389,18.2
1002,2012-09-29,00:00:00.00,0.132863,43.9038,17.6
1003,2012-09-30,00:00:00.00,5.31857,42.9383,17.3
1004,2012-10-01,00:00:00.00,2.36375,42.2736,18.7
1005,2012-10-02,00:00:00.00,0.0266341,41.5799,20.9
1006,2012-10-03,00:00:00.00,0.169482,40.6557,18.4
1007,2012-10-04,00:00:00.00,1.65194,39.7047,18.1
1008,2012-10-05,00:00:00.00,0.251392,38.7913,17.8
1009,2012-10-06,00:00:00.00,5.87801,38.038,17.6
1010,2012-10-07,00:00:00.00,1.12028,37.5455,18.9
1011,2012-10-08,00:00:00.00,0.400615,36.9495,18.7
1012,2012-10-09,00:00:00.00,0.0625037,36.1453,17.7
1013,2012-10-10,00:00:00.00,0.143598,35.3699,17.3
1014,2012-10-11,00:00:00.00,4.69963,34.7295,17.7
1015,2012-10-12,00:00:00.00,1.83581,34.3387,17.5
1016,2012-10-13,00:00:00.00,0.783165,33.9059,16.9
1017,2012-10-14,00:00:00.00,9.44976,33.9799,15.9
1018,2012-10-15,00:00:00.00,14.9262,47.7602,24.9
1019,2012-10-16,00:00:00.00,1.2679,74.659,32.6
1020,2012-10-17,00:00:00.00,0.23455,69.7595,27.6
1021,2012-10-18,00:00:00.00,2.84669,48.805,25.3
1022,2012-10-19,00:00:00.00,0.792288,46.0782,24.7
1023,2012-10-20,00:00:00.00,3.35329,45.6332,22.4
1024,2012-10-21,00:00:00.00,7.80532,47.159,26.3
1025,2012-10-22,00:00:00.00,0.0950428,56.0584,26.3
1026,2012-10-23,00:00:00.00,0.301931,56.2654,23.4
1027,2012-10-24,00:00:00.00,24.247,57.9652,35.6
1028,2012-10-25,00:00:00.00,0.81062,101.723,51.1
1029,2012-10-26,00:00:00.00,0.176152,109.872,49.3
1030,2012-10-27,00:00:00.00,5.56799,77.2454,42.2
1031,2012-10-28,00:00:00.00,18.6296,84.2864,43.7
1032,2012-10-29,00:00:00.00,7.99887,127.887,63.6
1033,2012-10-30,00:00:00.00,14.4012,156.698,82.1
1034,2012-10-31,00:00:00.00,8.7828,169.404,102
1035,2012-11-01,00:00:00.00,7.57041,184.441,132
1036,2012-11-02,00:00:00.00,1.49457,178.073,133
1037,2012-11-03,00:00:00.00,0.86694,161.058,118
1038,2012-11-04,00:00:00.00,0.108168,146.147,86.9
1039,2012-11-05,00:00:00.00,0.104141,137.661,64.3
1040,2012-11-06,00:00:00.00,0.0373117,129.96,57.8
1041,2012-11-07,00:00:00.00,0.011241,122.954,51.2
1042,2012-11-08,00:00:00.00,0.00482365,116.564,44.4
1043,2012-11-09,00:00:00.00,0.0251096,110.72,41.8
1044,2012-11-10,00:00:00.00,0.487435,105.363,36.5
1045,2012-11-11,00:00:00.00,0.173958,100.442,33.8
1046,2012-11-12,00:00:00.00,0.0735785,95.9067,32.7
1047,2012-11-13,00:00:00.00,11.567,93.8255,32.5
1048,2012-11-14,00:00:00.00,0.111792,99.1097,39.4
1049,2012-11-15,00:00:00.00,0.00205352,98.9995,40
1050,2012-11-16,00:00:00.00,0.000237926,91.7125,42.3
1051,2012-11-17,00:00:00.00,0.000748258,87.8706,42.1
1052,2012-11-18,00:00:00.00,0.00553243,84.2889,35.7
1053,2012-11-19,00:00:00.00,0.00994521,80.9467,30.9
1054,2012-11-20,00:00:00.00,0.177987,77.8246,30.8
1055,2012-11-21,00:00:00.00,0.0121343,74.9042,30
1056,2012-11-22,00:00:00.00,0.0406579,72.1684,29.2
1057,2012-11-23,00:00:00.00,0.412241,69.6014,28.8
1058,2012-11-24,00:00:00.00,4.26527,67.4514,29.9
1059,2012-11-25,00:00:00.00,1.37281,65.9139,32.4
1060,2012-11-26,00:00:00.00,0.727022,64.2097,30.9
1061,2012-11-27,00:00:00.00,0.176901,62.1216,30.1
1062,2012-11-28,00:00:00.00,0.0496957,60.1473,29.8
1063,2012-11-29,00:00:00.00,0.520831,58.2783,28.2
1064,2012-11-30,00:00:00.00,0.0210855,56.5074,26.7
1065,2012-12-01,00:00:00.00,0.878946,54.8275,26.8
1066,2012-12-02,00:00:00.00,0.390486,53.2323,26.8
1067,2012-12-03,00:00:00.00,16.0887,53.7898,36.1
1068,2012-12-04,00:00:00.00,0.288823,70.8746,55.1
1069,2012-12-05,00:00:00.00,6.34995,80.3368,68.9
1070,2012-12-06,00:00:00.00,0.15006,76.1074,81.5
1071,2012-12-07,00:00:00.00,0.00166157,72.0645,74.7
1072,2012-12-08,00:00:00.00,1.11521,64.9638,63.5
1073,2012-12-09,00:00:00.00,4.44017,63.862,52.3
1074,2012-12-10,00:00:00.00,3.05481,64.2762,45.2
1075,2012-12-11,00:00:00.00,3.11948,64.0989,50.8
1076,2012-12-12,00:00:00.00,0.461698,62.9787,54
1077,2012-12-13,00:00:00.00,0.210909,61.5922,53.3
1078,2012-12-14,00:00:00.00,0.000756807,59.7136,48.5
1079,2012-12-15,00:00:00.00,0.000809714,57.9179,42.4
1080,2012-12-16,00:00:00.00,0.896548,56.2032,38.1
1081,2012-12-17,00:00:00.00,9.2751,56.0575,38.1
1082,2012-12-18,00:00:00.00,0.548629,68.9061,42
1083,2012-12-19,00:00:00.00,0.198673,81.3007,49.8
1084,2012-12-20,00:00:00.00,0.0609695,73.049,58.5
1085,2012-12-21,00:00:00.00,8.84035,65.1935,59.7
1086,2012-12-22,00:00:00.00,4.14207,75.558,65.4
1087,2012-12-23,00:00:00.00,0.317313,81.0627,69.2
1088,2012-12-24,00:00:00.00,0.0643406,73.2577,69.3
1089,2012-12-25,00:00:00.00,0.0899702,68.5141,56.9
1090,2012-12-26,00:00:00.00,0.270792,66.2434,49
1091,2012-12-27,00:00:00.00,5.00076,64.0883,43.7
1092,2012-12-28,00:00:00.00,4.22753,62.0435,35.4
1093,2012-12-29,00:00:00.00,0.512014,60.103,31.6
1094,2012-12-30,00:00:00.00,4.18425,58.2604,29.2
1095,2012-12-31,00:00:00.00,0.257253,56.5095,28.2
1096,2013-01-01,00:00:00.00,0.270165,54.8447,27.7
1097,2013-01-02,00:00:00.00,0.245403,53.2605,27.3
1098,2013-01-03,00:00:00.00,1.12081,51.7523,27
1099,2013-01-04,00:00:00.00,0.790863,50.3155,26.7
1100,2013-01-05,00:00:00.00,0.0873755,48.9456,27
1101,2013-01-06,00:00:00.00,0.671491,47.6383,27.2
1102,2013-01-07,00:00:00.00,4.41663,46.4485,27.1
1103,2013-01-08,00:00:00.00,0.0678632,45.42,27.1
1104,2013-01-09,00:00:00.00,1.46685e-308,44.3791,27.3
1105,2013-01-10,00:00:00.00,0.0580892,43.2753,27.3
1106,2013-01-11,00:00:00.00,0.00159961,42.2175,28.3
1107,2013-01-12,00:00:00.00,12.8437,42.2835,32.3
1108,2013-01-13,00:00:00.00,0.0426197,66.3321,41.6
1109,2013-01-14,00:00:00.00,20.5041,137.223,133
1110,2013-01-15,00:00:00.00,0.336649,189.058,297
1111,2013-01-16,00:00:00.00,0.0389538,152.654,291
1112,2013-01-17,00:00:00.00,0.193702,106.541,218
1113,2013-01-18,00:00:00.00,2.27473,98.9849,171
1114,2013-01-19,00:00:00.00,0.796867,94.6359,114
1115,2013-01-20,00:00:00.00,0.853382,90.6006,75.5
1116,2013-01-21,00:00:00.00,2.90845,86.8521,54.7
1117,2013-01-22,00:00:00.00,1.37081,83.3616,40.8
1118,2013-01-23,00:00:00.00,1.89076,80.1048,25.7
1119,2013-01-24,00:00:00.00,0.963181,77.0627,16.9
1120,2013-01-25,00:00:00.00,0.12877,74.2164,21.8
1121,2013-01-26,00:00:00.00,1.74737,71.5481,22
1122,2013-01-27,00:00:00.00,0.364444,69.0414,22
1123,2013-01-28,00:00:00.00,0.193446,66.6816,22.2
1124,2013-01-29,00:00:00.00,11.008,65.2386,22.5
1125,2013-01-30,00:00:00.00,21.9556,93.9947,33.9
1126,2013-01-31,00:00:00.00,7.50886,199.648,150
1127,2013-02-01,00:00:00.00,4.40138,235.992,325
1128,2013-02-02,00:00:00.00,4.85437,168.389,356
1129,2013-02-03,00:00:00.00,2.78566,137.042,245
1130,2013-02-04,00:00:00.00,1.41915,129.418,144
1131,2013-02-05,00:00:00.00,0.783475,122.496,108
1132,2013-02-06,00:00:00.00,0.457035,116.187,79
1133,2013-02-07,00:00:00.00,0.919922,110.416,84.4
1134,2013-02-08,00:00:00.00,4.40678,105.118,68.9
1135,2013-02-09,00:00:00.00,28.2267,100.24,54.3
1136,2013-02-10,00:00:00.00,0.288878,95.738,37.7
1137,2013-02-11,00:00:00.00,0.101695,91.5726,38.5
1138,2013-02-12,00:00:00.00,3.82462,88.0055,37.3
1139,2013-02-13,00:00:00.00,0.494611,85.2339,36.9
1140,2013-02-14,00:00:00.00,0.0749761,82.3656,35.7
1141,2013-02-15,00:00:00.00,3.70458,79.1533,35.2
1142,2013-02-16,00:00:00.00,1.35061,76.1517,35.2
1143,2013-02-17,00:00:00.00,1.62247,73.3417,35.2
1144,2013-02-18,00:00:00.00,0.13766,70.7062,35.6
1145,2013-02-19,00:00:00.00,0.0522356,68.2311,35.6
1146,2013-02-20,00:00:00.00,10.2488,66.134,36.1
1147,2013-02-21,00:00:00.00,1.50429,64.5864,35.4
1148,2013-02-22,00:00:00.00,0.217586,62.9006,35
1149,2013-02-23,00:00:00.00,1.06634,60.8847,35.5
1150,2013-02-24,00:00:00.00,1.25,58.9768,35.4
1151,2013-02-25,00:00:00.00,2.45653,57.1693,34.8
1152,2013-02-26,00:00:00.00,0.0217471,55.455,34.5
1153,2013-02-27,00:00:00.00,5.34798,53.8645,34.7
1154,2013-02-28,00:00:00.00,12.957,52.7875,35
1155,2013-03-01,00:00:00.00,3.87079,52.4714,35
1156,2013-03-02,00:00:00.00,0.0840997,51.8534,34.6
1157,2013-03-03,00:00:00.00,0.171128,50.5285,34.5
1158,2013-03-04,00:00:00.00,0.212901,49.1559,34.6
1159,2013-03-05,00:00:00.00,0.0505597,47.8435,34.7
1160,2013-03-06,00:00:00.00,0.00880317,46.5883,34.7
1161,2013-03-07,00:00:00.00,0.206413,45.3872,34.8
1162,2013-03-08,00:00:00.00,2.25995,44.2378,35.4
1163,2013-03-09,00:00:00.00,0.020228,43.1375,36.1
1164,2013-03-10,00:00:00.00,0.00221378,42.0837,36.9
1165,2013-03-11,00:00:00.00,0.0122997,53.7664,45.5
1166,2013-03-12,00:00:00.00,17.7977,156.215,94.5
1167,2013-03-13,00:00:00.00,1.76438,345.445,365
1168,2013-03-14,00:00:00.00,2.56139,360.894,396
1169,2013-03-15,00:00:00.00,0.2727,239.795,351
1170,2013-03-16,00:00:00.00,0.487822,194.71,252
1171,2013-03-17,00:00:00.00,0.620576,180.591,203
1172,2013-03-18,00:00:00.00,0.177316,168.152,174
1173,2013-03-19,00:00:00.00,2.79452,157.131,153
1174,2013-03-20,00:00:00.00,4.33934,147.311,116
1175,2013-03-21,00:00:00.00,1.60033,138.516,92.1
1176,2013-03-22,00:00:00.00,1.12198,130.602,84
1177,2013-03-23,00:00:00.00,0.495052,123.448,80.9
1178,2013-03-24,00:00:00.00,0.0336948,116.955,76.6
1179,2013-03-25,00:00:00.00,0.000360578,111.038,75.8
1180,2013-03-26,00:00:00.00,0.00359289,105.627,83.7
1181,2013-03-27,00:00:00.00,0.00100485,100.664,85.3
1182,2013-03-28,00:00:00.00,0.245499,96.0959,99.5
1183,2013-03-29,00:00:00.00,0.225575,91.88,127
1184,2013-03-30,00:00:00.00,0.00417623,89.8318,143
1185,2013-03-31,00:00:00.00,0.00701537,93.8654,180
1186,2013-04-01,00:00:00.00,1.52589,93.6425,193
1187,2013-04-02,00:00:00.00,1.2342,87.6443,182
1188,2013-04-03,00:00:00.00,0.572316,84.211,156
1189,2013-04-04,00:00:00.00,0.358505,80.8888,120
1190,2013-04-05,00:00:00.00,3.31201e-308,77.7755,102
1191,2013-04-06,00:00:00.00,0.00584215,74.858,95.7
1192,2013-04-07,00:00:00.00,0.033207,72.123,98
1193,2013-04-08,00:00:00.00,0.676377,69.5569,93.2
1194,2013-04-09,00:00:00.00,11.8291,68.4489,96.9
1195,2013-04-10,00:00:00.00,24.0286,88.5638,181
1196,2013-04-11,00:00:00.00,14.3522,152.072,381
1197,2013-04-12,00:00:00.00,8.56493,190.211,574
1198,2013-04-13,00:00:00.00,16.0854,165.46,586
1199,2013-04-14,00:00:00.00,2.54078,166.864,474
1200,2013-04-15,00:00:00.00,0.535153,196.159,422
1201,2013-04-16,00:00:00.00,0.00973881,183.193,293
1202,2013-04-17,00:00:00.00,1.49174,156.552,232
1203,2013-04-18,00:00:00.00,5.8743,147.745,185
1204,2013-04-19,00:00:00.00,16.8311,147.379,153
1205,2013-04-20,00:00:00.00,7.9291,174.096,184
1206,2013-04-21,00:00:00.00,0.923303,188.016,331
1207,2013-04-22,00:00:00.00,0.00926726,168.491,291
1208,2013-04-23,00:00:00.00,0.00750429,153.503,173
1209,2013-04-24,00:00:00.00,0.0782047,144.081,111
1210,2013-04-25,00:00:00.00,9.89324,137.185,80.4
1211,2013-04-26,00:00:00.00,2.4424,133.976,79.3
1212,2013-04-27,00:00:00.00,0.0231287,129.698,78.5
1213,2013-04-28,00:00:00.00,0.0491142,122.83,78.4
1214,2013-04-29,00:00:00.00,6.11276,116.856,75.9
1215,2013-04-30,00:00:00.00,2.17136,112.232,81.5
1216,2013-05-01,00:00:00.00,0.0519894,107.557,79.4
1217,2013-05-02,00:00:00.00,0.0294074,102.444,75.6
1218,2013-05-03,00:00:00.00,0.0195508,97.7368,65.8
1219,2013-05-04,00:00:00.00,1.10185e-308,93.3959,58
1220,2013-05-05,00:00:00.00,0,89.3826,53.8
1221,2013-05-06,00:00:00.00,0.00291321,85.6625,49
1222,2013-05-07,00:00:00.00,8.2498e-308,82.206,45.7
1223,2013-05-08,00:00:00.00,0.0241796,78.9871,43.2
1224,2013-05-09,00:00:00.00,0.3861,75.9829,41.2
1225,2013-05-10,00:00:00.00,0.30689,73.1736,40
1226,2013-05-11,00:00:00.00,16.3384,71.6481,39.4
1227,2013-05-12,00:00:00.00,1.727,72.9416,49.8
1228,2013-05-13,00:00:00.00,1.51503,72.481,47.6
1229,2013-05-14,00:00:00.00,0.286408,69.3337,45.8
1230,2013-05-15,00:00:00.00,0.102695,66.9486,43.6
1231,2013-05-16,00:00:00.00,0.574678,64.6953,40.8
1232,2013-05-17,00:00:00.00,0.000284181,62.5688,39
1233,2013-05-18,00:00:00.00,0.00241517,60.5613,37
1234,2013-05-19,00:00:00.00,0.00280918,58.6638,34.8
1235,2013-05-20,00:00:00.00,0.182072,56.8681,33.1
1236,2013-05-21,00:00:00.00,9.2021,55.2553,32.3
1237,2013-05-22,00:00:00.00,12.5061,54.7905,35.3
1238,2013-05-23,00:00:00.00,2.51234,57.9615,92.7
1239,2013-05-24,00:00:00.00,2.68987,58.0392,123
1240,2013-05-25,00:00:00.00,0.912729,54.4199,83.5
1241,2013-05-26,00:00:00.00,0.00147586,52.854,57.7
1242,2013-05-27,00:00:00.00,0.0342255,51.3582,47.9
1243,2013-05-28,00:00:00.00,0.0333457,49.9322,39.6
1244,2013-05-29,00:00:00.00,23.4877,51.3053,41.7
1245,2013-05-30,00:00:00.00,8.34076,75.0866,79.4
1246,2013-05-31,00:00:00.00,1.72902,88.8508,131
1247,2013-06-01,00:00:00.00,9.59478,72.7793,153
1248,2013-06-02,00:00:00.00,2.21925,65.8985,110
1249,2013-06-03,00:00:00.00,9.63572,66.6204,119
1250,2013-06-04,00:00:00.00,0.000266463,68.4099,137
1251,2013-06-05,00:00:00.00,1.21547e-308,68.2266,121
1252,2013-06-06,00:00:00.00,0.00177086,64.6412,86.4
1253,2013-06-07,00:00:00.00,4.32784,62.5454,64.5
1254,2013-06-08,00:00:00.00,0.355648,60.6165,57.7
1255,2013-06-09,00:00:00.00,0.108779,58.7661,49.6
1256,2013-06-10,00:00:00.00,0.00252785,56.9649,45.1
1257,2013-06-11,00:00:00.00,23.4793,57.5777,45.9
1258,2013-06-12,00:00:00.00,3.89332,75.0646,60.2
1259,2013-06-13,00:00:00.00,0.658418,77.8064,117
1260,2013-06-14,00:00:00.00,7.18195,63.9864,147
1261,2013-06-15,00:00:00.00,0.0083192,63.3061,109
1262,2013-06-16,00:00:00.00,0.0106191,62.1707,78.6
1263,2013-06-17,00:00:00.00,10.5726,60.6793,64
1264,2013-06-18,00:00:00.00,0.403882,60.186,62.2
1265,2013-06-19,00:00:00.00,0.0368545,59.2285,62.3
1266,2013-06-20,00:00:00.00,0.00699727,57.4039,60.6
1267,2013-06-21,00:00:00.00,0.00873609,55.6744,50.3
1268,2013-06-22,00:00:00.00,0.0259426,54.034,39.1
1269,2013-06-23,00:00:00.00,4.43725,52.4763,34.2
1270,2013-06-24,00:00:00.00,0.386498,50.9956,39.1
1271,2013-06-25,00:00:00.00,0.00154834,49.5864,34.7
1272,2013-06-26,00:00:00.00,5.8928,48.2457,33.3
1273,2013-06-27,00:00:00.00,0.131233,46.9705,36.6
1274,2013-06-28,00:00:00.00,0.605775,45.7515,33
1275,2013-06-29,00:00:00.00,29.9064,50.4435,46
1276,2013-06-30,00:00:00.00,0.0685814,81.7986,129
1277,2013-07-01,00:00:00.00,0.0192519,87.1699,170
1278,2013-07-02,00:00:00.00,0.0377111,62.4123,135
1279,2013-07-03,00:00:00.00,0.0275453,57.4598,70.3
1280,2013-07-04,00:00:00.00,1.71886,55.7273,54.6
1281,2013-07-05,00:00:00.00,8.8421,54.1745,56.9
1282,2013-07-06,00:00:00.00,15.1855,54.2284,65.2
1283,2013-07-07,00:00:00.00,1.13204,62.603,82.1
1284,2013-07-08,00:00:00.00,13.7104,65.9633,67.6
1285,2013-07-09,00:00:00.00,14.4434,75.5087,77
1286,2013-07-10,00:00:00.00,2.01789,97.4742,107
1287,2013-07-11,00:00:00.00,2.32864,89.7518,185
1288,2013-07-12,00:00:00.00,0.00940559,72.5287,158
1289,2013-07-13,00:00:00.00,5.48525e-308,69.9432,79.8
1290,2013-07-14,00:00:00.00,0.000840945,67.5093,61.2
1291,2013-07-15,00:00:00.00,0.0052548,65.2196,61.4
1292,2013-07-16,00:00:00.00,0.00985349,63.0625,67.4
1293,2013-07-17,00:00:00.00,0.0219995,61.0274,63.4
1294,2013-07-18,00:00:00.00,0.0190037,59.1046,57.9
1295,2013-07-19,00:00:00.00,0.0895689,57.2854,48.4
1296,2013-07-20,00:00:00.00,13.1729,55.8702,33.7
1297,2013-07-21,00:00:00.00,3.36105,55.1021,49.6
1298,2013-07-22,00:00:00.00,0.000875818,54.0683,38.4
1299,2013-07-23,00:00:00.00,0.000773492,52.5125,32.9
1300,2013-07-24,00:00:00.00,0.28229,51.0302,30.5
1301,2013-07-25,00:00:00.00,0.023087,49.6194,29.2
1302,2013-07-26,00:00:00.00,0.00391583,48.2753,27.7
1303,2013-07-27,00:00:00.00,0.0173726,46.9937,26.5
1304,2013-07-28,00:00:00.00,14.8318,46.3161,27
1305,2013-07-29,00:00:00.00,2.50212,46.8611,47.5
1306,2013-07-30,00:00:00.00,0.610542,46.6929,42.5
1307,2013-07-31,00:00:00.00,0.0238438,45.3416,36.5
1308,2013-08-01,00:00:00.00,11.021,44.6609,34.3
1309,2013-08-02,00:00:00.00,31.0002,61.9026,62.8
1310,2013-08-03,00:00:00.00,5.39596,121.125,158
1311,2013-08-04,00:00:00.00,0.113025,132.122,179
1312,2013-08-05,00:00:00.00,0.0299453,88.6404,122
1313,2013-08-06,00:00:00.00,0.17738,74.6435,81.5
1314,2013-08-07,00:00:00.00,0.464288,71.9209,63.2
1315,2013-08-08,00:00:00.00,9.80852,69.6962,59
1316,2013-08-09,00:00:00.00,0.0588227,68.2158,57.2
1317,2013-08-10,00:00:00.00,0.104817,66.4945,51.4
1318,2013-08-11,00:00:00.00,0.007602,64.2645,44.5
1319,2013-08-12,00:00:00.00,0.0282358,62.1619,34.5
1320,2013-08-13,00:00:00.00,0.541678,60.1768,32.2
1321,2013-08-14,00:00:00.00,0.334648,58.3001,31.5
1322,2013-08-15,00:00:00.00,0.134247,56.5236,29.7
1323,2013-08-16,00:00:00.00,0.00687093,54.8396,28.8
1324,2013-08-17,00:00:00.00,0.000265165,53.2416,28.2
1325,2013-08-18,00:00:00.00,0.0101895,51.7232,27.2
1326,2013-08-19,00:00:00.00,0.000567059,50.2791,25.3
1327,2013-08-20,00:00:00.00,0.0303628,48.9039,24.6
1328,2013-08-21,00:00:00.00,0.00396837,47.5933,24
1329,2013-08-22,00:00:00.00,0.0129154,46.3428,23.1
1330,2013-08-23,00:00:00.00,0.902244,45.1486,23.1
1331,2013-08-24,00:00:00.00,0.038279,44.0072,23
1332,2013-08-25,00:00:00.00,0.0623091,42.9153,22.6
1333,2013-08-26,00:00:00.00,0.716135,41.8698,21.9
1334,2013-08-27,00:00:00.00,7.77726,40.9017,22.6
1335,2013-08-28,00:00:00.00,0.748929,40.0356,28.3
1336,2013-08-29,00:00:00.00,2.42688,39.1708,26.5
1337,2013-08-30,00:00:00.00,0.271414,38.2781,27
1338,2013-08-31,00:00:00.00,5.76296,37.4403,25.4
1339,2013-09-01,00:00:00.00,0.504753,36.6714,26.1
1340,2013-09-02,00:00:00.00,5.11676,35.9401,26
1341,2013-09-03,00:00:00.00,1.04383,35.2516,29.5
1342,2013-09-04,00:00:00.00,0.589762,34.5602,29.3
1343,2013-09-05,00:00:00.00,0.124076,33.8415,27.9
1344,2013-09-06,00:00:00.00,0.0901555,33.1484,26.4
1345,2013-09-07,00:00:00.00,0.0488598,32.4796,22.1
1346,2013-09-08,00:00:00.00,17.7019,32.6927,25.7
1347,2013-09-09,00:00:00.00,0.0519129,41.1437,37.1
1348,2013-09-10,00:00:00.00,0.110082,42.1152,32.7
1349,2013-09-11,00:00:00.00,0.155073,34.8077,29.6
1350,2013-09-12,00:00:00.00,5.41198,34.1331,27.3
1351,2013-09-13,00:00:00.00,6.04774,33.7483,39.7
1352,2013-09-14,00:00:00.00,0.157154,33.6435,32.6
1353,2013-09-15,00:00:00.00,0.0114599,33.2772,29.8
1354,2013-09-16,00:00:00.00,1.37405,32.6056,28.2
1355,2013-09-17,00:00:00.00,0.108297,31.9563,26.9
1356,2013-09-18,00:00:00.00,0.0216002,31.3288,25.6
1357,2013-09-19,00:00:00.00,0.00411061,30.7223,23.7
1358,2013-09-20,00:00:00.00,0.0706991,30.1359,25.4
1359,2013-09-21,00:00:00.00,29.323,36.634,24.8
1360,2013-09-22,00:00:00.00,39.2053,96.2258,74.7
1361,2013-09-23,00:00:00.00,0.121819,194.946,208
1362,2013-09-24,00:00:00.00,0.00129699,181.756,209
1363,2013-09-25,00:00:00.00,0.0230638,107.088,152
1364,2013-09-26,00:00:00.00,0.000229704,89.5926,106
1365,2013-09-27,00:00:00.00,0.000617961,85.8618,76.6
1366,2013-09-28,00:00:00.00,0.00394783,82.3923,66.5
1367,2013-09-29,00:00:00.00,0.0346936,79.1609,60.4
1368,2013-09-30,00:00:00.00,0.668337,76.1453,54.5
1369,2013-10-01,00:00:00.00,2.20267,73.3259,46
1370,2013-10-02,00:00:00.00,0.0451216,70.6849,40
1371,2013-10-03,00:00:00.00,0.0465889,68.2061,38.2
1372,2013-10-04,00:00:00.00,0.831493,65.8754,29.7
1373,2013-10-05,00:00:00.00,11.4266,64.1628,48.2
1374,2013-10-06,00:00:00.00,1.85017,63.45,51
1375,2013-10-07,00:00:00.00,20.8387,68.9857,57.6
1376,2013-10-08,00:00:00.00,17.1048,113.48,100
1377,2013-10-09,00:00:00.00,0.0581273,160.599,234
1378,2013-10-10,00:00:00.00,0.00291445,137.709,217
1379,2013-10-11,00:00:00.00,0.0545936,103.857,135
1380,2013-10-12,00:00:00.00,0.0361485,98.8868,101
1381,2013-10-13,00:00:00.00,0.11425,94.464,79.1
1382,2013-10-14,00:00:00.00,4.34269,90.5545,64.9
1383,2013-10-15,00:00:00.00,0.251252,87.2635,62
1384,2013-10-16,00:00:00.00,1.92422,84.0506,52.2
1385,2013-10-17,00:00:00.00,6.66106,81.3854,52.5
1386,2013-10-18,00:00:00.00,9.43822,81.876,54.5
1387,2013-10-19,00:00:00.00,0.696072,89.8939,65.7
1388,2013-10-20,00:00:00.00,8.83729,92.2151,79.1
1389,2013-10-21,00:00:00.00,0.47182,94.591,86.6
1390,2013-10-22,00:00:00.00,10.5065,97.8584,88
1391,2013-10-23,00:00:00.00,0.66094,104.883,92.2
1392,2013-10-24,00:00:00.00,2.87534,106.514,126
1393,2013-10-25,00:00:00.00,2.74305,96.9527,124
1394,2013-10-26,00:00:00.00,2.96169,95.5865,98.8
1395,2013-10-27,00:00:00.00,16.2527,102.067,116
1396,2013-10-28,00:00:00.00,1.23755,132.783,149
1397,2013-10-29,00:00:00.00,0.067823,136.166,180
1398,2013-10-30,00:00:00.00,0.367699,112.701,145
1399,2013-10-31,00:00:00.00,0.588249,106.956,109
1400,2013-11-01,00:00:00.00,32.5658,119.567,117
1401,2013-11-02,00:00:00.00,5.93927,201.506,255
1402,2013-11-03,00:00:00.00,1.78302,236.573,390
1403,2013-11-04,00:00:00.00,0.0105701,185.457,315
1404,2013-11-05,00:00:00.00,0.00219899,160.712,192
1405,2013-11-06,00:00:00.00,0.190602,150.637,139
1406,2013-11-07,00:00:00.00,12.4454,146.058,121
1407,2013-11-08,00:00:00.00,1.43144,156.851,120
1408,2013-11-09,00:00:00.00,3.65694,158.054,160
1409,2013-11-10,00:00:00.00,2.04917,146.745,159
1410,2013-11-11,00:00:00.00,1.89771,142.399,148
1411,2013-11-12,00:00:00.00,2.78037,137.494,142
1412,2013-11-13,00:00:00.00,0.217418,132.218,142
1413,2013-11-14,00:00:00.00,0.251105,125.964,144
1414,2013-11-15,00:00:00.00,0.000721919,119.373,140
1415,2013-11-16,00:00:00.00,2.89385e-308,113.355,117
1416,2013-11-17,00:00:00.00,0.115738,107.87,110
1417,2013-11-18,00:00:00.00,12.6797,106.442,113
1418,2013-11-19,00:00:00.00,3.04628,122.647,128
1419,2013-11-20,00:00:00.00,0.208563,127.092,189
1420,2013-11-21,00:00:00.00,0.00266063,113.368,180
1421,2013-11-22,00:00:00.00,1.55857,107.807,138
1422,2013-11-23,00:00:00.00,5.53208,104.801,108
1423,2013-11-24,00:00:00.00,1.99355,104.542,97.9
1424,2013-11-25,00:00:00.00,1.10366,102.494,101
1425,2013-11-26,00:00:00.00,0.899813,97.8957,83.5
1426,2013-11-27,00:00:00.00,0.629778,93.6324,54.7
1427,2013-11-28,00:00:00.00,0.439734,89.671,51.9
1428,2013-11-29,00:00:00.00,0.326641,85.9835,47.9
1429,2013-11-30,00:00:00.00,0.0408797,82.5457,38.9
1430,2013-12-01,00:00:00.00,0.042415,79.336,37
1431,2013-12-02,00:00:00.00,0.677404,76.3338,45.5
1432,2013-12-03,00:00:00.00,0.0682806,73.5216,45
1433,2013-12-04,00:00:00.00,0.467244,70.883,43.9
1434,2013-12-05,00:00:00.00,1.95562,68.4713,43.5
1435,2013-12-06,00:00:00.00,1.40781,67.7973,46
1436,2013-12-07,00:00:00.00,0.0182628,73.705,52.8
1437,2013-12-08,00:00:00.00,0.240927,74.1484,59.2
1438,2013-12-09,00:00:00.00,0.331788,67.9814,46.6
1439,2013-12-10,00:00:00.00,3.4919,65.7479,42.5
1440,2013-12-11,00:00:00.00,2.01769,63.6883,35.6
1441,2013-12-12,00:00:00.00,3.06103,61.7128,24.7
1442,2013-12-13,00:00:00.00,2.71068,59.7902,21.4
1443,2013-12-14,00:00:00.00,2.45405,57.9663,22.6
1444,2013-12-15,00:00:00.00,9.80748,56.2344,26.7
1445,2013-12-16,00:00:00.00,5.85201,54.5884,27.2
1446,2013-12-17,00:00:00.00,2.82298,53.0225,26.6
1447,2013-12-18,00:00:00.00,4.82225,51.5316,27.1
1448,2013-12-19,00:00:00.00,1.38411,50.1107,28.1
1449,2013-12-20,00:00:00.00,0.384835,48.7547,30
1450,2013-12-21,00:00:00.00,13.2709,48.1132,36.2
1451,2013-12-22,00:00:00.00,8.3602,51.551,52.5
1452,2013-12-23,00:00:00.00,12.5107,57.9876,82.5
1453,2013-12-24,00:00:00.00,0.56082,62.0628,130
1454,2013-12-25,00:00:00.00,0.60623,58.4332,122
1455,2013-12-26,00:00:00.00,3.27826,53.0136,76.2
1456,2013-12-27,00:00:00.00,3.95132,51.5748,83.3
1457,2013-12-28,00:00:00.00,0.550488,50.1938,107
1458,2013-12-29,00:00:00.00,0.0566957,48.8668,97.6
1459,2013-12-30,00:00:00.00,0.082812,47.5911,67.4
1460,2013-12-31,00:00:00.00,0.343459,46.3656,49.5
1461,2014-01-01,00:00:00.00,2.26565,45.1907,44.1
1462,2014-01-02,00:00:00.00,0.425986,44.065,42
1463,2014-01-03,00:00:00.00,1.50083,42.9861,42.5
1464,2014-01-04,00:00:00.00,0.0173457,41.9523,47.8
1465,2014-01-05,00:00:00.00,1.90298,40.9609,58
1466,2014-01-06,00:00:00.00,18.5904,40.1128,69.7
1467,2014-01-07,00:00:00.00,10.0337,39.4914,74.8
1468,2014-01-08,00:00:00.00,0.958366,38.7927,73
1469,2014-01-09,00:00:00.00,0.753472,37.9296,72.1
1470,2014-01-10,00:00:00.00,0.374161,37.0992,74.7
1471,2014-01-11,00:00:00.00,3.85702,36.3346,89.4
1472,2014-01-12,00:00:00.00,21.366,43.249,125
1473,2014-01-13,00:00:00.00,0.523533,78.3292,159
1474,2014-01-14,00:00:00.00,0.161269,83.6794,174
1475,2014-01-15,00:00:00.00,0.0729202,55.712,173
1476,2014-01-16,00:00:00.00,1.4763,49.5439,164
1477,2014-01-17,00:00:00.00,2.68228,48.2505,156
1478,2014-01-18,00:00:00.00,4.82166,47.0073,149
1479,2014-01-19,00:00:00.00,2.01769,45.8142,146
1480,2014-01-20,00:00:00.00,1.67184,44.6688,141
1481,2014-01-21,00:00:00.00,1.15707,43.5688,130
1482,2014-01-22,00:00:00.00,0.00784143,42.5127,122
1483,2014-01-23,00:00:00.00,0.512827,41.5,117
1484,2014-01-24,00:00:00.00,0.784872,40.5288,113
1485,2014-01-25,00:00:00.00,3.98801,39.5967,108
1486,2014-01-26,00:00:00.00,7.57961,38.701,103
1487,2014-01-27,00:00:00.00,3.79685,37.8388,97.4
1488,2014-01-28,00:00:00.00,3.74785,37.0084,92.9
1489,2014-01-29,00:00:00.00,0.176519,36.2085,89.1
1490,2014-01-30,00:00:00.00,0.205908,35.4381,85.8
1491,2014-01-31,00:00:00.00,1.24347,34.6956,82.9
1492,2014-02-01,00:00:00.00,1.85472,33.9788,80.2
1493,2014-02-02,00:00:00.00,14.8843,33.3326,77.5
1494,2014-02-03,00:00:00.00,1.35397,32.7944,74.7
1495,2014-02-04,00:00:00.00,0.0299723,32.2289,71.6
1496,2014-02-05,00:00:00.00,1.59238,31.5966,68.2
1497,2014-02-06,00:00:00.00,12.8685,30.9849,64.5
1498,2014-02-07,00:00:00.00,1.14397,30.3929,60.6
1499,2014-02-08,00:00:00.00,0.293799,29.8199,56.6
1500,2014-02-09,00:00:00.00,0.626715,29.2653,52.7
1501,2014-02-10,00:00:00.00,2.54504,28.7282,48.7
1502,2014-02-11,00:00:00.00,0.462774,28.2078,44.9
1503,2014-02-12,00:00:00.00,0.055748,27.7034,41.2
1504,2014-02-13,00:00:00.00,0.00867398,27.2144,37.8
1505,2014-02-14,00:00:00.00,0.00582358,26.7401,34.8
1506,2014-02-15,00:00:00.00,0.682031,26.2797,32.1
1507,2014-02-16,00:00:00.00,0.963359,25.8327,29.5
1508,2014-02-17,00:00:00.00,1.76468,25.3987,26.8
1509,2014-02-18,00:00:00.00,1.77277,24.9771,24.2
1510,2014-02-19,00:00:00.00,6.99076,24.5674,24.4
1511,2014-02-20,00:00:00.00,0.0396435,24.1693,25.6
1512,2014-02-21,00:00:00.00,7.33357,23.8141,26.9
1513,2014-02-22,00:00:00.00,4.95546,23.581,28
1514,2014-02-23,00:00:00.00,0.00438513,23.4213,29
1515,2014-02-24,00:00:00.00,0.437563,23.1545,30
1516,2014-02-25,00:00:00.00,1.3314,22.7967,31.1
1517,2014-02-26,00:00:00.00,1.57565,22.448,32.6
1518,2014-02-27,00:00:00.00,0.662942,22.1081,34.4
1519,2014-02-28,00:00:00.00,2.23873,21.777,36.7
1520,2014-03-01,00:00:00.00,0.0372661,21.4544,39.5
1521,2014-03-02,00:00:00.00,3.20654,21.14,42.3
1522,2014-03-03,00:00:00.00,2.09672,20.8333,44.8
1523,2014-03-04,00:00:00.00,0.00873781,20.5343,46.7
1524,2014-03-05,00:00:00.00,2.75511,20.2426,47.6
1525,2014-03-06,00:00:00.00,0.481906,19.9579,47.5
1526,2014-03-07,00:00:00.00,0.129125,19.68,46.5
1527,2014-03-08,00:00:00.00,0.000553639,19.4087,45.1
1528,2014-03-09,00:00:00.00,0.0214712,19.1438,43.9
1529,2014-03-10,00:00:00.00,0.0266374,18.8849,43.1
1530,2014-03-11,00:00:00.00,0.0042486,18.632,42.9
1531,2014-03-12,00:00:00.00,0.0219468,20.5248,42.9
1532,2014-03-13,00:00:00.00,13.0351,34.462,43.1
1533,2014-03-14,00:00:00.00,0.00823286,36.1815,44.2
1534,2014-03-15,00:00:00.00,0.152228,24.0409,45.2
1535,2014-03-16,00:00:00.00,0.540524,21.9411,46.4
1536,2014-03-17,00:00:00.00,0.0424178,21.6245,48
1537,2014-03-18,00:00:00.00,0.0016594,21.3128,50.6
1538,2014-03-19,00:00:00.00,0.00466121,21.0072,55.8
1539,2014-03-20,00:00:00.00,3.76154,20.7565,62.9
1540,2014-03-21,00:00:00.00,1.18343,20.6028,69.7
1541,2014-03-22,00:00:00.00,0.11372,20.4037,76.8
1542,2014-03-23,00:00:00.00,4.63313,20.1172,84.5
1543,2014-03-24,00:00:00.00,0.0663052,19.8367,93.3
1544,2014-03-25,00:00:00.00,0.337537,19.5627,103
1545,2014-03-26,00:00:00.00,0.372025,19.2947,115
1546,2014-03-27,00:00:00.00,0.00283067,19.0328,126
1547,2014-03-28,00:00:00.00,3.09186,18.7768,126
1548,2014-03-29,00:00:00.00,5.20987,18.5749,132
1549,2014-03-30,00:00:00.00,0.0156392,18.468,154
1550,2014-03-31,00:00:00.00,8.7055e-308,18.3156,144
1551,2014-04-01,00:00:00.00,7.83e-308,18.0762,164
1552,2014-04-02,00:00:00.00,0.0776577,22.1872,231
1553,2014-04-03,00:00:00.00,0.00382279,43.8946,283
1554,2014-04-04,00:00:00.00,0.00574595,46.482,308
1555,2014-04-05,00:00:00.00,9.7391,28.2321,282
1556,2014-04-06,00:00:00.00,0.889469,31.1849,283
1557,2014-04-07,00:00:00.00,0.000613764,31.8602,276
1558,2014-04-08,00:00:00.00,5.63439,43.0158,285
1559,2014-04-09,00:00:00.00,3.83525,132.857,352
1560,2014-04-10,00:00:00.00,0.0287456,235.869,463
1561,2014-04-11,00:00:00.00,0.369553,315.245,494
1562,2014-04-12,00:00:00.00,0.0829149,548.169,476
1563,2014-04-13,00:00:00.00,10.0463,764.25,517
1564,2014-04-14,00:00:00.00,6.83916,703.199,480
1565,2014-04-15,00:00:00.00,4.73094,593.275,625
1566,2014-04-16,00:00:00.00,9.71547,560.088,686
1567,2014-04-17,00:00:00.00,0.000424375,502.901,481
1568,2014-04-18,00:00:00.00,0.170084,431.748,245
1569,2014-04-19,00:00:00.00,0.715531,381.797,176
1570,2014-04-20,00:00:00.00,0.00593657,351.366,151
1571,2014-04-21,00:00:00.00,3.407e-308,321.688,123
1572,2014-04-22,00:00:00.00,0.00601583,288.196,101
1573,2014-04-23,00:00:00.00,4.78954,260.757,92.1
1574,2014-04-24,00:00:00.00,0.0327192,238.329,90.2
1575,2014-04-25,00:00:00.00,0.00922717,218.873,87.3
1576,2014-04-26,00:00:00.00,6.22222,202.01,81.4
1577,2014-04-27,00:00:00.00,0.214992,188.309,81.2
1578,2014-04-28,00:00:00.00,0.00194876,175.81,77.7
1579,2014-04-29,00:00:00.00,0.0367778,163.874,65.7
1580,2014-04-30,00:00:00.00,21.8627,159.077,68.2
1581,2014-05-01,00:00:00.00,6.46173,178.486,131
1582,2014-05-02,00:00:00.00,2.06565,185.952,197
1583,2014-05-03,00:00:00.00,2.81174,168.121,196
1584,2014-05-04,00:00:00.00,5.7143,158.165,173
1585,2014-05-05,00:00:00.00,0.11011,152.889,141
1586,2014-05-06,00:00:00.00,0.00776277,146.323,126
1587,2014-05-07,00:00:00.00,0.000254996,137.651,105
1588,2014-05-08,00:00:00.00,0.0303138,129.821,84.2
1589,2014-05-09,00:00:00.00,0.926768,122.737,74.3
1590,2014-05-10,00:00:00.00,2.00066,116.306,65.3
1591,2014-05-11,00:00:00.00,0.0932537,110.445,57.6
1592,2014-05-12,00:00:00.00,0.00277992,105.084,56.6
1593,2014-05-13,00:00:00.00,1.31319,100.164,52.7
1594,2014-05-14,00:00:00.00,17.9594,97.3031,58.7
1595,2014-05-15,00:00:00.00,12.8259,105.041,76
1596,2014-05-16,00:00:00.00,10.3715,127.155,112
1597,2014-05-17,00:00:00.00,0.107599,139.279,174
1598,2014-05-18,00:00:00.00,0.0357263,126.553,168
1599,2014-05-19,00:00:00.00,0.0183091,112.683,131
1600,2014-05-20,00:00:00.00,0.050266,107.141,92.5
1601,2014-05-21,00:00:00.00,10.0247,102.705,73
1602,2014-05-22,00:00:00.00,3.21574,99.8273,80.2
1603,2014-05-23,00:00:00.00,0.512593,96.5361,83.3
1604,2014-05-24,00:00:00.00,0.0383764,92.2987,82
1605,2014-05-25,00:00:00.00,0.00649632,88.3684,69.8
1606,2014-05-26,00:00:00.00,0.00328094,84.7212,59.9
1607,2014-05-27,00:00:00.00,0.00168237,81.3301,53.3
1608,2014-05-28,00:00:00.00,0.059422,78.1702,48.7
1609,2014-05-29,00:00:00.00,0.0102906,75.2195,46.2
1610,2014-05-30,00:00:00.00,0.000886706,72.4588,43.5
1611,2014-05-31,00:00:00.00,0.0011521,69.871,41.1
1612,2014-06-01,00:00:00.00,0.00339858,67.4409,38.8
1613,2014-06-02,00:00:00.00,0.0354899,65.1552,36.8
1614,2014-06-03,00:00:00.00,2.81997,63.0018,35.8
1615,2014-06-04,00:00:00.00,6.20385,60.977,47.7
1616,2014-06-05,00:00:00.00,0.00430982,59.0766,46
1617,2014-06-06,00:00:00.00,0.00238322,57.2716,40.7
1618,2014-06-07,00:00:00.00,0.0116676,55.5489,37
1619,2014-06-08,00:00:00.00,0.0214342,53.9149,34.1
1620,2014-06-09,00:00:00.00,3.37155,52.3632,32.8
1621,2014-06-10,00:00:00.00,0.0898447,50.8879,34.7
1622,2014-06-11,00:00:00.00,0.0542832,49.4839,32.7
1623,2014-06-12,00:00:00.00,3.86431,48.1462,31.8
1624,2014-06-13,00:00:00.00,5.50067,46.8722,34.2
1625,2014-06-14,00:00:00.00,2.72368,45.6595,33.8
1626,2014-06-15,00:00:00.00,0.0127715,44.4989,34.7
1627,2014-06-16,00:00:00.00,0.0913062,43.3858,33.2
1628,2014-06-17,00:00:00.00,0.383459,42.3204,31.6
1629,2014-06-18,00:00:00.00,11.2653,41.4429,30.9
1630,2014-06-19,00:00:00.00,1.71191,40.8678,31.6
1631,2014-06-20,00:00:00.00,0.145204,40.1735,32.4
1632,2014-06-21,00:00:00.00,0.0192404,39.2414,30.3
1633,2014-06-22,00:00:00.00,0.00830303,38.3459,28.5
1634,2014-06-23,00:00:00.00,0.0990649,37.4855,27.5
1635,2014-06-24,00:00:00.00,3.57324,36.6582,28.2
1636,2014-06-25,00:00:00.00,21.273,37.048,32.5
1637,2014-06-26,00:00:00.00,0.0301346,48.565,44.2
1638,2014-06-27,00:00:00.00,0.726369,50.0039,41
1639,2014-06-28,00:00:00.00,0.0551096,40.2443,39.7
1640,2014-06-29,00:00:00.00,0.0081521,39.3092,34.6
1641,2014-06-30,00:00:00.00,5.80241,38.417,31
1642,2014-07-01,00:00:00.00,0.0355755,37.5708,29.8
1643,2014-07-02,00:00:00.00,2.12334,36.7512,29.8
1644,2014-07-03,00:00:00.00,2.50293,35.9518,31.8
1645,2014-07-04,00:00:00.00,0.593548,35.1822,33.4
1646,2014-07-05,00:00:00.00,0.0106332,34.4409,29.7
1647,2014-07-06,00:00:00.00,0.0183915,33.7264,27.7
1648,2014-07-07,00:00:00.00,0.0115809,33.0373,26.4
1649,2014-07-08,00:00:00.00,28.1392,36.9596,60.8
1650,2014-07-09,00:00:00.00,23.4625,75.4337,75.2
1651,2014-07-10,00:00:00.00,0.051615,125.949,103
1652,2014-07-11,00:00:00.00,0.0435272,108.879,114
1653,2014-07-12,00:00:00.00,0.0845603,69.4005,88.2
1654,2014-07-13,00:00:00.00,0.0539125,62.2691,69.4
1655,2014-07-14,00:00:00.00,7.46594,60.3412,58.6
1656,2014-07-15,00:00:00.00,0.567556,58.6343,57.9
1657,2014-07-16,00:00:00.00,5.59995,57.0086,57.5
1658,2014-07-17,00:00:00.00,0.922028,55.449,54.9
1659,2014-07-18,00:00:00.00,0.0152812,53.917,43.3
1660,2014-07-19,00:00:00.00,0.119195,52.3653,38.8
1661,2014-07-20,00:00:00.00,1.57504,50.8899,35.9
1662,2014-07-21,00:00:00.00,1.48109,49.4858,36.3
1663,2014-07-22,00:00:00.00,0.0852941,48.148,36.2
1664,2014-07-23,00:00:00.00,0.030242,46.8722,33.8
1665,2014-07-24,00:00:00.00,2.02921,45.6543,32.8
1666,2014-07-25,00:00:00.00,0.00549592,44.4907,31.1
1667,2014-07-26,00:00:00.00,0.0177355,43.3779,29.9
1668,2014-07-27,00:00:00.00,0.106335,42.3128,29
1669,2014-07-28,00:00:00.00,7.46857,41.3132,29.8
1670,2014-07-29,00:00:00.00,37.9987,54.5764,91.6
1671,2014-07-30,00:00:00.00,0.855096,115,102
1672,2014-07-31,00:00:00.00,1.70696,125.798,97.9
1673,2014-08-01,00:00:00.00,0.722752,79.479,74.4
1674,2014-08-02,00:00:00.00,0.457381,67.8545,57.8
1675,2014-08-03,00:00:00.00,1.17187,65.5457,53.1
1676,2014-08-04,00:00:00.00,0.305393,63.3701,75.5
1677,2014-08-05,00:00:00.00,2.22611,61.3178,57.7
1678,2014-08-06,00:00:00.00,2.98233,59.3791,55.6
1679,2014-08-07,00:00:00.00,0.065218,57.5453,48.9
1680,2014-08-08,00:00:00.00,0.0111349,55.8083,42.4
1681,2014-08-09,00:00:00.00,0.052781,54.1611,36.1
1682,2014-08-10,00:00:00.00,0.0734471,52.5971,33.4
1683,2014-08-11,00:00:00.00,0.066118,51.1104,30.4
1684,2014-08-12,00:00:00.00,10.4412,49.8492,29.7
1685,2014-08-13,00:00:00.00,13.9248,50.2717,42.2
1686,2014-08-14,00:00:00.00,0.122001,59.8275,39.8
1687,2014-08-15,00:00:00.00,0.0743189,60.9361,35.6
1688,2014-08-16,00:00:00.00,0.0280655,52.6845,34.6
1689,2014-08-17,00:00:00.00,2.9372,51.1947,31.4
1690,2014-08-18,00:00:00.00,0.0580749,49.7762,30.7
1691,2014-08-19,00:00:00.00,0.0951522,48.4249,29.3
1692,2014-08-20,00:00:00.00,0.284618,47.1364,28.7
1693,2014-08-21,00:00:00.00,14.2815,46.4863,28.4
1694,2014-08-22,00:00:00.00,0.342348,47.3964,30.7
1695,2014-08-23,00:00:00.00,0.0491177,47.2744,30.7
1696,2014-08-24,00:00:00.00,0.0646876,45.6272,29.3
1697,2014-08-25,00:00:00.00,0.0306235,44.465,28.8
1698,2014-08-26,00:00:00.00,0.046792,43.3533,28.9
1699,2014-08-27,00:00:00.00,0.00817623,42.2893,28.1
1700,2014-08-28,00:00:00.00,0.000868109,41.2701,27.6
1701,2014-08-29,00:00:00.00,0.00840035,40.293,26.7
1702,2014-08-30,00:00:00.00,0.0359114,39.3556,26.2
1703,2014-08-31,00:00:00.00,0.0433976,38.4556,25
1704,2014-09-01,00:00:00.00,0.319342,37.5909,24.1
1705,2014-09-02,00:00:00.00,5.82081,36.7667,24
1706,2014-09-03,00:00:00.00,11.14,36.356,29.4
1707,2014-09-04,00:00:00.00,0.201648,36.6743,39.8
1708,2014-09-05,00:00:00.00,0.0150541,36.5775,29.7
1709,2014-09-06,00:00:00.00,32.9663,46.4591,30.3
1710,2014-09-07,00:00:00.00,13.9157,102.382,75.7
1711,2014-09-08,00:00:00.00,0.0957788,138.664,110
1712,2014-09-09,00:00:00.00,0.136932,100.826,94.5
1713,2014-09-10,00:00:00.00,0.173898,71.0365,63.8
1714,2014-09-11,00:00:00.00,45.9868,90.5507,53.7
1715,2014-09-12,00:00:00.00,4.78348,185.503,209
1716,2014-09-13,00:00:00.00,0.252529,214.141,309
1717,2014-09-14,00:00:00.00,4.08635,150.185,228
1718,2014-09-15,00:00:00.00,0.0500015,129.39,138
1719,2014-09-16,00:00:00.00,1.4812,123.646,99.4
1720,2014-09-17,00:00:00.00,0.485537,117.164,72.9
1721,2014-09-18,00:00:00.00,0.023135,111.243,65.7
1722,2014-09-19,00:00:00.00,0.0241008,105.819,60.1
1723,2014-09-20,00:00:00.00,0.0267125,100.841,55.3
1724,2014-09-21,00:00:00.00,3.49503,96.2852,52.1
1725,2014-09-22,00:00:00.00,10.8038,93.1879,59.9
1726,2014-09-23,00:00:00.00,0.135421,92.2766,76.1
1727,2014-09-24,00:00:00.00,0.0149003,90.3352,74.9
1728,2014-09-25,00:00:00.00,0.0539766,86.558,64.4
1729,2014-09-26,00:00:00.00,0.0300417,83.0416,56.4
1730,2014-09-27,00:00:00.00,0.0621978,79.7664,53.3
1731,2014-09-28,00:00:00.00,0.0190281,76.7109,51.4
1732,2014-09-29,00:00:00.00,0.138874,73.8549,46.6
1733,2014-09-30,00:00:00.00,0.0862389,71.1802,44
1734,2014-10-01,00:00:00.00,10.4508,69.077,43.3
1735,2014-10-02,00:00:00.00,0.106994,67.854,40.1
1736,2014-10-03,00:00:00.00,0.0269453,66.2997,37.4
1737,2014-10-04,00:00:00.00,14.9019,65.8949,40
1738,2014-10-05,00:00:00.00,7.70904,79.6268,55.9
1739,2014-10-06,00:00:00.00,0.785327,92.7812,74.3
1740,2014-10-07,00:00:00.00,8.83554,86.0098,91
1741,2014-10-08,00:00:00.00,1.19651,86.0108,80.8
1742,2014-10-09,00:00:00.00,0.321981,86.6524,77.3
1743,2014-10-10,00:00:00.00,0.0392811,78.8428,84.5
1744,2014-10-11,00:00:00.00,0.0173758,75.8864,68.3
1745,2014-10-12,00:00:00.00,0.0131482,73.1,63.1
1746,2014-10-13,00:00:00.00,0.0348248,70.4795,64
1747,2014-10-14,00:00:00.00,0.569749,68.0155,61.5
1748,2014-10-15,00:00:00.00,6.30401,65.992,50.6
1749,2014-10-16,00:00:00.00,6.53291,65.3248,47.9
1750,2014-10-17,00:00:00.00,1.86923,65.7649,57.6
1751,2014-10-18,00:00:00.00,2.23007,65.1996,74.2
1752,2014-10-19,00:00:00.00,1.5997,63.6374,72.2
1753,2014-10-20,00:00:00.00,0.104877,62.0516,68.9
1754,2014-10-21,00:00:00.00,4.48846,60.7657,64.9
1755,2014-10-22,00:00:00.00,6.7275,61.8846,64.5
1756,2014-10-23,00:00:00.00,0.0107125,67.8742,66.1
1757,2014-10-24,00:00:00.00,0.00725374,67.6835,61.3
1758,2014-10-25,00:00:00.00,0.00322287,62.0375,56.2
1759,2014-10-26,00:00:00.00,0.0155222,60.0792,56.1
1760,2014-10-27,00:00:00.00,0.0754142,58.2169,62.1
1761,2014-10-28,00:00:00.00,0.922856,56.4491,56.2
1762,2014-10-29,00:00:00.00,3.23865,54.8796,45.3
1763,2014-10-30,00:00:00.00,0.588834,53.5889,44
1764,2014-10-31,00:00:00.00,0.304122,52.2564,41
1765,2014-11-01,00:00:00.00,6.64119,51.27,42.5
1766,2014-11-02,00:00:00.00,1.25764,51.2346,45.8
1767,2014-11-03,00:00:00.00,0.0349009,50.7333,46.2
1768,2014-11-04,00:00:00.00,0.00100071,49.3583,45.2
1769,2014-11-05,00:00:00.00,5.69332,48.5628,44.4
1770,2014-11-06,00:00:00.00,0.207536,48.7898,47.6
1771,2014-11-07,00:00:00.00,2.4474,48.7037,47.3
1772,2014-11-08,00:00:00.00,1.18259,48.0581,48.8
1773,2014-11-09,00:00:00.00,4.4819,47.7339,48.7
1774,2014-11-10,00:00:00.00,0.591335,47.8956,50.3
1775,2014-11-11,00:00:00.00,0.288951,47.6149,49.8
1776,2014-11-12,00:00:00.00,0.311497,46.4702,49.3
1777,2014-11-13,00:00:00.00,0.500403,45.3129,48.6
1778,2014-11-14,00:00:00.00,2.50278,44.1969,46.7
1779,2014-11-15,00:00:00.00,2.69539,43.1246,44.8
1780,2014-11-16,00:00:00.00,1.0914,42.0938,42.9
1781,2014-11-17,00:00:00.00,2.24617,41.101,40.8
1782,2014-11-18,00:00:00.00,8.92733,40.1452,41.1
1783,2014-11-19,00:00:00.00,3.07792,39.2261,38.7
1784,2014-11-20,00:00:00.00,8.49375,38.3416,37.6
1785,2014-11-21,00:00:00.00,3.44439,37.4894,41.5
1786,2014-11-22,00:00:00.00,2.53944,36.6683,42.3
1787,2014-11-23,00:00:00.00,2.70479,35.9011,49.5
1788,2014-11-24,00:00:00.00,1.32912,35.2385,74.6
1789,2014-11-25,00:00:00.00,28.5427,71.8732,186
1790,2014-11-26,00:00:00.00,0.206621,221.218,390
1791,2014-11-27,00:00:00.00,0.25561,253.835,344
1792,2014-11-28,00:00:00.00,2.73991,145.559,194
1793,2014-11-29,00:00:00.00,0.830385,114.173,165
1794,2014-11-30,00:00:00.00,0.102266,108.6,162
1795,2014-12-01,00:00:00.00,0.0743555,103.47,146
1796,2014-12-02,00:00:00.00,0.20494,98.7327,138
1797,2014-12-03,00:00:00.00,0.967993,94.3524,130
1798,2014-12-04,00:00:00.00,1.94493,90.297,110
1799,2014-12-05,00:00:00.00,0.128104,86.535,91.5
1800,2014-12-06,00:00:00.00,0.00307653,83.0365,78.8
1801,2014-12-07,00:00:00.00,0.00681818,79.7749,73.5
1802,2014-12-08,00:00:00.00,0.0114847,76.7285,63.1
1803,2014-12-09,00:00:00.00,0.00575721,73.8784,47.8
1804,2014-12-10,00:00:00.00,0.275028,71.2075,47.9
1805,2014-12-11,00:00:00.00,0.422492,68.7003,46.8
1806,2014-12-12,00:00:00.00,3.65604,66.3431,45.5
1807,2014-12-13,00:00:00.00,0.178759,64.1234,41.9
1808,2014-12-14,00:00:00.00,0.323592,62.0302,45.1
1809,2014-12-15,00:00:00.00,0.673054,61.4084,44.2
1810,2014-12-16,00:00:00.00,0.417884,67.465,44.2
1811,2014-12-17,00:00:00.00,5.52759,68.9272,45.5
1812,2014-12-18,00:00:00.00,2.04867,65.9211,51.3
1813,2014-12-19,00:00:00.00,0.185411,65.996,60.2
1814,2014-12-20,00:00:00.00,0.00610696,63.8496,66.1
1815,2014-12-21,00:00:00.00,0.022855,61.8441,55
1816,2014-12-22,00:00:00.00,0.0172592,59.935,50.7
1817,2014-12-23,00:00:00.00,0.00193588,58.1167,47.3
1818,2014-12-24,00:00:00.00,0.623004,56.385,46.5
1819,2014-12-25,00:00:00.00,17.6964,59.9006,49.4
1820,2014-12-26,00:00:00.00,0.758031,90.0893,106
1821,2014-12-27,00:00:00.00,0.0215305,96.6345,268
1822,2014-12-28,00:00:00.00,1.47564,73.5835,243
1823,2014-12-29,00:00:00.00,0.711607,69.1137,187
1824,2014-12-30,00:00:00.00,0.189671,67.2913,130
1825,2014-12-31,00:00:00.00,0.475895,65.1059,90.7
