time,date,hour,precip [mm/day],sub47 [m3/s],sub47 (observed) [m3/s]
0,2010-01-01,00:00:00.00,---,0,
1,2010-01-02,00:00:00.00,0.187052,18.4366,5.805
2,2010-01-03,00:00:00.00,0.0940805,25.4544,4.1059
3,2010-01-04,00:00:00.00,0.620693,11.1728,3.9644
4,2010-01-05,00:00:00.00,1.68771,7.03707,5.097
5,2010-01-06,00:00:00.00,0.614544,5.05647,4.5307
6,2010-01-07,00:00:00.00,1.01177,3.90283,3.5396
7,2010-01-08,00:00:00.00,5.3232,3.15265,2.9733
8,2010-01-09,00:00:00.00,1.97303,2.62864,2.8317
9,2010-01-10,00:00:00.00,0.548087,2.24362,2.6901
10,2010-01-11,00:00:00.00,0.265133,1.94985,1.7556
11,2010-01-12,00:00:00.00,2.18019,1.71898,1.4725
12,2010-01-13,00:00:00.00,0.340123,1.53312,1.5008
13,2010-01-14,00:00:00.00,0.00931596,1.3805,1.4725
14,2010-01-15,00:00:00.00,0.0110978,1.25308,1.6424
15,2010-01-16,00:00:00.00,0.0615482,1.14517,2.0105
16,2010-01-17,00:00:00.00,0.0105906,1.2389,2.4098
17,2010-01-18,00:00:00.00,0.356977,1.72168,3.5679
18,2010-01-19,00:00:00.00,0.0764815,1.97099,4.7572
19,2010-01-20,00:00:00.00,0.0589333,1.66841,5.0404
20,2010-01-21,00:00:00.00,0.0191701,1.38783,4.021
21,2010-01-22,00:00:00.00,0.616217,1.26224,2.6561
22,2010-01-23,00:00:00.00,0.72472,1.15564,2.6108
23,2010-01-24,00:00:00.00,0.00424224,2.37076,3.483
24,2010-01-25,00:00:00.00,13.7336,12.2606,29.1664
25,2010-01-26,00:00:00.00,1.58043,22.0315,66.2614
26,2010-01-27,00:00:00.00,1.98946,17.0287,25.5984
27,2010-01-28,00:00:00.00,0.491677,9.05467,7.2774
28,2010-01-29,00:00:00.00,0.659988,6.29579,4.6723
29,2010-01-30,00:00:00.00,0.0393053,4.80314,4.3891
30,2010-01-31,00:00:00.00,0.00247755,3.87276,5.097
31,2010-02-01,00:00:00.00,9.95486e-308,3.23865,3.9077
32,2010-02-02,00:00:00.00,0.000607734,2.77812,3.1149
33,2010-02-03,00:00:00.00,0.506231,2.4274,2.4579
34,2010-02-04,00:00:00.00,0.962912,2.15109,2.0105
35,2010-02-05,00:00:00.00,0.00476388,1.92739,1.699
36,2010-02-06,00:00:00.00,2.70701,1.77649,1.4442
37,2010-02-07,00:00:00.00,3.5886,1.67079,1.1327
38,2010-02-08,00:00:00.00,0.215632,1.54365,1.5489
39,2010-02-09,00:00:00.00,0.0228094,1.41433,1.4215
40,2010-02-10,00:00:00.00,13.0899,1.30567,1.665
41,2010-02-11,00:00:00.00,3.56846,1.21022,1.5688
42,2010-02-12,00:00:00.00,0.280838,1.12579,1.5489
43,2010-02-13,00:00:00.00,0.355214,1.05071,1.4923
44,2010-02-14,00:00:00.00,0.92304,0.983582,1.4753
45,2010-02-15,00:00:00.00,0.128823,0.923209,1.3734
46,2010-02-16,00:00:00.00,1.30976,0.868625,1.3082
47,2010-02-17,00:00:00.00,2.20216,0.819026,1.4413
48,2010-02-18,00:00:00.00,0.34627,0.773701,1.6735
49,2010-02-19,00:00:00.00,0.099563,0.732083,1.6537
50,2010-02-20,00:00:00.00,0,0.693777,1.6169
51,2010-02-21,00:00:00.00,7.72015e-308,0.658459,1.5376
52,2010-02-22,00:00:00.00,0.593503,0.62584,1.5404
53,2010-02-23,00:00:00.00,6.60011,1.82951,2.0898
54,2010-02-24,00:00:00.00,0.473795,4.03759,4.4741
55,2010-02-25,00:00:00.00,2.90197,3.86575,10.1941
56,2010-02-26,00:00:00.00,2.73251,2.51674,7.9004
57,2010-02-27,00:00:00.00,6.84079,2.1823,5.5218
58,2010-02-28,00:00:00.00,2.57479,1.92083,4.9554
59,2010-03-01,00:00:00.00,0.246132,1.71136,4.5307
60,2010-03-02,00:00:00.00,0.172427,1.539,4.3042
61,2010-03-03,00:00:00.00,0.192737,1.39445,5.097
62,2010-03-04,00:00:00.00,0.189464,1.27171,6.9376
63,2010-03-05,00:00:00.00,0.0516803,1.16631,6.5129
64,2010-03-06,00:00:00.00,0.0203559,1.07492,6.2297
65,2010-03-07,00:00:00.00,0.0209545,0.994982,5.6067
66,2010-03-08,00:00:00.00,0.00180988,0.924496,5.4652
67,2010-03-09,00:00:00.00,0.0146197,4.9603,9.1747
68,2010-03-10,00:00:00.00,0.0106618,48.4396,28.3168
69,2010-03-11,00:00:00.00,0.807527,74.3227,90.0476
70,2010-03-12,00:00:00.00,0.289836,38.7081,148.38
71,2010-03-13,00:00:00.00,0.589315,13.1273,80.9862
72,2010-03-14,00:00:00.00,12.0199,19.5455,37.9446
73,2010-03-15,00:00:00.00,3.46019,31.7311,70.2258
74,2010-03-16,00:00:00.00,0.632965,24.887,39.9268
75,2010-03-17,00:00:00.00,0.000198703,12.4707,20.5297
76,2010-03-18,00:00:00.00,5.93984e-308,7.81476,12.9691
77,2010-03-19,00:00:00.00,0.000144235,5.68343,9.3446
78,2010-03-20,00:00:00.00,0,4.40983,7.3624
79,2010-03-21,00:00:00.00,0.0696228,3.56359,6.2863
80,2010-03-22,00:00:00.00,0.0432658,2.96439,5.4368
81,2010-03-23,00:00:00.00,12.5283,6.86486,6.9093
82,2010-03-24,00:00:00.00,0.652997,12.7783,17.4715
83,2010-03-25,00:00:00.00,0.000776495,11.0384,11.7515
84,2010-03-26,00:00:00.00,15.2108,18.3884,8.3818
85,2010-03-27,00:00:00.00,0.0216073,29.3639,9.8543
86,2010-03-28,00:00:00.00,0.00014535,20.7679,14.838
87,2010-03-29,00:00:00.00,12.4005,20.9967,16.7919
88,2010-03-30,00:00:00.00,2.55158,29.9432,43.0416
89,2010-03-31,00:00:00.00,0.0279045,21.6565,21.7757
90,2010-04-01,00:00:00.00,0,10.8168,12.0913
91,2010-04-02,00:00:00.00,0,7.068,8.6933
92,2010-04-03,00:00:00.00,0,5.17662,6.7677
93,2010-04-04,00:00:00.00,0.040851,4.02274,5.7483
94,2010-04-05,00:00:00.00,3.2695e-308,3.25181,4.9271
95,2010-04-06,00:00:00.00,0.559963,2.70533,4.4741
96,2010-04-07,00:00:00.00,0.057487,2.30055,4.5307
97,2010-04-08,00:00:00.00,2.51493,1.99076,4.1909
98,2010-04-09,00:00:00.00,15.6504,4.2078,8.3818
99,2010-04-10,00:00:00.00,0.0859577,7.86151,10.1657
100,2010-04-11,00:00:00.00,0.000851868,7.14878,6.2297
101,2010-04-12,00:00:00.00,0.055632,4.55284,4.8139
102,2010-04-13,00:00:00.00,0.055467,3.58742,4.1626
103,2010-04-14,00:00:00.00,3.48892,3.05067,3.9077
104,2010-04-15,00:00:00.00,0,2.7315,3.5679
105,2010-04-16,00:00:00.00,0.00186844,2.37249,3.3414
106,2010-04-17,00:00:00.00,0.144407,2.03719,3.2564
107,2010-04-18,00:00:00.00,0.135493,1.78252,3.1149
108,2010-04-19,00:00:00.00,0.0692805,1.57928,2.945
109,2010-04-20,00:00:00.00,0,1.4138,2.8062
110,2010-04-21,00:00:00.00,0,1.27678,2.7014
111,2010-04-22,00:00:00.00,0.00187584,1.16168,2.659
112,2010-04-23,00:00:00.00,0.0284893,1.0638,2.5938
113,2010-04-24,00:00:00.00,0.0452871,0.979684,2.4692
114,2010-04-25,00:00:00.00,8.40422,0.968932,2.4466
115,2010-04-26,00:00:00.00,20.9465,3.25914,3.5962
116,2010-04-27,00:00:00.00,16.172,17.5124,47.8555
117,2010-04-28,00:00:00.00,0.00588325,27.9753,36.2456
118,2010-04-29,00:00:00.00,0.00246273,18.8474,12.9408
119,2010-04-30,00:00:00.00,0,9.24687,7.3057
120,2010-05-01,00:00:00.00,0,6.23623,5.4652
121,2010-05-02,00:00:00.00,0.692229,4.62585,4.4741
122,2010-05-03,00:00:00.00,3.92807,3.66438,4.1059
123,2010-05-04,00:00:00.00,2.84515,3.03571,3.9077
124,2010-05-05,00:00:00.00,2.1909,2.55862,3.6529
125,2010-05-06,00:00:00.00,3.43377,2.19082,3.1432
126,2010-05-07,00:00:00.00,0.465215,1.9076,3.2564
127,2010-05-08,00:00:00.00,4.89121,1.76333,3.1715
128,2010-05-09,00:00:00.00,4.27358,1.87951,4.7289
129,2010-05-10,00:00:00.00,0.0669994,1.94081,5.182
130,2010-05-11,00:00:00.00,0.0771755,1.711,3.5679
131,2010-05-12,00:00:00.00,25.5324,9.01918,6.343
132,2010-05-13,00:00:00.00,2.51969,20.1606,35.6792
133,2010-05-14,00:00:00.00,1.55677,17.0774,43.3248
134,2010-05-15,00:00:00.00,11.4228,14.3447,47.006
135,2010-05-16,00:00:00.00,0.0688981,17.925,22.1438
136,2010-05-17,00:00:00.00,0.0627138,13.1749,9.4012
137,2010-05-18,00:00:00.00,15.1268,16.3017,7.1075
138,2010-05-19,00:00:00.00,2.80347,23.6108,36.2456
139,2010-05-20,00:00:00.00,0.00516982,17.0492,19.1988
140,2010-05-21,00:00:00.00,0.0818585,8.78436,9.3162
141,2010-05-22,00:00:00.00,0.891118,6.01614,6.2297
142,2010-05-23,00:00:00.00,0.203181,4.50002,5.805
143,2010-05-24,00:00:00.00,0.0556253,3.55017,5.6917
144,2010-05-25,00:00:00.00,0.00187215,2.90417,4.2192
145,2010-05-26,00:00:00.00,0.00354848,2.44013,3.4547
146,2010-05-27,00:00:00.00,2.14e-308,2.09301,3.0299
147,2010-05-28,00:00:00.00,0.867115,1.82494,2.7496
148,2010-05-29,00:00:00.00,0.589429,1.6125,2.5513
149,2010-05-30,00:00:00.00,0.0132039,1.44048,2.4891
150,2010-05-31,00:00:00.00,0,1.29867,2.3107
151,2010-06-01,00:00:00.00,27.6749,3.29778,2.86
152,2010-06-02,00:00:00.00,5.63401,7.2472,27.9487
153,2010-06-03,00:00:00.00,0.973788,7.35251,16.3388
154,2010-06-04,00:00:00.00,0.11544,4.84534,6.258
155,2010-06-05,00:00:00.00,10.6477,5.02413,4.1343
156,2010-06-06,00:00:00.00,34.2383,44.8726,11.7515
157,2010-06-07,00:00:00.00,6.54229,82.1988,45.5901
158,2010-06-08,00:00:00.00,0.386149,51.6929,17.4432
159,2010-06-09,00:00:00.00,4.28044,17.4256,7.419
160,2010-06-10,00:00:00.00,13.5256,21.9976,15.461
161,2010-06-11,00:00:00.00,0.357286,30.1495,22.5119
162,2010-06-12,00:00:00.00,4.97209,20.6028,7.9854
163,2010-06-13,00:00:00.00,23.8533,42.294,5.182
164,2010-06-14,00:00:00.00,1.09935,64.1319,37.0951
165,2010-06-15,00:00:00.00,1.65108,36.2736,11.0436
166,2010-06-16,00:00:00.00,2.29647,12.6427,5.3802
167,2010-06-17,00:00:00.00,0.454721,7.80674,3.8511
168,2010-06-18,00:00:00.00,0.00218249,5.53372,2.8883
169,2010-06-19,00:00:00.00,0.00969572,4.21403,2.3163
170,2010-06-20,00:00:00.00,0.012728,3.36074,1.951
171,2010-06-21,00:00:00.00,0.0123621,2.77006,1.6764
172,2010-06-22,00:00:00.00,0.0775611,2.34087,1.4951
173,2010-06-23,00:00:00.00,9.6506,2.257,1.6395
174,2010-06-24,00:00:00.00,19.9832,5.8968,3.2848
175,2010-06-25,00:00:00.00,2.81096,10.715,25.4852
176,2010-06-26,00:00:00.00,0.060465,9.21459,10.8454
177,2010-06-27,00:00:00.00,0.361891,5.58975,3.936
178,2010-06-28,00:00:00.00,12.058,5.8325,2.9166
179,2010-06-29,00:00:00.00,9.79016,9.50923,33.9802
180,2010-06-30,00:00:00.00,0.292751,11.0184,29.1664
181,2010-07-01,00:00:00.00,0.000232041,8.01084,7.0509
182,2010-07-02,00:00:00.00,0.000143119,5.30787,3.6529
183,2010-07-03,00:00:00.00,0.00342116,4.05201,2.506
184,2010-07-04,00:00:00.00,0.0729498,3.2434,1.9482
185,2010-07-05,00:00:00.00,0,2.6835,1.6112
186,2010-07-06,00:00:00.00,0.000703856,2.27542,1.413
187,2010-07-07,00:00:00.00,0.000376646,1.9663,1.2658
188,2010-07-08,00:00:00.00,4.77305e-308,1.72496,1.1044
189,2010-07-09,00:00:00.00,4.68778,1.53189,1.0817
190,2010-07-10,00:00:00.00,18.0642,1.93628,1.9652
191,2010-07-11,00:00:00.00,0.195858,2.72034,1.4357
192,2010-07-12,00:00:00.00,0.561568,2.51393,1.3026
193,2010-07-13,00:00:00.00,1.61788,1.88927,1.1015
194,2010-07-14,00:00:00.00,0.216427,1.66438,1.0137
195,2010-07-15,00:00:00.00,0.060819,1.483,0.9373
196,2010-07-16,00:00:00.00,0.000285115,1.33401,0.8495
197,2010-07-17,00:00:00.00,0.415008,1.20973,0.7815
198,2010-07-18,00:00:00.00,0.0274273,1.10469,0.7051
199,2010-07-19,00:00:00.00,1.76124,1.01487,0.7277
200,2010-07-20,00:00:00.00,2.64947,0.937282,0.6881
201,2010-07-21,00:00:00.00,0.0896767,0.869667,0.7674
202,2010-07-22,00:00:00.00,0.239497,0.810275,0.7674
203,2010-07-23,00:00:00.00,2.74508,0.757738,0.7617
204,2010-07-24,00:00:00.00,5.20329,0.711175,1.1553
205,2010-07-25,00:00:00.00,3.78822,0.669586,2.271
206,2010-07-26,00:00:00.00,9.40383,0.644469,1.9369
207,2010-07-27,00:00:00.00,0.658431,0.628043,1.985
208,2010-07-28,00:00:00.00,0.0046463,0.600397,1.1865
209,2010-07-29,00:00:00.00,2.14089,0.568943,0.9458
210,2010-07-30,00:00:00.00,0.548002,0.540539,0.8438
211,2010-07-31,00:00:00.00,0.00172982,0.514559,0.7532
212,2010-08-01,00:00:00.00,0.0478015,0.490718,0.6938
213,2010-08-02,00:00:00.00,0.00463194,0.46877,0.6286
214,2010-08-03,00:00:00.00,0.0401636,0.448506,0.5692
215,2010-08-04,00:00:00.00,1.34896,0.429748,0.5777
216,2010-08-05,00:00:00.00,7.88691,0.414959,0.5465
217,2010-08-06,00:00:00.00,5.584,0.405238,1.6311
218,2010-08-07,00:00:00.00,0.0194817,0.3949,0.8976
219,2010-08-08,00:00:00.00,0,0.381222,1.3705
220,2010-08-09,00:00:00.00,0.00387385,0.367104,0.8382
221,2010-08-10,00:00:00.00,0.00185207,0.353886,0.6315
222,2010-08-11,00:00:00.00,0.289031,0.34149,0.5409
223,2010-08-12,00:00:00.00,4.6413,0.32999,0.5748
224,2010-08-13,00:00:00.00,0.340423,0.319239,0.6485
225,2010-08-14,00:00:00.00,0.579532,0.308959,0.5012
226,2010-08-15,00:00:00.00,7.71494,0.301699,0.4304
227,2010-08-16,00:00:00.00,3.82882,0.296065,0.6145
228,2010-08-17,00:00:00.00,0.420617,0.288219,0.6994
229,2010-08-18,00:00:00.00,0.0155395,0.279565,0.4191
230,2010-08-19,00:00:00.00,0.00799821,0.271361,0.4134
231,2010-08-20,00:00:00.00,0.0513074,0.263573,0.3879
232,2010-08-21,00:00:00.00,0.0218702,0.256172,0.3511
233,2010-08-22,00:00:00.00,18.5291,0.459935,0.6909
234,2010-08-23,00:00:00.00,0.355451,0.845211,1.1808
235,2010-08-24,00:00:00.00,1.2558,0.747372,1.1723
236,2010-08-25,00:00:00.00,0.134553,0.461531,0.7419
237,2010-08-26,00:00:00.00,0.3489,0.442022,0.5975
238,2010-08-27,00:00:00.00,0.043628,0.423841,0.504
239,2010-08-28,00:00:00.00,0.0604825,0.4069,0.4417
240,2010-08-29,00:00:00.00,0.0394469,0.391101,0.3879
241,2010-08-30,00:00:00.00,0.0362971,0.376347,0.354
242,2010-08-31,00:00:00.00,0.00940051,0.362546,0.3341
243,2010-09-01,00:00:00.00,0.0410049,0.349615,0.3143
244,2010-09-02,00:00:00.00,0.014137,0.33748,0.2917
245,2010-09-03,00:00:00.00,0.00570337,0.326071,0.2823
246,2010-09-04,00:00:00.00,2.38094,0.315328,0.286
247,2010-09-05,00:00:00.00,0.443605,0.305198,0.2614
248,2010-09-06,00:00:00.00,0.00432639,0.29563,0.2503
249,2010-09-07,00:00:00.00,0.0285341,0.286581,0.2599
250,2010-09-08,00:00:00.00,0.581002,0.278012,0.2633
251,2010-09-09,00:00:00.00,0.00375619,0.269886,0.2509
252,2010-09-10,00:00:00.00,4.51672e-308,0.262172,0.2543
253,2010-09-11,00:00:00.00,0.0145951,0.25484,0.2662
254,2010-09-12,00:00:00.00,7.11315,0.250265,0.2727
255,2010-09-13,00:00:00.00,0.128774,0.247084,0.32
256,2010-09-14,00:00:00.00,0.749478,0.24165,0.2792
257,2010-09-15,00:00:00.00,0.00327283,0.235295,0.2945
258,2010-09-16,00:00:00.00,0.146081,0.22923,0.286
259,2010-09-17,00:00:00.00,20.206,0.631212,0.7674
260,2010-09-18,00:00:00.00,1.45059,1.39021,0.7957
261,2010-09-19,00:00:00.00,0.232121,1.2307,0.4672
262,2010-09-20,00:00:00.00,0.787615,0.696765,0.4021
263,2010-09-21,00:00:00.00,0.00103654,0.657745,0.3313
264,2010-09-22,00:00:00.00,0.000843737,0.622016,0.2973
265,2010-09-23,00:00:00.00,0.723279,0.589305,0.286
266,2010-09-24,00:00:00.00,0.574351,0.559375,0.271
267,2010-09-25,00:00:00.00,6.67568e-308,0.531951,0.2461
268,2010-09-26,00:00:00.00,0.00169274,0.506769,0.2356
269,2010-09-27,00:00:00.00,0.176576,0.483602,0.2285
270,2010-09-28,00:00:00.00,9.79639,0.616393,0.2376
271,2010-09-29,00:00:00.00,20.5528,3.91996,1.2969
272,2010-09-30,00:00:00.00,0.128755,9.29076,1.7132
273,2010-10-01,00:00:00.00,0.0414984,8.65932,1.43
274,2010-10-02,00:00:00.00,0.0268899,5.10992,0.8184
275,2010-10-03,00:00:00.00,12.3722,8.19445,0.6428
276,2010-10-04,00:00:00.00,23.5932,47.3263,7.957
277,2010-10-05,00:00:00.00,3.66126,74.5466,16.6503
278,2010-10-06,00:00:00.00,3.47247,46.288,7.1642
279,2010-10-07,00:00:00.00,1.0874,20.4861,4.021
280,2010-10-08,00:00:00.00,0.0163693,11.8484,2.7043
281,2010-10-09,00:00:00.00,0,7.602,1.9765
282,2010-10-10,00:00:00.00,0,5.58746,1.5999
283,2010-10-11,00:00:00.00,0.00231971,4.35872,1.3762
284,2010-10-12,00:00:00.00,0.0306435,3.5303,1.1978
285,2010-10-13,00:00:00.00,0.000375328,2.93748,1.1157
286,2010-10-14,00:00:00.00,0.413632,2.49689,1.0364
287,2010-10-15,00:00:00.00,11.5962,5.27456,2.3361
288,2010-10-16,00:00:00.00,0.160463,9.68799,1.8859
289,2010-10-17,00:00:00.00,1.37315e-308,8.62449,1.5404
290,2010-10-18,00:00:00.00,0,5.35938,1.3847
291,2010-10-19,00:00:00.00,0.532236,4.1289,1.2148
292,2010-10-20,00:00:00.00,0.0614471,3.3297,1.1383
293,2010-10-21,00:00:00.00,0.0871587,2.7704,1.0534
294,2010-10-22,00:00:00.00,0.251108,2.35822,1.0166
295,2010-10-23,00:00:00.00,0.0283454,2.04318,1.0279
296,2010-10-24,00:00:00.00,0.07721,1.79512,1.0024
297,2010-10-25,00:00:00.00,0.595786,1.59516,1.0421
298,2010-10-26,00:00:00.00,0.138576,1.43096,1.0845
299,2010-10-27,00:00:00.00,12.2129,2.72527,1.3054
300,2010-10-28,00:00:00.00,0.278231,4.96384,2.5853
301,2010-10-29,00:00:00.00,0.0512375,4.63311,2.8289
302,2010-10-30,00:00:00.00,0.324277,3.13769,2.3843
303,2010-10-31,00:00:00.00,0.00701516,2.62755,2.1436
304,2010-11-01,00:00:00.00,0.0512592,2.24867,2.0501
305,2010-11-02,00:00:00.00,0.0082419,1.95701,1.9397
306,2010-11-03,00:00:00.00,0,1.72622,1.8802
307,2010-11-04,00:00:00.00,0.347908,1.53955,1.8831
308,2010-11-05,00:00:00.00,5.24241,1.79696,2.5882
309,2010-11-06,00:00:00.00,2.23739,2.51382,3.0865
310,2010-11-07,00:00:00.00,0.372053,2.55501,2.2937
311,2010-11-08,00:00:00.00,8.7313e-308,2.03671,1.4272
312,2010-11-09,00:00:00.00,0.00326999,1.74965,1.3819
313,2010-11-10,00:00:00.00,1.02386e-308,1.56193,1.362
314,2010-11-11,00:00:00.00,9.00275e-308,1.4066,1.3564
315,2010-11-12,00:00:00.00,0.0183071,1.27614,1.2629
316,2010-11-13,00:00:00.00,0.0315685,1.16522,1.0675
317,2010-11-14,00:00:00.00,0.0435538,1.06989,0.9656
318,2010-11-15,00:00:00.00,0.409995,0.987299,0.8976
319,2010-11-16,00:00:00.00,0.000420812,0.915241,0.875
320,2010-11-17,00:00:00.00,13.6282,2.3272,1.0506
321,2010-11-18,00:00:00.00,2.96358,5.48699,2.2031
322,2010-11-19,00:00:00.00,0.351831,6.04576,2.4381
323,2010-11-20,00:00:00.00,0.00211199,4.24391,2.288
324,2010-11-21,00:00:00.00,1.8287e-308,3.28662,1.7953
325,2010-11-22,00:00:00.00,0.0180752,2.74954,1.2771
326,2010-11-23,00:00:00.00,5.85904,3.38816,1.212
327,2010-11-24,00:00:00.00,6.36864,7.04876,1.7953
328,2010-11-25,00:00:00.00,0.394497,9.6372,2.2965
329,2010-11-26,00:00:00.00,40.8449,84.3267,25.5135
330,2010-11-27,00:00:00.00,0.895187,136.485,90.3307
331,2010-11-28,00:00:00.00,0.0421639,66.9562,24.7206
332,2010-11-29,00:00:00.00,0.00116063,15.6397,10.0242
333,2010-11-30,00:00:00.00,0.0471466,9.39086,6.6545
334,2010-12-01,00:00:00.00,38.088,96.6321,27.524
335,2010-12-02,00:00:00.00,2.04824,157.411,41.9089
336,2010-12-03,00:00:00.00,0.0902309,75.0816,15.376
337,2010-12-04,00:00:00.00,0.132379,16.2033,8.2685
338,2010-12-05,00:00:00.00,0.447209,9.71563,5.72
339,2010-12-06,00:00:00.00,0.409211,7.04022,4.5873
340,2010-12-07,00:00:00.00,0.20137,5.55151,3.3414
341,2010-12-08,00:00:00.00,0.214636,4.59998,2.7835
342,2010-12-09,00:00:00.00,0.431111,3.93733,2.4211
343,2010-12-10,00:00:00.00,0.160864,3.44733,2.237
344,2010-12-11,00:00:00.00,1.99587,3.17251,2.0445
345,2010-12-12,00:00:00.00,0.799777,3.02564,1.9255
346,2010-12-13,00:00:00.00,17.9414,7.05511,3.0582
347,2010-12-14,00:00:00.00,1.44516,12.9276,4.9554
348,2010-12-15,00:00:00.00,0.213088,11.3247,6.0032
349,2010-12-16,00:00:00.00,0.152529,6.96288,4.4741
350,2010-12-17,00:00:00.00,0.0233968,5.36929,4.2758
351,2010-12-18,00:00:00.00,0.243773,4.38208,3.7661
352,2010-12-19,00:00:00.00,0.057657,3.70989,3.8511
353,2010-12-20,00:00:00.00,0.17546,3.22359,3.483
354,2010-12-21,00:00:00.00,0.137887,2.85476,3.1149
355,2010-12-22,00:00:00.00,0.0263128,2.56279,2.8883
356,2010-12-23,00:00:00.00,0.499435,2.32358,2.6731
357,2010-12-24,00:00:00.00,0.062116,2.12285,2.4862
358,2010-12-25,00:00:00.00,0.0865031,1.95155,2.3022
359,2010-12-26,00:00:00.00,0.572891,1.80345,2.1974
360,2010-12-27,00:00:00.00,0.838781,1.67395,2.1323
361,2010-12-28,00:00:00.00,0.633631,1.55986,2.1209
362,2010-12-29,00:00:00.00,0.0152836,1.45884,2.1323
363,2010-12-30,00:00:00.00,0.000712998,1.3686,2.2087
364,2010-12-31,00:00:00.00,0.979513,1.3013,2.4352
365,2011-01-01,00:00:00.00,0.618414,21.2876,14.6964
366,2011-01-02,00:00:00.00,5.77519,57.1808,57.2
367,2011-01-03,00:00:00.00,0.0301937,50.1805,39.6436
368,2011-01-04,00:00:00.00,0.00652492,19.8566,11.0153
369,2011-01-05,00:00:00.00,0.0167347,10.3049,6.9943
370,2011-01-06,00:00:00.00,0.162034,7.15,4.3042
371,2011-01-07,00:00:00.00,1.308,5.48569,3.8794
372,2011-01-08,00:00:00.00,0.649204,4.45704,5.0121
373,2011-01-09,00:00:00.00,0.489871,3.75956,5.9465
374,2011-01-10,00:00:00.00,0.140932,3.25711,6.3713
375,2011-01-11,00:00:00.00,0.336103,2.87725,7.3624
376,2011-01-12,00:00:00.00,6.72385,2.57719,6.881
377,2011-01-13,00:00:00.00,2.70494,2.33229,6.258
378,2011-01-14,00:00:00.00,0.580664,2.12887,4.8705
379,2011-01-15,00:00:00.00,0.608864,1.95772,4.0493
380,2011-01-16,00:00:00.00,0.492518,1.81045,3.5679
381,2011-01-17,00:00:00.00,0.0537843,1.68182,3.1998
382,2011-01-18,00:00:00.00,0.0431312,1.56892,3.0016
383,2011-01-19,00:00:00.00,2.93172,1.77336,3.4263
384,2011-01-20,00:00:00.00,0.905609,2.17231,3.8511
385,2011-01-21,00:00:00.00,4.77962,2.04037,3.6812
386,2011-01-22,00:00:00.00,0.597735,1.69777,3.6529
387,2011-01-23,00:00:00.00,0.202992,1.56983,3.3414
388,2011-01-24,00:00:00.00,0.122474,1.46028,3.0582
389,2011-01-25,00:00:00.00,1.03286,1.36489,3.0582
390,2011-01-26,00:00:00.00,0.0764151,1.27968,3.0299
391,2011-01-27,00:00:00.00,0.055768,1.2023,3.1432
392,2011-01-28,00:00:00.00,2.02919,1.1317,3.4263
393,2011-01-29,00:00:00.00,1.19646,1.06707,3.2848
394,2011-01-30,00:00:00.00,1.2334,1.00763,3.1715
395,2011-01-31,00:00:00.00,0.321841,0.952846,3.0865
396,2011-02-01,00:00:00.00,0.88361,0.902521,2.8317
397,2011-02-02,00:00:00.00,20.1453,0.856332,2.9733
398,2011-02-03,00:00:00.00,6.29174,0.828353,3.4263
399,2011-02-04,00:00:00.00,0.0310682,0.816768,3.5113
400,2011-02-05,00:00:00.00,0.00285099,0.785199,3.5396
401,2011-02-06,00:00:00.00,9.30044,0.741786,3.9077
402,2011-02-07,00:00:00.00,0.474193,0.707647,3.9077
403,2011-02-08,00:00:00.00,3.23643,0.695544,3.7095
404,2011-02-09,00:00:00.00,0.285732,0.711714,3.6246
405,2011-02-10,00:00:00.00,0.0139528,0.689332,3.3697
406,2011-02-11,00:00:00.00,0.00504145,0.641294,3.1432
407,2011-02-12,00:00:00.00,0.0325292,0.614387,3.0299
408,2011-02-13,00:00:00.00,1.14324,0.589149,3.2564
409,2011-02-14,00:00:00.00,0.0602394,0.565167,3.9077
410,2011-02-15,00:00:00.00,0.0793205,0.947179,6.6545
411,2011-02-16,00:00:00.00,0.000240653,1.64609,15.7725
412,2011-02-17,00:00:00.00,0.0266392,1.5298,23.1915
413,2011-02-18,00:00:00.00,0.0080406,111.205,135.355
414,2011-02-19,00:00:00.00,0.0160418,193.359,163.671
415,2011-02-20,00:00:00.00,0.000248792,93.4662,51.8198
416,2011-02-21,00:00:00.00,9.44384,17.8789,21.0111
417,2011-02-22,00:00:00.00,15.0062,12.7856,16.7919
418,2011-02-23,00:00:00.00,0.792973,9.57707,11.2135
419,2011-02-24,00:00:00.00,0.0185121,6.87444,9.656
420,2011-02-25,00:00:00.00,2.98284,5.67281,8.4951
421,2011-02-26,00:00:00.00,15.4042,5.82844,7.5606
422,2011-02-27,00:00:00.00,0.450982,5.9574,6.9943
423,2011-02-28,00:00:00.00,2.76201,5.54864,10.9869
424,2011-03-01,00:00:00.00,29.5021,65.4418,416.258
425,2011-03-02,00:00:00.00,0,110.966,286
426,2011-03-03,00:00:00.00,1.17853e-308,57.9209,81.8357
427,2011-03-04,00:00:00.00,0,15.0981,48.1386
428,2011-03-05,00:00:00.00,8.3767,17.5921,33.697
429,2011-03-06,00:00:00.00,29.0871,215.037,125.16
430,2011-03-07,00:00:00.00,2.58571,319.011,165.654
431,2011-03-08,00:00:00.00,0.0361686,127.624,60.8812
432,2011-03-09,00:00:00.00,0.013088,17.3755,47.8555
433,2011-03-10,00:00:00.00,20.2685,55.0614,67.3941
434,2011-03-11,00:00:00.00,5.45256,97.5575,127.709
435,2011-03-12,00:00:00.00,4.07332,64.5219,68.8099
436,2011-03-13,00:00:00.00,0.0467054,23.6849,62.5802
437,2011-03-14,00:00:00.00,0.0472197,13.235,54.0852
438,2011-03-15,00:00:00.00,0.014987,10.1508,29.1664
439,2011-03-16,00:00:00.00,4.09635,10.0752,22.5968
440,2011-03-17,00:00:00.00,1.06094,10.9664,35.3961
441,2011-03-18,00:00:00.00,0.0032174,8.78092,25.5135
442,2011-03-19,00:00:00.00,0.00629429,6.0106,16.1123
443,2011-03-20,00:00:00.00,0.00134083,4.68507,11.8364
444,2011-03-21,00:00:00.00,1.81268,3.81509,9.118
445,2011-03-22,00:00:00.00,12.6457,10.357,8.2685
446,2011-03-23,00:00:00.00,1.62229,19.3581,7.5323
447,2011-03-24,00:00:00.00,2.43178,16.4739,7.9004
448,2011-03-25,00:00:00.00,0.620112,9.88937,8.8915
449,2011-03-26,00:00:00.00,0.0665606,7.11857,7.2491
450,2011-03-27,00:00:00.00,0.0228243,5.28541,6.343
451,2011-03-28,00:00:00.00,0.0562812,4.20342,5.7483
452,2011-03-29,00:00:00.00,0.00534045,3.46857,5.3236
453,2011-03-30,00:00:00.00,5.07664e-308,2.93469,4.8705
454,2011-03-31,00:00:00.00,2.09356,2.53027,4.559
455,2011-04-01,00:00:00.00,0.0984313,2.21469,4.7572
456,2011-04-02,00:00:00.00,0.0214987,1.95934,4.7855
457,2011-04-03,00:00:00.00,2.74119,2.33813,4.8139
458,2011-04-04,00:00:00.00,0.288423,3.09277,4.7289
459,2011-04-05,00:00:00.00,25.1348,21.6645,30.5822
460,2011-04-06,00:00:00.00,0.139281,42.6583,142.717
461,2011-04-07,00:00:00.00,0.292349,29.9842,41.3426
462,2011-04-08,00:00:00.00,0.193462,11.6995,22.4836
463,2011-04-09,00:00:00.00,9.10044,12.7549,38.7941
464,2011-04-10,00:00:00.00,0.0481901,16.6614,36.5287
465,2011-04-11,00:00:00.00,0.129475,12.5939,20.558
466,2011-04-12,00:00:00.00,3.72357,7.5706,15.8858
467,2011-04-13,00:00:00.00,0.0187118,5.81663,14.9513
468,2011-04-14,00:00:00.00,0.00107885,4.53644,9.9109
469,2011-04-15,00:00:00.00,0.000252718,3.60196,7.7305
470,2011-04-16,00:00:00.00,0.0258121,2.9587,6.7394
471,2011-04-17,00:00:00.00,13.1039,5.24903,7.1075
472,2011-04-18,00:00:00.00,0.200258,8.93617,6.258
473,2011-04-19,00:00:00.00,2.45678,8.01427,6.0315
474,2011-04-20,00:00:00.00,20.0471,20.6595,12.0347
475,2011-04-21,00:00:00.00,13.2144,56.4572,117.515
476,2011-04-22,00:00:00.00,0.0589536,57.609,53.2357
477,2011-04-23,00:00:00.00,6.92667,31.6658,24.2392
478,2011-04-24,00:00:00.00,5.00392,24.5383,59.1822
479,2011-04-25,00:00:00.00,6.53906,23.4912,31.4317
480,2011-04-26,00:00:00.00,36.7156,107.085,86.3664
481,2011-04-27,00:00:00.00,5.06689,158.556,302.99
482,2011-04-28,00:00:00.00,6.67277,82.6457,63.4297
483,2011-04-29,00:00:00.00,1.5798,30.2391,35.1129
484,2011-04-30,00:00:00.00,0.775903,16.4456,22.5402
485,2011-05-01,00:00:00.00,0.109072,9.3886,15.9707
486,2011-05-02,00:00:00.00,7.59045,10.123,13.2523
487,2011-05-03,00:00:00.00,12.6209,28.3633,69.0931
488,2011-05-04,00:00:00.00,16.0694,71.7971,97.6931
489,2011-05-05,00:00:00.00,0.14634,75.7169,85.8
490,2011-05-06,00:00:00.00,0.00207529,33.87,31.1485
491,2011-05-07,00:00:00.00,3.21328,12.841,19.0572
492,2011-05-08,00:00:00.00,0.554988,8.41535,16.5937
493,2011-05-09,00:00:00.00,2.5823e-308,6.07906,14.838
494,2011-05-10,00:00:00.00,0.0011059,4.61839,10.902
495,2011-05-11,00:00:00.00,1.32343,3.67206,8.9764
496,2011-05-12,00:00:00.00,0.029022,3.01555,8.0986
497,2011-05-13,00:00:00.00,6.49541,2.86834,15.1778
498,2011-05-14,00:00:00.00,15.9451,7.84746,27.4957
499,2011-05-15,00:00:00.00,12.5649,24.062,23.1065
500,2011-05-16,00:00:00.00,22.6019,70.8395,50.404
501,2011-05-17,00:00:00.00,10.3967,104.365,56.9169
502,2011-05-18,00:00:00.00,7.12346,80.155,51.2535
503,2011-05-19,00:00:00.00,4.84175,45.0007,77.8713
504,2011-05-20,00:00:00.00,0.168868,24.123,93.1624
505,2011-05-21,00:00:00.00,0.0246066,12.666,30.0159
506,2011-05-22,00:00:00.00,0.274219,7.83544,16.1689
507,2011-05-23,00:00:00.00,0.581574,5.6113,11.7515
508,2011-05-24,00:00:00.00,2.976,4.29871,9.5145
509,2011-05-25,00:00:00.00,1.71772,3.44701,8.9481
510,2011-05-26,00:00:00.00,52.3507,82.0392,17.3865
511,2011-05-27,00:00:00.00,31.594,227.082,226.535
512,2011-05-28,00:00:00.00,0.0471939,198.715,114.966
513,2011-05-29,00:00:00.00,4.69853,63.371,33.9802
514,2011-05-30,00:00:00.00,4.26093,17.7301,72.4911
515,2011-05-31,00:00:00.00,0.171543,10.5893,29.7327
516,2011-06-01,00:00:00.00,0,7.04575,14.7531
517,2011-06-02,00:00:00.00,0,5.16768,9.8826
518,2011-06-03,00:00:00.00,0,4.00442,7.7305
519,2011-06-04,00:00:00.00,0.18226,3.22826,6.3996
520,2011-06-05,00:00:00.00,0.411041,2.68035,5.3802
521,2011-06-06,00:00:00.00,0.773908,2.2764,6.7111
522,2011-06-07,00:00:00.00,0.000585477,1.96848,8.7216
523,2011-06-08,00:00:00.00,0.413008,1.72725,5.6351
524,2011-06-09,00:00:00.00,0.000217801,1.53393,4.1626
525,2011-06-10,00:00:00.00,3.88791,1.37605,3.7661
526,2011-06-11,00:00:00.00,9.54812,1.33444,3.6529
527,2011-06-12,00:00:00.00,1.15952,1.39116,3.7095
528,2011-06-13,00:00:00.00,1.25315,1.30202,7.5323
529,2011-06-14,00:00:00.00,0.0206016,1.13527,4.1909
530,2011-06-15,00:00:00.00,0.00347817,1.0412,3.1149
531,2011-06-16,00:00:00.00,8.36273e-308,0.960137,2.6788
532,2011-06-17,00:00:00.00,2.35774,0.889659,2.5117
533,2011-06-18,00:00:00.00,0.317595,0.827889,2.4352
534,2011-06-19,00:00:00.00,0.0339934,0.77336,2.6051
535,2011-06-20,00:00:00.00,10.3791,0.755309,6.5695
536,2011-06-21,00:00:00.00,2.14266,0.781173,53.5188
537,2011-06-22,00:00:00.00,5.05445,0.752653,17.4432
538,2011-06-23,00:00:00.00,0.949896,0.686524,10.0525
539,2011-06-24,00:00:00.00,4.10559,0.648503,9.4578
540,2011-06-25,00:00:00.00,7.57951,0.649027,9.4295
541,2011-06-26,00:00:00.00,0.00375343,0.695804,6.258
542,2011-06-27,00:00:00.00,0.000682408,0.668843,4.6156
543,2011-06-28,00:00:00.00,0.00105014,0.598126,3.4263
544,2011-06-29,00:00:00.00,0.000215776,0.567151,2.7411
545,2011-06-30,00:00:00.00,0.000357864,0.538907,2.4664
546,2011-07-01,00:00:00.00,0.000409973,0.513065,2.0331
547,2011-07-02,00:00:00.00,0.0502666,0.489345,1.7868
548,2011-07-03,00:00:00.00,6.12279,0.468972,1.665
549,2011-07-04,00:00:00.00,1.54019,0.450868,1.5546
550,2011-07-05,00:00:00.00,0.101539,0.432641,1.4442
551,2011-07-06,00:00:00.00,0.00120771,0.415026,1.3705
552,2011-07-07,00:00:00.00,0.838636,0.398646,1.4215
553,2011-07-08,00:00:00.00,0.27499,0.383378,1.3677
554,2011-07-09,00:00:00.00,0.101155,0.369118,1.1808
555,2011-07-10,00:00:00.00,0.00883206,0.355773,1.0959
556,2011-07-11,00:00:00.00,4.71278e-308,0.34326,0.9939
557,2011-07-12,00:00:00.00,9.13745,0.333824,1.0477
558,2011-07-13,00:00:00.00,0.0903343,0.326073,1.1383
559,2011-07-14,00:00:00.00,0.0812849,0.316455,1.9737
560,2011-07-15,00:00:00.00,0.0557503,0.306261,1.2006
561,2011-07-16,00:00:00.00,0.0279963,0.296635,0.9854
562,2011-07-17,00:00:00.00,0.00184534,0.287532,0.9146
563,2011-07-18,00:00:00.00,0.00135171,0.278913,0.8608
564,2011-07-19,00:00:00.00,5.92345,0.270972,0.8608
565,2011-07-20,00:00:00.00,8.53074,0.26772,0.9146
566,2011-07-21,00:00:00.00,0.0921907,0.269505,0.9203
567,2011-07-22,00:00:00.00,0.00204294,0.264016,0.9713
568,2011-07-23,00:00:00.00,3.90071,0.253693,0.9798
569,2011-07-24,00:00:00.00,31.2288,1.9308,23.6162
570,2011-07-25,00:00:00.00,22.8849,21.5826,43.8911
571,2011-07-26,00:00:00.00,0.672854,38.7506,17.3016
572,2011-07-27,00:00:00.00,0.277128,25.6486,6.4562
573,2011-07-28,00:00:00.00,0.0701821,10.7238,3.5113
574,2011-07-29,00:00:00.00,5.10029,7.01089,2.6363
575,2011-07-30,00:00:00.00,7.74661,6.24588,2.7524
576,2011-07-31,00:00:00.00,0.128642,6.31905,2.3899
577,2011-08-01,00:00:00.00,0.0359177,5.14692,1.682
578,2011-08-02,00:00:00.00,1.84124,3.79557,1.3111
579,2011-08-03,00:00:00.00,0.486957,3.07219,1.1383
580,2011-08-04,00:00:00.00,5.77545,2.65143,1.2856
581,2011-08-05,00:00:00.00,0.106168,2.38498,1.1921
582,2011-08-06,00:00:00.00,0.0382253,2.09299,1.0591
583,2011-08-07,00:00:00.00,12.5262,2.392,0.9571
584,2011-08-08,00:00:00.00,3.62535,3.07375,0.9373
585,2011-08-09,00:00:00.00,0.145688,2.80485,3.8228
586,2011-08-10,00:00:00.00,24.303,8.78946,2.0756
587,2011-08-11,00:00:00.00,0.0336226,17.936,2.625
588,2011-08-12,00:00:00.00,0.000143368,14.9781,4.559
589,2011-08-13,00:00:00.00,0.000481152,7.82914,2.0077
590,2011-08-14,00:00:00.00,0.397437,5.47899,1.3026
591,2011-08-15,00:00:00.00,20.2222,10.5729,1.9878
592,2011-08-16,00:00:00.00,4.7114,18.717,1.5376
593,2011-08-17,00:00:00.00,0.182695,15.7064,1.4045
594,2011-08-18,00:00:00.00,0.0322325,8.63515,1.0732
595,2011-08-19,00:00:00.00,0.684714,5.88365,0.8948
596,2011-08-20,00:00:00.00,0.0512767,4.40658,0.8212
597,2011-08-21,00:00:00.00,0.618448,3.48215,0.7447
598,2011-08-22,00:00:00.00,2.52753,2.85465,0.7221
599,2011-08-23,00:00:00.00,0.00498533,2.40406,0.6938
600,2011-08-24,00:00:00.00,0.082112,2.06611,0.6796
601,2011-08-25,00:00:00.00,23.8252,5.56985,1.0081
602,2011-08-26,00:00:00.00,4.5155,11.7483,1.447
603,2011-08-27,00:00:00.00,0.001699,11.0448,2.86
604,2011-08-28,00:00:00.00,0.207842,6.64227,1.8151
605,2011-08-29,00:00:00.00,0.105342,4.82284,1.1213
606,2011-08-30,00:00:00.00,0.000471916,3.75544,0.8665
607,2011-08-31,00:00:00.00,0.00241164,3.04618,0.773
608,2011-09-01,00:00:00.00,0.0299432,2.54411,0.7192
609,2011-09-02,00:00:00.00,3.51646,2.17246,0.6824
610,2011-09-03,00:00:00.00,0.0142748,1.8877,0.7277
611,2011-09-04,00:00:00.00,1.28822,1.66315,0.7023
612,2011-09-05,00:00:00.00,10.9962,1.84907,1.5263
613,2011-09-06,00:00:00.00,0.386567,2.29983,2.1521
614,2011-09-07,00:00:00.00,0.46716,2.12063,1.2997
615,2011-09-08,00:00:00.00,9.95138,2.30817,1.0902
616,2011-09-09,00:00:00.00,9.82467,4.73395,1.9227
617,2011-09-10,00:00:00.00,5.84287,7.8562,5.5218
618,2011-09-11,00:00:00.00,3.8146,8.40888,5.2103
619,2011-09-12,00:00:00.00,1.36832,6.62984,3.3131
620,2011-09-13,00:00:00.00,0.157012,4.86305,2.4211
621,2011-09-14,00:00:00.00,0.000635103,3.78448,1.6112
622,2011-09-15,00:00:00.00,3.53077,3.19305,1.0591
623,2011-09-16,00:00:00.00,2.44504,2.86513,1.0081
624,2011-09-17,00:00:00.00,0.00239892,2.51362,0.7957
625,2011-09-18,00:00:00.00,0.00962247,2.15965,0.7249
626,2011-09-19,00:00:00.00,0.142141,1.88359,0.6739
627,2011-09-20,00:00:00.00,12.832,3.23072,0.79
628,2011-09-21,00:00:00.00,0.197163,5.53028,1.4158
629,2011-09-22,00:00:00.00,17.084,12.6754,2.2427
630,2011-09-23,00:00:00.00,0.526743,20.305,3.9927
631,2011-09-24,00:00:00.00,18.6936,36.9708,9.0048
632,2011-09-25,00:00:00.00,0.467955,46.9847,18.6891
633,2011-09-26,00:00:00.00,0.318359,27.9442,6.796
634,2011-09-27,00:00:00.00,13.6113,24.3198,5.0404
635,2011-09-28,00:00:00.00,1.38558,32.2261,17.783
636,2011-09-29,00:00:00.00,3.40146,22.4402,8.1269
637,2011-09-30,00:00:00.00,11.5252,25.7475,4.7289
638,2011-10-01,00:00:00.00,6.63596,42.8214,16.5937
639,2011-10-02,00:00:00.00,8.5368,50.4813,39.3604
640,2011-10-03,00:00:00.00,0.758416,41.0138,27.4673
641,2011-10-04,00:00:00.00,6.89478,29.1937,12.063
642,2011-10-05,00:00:00.00,0.35132,24.9989,13.0824
643,2011-10-06,00:00:00.00,0.00681983,16.1632,8.6933
644,2011-10-07,00:00:00.00,0.00709457,8.938,6.1164
645,2011-10-08,00:00:00.00,0.0390582,6.26808,4.4174
646,2011-10-09,00:00:00.00,0.0181509,4.75778,3.2848
647,2011-10-10,00:00:00.00,0.00110157,3.787,2.5712
648,2011-10-11,00:00:00.00,0.0263833,3.11296,2.2569
649,2011-10-12,00:00:00.00,0.0644027,2.6204,2.0105
650,2011-10-13,00:00:00.00,7.28624,3.34623,1.7217
651,2011-10-14,00:00:00.00,0.536919,4.71918,2.002
652,2011-10-15,00:00:00.00,0.782245,4.26216,2.1719
653,2011-10-16,00:00:00.00,0.502158,3.08582,2.0077
654,2011-10-17,00:00:00.00,0.833488,2.59499,1.9284
655,2011-10-18,00:00:00.00,8.7364e-308,2.22787,2.002
656,2011-10-19,00:00:00.00,1.80943,1.97306,1.7556
657,2011-10-20,00:00:00.00,42.4441,52.3573,9.0614
658,2011-10-21,00:00:00.00,4.14897,104.782,150.646
659,2011-10-22,00:00:00.00,0.544414,66.1193,52.103
660,2011-10-23,00:00:00.00,0.000402082,18.8191,22.4836
661,2011-10-24,00:00:00.00,0.0151312,10.056,12.516
662,2011-10-25,00:00:00.00,4.65974,9.44643,9.0048
663,2011-10-26,00:00:00.00,0.0770201,10.7671,7.6172
664,2011-10-27,00:00:00.00,9.59581,16.9907,8.4951
665,2011-10-28,00:00:00.00,9.16345,37.797,30.299
666,2011-10-29,00:00:00.00,0.816558,41.72,39.6436
667,2011-10-30,00:00:00.00,0.387114,22.1121,16.9618
668,2011-10-31,00:00:00.00,0.0167258,10.7153,11.8931
669,2011-11-01,00:00:00.00,0.846421,7.2907,10.279
670,2011-11-02,00:00:00.00,0.0600151,5.51483,9.0614
671,2011-11-03,00:00:00.00,0,4.41252,7.4473
672,2011-11-04,00:00:00.00,0.00517616,3.65131,6.0315
673,2011-11-05,00:00:00.00,0.00723935,3.09344,4.9271
674,2011-11-06,00:00:00.00,0,2.66875,4.021
675,2011-11-07,00:00:00.00,9.98418e-308,2.33502,3.483
676,2011-11-08,00:00:00.00,0.0695739,2.06527,3.1149
677,2011-11-09,00:00:00.00,0.0191273,1.84239,2.945
678,2011-11-10,00:00:00.00,3.05272,1.94556,2.945
679,2011-11-11,00:00:00.00,0.201866,2.25807,2.86
680,2011-11-12,00:00:00.00,0.0560403,2.08851,2.6646
681,2011-11-13,00:00:00.00,0.0361274,1.71848,2.4381
682,2011-11-14,00:00:00.00,0.253254,1.54819,2.2682
683,2011-11-15,00:00:00.00,34.7005,36.1279,4.3608
684,2011-11-16,00:00:00.00,0.00607505,71.9148,99.9585
685,2011-11-17,00:00:00.00,0.00615672,45.3018,33.9802
686,2011-11-18,00:00:00.00,0.0203982,13.7935,14.8663
687,2011-11-19,00:00:00.00,0.000799896,8.47933,9.7127
688,2011-11-20,00:00:00.00,0.172604,6.09495,7.7305
689,2011-11-21,00:00:00.00,0.249491,4.73591,6.3713
690,2011-11-22,00:00:00.00,5.89697,6.70765,5.6351
691,2011-11-23,00:00:00.00,23.5413,51.6369,11.6382
692,2011-11-24,00:00:00.00,4.0252,89.7382,114.117
693,2011-11-25,00:00:00.00,9.38742e-308,55.4265,39.3604
694,2011-11-26,00:00:00.00,0,18.8016,18.1794
695,2011-11-27,00:00:00.00,0,10.1144,12.3461
696,2011-11-28,00:00:00.00,20.6043,41.2919,12.1762
697,2011-11-29,00:00:00.00,10.2253,94.0458,75.0396
698,2011-11-30,00:00:00.00,25.3393,149.006,174.998
699,2011-12-01,00:00:00.00,2.03553,139.518,116.382
700,2011-12-02,00:00:00.00,9.76482e-308,57.4518,37.3782
701,2011-12-03,00:00:00.00,0.138428,15.8283,20.3598
702,2011-12-04,00:00:00.00,0.0262286,9.79044,13.7903
703,2011-12-05,00:00:00.00,7.33875,15.8929,11.3834
704,2011-12-06,00:00:00.00,40.0785,136.937,73.907
705,2011-12-07,00:00:00.00,1.944,200.841,238.711
706,2011-12-08,00:00:00.00,0.50543,87.8698,73.907
707,2011-12-09,00:00:00.00,0.0126825,18.3772,31.4317
708,2011-12-10,00:00:00.00,0.975069,10.4452,20.1616
709,2011-12-11,00:00:00.00,0.00103303,7.51731,16.0273
710,2011-12-12,00:00:00.00,0,5.93275,11.7798
711,2011-12-13,00:00:00.00,0.00205751,4.92946,9.5994
712,2011-12-14,00:00:00.00,0.410602,4.64883,8.5517
713,2011-12-15,00:00:00.00,7.11256,10.9452,8.58
714,2011-12-16,00:00:00.00,18.87,59.7079,41.0594
715,2011-12-17,00:00:00.00,0.0167144,83.8323,48.4218
716,2011-12-18,00:00:00.00,2.81336,41.4793,18.5759
717,2011-12-19,00:00:00.00,0.0451841,14.0132,13.139
718,2011-12-20,00:00:00.00,0.418581,8.93166,11.44
719,2011-12-21,00:00:00.00,6.60462,17.782,12.0347
720,2011-12-22,00:00:00.00,19.2171,75.3111,89.4812
721,2011-12-23,00:00:00.00,3.71766,103.83,73.907
722,2011-12-24,00:00:00.00,0.894283,55.5431,31.7149
723,2011-12-25,00:00:00.00,0.0847168,19.2384,21.8606
724,2011-12-26,00:00:00.00,0.0372286,10.5283,14.2717
725,2011-12-27,00:00:00.00,0.000390002,7.46866,10.7887
726,2011-12-28,00:00:00.00,11.0307,20.8321,13.7903
727,2011-12-29,00:00:00.00,0.312931,35.615,39.6436
728,2011-12-30,00:00:00.00,0.309405,24.9345,17.8962
729,2011-12-31,00:00:00.00,5.84572,18.1199,13.2523
730,2012-01-01,00:00:00.00,0.293179,21.2932,37.6614
731,2012-01-02,00:00:00.00,0.287676,15.2997,21.7473
732,2012-01-03,00:00:00.00,0.788453,8.86108,14.2151
733,2012-01-04,00:00:00.00,0.0865862,6.50182,10.2224
734,2012-01-05,00:00:00.00,0.00214548,5.15536,8.2685
735,2012-01-06,00:00:00.00,0.00194652,4.27947,7.3907
736,2012-01-07,00:00:00.00,5.41419e-308,3.65583,8.4384
737,2012-01-08,00:00:00.00,0.0307518,3.18899,9.8826
738,2012-01-09,00:00:00.00,0.00207042,2.82958,8.3252
739,2012-01-10,00:00:00.00,0,2.53947,7.1358
740,2012-01-11,00:00:00.00,0,2.29715,6.8244
741,2012-01-12,00:00:00.00,5.83471,4.33312,6.5412
742,2012-01-13,00:00:00.00,1.6438,8.23505,11.8931
743,2012-01-14,00:00:00.00,5.8535,8.31522,11.6949
744,2012-01-15,00:00:00.00,1.01084,5.7827,6.9376
745,2012-01-16,00:00:00.00,0.318239,4.47149,5.4368
746,2012-01-17,00:00:00.00,1.34094,3.7107,5.8333
747,2012-01-18,00:00:00.00,14.1887,31.5171,74.1901
748,2012-01-19,00:00:00.00,0.0334782,59.5276,49.2713
749,2012-01-20,00:00:00.00,3.97509,38.063,16.9335
750,2012-01-21,00:00:00.00,4.25346,13.3068,9.0331
751,2012-01-22,00:00:00.00,3.67808,8.46804,6.881
752,2012-01-23,00:00:00.00,0.106711,6.22846,6.7111
753,2012-01-24,00:00:00.00,5.48856,8.42139,41.0594
754,2012-01-25,00:00:00.00,0.0797525,12.0359,63.4297
755,2012-01-26,00:00:00.00,1.22804,10.0206,20.5863
756,2012-01-27,00:00:00.00,16.662,20.1986,21.2376
757,2012-01-28,00:00:00.00,10.6458,55.446,149.23
758,2012-01-29,00:00:00.00,1.85846,59.1703,71.6416
759,2012-01-30,00:00:00.00,0.344336,27.6433,27.977
760,2012-01-31,00:00:00.00,0.0303917,12.0583,15.8574
761,2012-02-01,00:00:00.00,0.124092,8.01785,14.4982
762,2012-02-02,00:00:00.00,2.23392,41.4532,21.6907
763,2012-02-03,00:00:00.00,0.0832878,70.842,16.2256
764,2012-02-04,00:00:00.00,0.000507103,41.4287,11.2984
765,2012-02-05,00:00:00.00,2.45538,14.9823,10.5622
766,2012-02-06,00:00:00.00,0.0248457,11.1945,15.5743
767,2012-02-07,00:00:00.00,0.00228823,8.23733,13.6204
768,2012-02-08,00:00:00.00,0.017269,5.96591,10.9303
769,2012-02-09,00:00:00.00,0.827501,4.74365,8.8349
770,2012-02-10,00:00:00.00,0.00629195,3.93097,7.7871
771,2012-02-11,00:00:00.00,1.11021,3.3499,6.9093
772,2012-02-12,00:00:00.00,2.582,2.91401,6.1731
773,2012-02-13,00:00:00.00,0.457675,2.57509,5.5501
774,2012-02-14,00:00:00.00,0.00570796,2.30304,4.8422
775,2012-02-15,00:00:00.00,2.70821,2.12333,5.8616
776,2012-02-16,00:00:00.00,0.194524,2.00957,5.2103
777,2012-02-17,00:00:00.00,3.43644,6.14887,10.364
778,2012-02-18,00:00:00.00,0.0378781,12.557,16.4804
779,2012-02-19,00:00:00.00,0.0508357,11.2005,9.4295
780,2012-02-20,00:00:00.00,0.0144409,6.60906,7.1925
781,2012-02-21,00:00:00.00,0.0270995,4.97859,6.0315
782,2012-02-22,00:00:00.00,1.05023,3.9732,5.6351
783,2012-02-23,00:00:00.00,1.9211,3.47374,5.72
784,2012-02-24,00:00:00.00,8.59531,7.32046,5.9749
785,2012-02-25,00:00:00.00,1.21279,12.4786,50.404
786,2012-02-26,00:00:00.00,0.821108,10.5719,22.5402
787,2012-02-27,00:00:00.00,0.0194482,6.48046,11.5816
788,2012-02-28,00:00:00.00,0,4.91502,8.8915
789,2012-02-29,00:00:00.00,0.0984416,3.93336,7.0792
790,2012-03-01,00:00:00.00,12.9742,10.9567,37.0951
791,2012-03-02,00:00:00.00,0.143128,20.4798,40.4931
792,2012-03-03,00:00:00.00,14.1539,34.4316,19.4254
793,2012-03-04,00:00:00.00,0.215583,41.7669,45.8733
794,2012-03-05,00:00:00.00,6.61149,25.9827,18.321
795,2012-03-06,00:00:00.00,3.12158,12.0338,12.1196
796,2012-03-07,00:00:00.00,0.000259332,7.9886,12.0063
797,2012-03-08,00:00:00.00,2.37359e-308,11.5302,15.6026
798,2012-03-09,00:00:00.00,8.93077,28.1994,10.6188
799,2012-03-10,00:00:00.00,0.0436626,33.2275,9.5994
800,2012-03-11,00:00:00.00,0.00321634,19.1743,7.9287
801,2012-03-12,00:00:00.00,0,9.8033,6.8244
802,2012-03-13,00:00:00.00,8.78595,12.3936,7.6739
803,2012-03-14,00:00:00.00,6.06065,22.4477,36.8119
804,2012-03-15,00:00:00.00,4.9739e-308,22.6485,22.6818
805,2012-03-16,00:00:00.00,13.1421,27.3507,18.5475
806,2012-03-17,00:00:00.00,2.34806,34.4804,113.267
807,2012-03-18,00:00:00.00,0.0958842,22.2341,39.9268
808,2012-03-19,00:00:00.00,15.0722,27.7089,28.1186
809,2012-03-20,00:00:00.00,1.79533,39.9613,76.1723
810,2012-03-21,00:00:00.00,0.0276006,25.499,35.1129
811,2012-03-22,00:00:00.00,9.4231e-308,11.078,16.9052
812,2012-03-23,00:00:00.00,4.7115e-308,7.19547,11.8648
813,2012-03-24,00:00:00.00,2.61814,5.2426,9.1747
814,2012-03-25,00:00:00.00,2.56544,4.09854,7.9854
815,2012-03-26,00:00:00.00,0.0154605,3.35152,7.1075
816,2012-03-27,00:00:00.00,0.013387,2.80822,6.0881
817,2012-03-28,00:00:00.00,0.0240569,2.39726,5.0404
818,2012-03-29,00:00:00.00,0.318784,2.07918,4.7572
819,2012-03-30,00:00:00.00,0,1.82625,4.3891
820,2012-03-31,00:00:00.00,6.26668,2.15857,4.0493
821,2012-04-01,00:00:00.00,0.162775,2.84971,3.9644
822,2012-04-02,00:00:00.00,0.0226651,2.62186,3.9644
823,2012-04-03,00:00:00.00,0.00788282,2.01217,3.7661
824,2012-04-04,00:00:00.00,5.31615,2.04713,3.6812
825,2012-04-05,00:00:00.00,0.369424,2.30354,3.6529
826,2012-04-06,00:00:00.00,8.99688e-308,2.10988,3.398
827,2012-04-07,00:00:00.00,3.63164e-308,1.72625,3.1149
828,2012-04-08,00:00:00.00,0,1.53673,2.9166
829,2012-04-09,00:00:00.00,0.0214468,1.38058,2.8175
830,2012-04-10,00:00:00.00,0.334375,1.2501,2.7269
831,2012-04-11,00:00:00.00,0.395447,1.13979,2.6674
832,2012-04-12,00:00:00.00,0.742495,1.04557,2.86
833,2012-04-13,00:00:00.00,0.000469361,0.964288,2.8317
834,2012-04-14,00:00:00.00,0.00459494,0.893514,2.7637
835,2012-04-15,00:00:00.00,5.10941,0.861154,2.7666
836,2012-04-16,00:00:00.00,1.0409,0.865301,2.945
837,2012-04-17,00:00:00.00,0.017853,0.823246,2.9733
838,2012-04-18,00:00:00.00,0,0.753298,2.7411
839,2012-04-19,00:00:00.00,0.00413186,0.70707,2.5457
840,2012-04-20,00:00:00.00,0.00618027,0.665636,2.4664
841,2012-04-21,00:00:00.00,4.9432,0.636641,2.4891
842,2012-04-22,00:00:00.00,4.26387,0.640328,3.5962
843,2012-04-23,00:00:00.00,0.316024,0.644623,3.483
844,2012-04-24,00:00:00.00,0.00959314,0.609829,3.1149
845,2012-04-25,00:00:00.00,8.11483e-308,0.568983,2.7694
846,2012-04-26,00:00:00.00,2.40581,0.540612,2.6023
847,2012-04-27,00:00:00.00,1.81029,0.514656,2.6136
848,2012-04-28,00:00:00.00,0.0297166,0.490828,2.7807
849,2012-04-29,00:00:00.00,2.7289,0.470968,2.7552
850,2012-04-30,00:00:00.00,0.00778812,0.453634,2.6844
851,2012-05-01,00:00:00.00,11.7776,0.590029,2.5882
852,2012-05-02,00:00:00.00,1.0855,0.856024,3.398
853,2012-05-03,00:00:00.00,2.94424,0.791232,5.097
854,2012-05-04,00:00:00.00,0.00118793,0.590043,3.8228
855,2012-05-05,00:00:00.00,7.69074,0.644176,3.483
856,2012-05-06,00:00:00.00,0.642458,0.777127,5.4368
857,2012-05-07,00:00:00.00,0.00318815,0.735506,5.5501
858,2012-05-08,00:00:00.00,14.1538,1.14475,3.6529
859,2012-05-09,00:00:00.00,18.1907,6.39656,5.4652
860,2012-05-10,00:00:00.00,3.58023,13.2068,10.6471
861,2012-05-11,00:00:00.00,1.06664,11.5411,6.1448
862,2012-05-12,00:00:00.00,1.3077e-308,6.68215,4.2475
863,2012-05-13,00:00:00.00,3.19955e-308,4.9036,3.398
864,2012-05-14,00:00:00.00,0.0313637,3.81854,2.9733
865,2012-05-15,00:00:00.00,0,3.09429,2.6873
866,2012-05-16,00:00:00.00,5.09703e-308,2.58092,2.5372
867,2012-05-17,00:00:00.00,0.0182752,2.2007,2.4183
868,2012-05-18,00:00:00.00,0,1.90949,2.2597
869,2012-05-19,00:00:00.00,0,1.68035,2.1861
870,2012-05-20,00:00:00.00,0,1.49592,2.0841
871,2012-05-21,00:00:00.00,4.5408e-308,1.34468,1.9312
872,2012-05-22,00:00:00.00,0.0753639,1.21869,1.8746
873,2012-05-23,00:00:00.00,0.00181675,1.1123,1.8887
874,2012-05-24,00:00:00.00,1.08507e-308,1.02141,1.8378
875,2012-05-25,00:00:00.00,2.86258e-308,0.942954,1.7953
876,2012-05-26,00:00:00.00,16.0238,1.05819,1.6792
877,2012-05-27,00:00:00.00,1.64497,1.32187,1.5659
878,2012-05-28,00:00:00.00,0.187599,1.23884,1.7103
879,2012-05-29,00:00:00.00,0.0204941,1.00322,1.6226
880,2012-05-30,00:00:00.00,0.710107,0.927265,1.6084
881,2012-05-31,00:00:00.00,0.00175473,0.860933,1.6084
882,2012-06-01,00:00:00.00,0.259441,0.802586,1.5404
883,2012-06-02,00:00:00.00,13.4266,0.938849,1.4555
884,2012-06-03,00:00:00.00,0.227621,1.22667,1.9878
885,2012-06-04,00:00:00.00,0.0122976,1.14875,1.7981
886,2012-06-05,00:00:00.00,0.00483476,0.912362,1.6764
887,2012-06-06,00:00:00.00,0.238089,0.847964,1.5404
888,2012-06-07,00:00:00.00,0.0257917,0.791179,1.4668
889,2012-06-08,00:00:00.00,0.0370131,0.740798,1.3989
890,2012-06-09,00:00:00.00,0.00378387,0.695843,1.3819
891,2012-06-10,00:00:00.00,6.43851e-308,0.655517,1.2686
892,2012-06-11,00:00:00.00,0,0.619166,1.2233
893,2012-06-12,00:00:00.00,0.684711,0.586249,1.1723
894,2012-06-13,00:00:00.00,0.628906,0.55632,1.2459
895,2012-06-14,00:00:00.00,0.000238841,0.529003,1.2035
896,2012-06-15,00:00:00.00,0.0166912,0.503981,1.1525
897,2012-06-16,00:00:00.00,0.00922975,0.480987,1.1242
898,2012-06-17,00:00:00.00,0.065346,0.459793,1.1015
899,2012-06-18,00:00:00.00,13.9028,0.484488,1.3847
900,2012-06-19,00:00:00.00,12.3482,0.842354,3.9077
901,2012-06-20,00:00:00.00,0.00325576,1.29176,17.6414
902,2012-06-21,00:00:00.00,0,1.12379,5.3236
903,2012-06-22,00:00:00.00,0.958563,0.802201,1.6849
904,2012-06-23,00:00:00.00,1.03493,0.750743,1.3847
905,2012-06-24,00:00:00.00,0.000551554,0.704799,0.7108
906,2012-06-25,00:00:00.00,0.000601724,0.663592,0.5663
907,2012-06-26,00:00:00.00,0.000260609,0.626468,0.487
908,2012-06-27,00:00:00.00,0.000147027,0.592876,0.4163
909,2012-06-28,00:00:00.00,0,0.562357,0.3851
910,2012-06-29,00:00:00.00,0.0530223,0.534521,0.3568
911,2012-06-30,00:00:00.00,4.45082,0.509043,0.337
912,2012-07-01,00:00:00.00,1.06178,0.485645,0.3228
913,2012-07-02,00:00:00.00,10.4732,0.475064,0.9968
914,2012-07-03,00:00:00.00,1.31751,0.478543,1.2997
915,2012-07-04,00:00:00.00,1.12388,0.463526,0.6428
916,2012-07-05,00:00:00.00,1.28227,0.43639,0.7108
917,2012-07-06,00:00:00.00,8.64603,0.427689,0.5154
918,2012-07-07,00:00:00.00,0.0545625,0.430766,0.4191
919,2012-07-08,00:00:00.00,0.0025009,0.418265,0.3681
920,2012-07-09,00:00:00.00,0.000419635,0.39547,0.3568
921,2012-07-10,00:00:00.00,0.0846863,0.380416,0.3313
922,2012-07-11,00:00:00.00,0.0173758,0.366348,0.3087
923,2012-07-12,00:00:00.00,0.0276692,0.353178,0.3002
924,2012-07-13,00:00:00.00,0.546902,0.340824,0.2888
925,2012-07-14,00:00:00.00,0.0212112,0.329217,0.2755
926,2012-07-15,00:00:00.00,0.891957,0.318292,0.275
927,2012-07-16,00:00:00.00,1.28401,0.307994,0.3171
928,2012-07-17,00:00:00.00,0.00138542,0.298272,0.32
929,2012-07-18,00:00:00.00,0.131503,0.289081,0.3058
930,2012-07-19,00:00:00.00,0.62595,0.28038,0.2917
931,2012-07-20,00:00:00.00,12.638,0.28938,0.6031
932,2012-07-21,00:00:00.00,1.23423,0.323603,0.487
933,2012-07-22,00:00:00.00,0.00819376,0.313486,0.4644
934,2012-07-23,00:00:00.00,7.92881e-308,0.278207,0.6145
935,2012-07-24,00:00:00.00,0.347341,0.270075,0.4474
936,2012-07-25,00:00:00.00,0.938605,0.262352,0.3766
937,2012-07-26,00:00:00.00,0.047612,0.255012,0.3511
938,2012-07-27,00:00:00.00,1.18949,0.248027,0.3341
939,2012-07-28,00:00:00.00,9.96297,0.254149,0.337
940,2012-07-29,00:00:00.00,7.72738,0.336756,0.4248
941,2012-07-30,00:00:00.00,0.057252,0.415744,0.3879
942,2012-07-31,00:00:00.00,0,0.357372,0.3738
943,2012-08-01,00:00:00.00,0.0232614,0.288645,0.337
944,2012-08-02,00:00:00.00,0,0.27998,0.3171
945,2012-08-03,00:00:00.00,0,0.271759,0.2945
946,2012-08-04,00:00:00.00,2.524e-308,0.263952,0.2818
947,2012-08-05,00:00:00.00,1.80534,0.256533,0.2633
948,2012-08-06,00:00:00.00,17.3245,0.446446,0.337
949,2012-08-07,00:00:00.00,0.00215343,0.806243,0.3426
950,2012-08-08,00:00:00.00,0.00015577,0.713506,0.2945
951,2012-08-09,00:00:00.00,0.759179,0.444977,0.2801
952,2012-08-10,00:00:00.00,2.98505,0.42659,0.286
953,2012-08-11,00:00:00.00,11.424,0.631922,0.5154
954,2012-08-12,00:00:00.00,1.33101,1.02146,0.3993
955,2012-08-13,00:00:00.00,0.00306924,0.934913,0.3256
956,2012-08-14,00:00:00.00,2.80864,0.65429,0.3483
957,2012-08-15,00:00:00.00,6.25047,0.694753,0.8552
958,2012-08-16,00:00:00.00,0.916401,0.808791,0.5182
959,2012-08-17,00:00:00.00,0.0227643,0.768008,0.3625
960,2012-08-18,00:00:00.00,0.596138,0.653511,0.3681
961,2012-08-19,00:00:00.00,0.00271693,0.617524,0.3341
962,2012-08-20,00:00:00.00,0.418287,0.584845,0.303
963,2012-08-21,00:00:00.00,0.551466,0.555082,0.2826
964,2012-08-22,00:00:00.00,1.00732,0.527892,0.2781
965,2012-08-23,00:00:00.00,0.229539,0.502974,0.2798
966,2012-08-24,00:00:00.00,0.0304155,0.480066,0.2917
967,2012-08-25,00:00:00.00,3.14298e-308,0.458945,0.3228
968,2012-08-26,00:00:00.00,0,0.439418,0.303
969,2012-08-27,00:00:00.00,0,0.421319,0.2721
970,2012-08-28,00:00:00.00,20.0877,0.778397,0.7079
971,2012-08-29,00:00:00.00,0.248727,1.4414,0.606
972,2012-08-30,00:00:00.00,0.00956817,1.31719,0.3568
973,2012-08-31,00:00:00.00,0.026026,0.864883,0.32
974,2012-09-01,00:00:00.00,0.00338608,0.80655,0.2761
975,2012-09-02,00:00:00.00,7.17969,0.833623,0.2424
976,2012-09-03,00:00:00.00,11.511,1.50581,0.2512
977,2012-09-04,00:00:00.00,0.270667,2.37683,0.3058
978,2012-09-05,00:00:00.00,8.47617,2.72715,0.7674
979,2012-09-06,00:00:00.00,0.648961,3.06418,0.5069
980,2012-09-07,00:00:00.00,0.00884446,2.79102,0.4842
981,2012-09-08,00:00:00.00,9.58193,2.95501,0.504
982,2012-09-09,00:00:00.00,33.0757,36.6696,3.9927
983,2012-09-10,00:00:00.00,0.275843,66.6634,7.4756
984,2012-09-11,00:00:00.00,0.00778753,40.0965,2.9166
985,2012-09-12,00:00:00.00,0.00303719,12.9985,1.6084
986,2012-09-13,00:00:00.00,0.000972559,7.91419,1.212
987,2012-09-14,00:00:00.00,0.00212527,5.58162,0.9968
988,2012-09-15,00:00:00.00,3.00707,4.30195,0.9373
989,2012-09-16,00:00:00.00,0.234021,3.50954,0.8976
990,2012-09-17,00:00:00.00,0.060615,2.91167,0.875
991,2012-09-18,00:00:00.00,1.98768,2.45534,0.8552
992,2012-09-19,00:00:00.00,12.87,4.33605,1.0704
993,2012-09-20,00:00:00.00,0.215482,7.44166,1.0052
994,2012-09-21,00:00:00.00,0.0117213,6.68947,1.127
995,2012-09-22,00:00:00.00,6.02567,5.29497,0.9713
996,2012-09-23,00:00:00.00,18.5929,18.8968,2.2937
997,2012-09-24,00:00:00.00,0.182694,31.9805,2.6901
998,2012-09-25,00:00:00.00,0.000789377,22.1321,2.2115
999,2012-09-26,00:00:00.00,3.8014,11.0394,1.6452
1000,2012-09-27,00:00:00.00,15.3583,23.236,2.6533
1001,2012-09-28,00:00:00.00,3.70188,37.4623,4.4741
1002,2012-09-29,00:00:00.00,0.172148,27.0291,4.4457
1003,2012-09-30,00:00:00.00,0.0151918,12.5496,2.5032
1004,2012-10-01,00:00:00.00,0.000894819,7.76041,1.8151
1005,2012-10-02,00:00:00.00,0.461929,5.58229,1.4187
1006,2012-10-03,00:00:00.00,22.3026,25.5094,1.515
1007,2012-10-04,00:00:00.00,0.427047,46.4432,1.4158
1008,2012-10-05,00:00:00.00,0.0120862,30.7644,1.5574
1009,2012-10-06,00:00:00.00,17.6798,34.3576,1.6254
1010,2012-10-07,00:00:00.00,2.37838,50.8558,9.4295
1011,2012-10-08,00:00:00.00,0.578811,32.2854,13.9602
1012,2012-10-09,00:00:00.00,0.027402,13.2007,4.7855
1013,2012-10-10,00:00:00.00,0.011476,8.21847,2.7128
1014,2012-10-11,00:00:00.00,0.746825,5.9426,1.9397
1015,2012-10-12,00:00:00.00,0.000496067,4.62124,1.5659
1016,2012-10-13,00:00:00.00,0.030554,3.75206,1.3734
1017,2012-10-14,00:00:00.00,2.65197,3.42893,1.2488
1018,2012-10-15,00:00:00.00,2.04678,3.41654,1.4017
1019,2012-10-16,00:00:00.00,1.31945,3.04019,1.2912
1020,2012-10-17,00:00:00.00,0.0689969,2.53771,1.2431
1021,2012-10-18,00:00:00.00,0.602061,2.22717,1.1921
1022,2012-10-19,00:00:00.00,3.21416,2.28711,1.195
1023,2012-10-20,00:00:00.00,5.04332,3.71873,1.2318
1024,2012-10-21,00:00:00.00,1.17519,5.15655,1.2828
1025,2012-10-22,00:00:00.00,0.0238737,4.46818,1.2318
1026,2012-10-23,00:00:00.00,0.138514,3.27864,1.2799
1027,2012-10-24,00:00:00.00,3.19571,3.05921,1.3451
1028,2012-10-25,00:00:00.00,0.696509,3.12324,1.3196
1029,2012-10-26,00:00:00.00,2.5899e-308,2.78342,1.2912
1030,2012-10-27,00:00:00.00,21.4733,15.8838,1.5546
1031,2012-10-28,00:00:00.00,10.0293,49.5433,14.2434
1032,2012-10-29,00:00:00.00,14.9223,83.1102,21.4075
1033,2012-10-30,00:00:00.00,39.3093,187.157,80.703
1034,2012-10-31,00:00:00.00,40.4494,336.473,311.485
1035,2012-11-01,00:00:00.00,6.63333,290.242,242.675
1036,2012-11-02,00:00:00.00,0.624051,110.818,77.305
1037,2012-11-03,00:00:00.00,0.117024,25.3948,35.9624
1038,2012-11-04,00:00:00.00,0.131916,11.9806,20.7846
1039,2012-11-05,00:00:00.00,0.112665,8.17652,13.8186
1040,2012-11-06,00:00:00.00,0.404481,6.23842,10.6471
1041,2012-11-07,00:00:00.00,0.00552759,5.05435,8.6083
1042,2012-11-08,00:00:00.00,0.00138462,4.24221,7.1358
1043,2012-11-09,00:00:00.00,0.0126163,3.64169,6.258
1044,2012-11-10,00:00:00.00,2.12138,3.68749,5.5501
1045,2012-11-11,00:00:00.00,3.02388,5.07502,5.3802
1046,2012-11-12,00:00:00.00,0.00288672,6.03675,5.5501
1047,2012-11-13,00:00:00.00,12.2259,16.1857,6.5695
1048,2012-11-14,00:00:00.00,0.0158796,27.8179,20.8412
1049,2012-11-15,00:00:00.00,0,20.6767,12.0063
1050,2012-11-16,00:00:00.00,0,10.0618,8.2402
1051,2012-11-17,00:00:00.00,0,6.90125,6.7677
1052,2012-11-18,00:00:00.00,5.2195e-308,5.22481,5.7766
1053,2012-11-19,00:00:00.00,0.000286215,4.18186,5.1537
1054,2012-11-20,00:00:00.00,0.00016726,3.46814,4.7289
1055,2012-11-21,00:00:00.00,8.8652e-308,2.9476,4.5024
1056,2012-11-22,00:00:00.00,3.0722e-308,2.5505,4.5873
1057,2012-11-23,00:00:00.00,0.082675,2.2375,4.8988
1058,2012-11-24,00:00:00.00,1.01399,2.01016,4.8988
1059,2012-11-25,00:00:00.00,0.0356224,1.8373,4.7006
1060,2012-11-26,00:00:00.00,0.260184,1.6712,4.559
1061,2012-11-27,00:00:00.00,0.112446,1.52069,4.4457
1062,2012-11-28,00:00:00.00,0.122777,1.39238,4.3042
1063,2012-11-29,00:00:00.00,0,1.28169,4.1626
1064,2012-11-30,00:00:00.00,0,1.18511,4.0493
1065,2012-12-01,00:00:00.00,0,1.09994,3.9927
1066,2012-12-02,00:00:00.00,0.0148914,1.02413,3.9077
1067,2012-12-03,00:00:00.00,5.23861,1.51341,4.0776
1068,2012-12-04,00:00:00.00,0.0837299,2.39757,4.0776
1069,2012-12-05,00:00:00.00,9.30095,4.65451,4.3325
1070,2012-12-06,00:00:00.00,0.0888973,7.78118,6.343
1071,2012-12-07,00:00:00.00,0.00141182,7.08811,7.1358
1072,2012-12-08,00:00:00.00,4.6588,6.26065,6.2014
1073,2012-12-09,00:00:00.00,2.75779,8.68235,8.2402
1074,2012-12-10,00:00:00.00,7.43914,14.3086,12.3745
1075,2012-12-11,00:00:00.00,3.6528,21.0965,18.6608
1076,2012-12-12,00:00:00.00,0.172218,19.0081,20.02
1077,2012-12-13,00:00:00.00,0.000450979,11.4448,10.4206
1078,2012-12-14,00:00:00.00,0,7.27827,7.504
1079,2012-12-15,00:00:00.00,0.0102695,5.41901,6.2014
1080,2012-12-16,00:00:00.00,0.616151,4.30538,5.7766
1081,2012-12-17,00:00:00.00,0.216049,3.56696,5.4368
1082,2012-12-18,00:00:00.00,2.32108,3.61257,5.182
1083,2012-12-19,00:00:00.00,3.62707,5.38902,4.9271
1084,2012-12-20,00:00:00.00,0.108574,6.73284,5.097
1085,2012-12-21,00:00:00.00,11.4449,15.4255,7.8154
1086,2012-12-22,00:00:00.00,4.64328,27.3391,51.5367
1087,2012-12-23,00:00:00.00,0.0804953,22.3848,25.825
1088,2012-12-24,00:00:00.00,0.00437844,11.4963,14.0168
1089,2012-12-25,00:00:00.00,1.26718,7.50418,10.2224
1090,2012-12-26,00:00:00.00,0.214839,5.62531,8.4101
1091,2012-12-27,00:00:00.00,13.3895,5.89547,7.8438
1092,2012-12-28,00:00:00.00,1.31167,7.01498,7.7305
1093,2012-12-29,00:00:00.00,0.0536725,6.04897,6.0881
1094,2012-12-30,00:00:00.00,4.28114,4.52409,5.7766
1095,2012-12-31,00:00:00.00,0.196082,3.83431,5.72
1096,2013-01-01,00:00:00.00,1.69844,3.30117,5.6634
1097,2013-01-02,00:00:00.00,0.30907,2.88368,5.9749
1098,2013-01-03,00:00:00.00,0.00792323,2.56,6.4562
1099,2013-01-04,00:00:00.00,0.0343902,2.30182,7.3057
1100,2013-01-05,00:00:00.00,0.0867949,2.0904,6.3996
1101,2013-01-06,00:00:00.00,0.16758,1.91292,4.9838
1102,2013-01-07,00:00:00.00,0.342018,1.76094,4.6156
1103,2013-01-08,00:00:00.00,0.020744,1.62878,4.1343
1104,2013-01-09,00:00:00.00,0,1.51213,3.5113
1105,2013-01-10,00:00:00.00,0.89977,1.40934,7.0226
1106,2013-01-11,00:00:00.00,0.13919,2.79211,33.4139
1107,2013-01-12,00:00:00.00,12.9781,52.2978,61.1644
1108,2013-01-13,00:00:00.00,0.356214,90.7192,73.0575
1109,2013-01-14,00:00:00.00,26.9527,115.445,123.462
1110,2013-01-15,00:00:00.00,0.196041,120.868,94.2951
1111,2013-01-16,00:00:00.00,1.00509e-308,55.6569,31.7149
1112,2013-01-17,00:00:00.00,0.00268873,15.2016,15.999
1113,2013-01-18,00:00:00.00,0.101738,9.34663,11.2984
1114,2013-01-19,00:00:00.00,0.0594193,6.80729,8.4667
1115,2013-01-20,00:00:00.00,0.00105581,5.36699,7.2208
1116,2013-01-21,00:00:00.00,0.141334,4.42902,6.5695
1117,2013-01-22,00:00:00.00,0.829327,3.77176,5.2386
1118,2013-01-23,00:00:00.00,0.442852,3.29087,4.9554
1119,2013-01-24,00:00:00.00,0.674768,2.92586,4.9554
1120,2013-01-25,00:00:00.00,0.162103,2.63851,5.4085
1121,2013-01-26,00:00:00.00,4.13563,2.40404,4.9554
1122,2013-01-27,00:00:00.00,0.270042,2.20671,4.7006
1123,2013-01-28,00:00:00.00,1.55979,2.03629,3.9644
1124,2013-01-29,00:00:00.00,4.20851,3.08975,4.6156
1125,2013-01-30,00:00:00.00,2.46162,13.7227,7.3624
1126,2013-01-31,00:00:00.00,7.11707,34.0785,37.0951
1127,2013-02-01,00:00:00.00,0.495201,35.0181,47.8555
1128,2013-02-02,00:00:00.00,0.727987,18.4199,14.2151
1129,2013-02-03,00:00:00.00,3.69795,9.80163,8.4951
1130,2013-02-04,00:00:00.00,0.85476,6.88446,8.0703
1131,2013-02-05,00:00:00.00,4.11987,5.31437,7.2208
1132,2013-02-06,00:00:00.00,0.86249,4.33071,6.3713
1133,2013-02-07,00:00:00.00,0.0370385,3.6534,5.9465
1134,2013-02-08,00:00:00.00,0.0125901,3.15482,4.5873
1135,2013-02-09,00:00:00.00,2.05407,2.77299,4.9554
1136,2013-02-10,00:00:00.00,0.112898,2.47345,5.097
1137,2013-02-11,00:00:00.00,0.0205591,2.22762,5.9749
1138,2013-02-12,00:00:00.00,0.0534251,8.91434,7.504
1139,2013-02-13,00:00:00.00,0.00149804,18.6997,14.6681
1140,2013-02-14,00:00:00.00,0.00500819,15.839,8.3818
1141,2013-02-15,00:00:00.00,0.275152,8.42323,6.1448
1142,2013-02-16,00:00:00.00,0.0847597,6.0118,5.182
1143,2013-02-17,00:00:00.00,2.84861,4.64765,4.4457
1144,2013-02-18,00:00:00.00,1.11212,3.77363,4.4174
1145,2013-02-19,00:00:00.00,0.131144,3.16628,4.1059
1146,2013-02-20,00:00:00.00,3.80303,2.73482,4.9554
1147,2013-02-21,00:00:00.00,0.18872,2.41383,5.6634
1148,2013-02-22,00:00:00.00,0.181205,2.14728,7.0792
1149,2013-02-23,00:00:00.00,2.91199,1.97722,5.9465
1150,2013-02-24,00:00:00.00,0.132686,1.87746,5.6634
1151,2013-02-25,00:00:00.00,0.0738668,1.72758,3.5396
1152,2013-02-26,00:00:00.00,0.00545788,1.5586,3.4547
1153,2013-02-27,00:00:00.00,22.4122,18.8151,11.4683
1154,2013-02-28,00:00:00.00,5.40521,68.1675,112.135
1155,2013-03-01,00:00:00.00,1.53069,72.5701,61.7307
1156,2013-03-02,00:00:00.00,0.128851,30.0946,35.3961
1157,2013-03-03,00:00:00.00,1.05653,12.2879,16.7069
1158,2013-03-04,00:00:00.00,0.985691,8.00702,11.0153
1159,2013-03-05,00:00:00.00,0.195632,5.92864,8.5234
1160,2013-03-06,00:00:00.00,1.59344,4.6979,8.5234
1161,2013-03-07,00:00:00.00,1.31278,3.88735,8.58
1162,2013-03-08,00:00:00.00,0.520304,3.31085,7.957
1163,2013-03-09,00:00:00.00,0.152779,2.87293,7.4473
1164,2013-03-10,00:00:00.00,0.052671,2.52358,6.7394
1165,2013-03-11,00:00:00.00,0.149745,3.36264,6.343
1166,2013-03-12,00:00:00.00,20.0645,26.7987,8.7216
1167,2013-03-13,00:00:00.00,0.397543,48.3208,35.3961
1168,2013-03-14,00:00:00.00,0.447113,31.2836,15.461
1169,2013-03-15,00:00:00.00,0.000199059,12.1531,8.7216
1170,2013-03-16,00:00:00.00,2.07385,7.83671,6.8244
1171,2013-03-17,00:00:00.00,2.78446,6.50021,6.5129
1172,2013-03-18,00:00:00.00,0.0299393,6.18262,6.4562
1173,2013-03-19,00:00:00.00,4.81239,6.62805,6.0881
1174,2013-03-20,00:00:00.00,0.183901,7.42205,15.4044
1175,2013-03-21,00:00:00.00,0.1531,6.25712,9.8259
1176,2013-03-22,00:00:00.00,0.230834,4.53303,6.2297
1177,2013-03-23,00:00:00.00,0.0529286,3.69273,5.0687
1178,2013-03-24,00:00:00.00,0.001488,3.09671,4.4457
1179,2013-03-25,00:00:00.00,0.336856,2.6508,4.0776
1180,2013-03-26,00:00:00.00,5.5422,2.57973,4.3608
1181,2013-03-27,00:00:00.00,2.64303,2.73755,4.559
1182,2013-03-28,00:00:00.00,0.724162,2.48932,10.9586
1183,2013-03-29,00:00:00.00,0.00128628,4.01114,13.3372
1184,2013-03-30,00:00:00.00,0.00430732,6.7306,8.3818
1185,2013-03-31,00:00:00.00,0.00114254,6.10685,6.3713
1186,2013-04-01,00:00:00.00,0.105016,4.10455,5.5218
1187,2013-04-02,00:00:00.00,0.0640157,3.31884,4.9554
1188,2013-04-03,00:00:00.00,0.0240643,2.76476,4.2192
1189,2013-04-04,00:00:00.00,0.000435485,2.35537,3.6529
1190,2013-04-05,00:00:00.00,0.000206004,2.04138,3.3131
1191,2013-04-06,00:00:00.00,0.0115626,1.79333,3.2564
1192,2013-04-07,00:00:00.00,0.00375933,1.59295,3.0865
1193,2013-04-08,00:00:00.00,0.0205785,1.42809,2.9733
1194,2013-04-09,00:00:00.00,0.273502,1.29042,2.86
1195,2013-04-10,00:00:00.00,0.0870252,1.17414,2.86
1196,2013-04-11,00:00:00.00,36.2907,16.0692,3.1715
1197,2013-04-12,00:00:00.00,24.9556,88.0494,156.875
1198,2013-04-13,00:00:00.00,3.36718,111.105,258.816
1199,2013-04-14,00:00:00.00,0.373454,48.764,94.2951
1200,2013-04-15,00:00:00.00,0.0446089,15.6337,32.8475
1201,2013-04-16,00:00:00.00,0.00857696,9.07911,19.7652
1202,2013-04-17,00:00:00.00,6.20189,8.46247,14.0168
1203,2013-04-18,00:00:00.00,3.39085,10.0579,22.1721
1204,2013-04-19,00:00:00.00,0.143295,8.70774,16.4804
1205,2013-04-20,00:00:00.00,6.75876,8.35246,11.1285
1206,2013-04-21,00:00:00.00,0.421493,9.78232,8.9764
1207,2013-04-22,00:00:00.00,0.000324614,7.91472,7.0509
1208,2013-04-23,00:00:00.00,8.4081e-308,5.30588,5.9465
1209,2013-04-24,00:00:00.00,0.302964,4.10597,5.4935
1210,2013-04-25,00:00:00.00,21.8713,16.652,15.7725
1211,2013-04-26,00:00:00.00,0.307903,31.936,43.8911
1212,2013-04-27,00:00:00.00,0.0010517,23.4818,16.3105
1213,2013-04-28,00:00:00.00,0.00512202,10.3374,10.0525
1214,2013-04-29,00:00:00.00,13.0179,13.2522,8.8915
1215,2013-04-30,00:00:00.00,0.609525,18.7691,12.8842
1216,2013-05-01,00:00:00.00,0.00115572,14.0959,12.2046
1217,2013-05-02,00:00:00.00,0,7.75631,8.1553
1218,2013-05-03,00:00:00.00,0,5.46215,6.2297
1219,2013-05-04,00:00:00.00,6.28034e-308,4.15325,5.2669
1220,2013-05-05,00:00:00.00,3.14017e-308,3.3146,4.5873
1221,2013-05-06,00:00:00.00,1.45826e-308,2.73603,4.0493
1222,2013-05-07,00:00:00.00,3.5464e-308,2.31553,3.6529
1223,2013-05-08,00:00:00.00,0.0448576,1.99771,3.3697
1224,2013-05-09,00:00:00.00,0.149061,1.75007,3.2281
1225,2013-05-10,00:00:00.00,0.110044,1.5523,2.945
1226,2013-05-11,00:00:00.00,9.07114,1.49398,3.3414
1227,2013-05-12,00:00:00.00,2.75095,1.54813,6.5129
1228,2013-05-13,00:00:00.00,0.0107563,1.44058,5.6917
1229,2013-05-14,00:00:00.00,0.0150809,1.24907,3.9927
1230,2013-05-15,00:00:00.00,0.0871501,1.13833,3.2564
1231,2013-05-16,00:00:00.00,2.04961,1.04387,3.0299
1232,2013-05-17,00:00:00.00,0.176137,0.962487,2.7666
1233,2013-05-18,00:00:00.00,0.377959,0.891727,2.54
1234,2013-05-19,00:00:00.00,0.164143,0.829714,2.3503
1235,2013-05-20,00:00:00.00,0.0564403,0.774978,2.2229
1236,2013-05-21,00:00:00.00,0.0186143,0.726351,2.1804
1237,2013-05-22,00:00:00.00,0.0449396,0.682899,2.1521
1238,2013-05-23,00:00:00.00,1.86025,0.643865,2.0105
1239,2013-05-24,00:00:00.00,6.68713,0.613644,2.1068
1240,2013-05-25,00:00:00.00,0.183139,0.588659,2.5485
1241,2013-05-26,00:00:00.00,0,0.56092,2.2512
1242,2013-05-27,00:00:00.00,0.000157125,0.53321,2.0133
1243,2013-05-28,00:00:00.00,5.37376,0.511941,1.8802
1244,2013-05-29,00:00:00.00,5.06145,0.497103,2.4806
1245,2013-05-30,00:00:00.00,0.120386,0.480654,2.3475
1246,2013-05-31,00:00:00.00,0.000426323,0.460795,2.2767
1247,2013-06-01,00:00:00.00,12.8316,0.532166,3.6812
1248,2013-06-02,00:00:00.00,17.3329,1.67674,15.1212
1249,2013-06-03,00:00:00.00,0.724367,3.37785,24.8905
1250,2013-06-04,00:00:00.00,0.0519975,3.0748,14.5265
1251,2013-06-05,00:00:00.00,0.0127862,1.99763,6.0315
1252,2013-06-06,00:00:00.00,0.175617,1.75298,3.9927
1253,2013-06-07,00:00:00.00,5.81222,1.64215,3.2281
1254,2013-06-08,00:00:00.00,0.435895,1.63413,2.945
1255,2013-06-09,00:00:00.00,0.0347254,1.50833,2.7722
1256,2013-06-10,00:00:00.00,2.0401,1.32215,2.4975
1257,2013-06-11,00:00:00.00,21.8078,3.32812,2.6958
1258,2013-06-12,00:00:00.00,0.680571,6.75882,6.9943
1259,2013-06-13,00:00:00.00,12.5447,9.31721,4.8139
1260,2013-06-14,00:00:00.00,16.4923,23.1218,19.1988
1261,2013-06-15,00:00:00.00,0.0628696,32.0458,16.1406
1262,2013-06-16,00:00:00.00,0.742992,20.0419,6.1731
1263,2013-06-17,00:00:00.00,7.17616,11.0101,4.7855
1264,2013-06-18,00:00:00.00,0.0284162,9.42111,4.3891
1265,2013-06-19,00:00:00.00,0.0285325,7.08008,5.3802
1266,2013-06-20,00:00:00.00,0.00232362,4.93958,3.4263
1267,2013-06-21,00:00:00.00,1.78505e-308,3.82468,2.5712
1268,2013-06-22,00:00:00.00,0.00226122,3.09036,2.2031
1269,2013-06-23,00:00:00.00,2.10926,2.57419,1.9199
1270,2013-06-24,00:00:00.00,0.117998,2.19395,1.7556
1271,2013-06-25,00:00:00.00,0.276477,1.9035,1.75
1272,2013-06-26,00:00:00.00,6.1059,1.69621,1.7415
1273,2013-06-27,00:00:00.00,12.8589,1.95653,2.3786
1274,2013-06-28,00:00:00.00,11.496,3.5226,3.5962
1275,2013-06-29,00:00:00.00,10.2302,6.86059,9.1747
1276,2013-06-30,00:00:00.00,1.58113,8.64453,10.4772
1277,2013-07-01,00:00:00.00,1.27835,6.74367,9.1463
1278,2013-07-02,00:00:00.00,3.52818,4.58456,4.3891
1279,2013-07-03,00:00:00.00,1.32414,3.61195,3.0299
1280,2013-07-04,00:00:00.00,0.356137,2.95348,2.373
1281,2013-07-05,00:00:00.00,3.97324,2.48036,3.3697
1282,2013-07-06,00:00:00.00,8.6962,2.59708,5.0121
1283,2013-07-07,00:00:00.00,1.93639,3.05289,5.2953
1284,2013-07-08,00:00:00.00,1.49172,2.75877,29.7327
1285,2013-07-09,00:00:00.00,8.58378,2.59163,26.1364
1286,2013-07-10,00:00:00.00,54.0382,79.1231,194.254
1287,2013-07-11,00:00:00.00,31.9481,221.182,325.644
1288,2013-07-12,00:00:00.00,0.00194246,194.906,281.186
1289,2013-07-13,00:00:00.00,0.00910258,60.9527,74.1901
1290,2013-07-14,00:00:00.00,0.0031949,14.6622,26.9576
1291,2013-07-15,00:00:00.00,0.0139648,8.52287,15.0362
1292,2013-07-16,00:00:00.00,0.0103084,5.87589,9.8543
1293,2013-07-17,00:00:00.00,0.00124373,4.40522,6.8527
1294,2013-07-18,00:00:00.00,0.000216639,3.48021,5.4085
1295,2013-07-19,00:00:00.00,0,2.85139,4.6156
1296,2013-07-20,00:00:00.00,7.39022,2.50773,3.9644
1297,2013-07-21,00:00:00.00,21.5058,6.17364,20.4164
1298,2013-07-22,00:00:00.00,0.225107,11.4257,20.7279
1299,2013-07-23,00:00:00.00,7.01507,10.9392,11.7515
1300,2013-07-24,00:00:00.00,0.371797,8.14512,7.7022
1301,2013-07-25,00:00:00.00,0.0187725,6.18997,5.4935
1302,2013-07-26,00:00:00.00,0.0314794,4.46802,4.0776
1303,2013-07-27,00:00:00.00,0.0194607,3.51972,3.3414
1304,2013-07-28,00:00:00.00,9.12115,3.4137,7.9004
1305,2013-07-29,00:00:00.00,0.786941,3.74487,19.6519
1306,2013-07-30,00:00:00.00,0.103595,3.29812,9.4012
1307,2013-07-31,00:00:00.00,0.0230007,2.57428,5.2953
1308,2013-08-01,00:00:00.00,2.95154,2.19487,3.936
1309,2013-08-02,00:00:00.00,4.56416,1.93165,3.6812
1310,2013-08-03,00:00:00.00,6.25271,1.86537,3.7945
1311,2013-08-04,00:00:00.00,5.43948,2.0017,3.2281
1312,2013-08-05,00:00:00.00,0.165613,1.97726,5.2386
1313,2013-08-06,00:00:00.00,0.00492087,1.71542,3.936
1314,2013-08-07,00:00:00.00,0.00828176,1.49786,3.0299
1315,2013-08-08,00:00:00.00,9.11134,1.52903,19.0856
1316,2013-08-09,00:00:00.00,14.571,3.23021,45.8733
1317,2013-08-10,00:00:00.00,0.40141,5.42916,14.0452
1318,2013-08-11,00:00:00.00,0.117981,4.83189,7.9004
1319,2013-08-12,00:00:00.00,0.0660086,3.29056,4.644
1320,2013-08-13,00:00:00.00,0.810857,2.72003,3.4263
1321,2013-08-14,00:00:00.00,1.33179,2.30432,4.6723
1322,2013-08-15,00:00:00.00,0.000197151,1.98962,4.8988
1323,2013-08-16,00:00:00.00,0.005449,1.74399,3.0582
1324,2013-08-17,00:00:00.00,0.0199362,1.54754,2.3701
1325,2013-08-18,00:00:00.00,0.000235413,1.3873,1.985
1326,2013-08-19,00:00:00.00,0.0421061,1.25439,1.7613
1327,2013-08-20,00:00:00.00,0.000778302,1.1426,1.6112
1328,2013-08-21,00:00:00.00,0.00124999,1.0474,1.5234
1329,2013-08-22,00:00:00.00,0.000196468,0.965466,1.3875
1330,2013-08-23,00:00:00.00,3.97934,0.894586,1.2912
1331,2013-08-24,00:00:00.00,0.23004,0.832643,2.3843
1332,2013-08-25,00:00:00.00,0.00318257,0.777702,2.4721
1333,2013-08-26,00:00:00.00,0,0.728776,1.8208
1334,2013-08-27,00:00:00.00,0.156077,0.685071,1.396
1335,2013-08-28,00:00:00.00,6.06973,0.647854,1.7103
1336,2013-08-29,00:00:00.00,5.0488,0.618206,1.8859
1337,2013-08-30,00:00:00.00,0.0446191,0.590731,1.7471
1338,2013-08-31,00:00:00.00,0.0550831,0.561819,1.5631
1339,2013-09-01,00:00:00.00,0.583067,0.534031,1.7556
1340,2013-09-02,00:00:00.00,0.453438,0.508594,2.3135
1341,2013-09-03,00:00:00.00,1.04178,0.485232,1.9425
1342,2013-09-04,00:00:00.00,0.0278637,0.46371,1.5574
1343,2013-09-05,00:00:00.00,0.000950753,0.443827,1.3167
1344,2013-09-06,00:00:00.00,0.000542471,0.425409,1.1667
1345,2013-09-07,00:00:00.00,0.00994343,0.408306,1.0902
1346,2013-09-08,00:00:00.00,0.0557217,0.392385,1.0081
1347,2013-09-09,00:00:00.00,0.0595789,0.377535,0.9741
1348,2013-09-10,00:00:00.00,0.0935594,0.363652,0.9231
1349,2013-09-11,00:00:00.00,0,0.350651,0.9146
1350,2013-09-12,00:00:00.00,0.29404,0.338451,0.8722
1351,2013-09-13,00:00:00.00,15.3237,0.420282,0.9968
1352,2013-09-14,00:00:00.00,1.34552,0.587087,1.6707
1353,2013-09-15,00:00:00.00,0.00662671,0.54199,1.5319
1354,2013-09-16,00:00:00.00,0.764148,0.409607,1.4498
1355,2013-09-17,00:00:00.00,0.311489,0.393705,1.2148
1356,2013-09-18,00:00:00.00,0.00371622,0.378833,1.0789
1357,2013-09-19,00:00:00.00,0.00133688,0.364906,0.9854
1358,2013-09-20,00:00:00.00,0.0261889,0.351847,0.9175
1359,2013-09-21,00:00:00.00,6.79483,0.366011,1.0052
1360,2013-09-22,00:00:00.00,25.5781,3.11424,3.5679
1361,2013-09-23,00:00:00.00,0.0284293,8.32244,6.0598
1362,2013-09-24,00:00:00.00,0.0922468,8.06126,3.4547
1363,2013-09-25,00:00:00.00,0.00307526,4.70925,2.1464
1364,2013-09-26,00:00:00.00,0.0496792,3.69881,1.5971
1365,2013-09-27,00:00:00.00,0.077825,3.01809,1.3394
1366,2013-09-28,00:00:00.00,0.00437872,2.53087,1.195
1367,2013-09-29,00:00:00.00,0.0241536,2.1667,1.1015
1368,2013-09-30,00:00:00.00,0.254401,1.88553,1.0364
1369,2013-10-01,00:00:00.00,0.111179,1.66284,1.0166
1370,2013-10-02,00:00:00.00,0.0508039,1.48269,1.0109
1371,2013-10-03,00:00:00.00,0,1.33434,0.9996
1372,2013-10-04,00:00:00.00,1.21153,1.21039,0.9798
1373,2013-10-05,00:00:00.00,5.60573,1.16675,1.0222
1374,2013-10-06,00:00:00.00,5.28365,1.34119,2.4126
1375,2013-10-07,00:00:00.00,33.5342,18.943,4.3325
1376,2013-10-08,00:00:00.00,4.06088,45.3588,84.101
1377,2013-10-09,00:00:00.00,0.00996387,36.7393,25.825
1378,2013-10-10,00:00:00.00,0,14.6306,8.8632
1379,2013-10-11,00:00:00.00,0,8.46659,5.182
1380,2013-10-12,00:00:00.00,0.00266071,5.93475,3.8228
1381,2013-10-13,00:00:00.00,0.00554638,4.50814,3.0865
1382,2013-10-14,00:00:00.00,0.0151126,3.59482,2.6136
1383,2013-10-15,00:00:00.00,0.00725328,2.96323,2.2484
1384,2013-10-16,00:00:00.00,0.408612,2.50334,2.0558
1385,2013-10-17,00:00:00.00,8.78062,3.60396,2.5032
1386,2013-10-18,00:00:00.00,2.28428,5.82284,2.9733
1387,2013-10-19,00:00:00.00,0.0250496,5.59588,2.9166
1388,2013-10-20,00:00:00.00,5.43136,5.28172,2.945
1389,2013-10-21,00:00:00.00,0.0695194,6.29061,3.398
1390,2013-10-22,00:00:00.00,3.53296,6.07274,4.021
1391,2013-10-23,00:00:00.00,0.328005,5.46702,3.6812
1392,2013-10-24,00:00:00.00,0.723539,4.55644,3.4547
1393,2013-10-25,00:00:00.00,0.0730798,3.51481,3.1715
1394,2013-10-26,00:00:00.00,0.0015595,2.9222,2.7581
1395,2013-10-27,00:00:00.00,0.518674,2.48836,2.3503
1396,2013-10-28,00:00:00.00,0.00475004,2.15789,2.1832
1397,2013-10-29,00:00:00.00,0.00859059,1.89729,2.0615
1398,2013-10-30,00:00:00.00,0.00140027,1.68641,1.9595
1399,2013-10-31,00:00:00.00,0.336028,1.51263,1.8802
1400,2013-11-01,00:00:00.00,13.3907,4.0265,2.1238
1401,2013-11-02,00:00:00.00,14.4931,21.0852,27.439
1402,2013-11-03,00:00:00.00,6.46955,41.773,24.0693
1403,2013-11-04,00:00:00.00,0.0843961,35.756,13.139
1404,2013-11-05,00:00:00.00,0.00355936,17.3719,9.3446
1405,2013-11-06,00:00:00.00,0.00640004,9.33558,6.3713
1406,2013-11-07,00:00:00.00,5.92536,9.75778,5.182
1407,2013-11-08,00:00:00.00,2.32011,13.4426,5.8616
1408,2013-11-09,00:00:00.00,0.172459,12.2153,10.0808
1409,2013-11-10,00:00:00.00,0.000314506,8.04977,6.5129
1410,2013-11-11,00:00:00.00,0,5.71978,5.1253
1411,2013-11-12,00:00:00.00,6.96701,7.99854,4.4174
1412,2013-11-13,00:00:00.00,0.970816,11.7748,4.2475
1413,2013-11-14,00:00:00.00,2.6164e-308,9.82221,3.7378
1414,2013-11-15,00:00:00.00,0,6.23765,3.7378
1415,2013-11-16,00:00:00.00,0.000137773,4.79525,3.7378
1416,2013-11-17,00:00:00.00,0.0682527,3.88427,4.1909
1417,2013-11-18,00:00:00.00,15.0031,14.7954,5.2953
1418,2013-11-19,00:00:00.00,0.154743,28.5578,36.2456
1419,2013-11-20,00:00:00.00,2.07407e-308,21.7307,14.8947
1420,2013-11-21,00:00:00.00,0.00548155,10.2143,8.0137
1421,2013-11-22,00:00:00.00,5.38228,10.419,6.1731
1422,2013-11-23,00:00:00.00,2.52265,14.508,6.0315
1423,2013-11-24,00:00:00.00,0.143146,13.4109,6.5978
1424,2013-11-25,00:00:00.00,0.0763483,8.80922,6.0598
1425,2013-11-26,00:00:00.00,0.446744,6.15233,5.3236
1426,2013-11-27,00:00:00.00,1.47688,4.80845,4.8705
1427,2013-11-28,00:00:00.00,0.710386,3.95017,4.4741
1428,2013-11-29,00:00:00.00,0.230536,3.35187,3.9077
1429,2013-11-30,00:00:00.00,0.139472,2.90875,3.5679
1430,2013-12-01,00:00:00.00,0.0691081,2.5656,3.0582
1431,2013-12-02,00:00:00.00,0.00801636,2.28982,2.7467
1432,2013-12-03,00:00:00.00,0.0615338,2.71744,2.5457
1433,2013-12-04,00:00:00.00,0.170347,3.53483,2.3871
1434,2013-12-05,00:00:00.00,0.0701828,3.25633,2.3616
1435,2013-12-06,00:00:00.00,1.27514,2.62741,2.3078
1436,2013-12-07,00:00:00.00,2.29949,2.45935,2.3078
1437,2013-12-08,00:00:00.00,0.0927404,2.22693,2.2767
1438,2013-12-09,00:00:00.00,0.937587,1.97643,1.8208
1439,2013-12-10,00:00:00.00,0.265449,1.79052,1.5518
1440,2013-12-11,00:00:00.00,0.174501,1.63465,1.5631
1441,2013-12-12,00:00:00.00,0.584303,1.50261,1.9624
1442,2013-12-13,00:00:00.00,0.0064911,1.38984,1.6594
1443,2013-12-14,00:00:00.00,0.0310703,1.29244,1.4385
1444,2013-12-15,00:00:00.00,11.5126,1.73407,1.3904
1445,2013-12-16,00:00:00.00,0.531668,2.5286,1.2686
1446,2013-12-17,00:00:00.00,0.939416,2.37718,1.2459
1447,2013-12-18,00:00:00.00,2.04648,1.82667,1.2063
1448,2013-12-19,00:00:00.00,0.183635,1.65857,1.2205
1449,2013-12-20,00:00:00.00,2.07212,1.65789,1.9454
1450,2013-12-21,00:00:00.00,4.89387,18.7582,4.2475
1451,2013-12-22,00:00:00.00,54.5133,193.945,63.1466
1452,2013-12-23,00:00:00.00,10.3577,299.061,404.931
1453,2013-12-24,00:00:00.00,0.380985,147.453,153.477
1454,2013-12-25,00:00:00.00,0.4433,32.5558,41.6258
1455,2013-12-26,00:00:00.00,0.286713,13.1595,23.6729
1456,2013-12-27,00:00:00.00,0.711836,8.7389,17.3582
1457,2013-12-28,00:00:00.00,0.0607788,6.61084,14.0735
1458,2013-12-29,00:00:00.00,0.00528704,5.34268,12.4594
1459,2013-12-30,00:00:00.00,0.898564,5.89154,12.2329
1460,2013-12-31,00:00:00.00,0.367632,7.15697,11.6665
1461,2014-01-01,00:00:00.00,1.80233,6.26403,9.6844
1462,2014-01-02,00:00:00.00,4.88718,4.7304,8.2685
1463,2014-01-03,00:00:00.00,6.53518,4.00723,6.8244
1464,2014-01-04,00:00:00.00,0.14088,3.48743,5.4935
1465,2014-01-05,00:00:00.00,0.000142972,3.09657,5.4652
1466,2014-01-06,00:00:00.00,20.3669,8.25472,5.8333
1467,2014-01-07,00:00:00.00,3.85781,15.6786,6.3996
1468,2014-01-08,00:00:00.00,0.0236566,13.4343,5.8333
1469,2014-01-09,00:00:00.00,0.417264,7.8489,5.4085
1470,2014-01-10,00:00:00.00,1.12643,5.8966,5.0687
1471,2014-01-11,00:00:00.00,3.54151,6.09739,6.5412
1472,2014-01-12,00:00:00.00,9.11679,103.825,34.8297
1473,2014-01-13,00:00:00.00,0.0479283,168.345,148.947
1474,2014-01-14,00:00:00.00,1.12034,79.0516,55.7842
1475,2014-01-15,00:00:00.00,0.231263,17.0856,31.4317
1476,2014-01-16,00:00:00.00,0.409201,10.1966,19.3687
1477,2014-01-17,00:00:00.00,2.17112,7.29794,12.1196
1478,2014-01-18,00:00:00.00,2.9936,5.7223,8.3535
1479,2014-01-19,00:00:00.00,0.558126,4.7341,5.8333
1480,2014-01-20,00:00:00.00,0.2466,4.05598,4.5024
1481,2014-01-21,00:00:00.00,0.256728,3.55341,3.6812
1482,2014-01-22,00:00:00.00,0.710197,3.16157,3.0865
1483,2014-01-23,00:00:00.00,0.849907,2.85583,2.642
1484,2014-01-24,00:00:00.00,0.77463,2.61341,2.3984
1485,2014-01-25,00:00:00.00,0.271341,2.41368,2.1266
1486,2014-01-26,00:00:00.00,7.05779,2.24272,1.9539
1487,2014-01-27,00:00:00.00,3.70529,2.08969,1.8548
1488,2014-01-28,00:00:00.00,2.80098,1.95321,1.7726
1489,2014-01-29,00:00:00.00,0.00626699,1.83602,1.6735
1490,2014-01-30,00:00:00.00,0.00160027,1.73685,1.6367
1491,2014-01-31,00:00:00.00,0.0275439,1.64891,1.5999
1492,2014-02-01,00:00:00.00,0.363779,1.56337,1.9199
1493,2014-02-02,00:00:00.00,9.04585,3.3266,3.2281
1494,2014-02-03,00:00:00.00,2.21674,6.25112,11.9214
1495,2014-02-04,00:00:00.00,0.0126943,5.89327,32.2812
1496,2014-02-05,00:00:00.00,3.06702,4.03885,19.1422
1497,2014-02-06,00:00:00.00,12.248,3.39009,14.1584
1498,2014-02-07,00:00:00.00,0.340835,2.91806,11.4117
1499,2014-02-08,00:00:00.00,0.0638771,2.56241,9.8826
1500,2014-02-09,00:00:00.00,1.28541,2.28684,8.3535
1501,2014-02-10,00:00:00.00,2.83473,2.06545,7.504
1502,2014-02-11,00:00:00.00,0.12656,1.88204,6.8244
1503,2014-02-12,00:00:00.00,0.213659,1.72809,6.2014
1504,2014-02-13,00:00:00.00,0.25213,1.597,5.6917
1505,2014-02-14,00:00:00.00,0.0179133,1.48278,5.097
1506,2014-02-15,00:00:00.00,0.379271,1.38135,4.5873
1507,2014-02-16,00:00:00.00,0.351906,1.29063,4.3608
1508,2014-02-17,00:00:00.00,1.58485,1.20933,4.021
1509,2014-02-18,00:00:00.00,9.57158,1.13602,3.6246
1510,2014-02-19,00:00:00.00,3.79886,1.19935,3.5113
1511,2014-02-20,00:00:00.00,0.0500445,1.36007,5.2953
1512,2014-02-21,00:00:00.00,6.13398,40.316,12.7143
1513,2014-02-22,00:00:00.00,3.646,145.351,79.004
1514,2014-02-23,00:00:00.00,0.832575,175.786,210.394
1515,2014-02-24,00:00:00.00,0.538814,92.8036,118.648
1516,2014-02-25,00:00:00.00,0.000668461,30.6031,72.7743
1517,2014-02-26,00:00:00.00,0.177747,12.7095,47.5723
1518,2014-02-27,00:00:00.00,0.214537,8.41048,32.2812
1519,2014-02-28,00:00:00.00,0.302302,6.33392,21.8889
1520,2014-03-01,00:00:00.00,0.0142789,5.1089,15.9141
1521,2014-03-02,00:00:00.00,1.38647,4.29509,12.9691
1522,2014-03-03,00:00:00.00,3.3823,3.71006,10.3356
1523,2014-03-04,00:00:00.00,0.0385943,3.27086,8.8065
1524,2014-03-05,00:00:00.00,0.0044979,2.93184,7.8438
1525,2014-03-06,00:00:00.00,0.115163,2.65578,6.7677
1526,2014-03-07,00:00:00.00,0.0198557,2.41881,6.1731
1527,2014-03-08,00:00:00.00,0.00372091,2.20869,5.8333
1528,2014-03-09,00:00:00.00,1.84897,2.33835,9.656
1529,2014-03-10,00:00:00.00,0.0841191,2.66124,16.537
1530,2014-03-11,00:00:00.00,0.233534,2.45816,33.4139
1531,2014-03-12,00:00:00.00,0.0639661,5.94364,56.0674
1532,2014-03-13,00:00:00.00,27.0464,11.9697,56.3505
1533,2014-03-14,00:00:00.00,0.0407925,11.015,33.9802
1534,2014-03-15,00:00:00.00,0.121514,6.75388,30.8654
1535,2014-03-16,00:00:00.00,0.100523,6.80122,80.703
1536,2014-03-17,00:00:00.00,0.0332559,8.01681,31.1485
1537,2014-03-18,00:00:00.00,0.000687235,6.71898,14.4699
1538,2014-03-19,00:00:00.00,6.3362e-308,4.75637,12.0913
1539,2014-03-20,00:00:00.00,4.17131,34.5387,12.2046
1540,2014-03-21,00:00:00.00,0.412175,63.1775,17.6414
1541,2014-03-22,00:00:00.00,0.214902,39.0734,14.2717
1542,2014-03-23,00:00:00.00,0.0954001,13.1694,12.3745
1543,2014-03-24,00:00:00.00,0.0939766,8.18157,10.9303
1544,2014-03-25,00:00:00.00,0.109234,5.88434,9.203
1545,2014-03-26,00:00:00.00,0.475963,4.56249,8.8915
1546,2014-03-27,00:00:00.00,0.0593848,3.70261,8.4667
1547,2014-03-28,00:00:00.00,0.150692,3.09686,7.5323
1548,2014-03-29,00:00:00.00,0.493501,2.64504,8.2968
1549,2014-03-30,00:00:00.00,8.45595,4.46777,9.3729
1550,2014-03-31,00:00:00.00,0.0580126,7.4542,9.2313
1551,2014-04-01,00:00:00.00,0.000163969,6.70721,12.0913
1552,2014-04-02,00:00:00.00,0.0289269,4.45871,11.2701
1553,2014-04-03,00:00:00.00,0.0124804,3.56323,9.4861
1554,2014-04-04,00:00:00.00,25.5159,22.769,27.2408
1555,2014-04-05,00:00:00.00,6.41452,52.1449,135.921
1556,2014-04-06,00:00:00.00,0.163927,42.5981,50.6872
1557,2014-04-07,00:00:00.00,0,17.2265,22.1721
1558,2014-04-08,00:00:00.00,15.0529,25.3675,14.385
1559,2014-04-09,00:00:00.00,6.61964,46.3906,91.4634
1560,2014-04-10,00:00:00.00,0.00586704,38.533,39.0772
1561,2014-04-11,00:00:00.00,5.77212,21.0916,15.9707
1562,2014-04-12,00:00:00.00,6.31288,21.001,12.1196
1563,2014-04-13,00:00:00.00,0.0237978,20.0429,15.2911
1564,2014-04-14,00:00:00.00,0.0170091,12.7061,10.4206
1565,2014-04-15,00:00:00.00,9.0963,11.9651,11.7515
1566,2014-04-16,00:00:00.00,16.2288,18.4568,68.8099
1567,2014-04-17,00:00:00.00,0.00526179,18.1926,45.307
1568,2014-04-18,00:00:00.00,5.605e-308,21.268,19.7368
1569,2014-04-19,00:00:00.00,0.00752776,26.5345,12.063
1570,2014-04-20,00:00:00.00,0.00377353,18.0455,8.7499
1571,2014-04-21,00:00:00.00,0.000212575,9.17526,7.1358
1572,2014-04-22,00:00:00.00,0.0642907,6.24541,6.343
1573,2014-04-23,00:00:00.00,0.874408,4.65566,5.9749
1574,2014-04-24,00:00:00.00,0.0108844,3.66717,5.4652
1575,2014-04-25,00:00:00.00,0.0387796,2.99793,5.0121
1576,2014-04-26,00:00:00.00,5.81106,2.91948,5.0121
1577,2014-04-27,00:00:00.00,0.0368162,3.17284,5.2386
1578,2014-04-28,00:00:00.00,4.6963e-308,2.83144,4.9554
1579,2014-04-29,00:00:00.00,9.75727,3.34569,4.7855
1580,2014-04-30,00:00:00.00,27.6007,28.0041,13.224
1581,2014-05-01,00:00:00.00,5.04592,54.279,92.8793
1582,2014-05-02,00:00:00.00,0.0164541,37.9268,48.705
1583,2014-05-03,00:00:00.00,0.0596908,14.5743,19.0572
1584,2014-05-04,00:00:00.00,0.614886,8.44104,10.5905
1585,2014-05-05,00:00:00.00,1.13418,5.89851,7.8721
1586,2014-05-06,00:00:00.00,0.00208878,4.47168,6.3147
1587,2014-05-07,00:00:00.00,0.0128116,3.55847,5.6067
1588,2014-05-08,00:00:00.00,4.82584,3.10837,5.805
1589,2014-05-09,00:00:00.00,0.187473,2.91934,13.0824
1590,2014-05-10,00:00:00.00,0.81517,2.55866,6.8244
1591,2014-05-11,00:00:00.00,0.397452,2.14982,5.9749
1592,2014-05-12,00:00:00.00,0.226807,1.8719,5.3802
1593,2014-05-13,00:00:00.00,14.9678,2.81138,5.4085
1594,2014-05-14,00:00:00.00,2.08678,4.46938,6.343
1595,2014-05-15,00:00:00.00,27.2541,20.9136,8.7782
1596,2014-05-16,00:00:00.00,13.6578,58.8858,67.9604
1597,2014-05-17,00:00:00.00,0.162232,59.0245,63.9961
1598,2014-05-18,00:00:00.00,1.88767,25.4101,19.2555
1599,2014-05-19,00:00:00.00,0.00269984,11.1267,10.7038
1600,2014-05-20,00:00:00.00,0.029496,7.21728,7.3341
1601,2014-05-21,00:00:00.00,0.48628,5.23766,5.9749
1602,2014-05-22,00:00:00.00,1.7603,4.04861,6.1448
1603,2014-05-23,00:00:00.00,1.79615,3.26464,47.8555
1604,2014-05-24,00:00:00.00,0.00576913,2.71285,13.5355
1605,2014-05-25,00:00:00.00,0.00292587,2.30466,6.9659
1606,2014-05-26,00:00:00.00,7.2404e-308,1.99215,5.3236
1607,2014-05-27,00:00:00.00,0.000208713,1.74678,4.5873
1608,2014-05-28,00:00:00.00,7.13578,1.6213,4.1343
1609,2014-05-29,00:00:00.00,7.70653,1.80956,6.1448
1610,2014-05-30,00:00:00.00,0.148351,1.99158,5.1537
1611,2014-05-31,00:00:00.00,0,1.76575,3.936
1612,2014-06-01,00:00:00.00,0,1.48179,3.4263
1613,2014-06-02,00:00:00.00,0.000226597,1.33325,3.1432
1614,2014-06-03,00:00:00.00,3.40147,1.20921,3.0299
1615,2014-06-04,00:00:00.00,1.24791,1.10431,3.0865
1616,2014-06-05,00:00:00.00,23.1072,2.5701,3.3414
1617,2014-06-06,00:00:00.00,0.0827538,5.13416,8.9764
1618,2014-06-07,00:00:00.00,0,4.83049,6.9093
1619,2014-06-08,00:00:00.00,0.239622,3.1659,4.1626
1620,2014-06-09,00:00:00.00,22.8184,8.35766,10.7321
1621,2014-06-10,00:00:00.00,0.0030015,15.9085,30.299
1622,2014-06-11,00:00:00.00,0.124834,13.2728,8.6366
1623,2014-06-12,00:00:00.00,3.19375,7.25286,5.3802
1624,2014-06-13,00:00:00.00,0.110607,5.17703,6.0881
1625,2014-06-14,00:00:00.00,1.31843,3.97236,5.2386
1626,2014-06-15,00:00:00.00,0.00370909,3.19107,4.0776
1627,2014-06-16,00:00:00.00,0.000186263,2.64708,3.2281
1628,2014-06-17,00:00:00.00,1.31597,2.24876,3.4263
1629,2014-06-18,00:00:00.00,0.0601487,1.946,3.9927
1630,2014-06-19,00:00:00.00,16.0633,2.35279,2.945
1631,2014-06-20,00:00:00.00,39.1397,37.414,56.0674
1632,2014-06-21,00:00:00.00,9.87723,82.8728,38.2277
1633,2014-06-22,00:00:00.00,0.321504,61.8171,44.4574
1634,2014-06-23,00:00:00.00,0.0886318,21.1465,15.0079
1635,2014-06-24,00:00:00.00,17.2628,23.4229,9.203
1636,2014-06-25,00:00:00.00,24.8149,78.3424,39.6436
1637,2014-06-26,00:00:00.00,3.46156,94.4548,185.758
1638,2014-06-27,00:00:00.00,0.00808672,41.894,72.208
1639,2014-06-28,00:00:00.00,7.0156e-308,13.4485,19.3687
1640,2014-06-29,00:00:00.00,0.0335434,8.13028,9.0331
1641,2014-06-30,00:00:00.00,7.37106,6.64857,6.4279
1642,2014-07-01,00:00:00.00,0.0060208,6.48111,8.5517
1643,2014-07-02,00:00:00.00,1.01554,5.27365,4.8988
1644,2014-07-03,00:00:00.00,0.688307,3.88811,3.5113
1645,2014-07-04,00:00:00.00,0.176031,3.1369,2.8317
1646,2014-07-05,00:00:00.00,0.00371682,2.6093,2.4975
1647,2014-07-06,00:00:00.00,0,2.22094,2.1974
1648,2014-07-07,00:00:00.00,0.0032689,1.92466,1.9822
1649,2014-07-08,00:00:00.00,0.12121,1.69211,1.8916
1650,2014-07-09,00:00:00.00,13.5744,1.85747,20.105
1651,2014-07-10,00:00:00.00,5.25142,2.39598,21.6624
1652,2014-07-11,00:00:00.00,0.0657335,2.34207,7.2491
1653,2014-07-12,00:00:00.00,6.45718e-308,1.87672,3.5396
1654,2014-07-13,00:00:00.00,0.00855686,1.63833,2.5259
1655,2014-07-14,00:00:00.00,0.399475,1.46188,2.3191
1656,2014-07-15,00:00:00.00,1.00622,1.31655,2.1124
1657,2014-07-16,00:00:00.00,0.443584,1.19509,1.9086
1658,2014-07-17,00:00:00.00,0.0658734,1.09224,1.7188
1659,2014-07-18,00:00:00.00,0.143947,1.00416,1.6141
1660,2014-07-19,00:00:00.00,0.0202811,0.927991,1.5461
1661,2014-07-20,00:00:00.00,11.9351,0.94427,1.767
1662,2014-07-21,00:00:00.00,0.174718,1.04312,1.7415
1663,2014-07-22,00:00:00.00,0,0.987691,1.7698
1664,2014-07-23,00:00:00.00,0.00477646,0.85454,1.5631
1665,2014-07-24,00:00:00.00,11.2919,0.928726,1.9822
1666,2014-07-25,00:00:00.00,0.0101128,1.11659,1.7471
1667,2014-07-26,00:00:00.00,0.505163,1.0513,1.6226
1668,2014-07-27,00:00:00.00,2.88668,0.87132,1.481
1669,2014-07-28,00:00:00.00,0.518556,0.811866,1.6282
1670,2014-07-29,00:00:00.00,0.729572,0.759222,1.8717
1671,2014-07-30,00:00:00.00,0.0165228,0.712332,1.5518
1672,2014-07-31,00:00:00.00,2.71572,0.670344,1.4243
1673,2014-08-01,00:00:00.00,0.149624,0.63256,1.4215
1674,2014-08-02,00:00:00.00,0.756154,0.598399,1.362
1675,2014-08-03,00:00:00.00,4.76495,0.569728,1.9992
1676,2014-08-04,00:00:00.00,0.265399,0.544721,2.087
1677,2014-08-05,00:00:00.00,0.112745,0.51951,2.1039
1678,2014-08-06,00:00:00.00,0.40915,0.495268,1.6509
1679,2014-08-07,00:00:00.00,1.16051,0.472964,1.4668
1680,2014-08-08,00:00:00.00,0.000201976,0.452383,1.3422
1681,2014-08-09,00:00:00.00,0.000338777,0.433341,1.2941
1682,2014-08-10,00:00:00.00,0.000181826,0.415676,1.2346
1683,2014-08-11,00:00:00.00,0.00223144,0.39925,1.1921
1684,2014-08-12,00:00:00.00,19.4022,0.631081,1.2431
1685,2014-08-13,00:00:00.00,7.3139,1.31137,1.4866
1686,2014-08-14,00:00:00.00,0.60677,1.60807,1.5234
1687,2014-08-15,00:00:00.00,0.0575666,1.2253,1.6169
1688,2014-08-16,00:00:00.00,0.0592626,0.950038,1.3819
1689,2014-08-17,00:00:00.00,0.0211733,0.881678,1.2403
1690,2014-08-18,00:00:00.00,0.880248,0.821271,1.2403
1691,2014-08-19,00:00:00.00,0.00558979,0.767696,1.1978
1692,2014-08-20,00:00:00.00,2.37878,0.719963,1.1497
1693,2014-08-21,00:00:00.00,7.70619,0.731481,1.1865
1694,2014-08-22,00:00:00.00,0.162582,0.802926,1.3139
1695,2014-08-23,00:00:00.00,0.0216031,0.766794,1.3309
1696,2014-08-24,00:00:00.00,0.0190245,0.673257,1.1723
1697,2014-08-25,00:00:00.00,0.0129386,0.635215,1.0704
1698,2014-08-26,00:00:00.00,0.000920932,0.600816,1.0307
1699,2014-08-27,00:00:00.00,0.0891672,0.569587,1.0194
1700,2014-08-28,00:00:00.00,0.0284087,0.541127,1.0336
1701,2014-08-29,00:00:00.00,0.000602574,0.515098,1.0364
1702,2014-08-30,00:00:00.00,0.0368302,0.491213,0.9854
1703,2014-08-31,00:00:00.00,0.0162942,0.469226,0.9486
1704,2014-09-01,00:00:00.00,0.471234,0.448929,0.9118
1705,2014-09-02,00:00:00.00,0.369432,0.430139,0.892
1706,2014-09-03,00:00:00.00,1.00405,0.412702,0.9146
1707,2014-09-04,00:00:00.00,0.0271574,0.396481,0.9741
1708,2014-09-05,00:00:00.00,0.0200425,0.381358,0.943
1709,2014-09-06,00:00:00.00,5.41876,0.367787,0.9146
1710,2014-09-07,00:00:00.00,9.4178,0.381583,2.087
1711,2014-09-08,00:00:00.00,0.108858,0.42555,1.1921
1712,2014-09-09,00:00:00.00,0.00800209,0.40928,1.0449
1713,2014-09-10,00:00:00.00,0.00396671,0.362446,0.9798
1714,2014-09-11,00:00:00.00,13.116,0.539426,1.6622
1715,2014-09-12,00:00:00.00,17.518,2.77457,6.2297
1716,2014-09-13,00:00:00.00,0.554276,6.12515,3.3414
1717,2014-09-14,00:00:00.00,0.37519,5.65955,1.4753
1718,2014-09-15,00:00:00.00,0.0267318,3.52913,1.1072
1719,2014-09-16,00:00:00.00,7.57424,3.97734,0.909
1720,2014-09-17,00:00:00.00,0.672987,5.08031,0.9713
1721,2014-09-18,00:00:00.00,0.0229878,4.47989,0.8863
1722,2014-09-19,00:00:00.00,0.021519,3.2679,0.8269
1723,2014-09-20,00:00:00.00,0.0486129,2.71216,0.7702
1724,2014-09-21,00:00:00.00,0.916145,2.30366,0.7221
1725,2014-09-22,00:00:00.00,5.83215,2.28311,0.9316
1726,2014-09-23,00:00:00.00,1.15221,2.50501,0.8099
1727,2014-09-24,00:00:00.00,0.000416253,2.27667,0.7391
1728,2014-09-25,00:00:00.00,0,1.86109,0.7051
1729,2014-09-26,00:00:00.00,0,1.64419,0.6371
1730,2014-09-27,00:00:00.00,0,1.46794,0.6626
1731,2014-09-28,00:00:00.00,0,1.32237,0.6598
1732,2014-09-29,00:00:00.00,0,1.20044,0.6513
1733,2014-09-30,00:00:00.00,0.745311,1.09707,0.6513
1734,2014-10-01,00:00:00.00,10.708,1.36138,0.8778
1735,2014-10-02,00:00:00.00,0.0423591,1.88417,0.7815
1736,2014-10-03,00:00:00.00,0,1.75588,0.7136
1737,2014-10-04,00:00:00.00,7.083,1.66141,0.8835
1738,2014-10-05,00:00:00.00,1.49533,2.05761,0.9769
1739,2014-10-06,00:00:00.00,0.0725297,1.90921,0.7985
1740,2014-10-07,00:00:00.00,1.60746,1.52596,0.7504
1741,2014-10-08,00:00:00.00,4.0945,1.52867,0.7617
1742,2014-10-09,00:00:00.00,0.377225,1.67022,0.79
1743,2014-10-10,00:00:00.00,0.129684,1.55307,0.7646
1744,2014-10-11,00:00:00.00,0.0124616,1.31614,0.7617
1745,2014-10-12,00:00:00.00,0.00624752,1.19723,0.7362
1746,2014-10-13,00:00:00.00,0.000478607,1.09577,0.7192
1747,2014-10-14,00:00:00.00,1.69121,1.00844,0.7306
1748,2014-10-15,00:00:00.00,11.3392,1.64307,0.7136
1749,2014-10-16,00:00:00.00,2.7428,2.93346,0.9514
1750,2014-10-17,00:00:00.00,4.40081,3.4392,1.1298
1751,2014-10-18,00:00:00.00,0.316534,3.32217,1.5291
1752,2014-10-19,00:00:00.00,0.746899,2.89211,1.0222
1753,2014-10-20,00:00:00.00,0.00155133,2.30127,0.9656
1754,2014-10-21,00:00:00.00,3.72331,2.29291,0.9118
1755,2014-10-22,00:00:00.00,4.09287,3.07548,0.9288
1756,2014-10-23,00:00:00.00,0.730921,3.61025,0.9826
1757,2014-10-24,00:00:00.00,0.0266744,3.05694,0.943
1758,2014-10-25,00:00:00.00,0.000314439,2.41,0.8891
1759,2014-10-26,00:00:00.00,0.00171074,2.08685,0.8608
1760,2014-10-27,00:00:00.00,0.0004884,1.832,0.8467
1761,2014-10-28,00:00:00.00,0.00161627,1.62649,0.8184
1762,2014-10-29,00:00:00.00,2.77532,1.52147,0.824
1763,2014-10-30,00:00:00.00,0.00147634,1.49122,0.8637
1764,2014-10-31,00:00:00.00,0.00323783,1.38077,0.841
1765,2014-11-01,00:00:00.00,7.16738,1.85436,0.8637
1766,2014-11-02,00:00:00.00,8.80276,4.75162,3.8794
1767,2014-11-03,00:00:00.00,0.08941,7.39486,2.6193
1768,2014-11-04,00:00:00.00,0.0123758,6.18243,1.8123
1769,2014-11-05,00:00:00.00,2.66344,4.52041,1.9171
1770,2014-11-06,00:00:00.00,0.0676504,4.20445,2.3871
1771,2014-11-07,00:00:00.00,10.9023,8.09756,2.3333
1772,2014-11-08,00:00:00.00,0.799324,13.4872,3.1998
1773,2014-11-09,00:00:00.00,0.124662,11.2958,2.5513
1774,2014-11-10,00:00:00.00,0.0116993,6.70294,2.019
1775,2014-11-11,00:00:00.00,0.000310765,4.98424,1.7783
1776,2014-11-12,00:00:00.00,1.00462,3.93732,1.5942
1777,2014-11-13,00:00:00.00,0.0554062,3.23781,1.4498
1778,2014-11-14,00:00:00.00,0.360861,2.73838,1.3309
1779,2014-11-15,00:00:00.00,0.0167253,2.36461,1.195
1780,2014-11-16,00:00:00.00,0.00289577,2.07504,1.0364
1781,2014-11-17,00:00:00.00,2.76143,1.87913,0.9543
1782,2014-11-18,00:00:00.00,3.29323,1.73682,0.9656
1783,2014-11-19,00:00:00.00,0.138339,1.58558,0.8184
1784,2014-11-20,00:00:00.00,0.199438,1.4434,0.8184
1785,2014-11-21,00:00:00.00,0.075166,1.32298,0.7759
1786,2014-11-22,00:00:00.00,0.0664322,1.21968,0.7277
1787,2014-11-23,00:00:00.00,3.52584,1.28882,0.7079
1788,2014-11-24,00:00:00.00,6.21418,6.20572,1.0534
1789,2014-11-25,00:00:00.00,5.66289,18.3822,3.5679
1790,2014-11-26,00:00:00.00,0.156809,21.105,6.8244
1791,2014-11-27,00:00:00.00,0.0140551,12.7039,3.0582
1792,2014-11-28,00:00:00.00,0.651088,7.63639,2.1209
1793,2014-11-29,00:00:00.00,0.174253,5.58166,1.7245
1794,2014-11-30,00:00:00.00,0.0402306,4.38032,1.5489
1795,2014-12-01,00:00:00.00,1.94359,4.04104,1.4611
1796,2014-12-02,00:00:00.00,1.37823,4.14378,1.6254
1797,2014-12-03,00:00:00.00,0.458029,3.65916,1.498
1798,2014-12-04,00:00:00.00,0.0433456,2.97827,1.4272
1799,2014-12-05,00:00:00.00,0.0300419,2.58709,1.362
1800,2014-12-06,00:00:00.00,3.06705,2.79486,1.3677
1801,2014-12-07,00:00:00.00,10.4003,11.9509,14.3566
1802,2014-12-08,00:00:00.00,0,22.6843,17.1883
1803,2014-12-09,00:00:00.00,0.204828,17.7794,5.4935
1804,2014-12-10,00:00:00.00,1.0614,9.26816,3.2564
1805,2014-12-11,00:00:00.00,0.615729,6.69546,2.4268
1806,2014-12-12,00:00:00.00,0.00945547,5.16685,1.9567
1807,2014-12-13,00:00:00.00,0.000289006,4.15918,1.7358
1808,2014-12-14,00:00:00.00,0.0416646,3.47373,1.665
1809,2014-12-15,00:00:00.00,0.0541254,2.97652,1.5291
1810,2014-12-16,00:00:00.00,0.371142,2.60001,1.4838
1811,2014-12-17,00:00:00.00,5.80444,4.35337,1.6169
1812,2014-12-18,00:00:00.00,0.101154,7.20186,2.002
1813,2014-12-19,00:00:00.00,0.186593,6.54048,2.4636
1814,2014-12-20,00:00:00.00,0.0854178,4.46592,2.1832
1815,2014-12-21,00:00:00.00,0.0396387,3.65408,1.9425
1816,2014-12-22,00:00:00.00,0.00913964,3.08459,1.7726
1817,2014-12-23,00:00:00.00,3.43863e-308,2.6623,1.6962
1818,2014-12-24,00:00:00.00,0.438169,2.33722,1.6537
1819,2014-12-25,00:00:00.00,4.42439,3.18466,1.5574
1820,2014-12-26,00:00:00.00,0.431172,4.6751,4.3608
1821,2014-12-27,00:00:00.00,0,4.29705,4.1626
1822,2014-12-28,00:00:00.00,2.76994,3.84862,2.5825
1823,2014-12-29,00:00:00.00,1.07847,4.49783,2.4579
1824,2014-12-30,00:00:00.00,0.0541665,4.10866,3.2281
1825,2014-12-31,00:00:00.00,0.162076,3.23376,2.5202
