time,date,hour,precip [mm/day],raven-weighted [m3/s],raven-weighted (observed) [m3/s]
0,2010-01-01,00:00:00.00,---,0,
1,2010-01-02,00:00:00.00,0.771082,0,20.7846
2,2010-01-03,00:00:00.00,2.06913,0,16.0557
3,2010-01-04,00:00:00.00,4.0375,0,14.3283
4,2010-01-05,00:00:00.00,3.28672,0,14.1867
5,2010-01-06,00:00:00.00,4.14231,0,17.4715
6,2010-01-07,00:00:00.00,2.33622,7.15952e-07,17.4715
7,2010-01-08,00:00:00.00,1.82674,1.02555e-05,16.622
8,2010-01-09,00:00:00.00,2.75248,1.88766e-05,16.4521
9,2010-01-10,00:00:00.00,0.411373,1.65333e-05,16.622
10,2010-01-11,00:00:00.00,0.202635,1.24061e-05,16.2822
11,2010-01-12,00:00:00.00,1.42581,8.84274e-06,25.9099
12,2010-01-13,00:00:00.00,0.604888,6.16443e-06,21.0677
13,2010-01-14,00:00:00.00,0.0887568,4.21861e-06,17.9812
14,2010-01-15,00:00:00.00,0.0141756,2.9307e-06,17.1034
15,2010-01-16,00:00:00.00,0.11008,0.000281536,21.8889
16,2010-01-17,00:00:00.00,0.0344756,0.0745878,28.2036
17,2010-01-18,00:00:00.00,0.300653,0.33358,34.2634
18,2010-01-19,00:00:00.00,0.0283781,1.09174,32.8475
19,2010-01-20,00:00:00.00,0.224977,1.60518,29.4495
20,2010-01-21,00:00:00.00,0.176462,1.34414,27.7788
21,2010-01-22,00:00:00.00,0.0017276,0.990377,23.8994
22,2010-01-23,00:00:00.00,1.55862,0.879593,21.8323
23,2010-01-24,00:00:00.00,0.0132873,0.855694,25.8816
24,2010-01-25,00:00:00.00,14.295,2.93893,42.4753
25,2010-01-26,00:00:00.00,16.1894,7.55967,147.814
26,2010-01-27,00:00:00.00,5.09775,9.76292,240.127
27,2010-01-28,00:00:00.00,1.34,8.48126,133.939
28,2010-01-29,00:00:00.00,2.15213,6.51808,88.3486
29,2010-01-30,00:00:00.00,0.246795,4.8278,66.8278
30,2010-01-31,00:00:00.00,0.0963642,3.56286,43.0416
31,2010-02-01,00:00:00.00,0.117839,2.67861,19.5103
32,2010-02-02,00:00:00.00,0.0823507,2.07805,16.8202
33,2010-02-03,00:00:00.00,0.281736,1.67676,16.4804
34,2010-02-04,00:00:00.00,1.41338,1.50683,15.8574
35,2010-02-05,00:00:00.00,0.0510251,1.39474,12.0063
36,2010-02-06,00:00:00.00,0.875438,1.32725,11.7232
37,2010-02-07,00:00:00.00,1.18955,1.27674,11.4683
38,2010-02-08,00:00:00.00,0.228454,1.13606,11.2418
39,2010-02-09,00:00:00.00,0.00957415,1.04415,10.5339
40,2010-02-10,00:00:00.00,5.91159,1.0222,10.817
41,2010-02-11,00:00:00.00,10.6518,1.00265,11.0436
42,2010-02-12,00:00:00.00,2.48713,0.944514,12.1196
43,2010-02-13,00:00:00.00,0.398325,0.903095,13.2523
44,2010-02-14,00:00:00.00,0.892183,0.872442,13.8469
45,2010-02-15,00:00:00.00,0.911668,0.848157,13.8753
46,2010-02-16,00:00:00.00,1.4624,0.827135,13.8753
47,2010-02-17,00:00:00.00,4.59589,0.80845,13.7337
48,2010-02-18,00:00:00.00,0.804677,0.814063,13.8753
49,2010-02-19,00:00:00.00,0.441293,0.843912,15.0646
50,2010-02-20,00:00:00.00,0.08078,0.837523,15.3477
51,2010-02-21,00:00:00.00,0.000859044,0.795763,18.5475
52,2010-02-22,00:00:00.00,0.0174956,0.76116,20.8129
53,2010-02-23,00:00:00.00,7.05971,2.88492,20.4448
54,2010-02-24,00:00:00.00,0.506998,6.09816,30.0159
55,2010-02-25,00:00:00.00,1.18688,6.3349,41.6258
56,2010-02-26,00:00:00.00,2.57639,4.75859,54.6515
57,2010-02-27,00:00:00.00,8.14574,3.5179,50.404
58,2010-02-28,00:00:00.00,5.86235,3.48764,46.7228
59,2010-03-01,00:00:00.00,2.58818,3.9452,44.1743
60,2010-03-02,00:00:00.00,0.331832,3.75169,41.9089
61,2010-03-03,00:00:00.00,0.0788518,3.16552,37.3782
62,2010-03-04,00:00:00.00,0.0831694,2.47731,36.2456
63,2010-03-05,00:00:00.00,0.0173282,2.00755,34.5466
64,2010-03-06,00:00:00.00,0.00233638,1.69462,33.1307
65,2010-03-07,00:00:00.00,0.00463231,1.48792,31.1485
66,2010-03-08,00:00:00.00,0.00111182,1.34939,30.5822
67,2010-03-09,00:00:00.00,0,2.30742,31.7149
68,2010-03-10,00:00:00.00,0.0118253,5.83661,46.1565
69,2010-03-11,00:00:00.00,0.230796,13.8355,86.3664
70,2010-03-12,00:00:00.00,0.0638591,25.2698,173.016
71,2010-03-13,00:00:00.00,1.51629,28.3379,271.842
72,2010-03-14,00:00:00.00,12.2953,34.684,246.923
73,2010-03-15,00:00:00.00,4.32361,42.0374,220.022
74,2010-03-16,00:00:00.00,0.297596,35.2646,159.141
75,2010-03-17,00:00:00.00,0.00199445,25.7882,106.188
76,2010-03-18,00:00:00.00,0,18.032,80.703
77,2010-03-19,00:00:00.00,1.1453e-308,12.7359,60.0317
78,2010-03-20,00:00:00.00,0.000128465,9.23842,35.9624
79,2010-03-21,00:00:00.00,0.123008,7.13399,21.5774
80,2010-03-22,00:00:00.00,0.200532,6.00542,15.999
81,2010-03-23,00:00:00.00,16.0018,21.4569,23.4463
82,2010-03-24,00:00:00.00,4.50486,38.5493,50.6872
83,2010-03-25,00:00:00.00,0.000208057,33.9095,53.5188
84,2010-03-26,00:00:00.00,17.4424,47.7119,41.0594
85,2010-03-27,00:00:00.00,0.0113861,58.2845,44.4574
86,2010-03-28,00:00:00.00,0.000402177,41.7591,42.4753
87,2010-03-29,00:00:00.00,6.8029,40.308,31.4317
88,2010-03-30,00:00:00.00,1.29188,41.2167,37.0951
89,2010-03-31,00:00:00.00,0.0026342,30.4719,38.5109
90,2010-04-01,00:00:00.00,0.00583851,21.0248,30.5822
91,2010-04-02,00:00:00.00,2.8229e-308,14.768,23.3048
92,2010-04-03,00:00:00.00,1.4115e-308,10.6495,17.4149
93,2010-04-04,00:00:00.00,0.0004215,7.9858,14.2151
94,2010-04-05,00:00:00.00,7.50354e-308,6.28322,12.2612
95,2010-04-06,00:00:00.00,0.0550738,5.28389,11.2701
96,2010-04-07,00:00:00.00,0.102517,4.77351,9.20298
97,2010-04-08,00:00:00.00,0.0756021,4.42585,8.09862
98,2010-04-09,00:00:00.00,5.84314,11.179,11.4683
99,2010-04-10,00:00:00.00,0.47305,15.8559,9.20298
100,2010-04-11,00:00:00.00,0,11.7536,9.79763
101,2010-04-12,00:00:00.00,0.00664052,8.63517,9.17466
102,2010-04-13,00:00:00.00,0.000129305,6.53535,7.3907
103,2010-04-14,00:00:00.00,1.28808,6.59644,6.17307
104,2010-04-15,00:00:00.00,0.000240686,6.61967,5.26693
105,2010-04-16,00:00:00.00,0.0174394,5.202,4.75723
106,2010-04-17,00:00:00.00,2.80154,7.01689,4.72891
107,2010-04-18,00:00:00.00,0.370499,8.45266,5.40852
108,2010-04-19,00:00:00.00,0.318088,6.91672,5.0404
109,2010-04-20,00:00:00.00,0,5.61391,4.7006
110,2010-04-21,00:00:00.00,0,4.46537,4.55901
111,2010-04-22,00:00:00.00,3.07704e-308,3.70949,4.21921
112,2010-04-23,00:00:00.00,0.00249356,3.20498,3.85109
113,2010-04-24,00:00:00.00,1.253e-308,2.86628,3.48297
114,2010-04-25,00:00:00.00,2.55153,4.53084,3.39802
115,2010-04-26,00:00:00.00,22.8315,22.0505,7.19248
116,2010-04-27,00:00:00.00,10.5283,41.8339,49.8377
117,2010-04-28,00:00:00.00,0.0376258,40.3812,92.3129
118,2010-04-29,00:00:00.00,0.00470458,29.9447,59.4654
119,2010-04-30,00:00:00.00,0.00723206,21.291,31.1485
120,2010-05-01,00:00:00.00,0.000604922,14.9079,19.1422
121,2010-05-02,00:00:00.00,0.022625,10.4995,13.3372
122,2010-05-03,00:00:00.00,0.90783,8.47204,9.00476
123,2010-05-04,00:00:00.00,1.65886,8.68962,8.12694
124,2010-05-05,00:00:00.00,0.509863,8.38176,7.67387
125,2010-05-06,00:00:00.00,6.98669,12.6857,6.42792
126,2010-05-07,00:00:00.00,4.24579,18.7454,8.69327
127,2010-05-08,00:00:00.00,4.2813,20.5189,7.61723
128,2010-05-09,00:00:00.00,8.03397,25.3263,19.0289
129,2010-05-10,00:00:00.00,0.284872,25.3542,19.2838
130,2010-05-11,00:00:00.00,0.000881793,18.2279,21.9456
131,2010-05-12,00:00:00.00,23.4691,35.8071,29.4495
132,2010-05-13,00:00:00.00,0.542315,50.1552,87.2159
133,2010-05-14,00:00:00.00,3.53816,41.5827,72.7743
134,2010-05-15,00:00:00.00,8.47068,43.8974,80.9862
135,2010-05-16,00:00:00.00,0,41.0049,88.6317
136,2010-05-17,00:00:00.00,0,28.3342,60.598
137,2010-05-18,00:00:00.00,3.29747,23.7722,37.0951
138,2010-05-19,00:00:00.00,12.4655,36.7962,38.2277
139,2010-05-20,00:00:00.00,0.070966,41.7164,40.2099
140,2010-05-21,00:00:00.00,0.00105161,28.8946,37.0951
141,2010-05-22,00:00:00.00,0.0501245,19.8034,32.8475
142,2010-05-23,00:00:00.00,9.72878,26.1994,31.4317
143,2010-05-24,00:00:00.00,0.0715663,30.5944,25.2869
144,2010-05-25,00:00:00.00,0.000120439,20.9606,18.7741
145,2010-05-26,00:00:00.00,4.92365e-308,14.3827,21.4075
146,2010-05-27,00:00:00.00,0.00924876,10.1379,17.9529
147,2010-05-28,00:00:00.00,0,7.43741,12.0347
148,2010-05-29,00:00:00.00,0,5.71448,8.18357
149,2010-05-30,00:00:00.00,0.00447082,4.62714,5.91822
150,2010-05-31,00:00:00.00,1.443e-308,3.92276,4.58733
151,2010-06-01,00:00:00.00,26.4589,25.7119,4.36079
152,2010-06-02,00:00:00.00,4.48858,45.8057,15.0362
153,2010-06-03,00:00:00.00,1.2166,38.8167,30.8654
154,2010-06-04,00:00:00.00,0.254967,28.8469,30.8654
155,2010-06-05,00:00:00.00,0.128338,20.2513,25.117
156,2010-06-06,00:00:00.00,2.87028,16.973,16.2539
157,2010-06-07,00:00:00.00,21.498,35.971,68.8099
158,2010-06-08,00:00:00.00,0.551655,47.9173,95.7109
159,2010-06-09,00:00:00.00,0.029106,35.0835,73.0575
160,2010-06-10,00:00:00.00,8.89989,34.8368,53.5188
161,2010-06-11,00:00:00.00,0.0445021,34.4839,48.4218
162,2010-06-12,00:00:00.00,0.223803,24.0177,35.9624
163,2010-06-13,00:00:00.00,0.00772531,16.7092,18.9723
164,2010-06-14,00:00:00.00,0.179242,11.8054,12.6293
165,2010-06-15,00:00:00.00,0.37927,9.05238,8.52337
166,2010-06-16,00:00:00.00,0.378761,7.50007,6.42792
167,2010-06-17,00:00:00.00,0.045019,6.14845,5.23862
168,2010-06-18,00:00:00.00,0.0116367,4.90746,4.7006
169,2010-06-19,00:00:00.00,0.0101118,4.08021,4.16258
170,2010-06-20,00:00:00.00,0.0191719,3.53804,3.68119
171,2010-06-21,00:00:00.00,3.73521e-308,3.1416,3.3697
172,2010-06-22,00:00:00.00,0.0911222,2.89804,3.79446
173,2010-06-23,00:00:00.00,4.12933,5.23118,4.64396
174,2010-06-24,00:00:00.00,6.44978,10.3475,5.15367
175,2010-06-25,00:00:00.00,2.49315,12.5261,6.0598
176,2010-06-26,00:00:00.00,0.101153,10.2582,4.47406
177,2010-06-27,00:00:00.00,0.0817998,7.36364,3.99268
178,2010-06-28,00:00:00.00,3.87079,7.43806,3.85109
179,2010-06-29,00:00:00.00,1.33054,8.09839,3.1998
180,2010-06-30,00:00:00.00,0.0823593,6.49905,1.98501
181,2010-07-01,00:00:00.00,2.4755e-308,4.79335,1.47531
182,2010-07-02,00:00:00.00,0.0148834,3.67336,1.38186
183,2010-07-03,00:00:00.00,0.00013359,2.94574,2.11527
184,2010-07-04,00:00:00.00,0.0124788,2.46164,1.70751
185,2010-07-05,00:00:00.00,0,2.12618,1.35638
186,2010-07-06,00:00:00.00,0.00010003,1.87421,1.20063
187,2010-07-07,00:00:00.00,6.75414e-308,1.68159,1.07604
188,2010-07-08,00:00:00.00,0.00128447,1.52793,1.01374
189,2010-07-09,00:00:00.00,0.0400705,1.41083,0.891981
190,2010-07-10,00:00:00.00,14.0058,4.47407,0.863664
191,2010-07-11,00:00:00.00,0.271958,6.67499,1.56592
192,2010-07-12,00:00:00.00,0.091919,4.99709,1.44699
193,2010-07-13,00:00:00.00,4.47355,4.72617,1.14966
194,2010-07-14,00:00:00.00,6.96377,6.18471,5.29525
195,2010-07-15,00:00:00.00,0.0946954,6.21394,5.09703
196,2010-07-16,00:00:00.00,0.332302,4.63419,6.65446
197,2010-07-17,00:00:00.00,1.74437,3.87002,4.16258
198,2010-07-18,00:00:00.00,0.00366838,3.25349,2.8062
199,2010-07-19,00:00:00.00,0.495359,2.52846,1.8406
200,2010-07-20,00:00:00.00,4.21865,2.90201,1.50079
201,2010-07-21,00:00:00.00,2.0483,3.44201,1.63955
202,2010-07-22,00:00:00.00,0.24787,2.98911,2.03598
203,2010-07-23,00:00:00.00,0.096397,2.29407,1.30257
204,2010-07-24,00:00:00.00,20.2825,5.2069,1.46964
205,2010-07-25,00:00:00.00,5.67421,8.76931,5.80495
206,2010-07-26,00:00:00.00,10.0842,10.4461,5.09703
207,2010-07-27,00:00:00.00,0.177774,10.6031,6.73941
208,2010-07-28,00:00:00.00,0.0331197,8.20345,6.25802
209,2010-07-29,00:00:00.00,10.1261,9.06338,3.48297
210,2010-07-30,00:00:00.00,4.07013,11.019,6.39961
211,2010-07-31,00:00:00.00,0.00576505,9.43042,9.00476
212,2010-08-01,00:00:00.00,0.158103,6.90453,8.32515
213,2010-08-02,00:00:00.00,0.0274104,5.03539,4.84218
214,2010-08-03,00:00:00.00,0.0171224,3.69505,3.11485
215,2010-08-04,00:00:00.00,0.350469,2.90651,1.97652
216,2010-08-05,00:00:00.00,2.45808,3.11101,1.45549
217,2010-08-06,00:00:00.00,3.14877,4.00116,1.58858
218,2010-08-07,00:00:00.00,0.409437,3.94742,1.56592
219,2010-08-08,00:00:00.00,0.0647455,3.0378,1.34222
220,2010-08-09,00:00:00.00,0.000530149,2.32982,1.2063
221,2010-08-10,00:00:00.00,0.00680822,1.84609,1.04206
222,2010-08-11,00:00:00.00,0.00249431,1.52106,0.942951
223,2010-08-12,00:00:00.00,0.85074,1.46746,0.883486
224,2010-08-13,00:00:00.00,13.7491,3.91578,3.31307
225,2010-08-14,00:00:00.00,4.1585e-308,5.53585,3.53961
226,2010-08-15,00:00:00.00,0.466083,4.24162,3.00159
227,2010-08-16,00:00:00.00,1.7136,3.55009,3.76614
228,2010-08-17,00:00:00.00,0.0284204,2.95659,2.1719
229,2010-08-18,00:00:00.00,0.0167623,2.20962,1.99634
230,2010-08-19,00:00:00.00,0.166573,1.73707,1.55743
231,2010-08-20,00:00:00.00,0.0211241,1.4244,1.21196
232,2010-08-21,00:00:00.00,0.0154905,1.18818,0.979763
233,2010-08-22,00:00:00.00,25.321,4.50408,0.965604
234,2010-08-23,00:00:00.00,4.77082,8.37267,6.03149
235,2010-08-24,00:00:00.00,0.87959,8.20039,5.63505
236,2010-08-25,00:00:00.00,0.111852,6.66927,5.80495
237,2010-08-26,00:00:00.00,0.0404595,5.0029,4.02099
238,2010-08-27,00:00:00.00,0.0317573,3.68217,2.94495
239,2010-08-28,00:00:00.00,0.00691301,2.74807,1.97652
240,2010-08-29,00:00:00.00,0.0201962,2.12091,1.3677
241,2010-08-30,00:00:00.00,0.0162482,1.70326,1.12135
242,2010-08-31,00:00:00.00,0.0119357,1.41712,0.982595
243,2010-09-01,00:00:00.00,0.00588422,1.21606,0.886317
244,2010-09-02,00:00:00.00,2.74387e-308,1.07136,0.829684
245,2010-09-03,00:00:00.00,0.000164655,0.965371,0.75606
246,2010-09-04,00:00:00.00,8.44125,2.10355,0.775882
247,2010-09-05,00:00:00.00,10.7345,4.50499,3.70951
248,2010-09-06,00:00:00.00,0.0250707,5.1768,2.26535
249,2010-09-07,00:00:00.00,0.0804861,4.0816,1.27143
250,2010-09-08,00:00:00.00,4.90446,4.04871,1.06755
251,2010-09-09,00:00:00.00,0.0594702,3.98407,0.940119
252,2010-09-10,00:00:00.00,0.0171261,2.97622,0.900476
253,2010-09-11,00:00:00.00,0.0140196,2.25546,0.818357
254,2010-09-12,00:00:00.00,4.80141,2.71889,0.781545
255,2010-09-13,00:00:00.00,0.586546,3.15652,0.883486
256,2010-09-14,00:00:00.00,0.166246,2.52561,0.863664
257,2010-09-15,00:00:00.00,0.274154,2.01949,0.784377
258,2010-09-16,00:00:00.00,0.00025708,1.64277,0.713585
259,2010-09-17,00:00:00.00,15.7722,4.21585,0.767387
260,2010-09-18,00:00:00.00,0.829945,6.43057,1.46681
261,2010-09-19,00:00:00.00,0.0345794,5.18145,1.23461
262,2010-09-20,00:00:00.00,0.0521807,3.90619,1.1525
263,2010-09-21,00:00:00.00,0.00739447,2.92814,1.11568
264,2010-09-22,00:00:00.00,4.07592e-308,2.23863,0.985426
265,2010-09-23,00:00:00.00,3.41567,2.55226,1.05339
266,2010-09-24,00:00:00.00,0.312215,2.82208,1.07887
267,2010-09-25,00:00:00.00,0.00723415,2.21039,0.962773
268,2010-09-26,00:00:00.00,0.00600501,1.7261,0.880654
269,2010-09-27,00:00:00.00,0.0142626,1.41189,0.792872
270,2010-09-28,00:00:00.00,2.48198,1.69949,0.758891
271,2010-09-29,00:00:00.00,13.8675,4.58521,3.93604
272,2010-09-30,00:00:00.00,0.774277,6.49599,4.72891
273,2010-10-01,00:00:00.00,0.0300672,5.20749,1.8406
274,2010-10-02,00:00:00.00,0.00211253,3.91577,1.18364
275,2010-10-03,00:00:00.00,14.9436,6.79725,1.03923
276,2010-10-04,00:00:00.00,9.69496,12.0869,8.09862
277,2010-10-05,00:00:00.00,5.52288,14.5367,5.3802
278,2010-10-06,00:00:00.00,5.23973,15.678,5.0404
279,2010-10-07,00:00:00.00,5.3658,16.8598,7.92872
280,2010-10-08,00:00:00.00,0.362906,15.5328,8.80654
281,2010-10-09,00:00:00.00,0.0672269,11.7563,6.31466
282,2010-10-10,00:00:00.00,0.00625937,8.60553,4.95545
283,2010-10-11,00:00:00.00,0.117597,6.38712,3.87941
284,2010-10-12,00:00:00.00,0.0491535,4.90584,3.11485
285,2010-10-13,00:00:00.00,0.0351324,3.8759,2.48056
286,2010-10-14,00:00:00.00,0.121887,3.2494,1.8859
287,2010-10-15,00:00:00.00,14.2241,10.4725,7.78713
288,2010-10-16,00:00:00.00,6.88251,19.6977,15.461
289,2010-10-17,00:00:00.00,0.000149356,18.7624,11.3267
290,2010-10-18,00:00:00.00,0.000666518,13.845,7.95703
291,2010-10-19,00:00:00.00,1.48403,11.1257,4.67228
292,2010-10-20,00:00:00.00,0.782118,9.75677,3.17149
293,2010-10-21,00:00:00.00,0.0104843,7.78431,2.16624
294,2010-10-22,00:00:00.00,6.6977,10.761,2.38428
295,2010-10-23,00:00:00.00,0.213191,12.9879,4.16258
296,2010-10-24,00:00:00.00,0.00365482,9.63828,2.86
297,2010-10-25,00:00:00.00,0.412244,7.48107,2.20022
298,2010-10-26,00:00:00.00,0.340265,6.27726,1.84909
299,2010-10-27,00:00:00.00,17.1859,18.0344,2.20588
300,2010-10-28,00:00:00.00,0.000656206,26.4141,9.42951
301,2010-10-29,00:00:00.00,3.25073,22.2612,10.2224
302,2010-10-30,00:00:00.00,2.01855,20.8138,11.8648
303,2010-10-31,00:00:00.00,1.18019e-308,16.8784,12.9125
304,2010-11-01,00:00:00.00,0.289049,12.5018,9.96753
305,2010-11-02,00:00:00.00,0.025356,9.51891,6.54119
306,2010-11-03,00:00:00.00,0.00295167,7.26791,4.55901
307,2010-11-04,00:00:00.00,0.237527,6.01246,3.31307
308,2010-11-05,00:00:00.00,4.85152,9.89666,2.63913
309,2010-11-06,00:00:00.00,12.4194,24.5078,9.57109
310,2010-11-07,00:00:00.00,3.46057,33.1908,11.7232
311,2010-11-08,00:00:00.00,1.40907e-308,27.5897,27.6372
312,2010-11-09,00:00:00.00,0,20.3107,20.9828
313,2010-11-10,00:00:00.00,8.16712e-308,14.6204,12.1479
314,2010-11-11,00:00:00.00,0.00188389,10.7507,7.95703
315,2010-11-12,00:00:00.00,0.000139141,8.19707,5.69169
316,2010-11-13,00:00:00.00,0.000288504,6.5348,4.41743
317,2010-11-14,00:00:00.00,0.00189812,5.46032,3.48297
318,2010-11-15,00:00:00.00,1.87554,6.93363,3.00159
319,2010-11-16,00:00:00.00,0.000225162,7.87041,2.80054
320,2010-11-17,00:00:00.00,17.0935,25.7509,3.1998
321,2010-11-18,00:00:00.00,7.01482,47.2793,37.3782
322,2010-11-19,00:00:00.00,3.49335,47.8413,58.6159
323,2010-11-20,00:00:00.00,0.239446,39.5089,42.7584
324,2010-11-21,00:00:00.00,0.0256064,28.4508,24.6923
325,2010-11-22,00:00:00.00,0.0137298,20.2417,14.6115
326,2010-11-23,00:00:00.00,9.81503,29.6898,10.7604
327,2010-11-24,00:00:00.00,4.98457,44.0907,16.7069
328,2010-11-25,00:00:00.00,0.046241,38.9191,22.1721
329,2010-11-26,00:00:00.00,30.0006,78.5117,39.6436
330,2010-11-27,00:00:00.00,4.58316,111.594,114.966
331,2010-11-28,00:00:00.00,0.782301,84.017,96.2773
332,2010-11-29,00:00:00.00,0.111871,59.5171,52.6693
333,2010-11-30,00:00:00.00,0.0107395,41.6806,31.7149
334,2010-12-01,00:00:00.00,50.9423,156.661,44.4574
335,2010-12-02,00:00:00.00,23.8378,255.858,174.149
336,2010-12-03,00:00:00.00,0.730655,196.711,169.618
337,2010-12-04,00:00:00.00,1.30061,134.488,93.1624
338,2010-12-05,00:00:00.00,1.8351,89.9948,60.598
339,2010-12-06,00:00:00.00,1.52965,60.3657,47.8555
340,2010-12-07,00:00:00.00,4.0759,41.5115,33.1307
341,2010-12-08,00:00:00.00,1.00187,29.246,23.3331
342,2010-12-09,00:00:00.00,2.13397,20.9969,20.3598
343,2010-12-10,00:00:00.00,1.01302,15.7535,17.8962
344,2010-12-11,00:00:00.00,1.51296,13.8043,17.16
345,2010-12-12,00:00:00.00,0.00579737,12.5565,17.7547
346,2010-12-13,00:00:00.00,14.0278,37.3437,38.7941
347,2010-12-14,00:00:00.00,3.59533,58.4724,75.606
348,2010-12-15,00:00:00.00,2.6229,45.011,63.1466
349,2010-12-16,00:00:00.00,0.684935,31.1369,45.8733
350,2010-12-17,00:00:00.00,0.960007,22.2829,39.3604
351,2010-12-18,00:00:00.00,0.644658,16.6504,36.5287
352,2010-12-19,00:00:00.00,0.0663457,13.0733,24.579
353,2010-12-20,00:00:00.00,0.666807,10.7996,18.236
354,2010-12-21,00:00:00.00,1.02193,9.35526,17.8396
355,2010-12-22,00:00:00.00,0.830432,8.42788,16.622
356,2010-12-23,00:00:00.00,0.54787,7.82608,16.0273
357,2010-12-24,00:00:00.00,1.74399,8.36789,14.838
358,2010-12-25,00:00:00.00,0.382606,8.76438,14.2151
359,2010-12-26,00:00:00.00,0.833396,8.08908,14.2151
360,2010-12-27,00:00:00.00,1.51404,7.58075,14.1018
361,2010-12-28,00:00:00.00,0.443043,7.22386,12.2329
362,2010-12-29,00:00:00.00,0.033005,6.9866,11.6099
363,2010-12-30,00:00:00.00,0.0361922,6.82382,10.364
364,2010-12-31,00:00:00.00,0.554054,7.46425,10.1657
365,2011-01-01,00:00:00.00,0.812405,14.6224,33.1307
366,2011-01-02,00:00:00.00,12.9687,84.2297,101.941
367,2011-01-03,00:00:00.00,0.188154,159.491,160.273
368,2011-01-04,00:00:00.00,0.0599974,141.269,100.808
369,2011-01-05,00:00:00.00,0.173572,92.0536,55.7842
370,2011-01-06,00:00:00.00,1.22914,61.1219,43.8911
371,2011-01-07,00:00:00.00,4.74884,41.8062,28.6
372,2011-01-08,00:00:00.00,2.32798,30.614,18.6608
373,2011-01-09,00:00:00.00,4.67783,25.1769,13.5921
374,2011-01-10,00:00:00.00,1.88877,23.5477,11.1285
375,2011-01-11,00:00:00.00,0.487609,23.7567,9.23129
376,2011-01-12,00:00:00.00,5.96555,24.1079,8.38179
377,2011-01-13,00:00:00.00,2.79902,23.5838,7.87208
378,2011-01-14,00:00:00.00,1.39864,21.9463,8.38179
379,2011-01-15,00:00:00.00,1.40844,19.5071,7.92872
380,2011-01-16,00:00:00.00,1.79311,16.8492,7.87208
381,2011-01-17,00:00:00.00,0.141588,14.3181,7.81545
382,2011-01-18,00:00:00.00,0.008694,12.1222,11.1002
383,2011-01-19,00:00:00.00,2.67708,16.252,9.96753
384,2011-01-20,00:00:00.00,1.51315,30.3482,9.42951
385,2011-01-21,00:00:00.00,2.75305,33.0637,10.9869
386,2011-01-22,00:00:00.00,1.37101,23.236,13.6487
387,2011-01-23,00:00:00.00,0.874325,17.4576,15.8858
388,2011-01-24,00:00:00.00,0.527755,13.8054,13.6487
389,2011-01-25,00:00:00.00,1.24048,11.4892,14.2717
390,2011-01-26,00:00:00.00,0.377834,10.2514,12.3745
391,2011-01-27,00:00:00.00,0.13292,9.44329,10.9586
392,2011-01-28,00:00:00.00,2.27912,8.69994,10.1941
393,2011-01-29,00:00:00.00,3.03737,8.37881,9.54278
394,2011-01-30,00:00:00.00,3.1936,8.12686,9.51446
395,2011-01-31,00:00:00.00,0.320873,7.78657,9.42951
396,2011-02-01,00:00:00.00,0.0671892,7.55521,8.49505
397,2011-02-02,00:00:00.00,10.9831,7.39534,8.55169
398,2011-02-03,00:00:00.00,9.86251,18.373,12.1196
399,2011-02-04,00:00:00.00,0.657908,26.1365,14.7814
400,2011-02-05,00:00:00.00,0.00169022,19.9534,20.8695
401,2011-02-06,00:00:00.00,6.03446,16.9798,29.1664
402,2011-02-07,00:00:00.00,0.301489,15.1118,33.1307
403,2011-02-08,00:00:00.00,4.20459,16.7524,28.8832
404,2011-02-09,00:00:00.00,1.1806,18.7994,24.6357
405,2011-02-10,00:00:00.00,0.0343497,15.478,20.558
406,2011-02-11,00:00:00.00,0.106126,12.3192,20.558
407,2011-02-12,00:00:00.00,0.0698504,10.3083,16.9618
408,2011-02-13,00:00:00.00,4.36445,10.2392,13.6487
409,2011-02-14,00:00:00.00,0.404273,10.9338,10.5905
410,2011-02-15,00:00:00.00,1.19613,23.3643,24.6357
411,2011-02-16,00:00:00.00,0.00924949,36.571,37.3782
412,2011-02-17,00:00:00.00,0.0338504,31.8634,36.5287
413,2011-02-18,00:00:00.00,0.00846265,40.8869,68.2436
414,2011-02-19,00:00:00.00,0.00758766,88.8168,116.949
415,2011-02-20,00:00:00.00,0.0823663,136.956,123.461
416,2011-02-21,00:00:00.00,13.9132,126.814,103.64
417,2011-02-22,00:00:00.00,14.2185,88.2012,78.1545
418,2011-02-23,00:00:00.00,0.126806,62.9011,58.3327
419,2011-02-24,00:00:00.00,0.000761543,46.0942,44.4574
420,2011-02-25,00:00:00.00,0.733248,42.1838,43.8911
421,2011-02-26,00:00:00.00,10.5687,57.8434,39.0772
422,2011-02-27,00:00:00.00,0.488667,73.5027,25.0604
423,2011-02-28,00:00:00.00,0.68547,77.8728,23.1349
424,2011-03-01,00:00:00.00,32.9809,170.409,308.654
425,2011-03-02,00:00:00.00,1.20349e-308,235.501,314.317
426,2011-03-03,00:00:00.00,0.0838302,179.815,243.808
427,2011-03-04,00:00:00.00,0.0259264,126.407,167.069
428,2011-03-05,00:00:00.00,7.61075,112.681,140.168
429,2011-03-06,00:00:00.00,26.5581,221.486,226.818
430,2011-03-07,00:00:00.00,6.55765,304.512,302.99
431,2011-03-08,00:00:00.00,0.0980853,235.674,237.012
432,2011-03-09,00:00:00.00,0.0377451,151.836,163.105
433,2011-03-10,00:00:00.00,13.5627,152.704,150.646
434,2011-03-11,00:00:00.00,16.7896,216.387,222.287
435,2011-03-12,00:00:00.00,9.08119,221.238,234.18
436,2011-03-13,00:00:00.00,0.287245,172.555,173.582
437,2011-03-14,00:00:00.00,0.320017,143.887,157.725
438,2011-03-15,00:00:00.00,0.170544,125.171,145.265
439,2011-03-16,00:00:00.00,3.44827,112.67,116.665
440,2011-03-17,00:00:00.00,1.52384,108.182,143.283
441,2011-03-18,00:00:00.00,0.00154248,90.8504,124.311
442,2011-03-19,00:00:00.00,0.030806,68.8549,86.9327
443,2011-03-20,00:00:00.00,0.0148894,51.1472,54.9347
444,2011-03-21,00:00:00.00,7.1527,59.8712,33.1307
445,2011-03-22,00:00:00.00,10.6668,96.8624,62.2971
446,2011-03-23,00:00:00.00,0.786294,98.9854,62.5802
447,2011-03-24,00:00:00.00,7.15314,85.655,54.9347
448,2011-03-25,00:00:00.00,0.639224,76.1096,77.8713
449,2011-03-26,00:00:00.00,0.157253,51.7157,52.9525
450,2011-03-27,00:00:00.00,0.00255712,35.4028,28.3168
451,2011-03-28,00:00:00.00,6.36442e-308,25.048,18.1794
452,2011-03-29,00:00:00.00,0.021288,18.4688,13.4788
453,2011-03-30,00:00:00.00,0.000648692,14.2876,10.902
454,2011-03-31,00:00:00.00,6.77052,20.7505,9.23129
455,2011-04-01,00:00:00.00,0.475313,29.4358,8.94812
456,2011-04-02,00:00:00.00,0.670138,28.5191,10.4206
457,2011-04-03,00:00:00.00,0.066699,23.4283,14.6964
458,2011-04-04,00:00:00.00,1.13331,20.4299,14.923
459,2011-04-05,00:00:00.00,26.3431,87.3388,50.404
460,2011-04-06,00:00:00.00,1.5299,131.33,152.061
461,2011-04-07,00:00:00.00,6.2971,107.93,109.869
462,2011-04-08,00:00:00.00,1.47723,93.5113,94.5783
463,2011-04-09,00:00:00.00,11.8919,99.3237,86.6496
464,2011-04-10,00:00:00.00,0.0181964,98.6603,93.7288
465,2011-04-11,00:00:00.00,0.220305,66.1652,69.0931
466,2011-04-12,00:00:00.00,4.44224,56.4363,57.7664
467,2011-04-13,00:00:00.00,0.401647,50.4719,45.0238
468,2011-04-14,00:00:00.00,1.13286,37.9432,28.1753
469,2011-04-15,00:00:00.00,0.00637308,29.1256,20.5014
470,2011-04-16,00:00:00.00,0.0375865,20.7155,16.1972
471,2011-04-17,00:00:00.00,16.3353,53.3557,21.719
472,2011-04-18,00:00:00.00,0.572867,75.9087,56.0674
473,2011-04-19,00:00:00.00,3.22843,59.595,49.5545
474,2011-04-20,00:00:00.00,18.2003,90.6089,37.6614
475,2011-04-21,00:00:00.00,6.8733,121.399,132.523
476,2011-04-22,00:00:00.00,0.193473,99.1015,142.717
477,2011-04-23,00:00:00.00,12.3681,97.7268,83.5347
478,2011-04-24,00:00:00.00,14.7181,133.936,206.996
479,2011-04-25,00:00:00.00,4.78798,139.507,173.582
480,2011-04-26,00:00:00.00,13.8399,141.586,122.329
481,2011-04-27,00:00:00.00,0.969954,133.078,172.166
482,2011-04-28,00:00:00.00,0.0676647,90.7912,121.196
483,2011-04-29,00:00:00.00,2.07448,65.0314,76.7387
484,2011-04-30,00:00:00.00,2.72926,55.2913,61.1644
485,2011-05-01,00:00:00.00,0.0144343,44.0592,42.7584
486,2011-05-02,00:00:00.00,2.7779,36.777,25.6267
487,2011-05-03,00:00:00.00,5.7483,45.4382,21.6624
488,2011-05-04,00:00:00.00,20.3181,91.2491,43.8911
489,2011-05-05,00:00:00.00,1.43339,112.45,116.949
490,2011-05-06,00:00:00.00,7.3532e-308,79.596,82.1189
491,2011-05-07,00:00:00.00,4.01789,62.9943,53.5188
492,2011-05-08,00:00:00.00,1.46572,55.2704,43.6079
493,2011-05-09,00:00:00.00,0.00319442,40.541,26.6178
494,2011-05-10,00:00:00.00,0.00012584,27.5932,17.8962
495,2011-05-11,00:00:00.00,0.256396,19.9425,13.3939
496,2011-05-12,00:00:00.00,0.110448,15.3384,9.99585
497,2011-05-13,00:00:00.00,8.90136,29.31,14.1867
498,2011-05-14,00:00:00.00,26.5488,88.8116,56.0674
499,2011-05-15,00:00:00.00,7.16601,127.177,72.7743
500,2011-05-16,00:00:00.00,18.679,142.979,128.842
501,2011-05-17,00:00:00.00,1.60182,143.134,235.879
502,2011-05-18,00:00:00.00,4.81602,114.14,202.749
503,2011-05-19,00:00:00.00,8.96358,110.09,156.592
504,2011-05-20,00:00:00.00,1.28967,98.0895,127.992
505,2011-05-21,00:00:00.00,0.0257225,68.1278,87.2159
506,2011-05-22,00:00:00.00,0.00196142,45.1955,49.5545
507,2011-05-23,00:00:00.00,1.38298,33.4269,31.4317
508,2011-05-24,00:00:00.00,3.76618,34.0374,21.0111
509,2011-05-25,00:00:00.00,1.56189,34.5136,16.8768
510,2011-05-26,00:00:00.00,15.883,58.4237,17.3582
511,2011-05-27,00:00:00.00,13.6637,98.8671,113.834
512,2011-05-28,00:00:00.00,10.8974,117.405,182.644
513,2011-05-29,00:00:00.00,1.77908,106.614,111.568
514,2011-05-30,00:00:00.00,5.58265,88.0229,81.5525
515,2011-05-31,00:00:00.00,1.24721,73.2663,66.5446
516,2011-06-01,00:00:00.00,0.0146412,50.9606,43.0416
517,2011-06-02,00:00:00.00,0.00250375,33.6595,24.7206
518,2011-06-03,00:00:00.00,4.2834e-308,22.7214,17.245
519,2011-06-04,00:00:00.00,0.000218776,16.0295,11.525
520,2011-06-05,00:00:00.00,0.00267802,11.9253,8.18357
521,2011-06-06,00:00:00.00,0.000147818,9.31403,6.51287
522,2011-06-07,00:00:00.00,0.0586087,7.7213,5.32357
523,2011-06-08,00:00:00.00,24.2132,41.8332,24.664
524,2011-06-09,00:00:00.00,2.37494e-308,64.8875,28.6
525,2011-06-10,00:00:00.00,0.200575,44.8628,17.4715
526,2011-06-11,00:00:00.00,1.31488,32.4932,12.9125
527,2011-06-12,00:00:00.00,2.55858,27.8003,9.14634
528,2011-06-13,00:00:00.00,0.318819,23.3114,7.36238
529,2011-06-14,00:00:00.00,0.00861232,16.7346,5.8899
530,2011-06-15,00:00:00.00,0.0301918,12.1556,5.23862
531,2011-06-16,00:00:00.00,0.00920583,9.24661,5.86159
532,2011-06-17,00:00:00.00,14.1615,24.1852,5.49347
533,2011-06-18,00:00:00.00,0.77784,35.0593,6.68278
534,2011-06-19,00:00:00.00,0.000558326,25.2211,6.00317
535,2011-06-20,00:00:00.00,1.15655,18.8429,6.45624
536,2011-06-21,00:00:00.00,3.19958,18.2291,6.79604
537,2011-06-22,00:00:00.00,2.86625,19.6081,6.39961
538,2011-06-23,00:00:00.00,6.49988,23.7627,5.23862
539,2011-06-24,00:00:00.00,7.64824,31.5049,19.482
540,2011-06-25,00:00:00.00,8.1536,38.8427,27.6372
541,2011-06-26,00:00:00.00,0.361899,36.4896,32.2812
542,2011-06-27,00:00:00.00,0.00024331,25.9412,22.4836
543,2011-06-28,00:00:00.00,0.0371849,18.0839,14.4982
544,2011-06-29,00:00:00.00,0.00974556,12.8201,9.31624
545,2011-06-30,00:00:00.00,0.0565273,9.43396,6.28634
546,2011-07-01,00:00:00.00,0.00039125,7.28439,4.61565
547,2011-07-02,00:00:00.00,0.0132985,5.87799,3.56792
548,2011-07-03,00:00:00.00,4.21936,8.54018,2.88832
549,2011-07-04,00:00:00.00,2.85878,12.4706,5.40852
550,2011-07-05,00:00:00.00,0.0173843,11.3301,3.25644
551,2011-07-06,00:00:00.00,0.000161708,8.25458,2.61081
552,2011-07-07,00:00:00.00,0.000663343,6.26153,2.23703
553,2011-07-08,00:00:00.00,0.0400105,5.00281,2.05863
554,2011-07-09,00:00:00.00,1.6518,5.2063,2.16624
555,2011-07-10,00:00:00.00,0.00879104,5.27789,1.90572
556,2011-07-11,00:00:00.00,0,4.26279,1.42151
557,2011-07-12,00:00:00.00,2.34132,4.76313,1.23745
558,2011-07-13,00:00:00.00,0.060252,5.04982,1.16665
559,2011-07-14,00:00:00.00,0.0847708,4.04895,1.08737
560,2011-07-15,00:00:00.00,0.00435895,3.3848,1.00808
561,2011-07-16,00:00:00.00,4.46298e-308,2.91206,0.954278
562,2011-07-17,00:00:00.00,7.59756e-308,2.58247,0.945783
563,2011-07-18,00:00:00.00,3.89897e-308,2.34121,0.934456
564,2011-07-19,00:00:00.00,2.55928,2.92359,0.883486
565,2011-07-20,00:00:00.00,4.05349,4.38073,2.10677
566,2011-07-21,00:00:00.00,0.0229984,4.5234,1.13267
567,2011-07-22,00:00:00.00,3.364e-308,3.45975,0.957109
568,2011-07-23,00:00:00.00,4.85359,3.88534,2.14075
569,2011-07-24,00:00:00.00,5.40246,5.38497,6.14476
570,2011-07-25,00:00:00.00,2.06229,5.72318,2.65046
571,2011-07-26,00:00:00.00,1.18728,5.00806,1.5999
572,2011-07-27,00:00:00.00,0.0169743,4.0309,1.47248
573,2011-07-28,00:00:00.00,0.0617325,3.09898,2.54852
574,2011-07-29,00:00:00.00,15.7562,5.65259,6.93763
575,2011-07-30,00:00:00.00,1.3378,7.91628,3.90772
576,2011-07-31,00:00:00.00,0.17107,6.38156,2.61081
577,2011-08-01,00:00:00.00,0.00504067,4.79991,3.0299
578,2011-08-02,00:00:00.00,0.261572,3.6579,5.12535
579,2011-08-03,00:00:00.00,1.03462,3.0962,3.85109
580,2011-08-04,00:00:00.00,5.56968,3.80338,2.50038
581,2011-08-05,00:00:00.00,0.442399,4.15221,2.28517
582,2011-08-06,00:00:00.00,0.0465176,3.24875,1.57725
583,2011-08-07,00:00:00.00,0.0173236,2.53714,1.2516
584,2011-08-08,00:00:00.00,8.80361,3.59496,1.18931
585,2011-08-09,00:00:00.00,0.444574,4.42481,17.2166
586,2011-08-10,00:00:00.00,24.345,7.88435,4.21921
587,2011-08-11,00:00:00.00,1.69123,11.5554,4.33248
588,2011-08-12,00:00:00.00,0.278599,10.1203,2.72974
589,2011-08-13,00:00:00.00,2.57417e-308,7.84752,1.7783
590,2011-08-14,00:00:00.00,0.00275889,5.81372,1.29691
591,2011-08-15,00:00:00.00,28.9171,12.934,23.7012
592,2011-08-16,00:00:00.00,10.4979,23.4408,115.25
593,2011-08-17,00:00:00.00,0.130986,23.7301,34.8297
594,2011-08-18,00:00:00.00,0.0686938,18.8562,12.0063
595,2011-08-19,00:00:00.00,8.2261,18.5351,7.2208
596,2011-08-20,00:00:00.00,2.46265,19.5006,23.1915
597,2011-08-21,00:00:00.00,0.336272,15.7508,10.0242
598,2011-08-22,00:00:00.00,7.70483,16.3002,14.923
599,2011-08-23,00:00:00.00,0.216823,16.6461,12.2612
600,2011-08-24,00:00:00.00,0.00133992,12.065,6.37129
601,2011-08-25,00:00:00.00,3.69683,11.1048,4.04931
602,2011-08-26,00:00:00.00,25.157,26.8667,70.5089
603,2011-08-27,00:00:00.00,0.00835548,37.0976,27.4107
604,2011-08-28,00:00:00.00,0.0214568,28.18,12.3178
605,2011-08-29,00:00:00.00,0.0279937,20.277,7.78713
606,2011-08-30,00:00:00.00,0.0201438,14.3631,5.3802
607,2011-08-31,00:00:00.00,0.0202222,10.2934,3.73782
608,2011-09-01,00:00:00.00,0.338454,7.86607,2.76372
609,2011-09-02,00:00:00.00,24.4823,25.7608,24.7206
610,2011-09-03,00:00:00.00,0.162554,39.1003,41.3426
611,2011-09-04,00:00:00.00,0.137418,28.9499,16.3388
612,2011-09-05,00:00:00.00,11.661,31.7611,10.9869
613,2011-09-06,00:00:00.00,1.22711,35.0248,33.9802
614,2011-09-07,00:00:00.00,0.505992,26.6902,21.4642
615,2011-09-08,00:00:00.00,1.75184,21.2422,15.2345
616,2011-09-09,00:00:00.00,1.27577,18.2725,11.3267
617,2011-09-10,00:00:00.00,8.58516,23.5841,8.2402
618,2011-09-11,00:00:00.00,20.3742,48.4764,59.4654
619,2011-09-12,00:00:00.00,5.05759,64.4304,52.9525
620,2011-09-13,00:00:00.00,0.0318472,53.5666,45.8733
621,2011-09-14,00:00:00.00,0.0480381,37.9895,31.998
622,2011-09-15,00:00:00.00,1.24525,28.082,16.6786
623,2011-09-16,00:00:00.00,9.08633,34.0478,18.2077
624,2011-09-17,00:00:00.00,0.0864777,36.6968,15.8858
625,2011-09-18,00:00:00.00,0.0155429,25.7272,10.1941
626,2011-09-19,00:00:00.00,0.0216328,18.109,7.9004
627,2011-09-20,00:00:00.00,8.34627,25.0031,6.54119
628,2011-09-21,00:00:00.00,2.16879,32.7565,6.73941
629,2011-09-22,00:00:00.00,6.33311,35.1488,16.5087
630,2011-09-23,00:00:00.00,0.118607,33.7747,29.4495
631,2011-09-24,00:00:00.00,3.95002,29.4578,25.9382
632,2011-09-25,00:00:00.00,0.0594183,26.4488,19.7935
633,2011-09-26,00:00:00.00,0.400949,19.2221,12.7709
634,2011-09-27,00:00:00.00,29.0934,56.6822,22.5968
635,2011-09-28,00:00:00.00,3.67385,90.0546,118.081
636,2011-09-29,00:00:00.00,0.0544241,71.2057,156.026
637,2011-09-30,00:00:00.00,0.383423,50.4818,56.0674
638,2011-10-01,00:00:00.00,7.90994,49.8567,36.2456
639,2011-10-02,00:00:00.00,10.7077,68.9081,94.5783
640,2011-10-03,00:00:00.00,9.96954,87.5125,84.9505
641,2011-10-04,00:00:00.00,1.97889,84.685,96.8436
642,2011-10-05,00:00:00.00,0.529859,63.7005,73.0575
643,2011-10-06,00:00:00.00,0.0900014,44.7149,44.7406
644,2011-10-07,00:00:00.00,0.0662768,30.8894,28.8832
645,2011-10-08,00:00:00.00,0.127117,21.9404,18.4626
646,2011-10-09,00:00:00.00,0.118423,16.3005,12.2612
647,2011-10-10,00:00:00.00,0.112416,12.6586,9.28793
648,2011-10-11,00:00:00.00,0.127418,10.3483,7.53228
649,2011-10-12,00:00:00.00,0.0353336,8.71509,6.45624
650,2011-10-13,00:00:00.00,9.36746,24.3718,5.80495
651,2011-10-14,00:00:00.00,13.5511,59.2276,7.07921
652,2011-10-15,00:00:00.00,9.51721,84.0992,54.0852
653,2011-10-16,00:00:00.00,14.6597,106.611,154.893
654,2011-10-17,00:00:00.00,8.95055,124.288,142.717
655,2011-10-18,00:00:00.00,0.0463308,106.698,92.3129
656,2011-10-19,00:00:00.00,0.773993,75.2914,54.3683
657,2011-10-20,00:00:00.00,18.188,96.7251,73.3406
658,2011-10-21,00:00:00.00,9.12857,132.557,141.867
659,2011-10-22,00:00:00.00,6.80347,130.964,180.661
660,2011-10-23,00:00:00.00,0.116478,106.836,105.339
661,2011-10-24,00:00:00.00,0.00402138,72.2098,69.6594
662,2011-10-25,00:00:00.00,2.68733,55.807,47.2891
663,2011-10-26,00:00:00.00,0.0707994,45.2271,30.5822
664,2011-10-27,00:00:00.00,9.28471,55.7334,25.825
665,2011-10-28,00:00:00.00,11.1129,91.8647,63.7129
666,2011-10-29,00:00:00.00,0.15564,91.6459,93.7288
667,2011-10-30,00:00:00.00,0.457881,63.1838,67.9604
668,2011-10-31,00:00:00.00,0.0296491,44.0509,47.006
669,2011-11-01,00:00:00.00,0.152409,30.9853,35.9624
670,2011-11-02,00:00:00.00,0.035232,22.5002,24.5224
671,2011-11-03,00:00:00.00,0.000508337,16.6828,17.6131
672,2011-11-04,00:00:00.00,0.000367459,12.8885,13.9885
673,2011-11-05,00:00:00.00,0.00172162,10.4751,11.6665
674,2011-11-06,00:00:00.00,1.924e-308,8.94323,10.0525
675,2011-11-07,00:00:00.00,2.55e-308,7.9654,9.03307
676,2011-11-08,00:00:00.00,0.00485564,7.34021,8.12694
677,2011-11-09,00:00:00.00,3.78533e-308,6.91778,7.64555
678,2011-11-10,00:00:00.00,0.851587,8.53637,7.2208
679,2011-11-11,00:00:00.00,2.02213,14.0004,6.85268
680,2011-11-12,00:00:00.00,4.10448,22.7515,8.35347
681,2011-11-13,00:00:00.00,0.00545113,24.9565,14.6115
682,2011-11-14,00:00:00.00,0.0291991,19.1936,22.257
683,2011-11-15,00:00:00.00,30.3066,80.0769,45.8733
684,2011-11-16,00:00:00.00,0.0765956,122.886,152.628
685,2011-11-17,00:00:00.00,0.501615,87.0215,115.816
686,2011-11-18,00:00:00.00,1.11501,62.4648,75.606
687,2011-11-19,00:00:00.00,0.151594,45.3304,56.9169
688,2011-11-20,00:00:00.00,0.0919204,32.3993,43.8911
689,2011-11-21,00:00:00.00,0.0447791,23.3029,28.6
690,2011-11-22,00:00:00.00,0.302175,17.9396,19.397
691,2011-11-23,00:00:00.00,20.3248,63.5856,18.7458
692,2011-11-24,00:00:00.00,7.12824,111.408,115.25
693,2011-11-25,00:00:00.00,4.03489e-308,94.0118,126.01
694,2011-11-26,00:00:00.00,2.01744e-308,63.8819,71.9248
695,2011-11-27,00:00:00.00,2.28016e-308,43.4895,50.404
696,2011-11-28,00:00:00.00,12.5398,63.0131,40.2099
697,2011-11-29,00:00:00.00,7.38717,95.6018,82.9684
698,2011-11-30,00:00:00.00,13.9918,122.26,156.592
699,2011-12-01,00:00:00.00,1.57062,123.671,169.901
700,2011-12-02,00:00:00.00,2.2625e-308,87.3486,124.594
701,2011-12-03,00:00:00.00,0.122896,59.9874,86.6496
702,2011-12-04,00:00:00.00,1e-308,41.1125,66.2614
703,2011-12-05,00:00:00.00,1.81635,33.8938,44.7406
704,2011-12-06,00:00:00.00,30.6529,115.867,74.4733
705,2011-12-07,00:00:00.00,5.6097,180.281,218.323
706,2011-12-08,00:00:00.00,0.962101,139.32,173.016
707,2011-12-09,00:00:00.00,0.0943739,96.8948,106.755
708,2011-12-10,00:00:00.00,1.25409,67.2756,83.8179
709,2011-12-11,00:00:00.00,0.329792,48.6445,67.6773
710,2011-12-12,00:00:00.00,0.0627271,34.7868,42.4753
711,2011-12-13,00:00:00.00,3.48488e-308,24.7406,26.3347
712,2011-12-14,00:00:00.00,0.00699239,18.6891,19.9351
713,2011-12-15,00:00:00.00,6.06937,32.9991,21.3792
714,2011-12-16,00:00:00.00,22.9347,109.958,73.907
715,2011-12-17,00:00:00.00,0.103264,142.277,104.772
716,2011-12-18,00:00:00.00,4.48312,98.6697,73.907
717,2011-12-19,00:00:00.00,1.36566,70.6827,49.2713
718,2011-12-20,00:00:00.00,0.734274,50.8551,37.9446
719,2011-12-21,00:00:00.00,1.9257,49.6782,34.5466
720,2011-12-22,00:00:00.00,19.5522,110.156,88.0654
721,2011-12-23,00:00:00.00,7.01764,159.271,128.558
722,2011-12-24,00:00:00.00,1.81612,130.442,123.178
723,2011-12-25,00:00:00.00,0.292816,91.1097,107.604
724,2011-12-26,00:00:00.00,0.285655,63.5883,88.0654
725,2011-12-27,00:00:00.00,0.113052,44.0873,70.5089
726,2011-12-28,00:00:00.00,10.065,50.2688,49.8377
727,2011-12-29,00:00:00.00,2.3111,62.8632,57.7664
728,2011-12-30,00:00:00.00,0.78514,52.0463,55.501
729,2011-12-31,00:00:00.00,2.60828,44.8337,50.9703
730,2012-01-01,00:00:00.00,1.70499,48.6551,73.907
731,2012-01-02,00:00:00.00,2.70437,50.1181,63.7129
732,2012-01-03,00:00:00.00,9.22156,46.8367,50.404
733,2012-01-04,00:00:00.00,1.64607,37.0507,39.9268
734,2012-01-05,00:00:00.00,0.0163957,26.2635,31.4317
735,2012-01-06,00:00:00.00,0.0158276,19.4259,26.4763
736,2012-01-07,00:00:00.00,0.000209831,20.8307,28.1753
737,2012-01-08,00:00:00.00,0.0214751,32.6412,43.3248
738,2012-01-09,00:00:00.00,0.0156565,34.3941,51.8198
739,2012-01-10,00:00:00.00,0.00273342,24.6202,41.9089
740,2012-01-11,00:00:00.00,0.0396886,18.547,31.7149
741,2012-01-12,00:00:00.00,6.522,34.5071,25.117
742,2012-01-13,00:00:00.00,6.64651,67.4535,36.2456
743,2012-01-14,00:00:00.00,9.36133,68.4795,51.8198
744,2012-01-15,00:00:00.00,7.56512,46.1903,43.8911
745,2012-01-16,00:00:00.00,0.773088,32.0851,32.2812
746,2012-01-17,00:00:00.00,8.21227,30.8709,25.6551
747,2012-01-18,00:00:00.00,21.5481,102.996,109.303
748,2012-01-19,00:00:00.00,1.57156,185.899,149.796
749,2012-01-20,00:00:00.00,5.14995,165.198,90.8971
750,2012-01-21,00:00:00.00,1.56114,107.034,59.7485
751,2012-01-22,00:00:00.00,1.90756,70.6202,47.2891
752,2012-01-23,00:00:00.00,0.00813059,48.1702,32.5644
753,2012-01-24,00:00:00.00,5.34824,48.3636,77.8713
754,2012-01-25,00:00:00.00,0.22042,68.5941,132.523
755,2012-01-26,00:00:00.00,0.798997,71.647,97.41
756,2012-01-27,00:00:00.00,12.194,84.754,74.1901
757,2012-01-28,00:00:00.00,18.3344,147.58,170.467
758,2012-01-29,00:00:00.00,3.84198,174.773,159.99
759,2012-01-30,00:00:00.00,3.68337,139.542,100.525
760,2012-01-31,00:00:00.00,0.242948,100.714,77.5882
761,2012-02-01,00:00:00.00,0.0214468,71.5608,64.8456
762,2012-02-02,00:00:00.00,2.31503,69.1852,61.1644
763,2012-02-03,00:00:00.00,0.272665,67.9734,52.6693
764,2012-02-04,00:00:00.00,0,50.637,40.2099
765,2012-02-05,00:00:00.00,0.11927,39.6312,30.5822
766,2012-02-06,00:00:00.00,0.00210913,32.1474,23.3048
767,2012-02-07,00:00:00.00,0.00239066,26.7747,18.859
768,2012-02-08,00:00:00.00,0.104078,23.2907,16.4238
769,2012-02-09,00:00:00.00,0.772739,20.4941,14.385
770,2012-02-10,00:00:00.00,0.00180968,17.6919,12.5444
771,2012-02-11,00:00:00.00,1.52435,14.9066,11.2984
772,2012-02-12,00:00:00.00,5.98737,12.4909,10.364
773,2012-02-13,00:00:00.00,2.11648,10.6991,9.65604
774,2012-02-14,00:00:00.00,0.0335046,9.61557,9.28793
775,2012-02-15,00:00:00.00,1.52002,8.84638,9.62773
776,2012-02-16,00:00:00.00,0.143549,8.74404,11.1568
777,2012-02-17,00:00:00.00,5.98608,30.6235,16.7636
778,2012-02-18,00:00:00.00,0.125967,58.0986,47.006
779,2012-02-19,00:00:00.00,0.317584,54.0245,56.6337
780,2012-02-20,00:00:00.00,0.0331858,37.4126,41.6258
781,2012-02-21,00:00:00.00,0.0513602,26.4843,28.3168
782,2012-02-22,00:00:00.00,1.87185,24.0411,19.3121
783,2012-02-23,00:00:00.00,4.48732,37.3542,17.8962
784,2012-02-24,00:00:00.00,8.74688,63.9307,21.3509
785,2012-02-25,00:00:00.00,5.7234,82.6474,50.1208
786,2012-02-26,00:00:00.00,2.20218,74.5775,64.8456
787,2012-02-27,00:00:00.00,0.155963,52.6906,49.2713
788,2012-02-28,00:00:00.00,0.0245024,36.1034,46.7228
789,2012-02-29,00:00:00.00,0.0278468,28.3738,46.4396
790,2012-03-01,00:00:00.00,18.2749,78.1303,74.1901
791,2012-03-02,00:00:00.00,0.411349,108.484,111.002
792,2012-03-03,00:00:00.00,11.4468,107.437,103.356
793,2012-03-04,00:00:00.00,0.142786,105.877,109.869
794,2012-03-05,00:00:00.00,1.78155,71.5695,94.8614
795,2012-03-06,00:00:00.00,0.99324,49.1033,69.0931
796,2012-03-07,00:00:00.00,0.0722215,33.8313,50.404
797,2012-03-08,00:00:00.00,1.45046e-308,28.3105,35.1129
798,2012-03-09,00:00:00.00,15.7929,70.8199,29.4495
799,2012-03-10,00:00:00.00,0.386745,94.2586,39.3604
800,2012-03-11,00:00:00.00,0.00394911,63.4805,34.2634
801,2012-03-12,00:00:00.00,0.00133576,43.2646,25.0321
802,2012-03-13,00:00:00.00,9.3022,56.2082,23.3048
803,2012-03-14,00:00:00.00,4.28553,76.364,44.4574
804,2012-03-15,00:00:00.00,0.69671,64.7898,48.1386
805,2012-03-16,00:00:00.00,10.6883,74.365,45.307
806,2012-03-17,00:00:00.00,4.44408,90.6466,84.101
807,2012-03-18,00:00:00.00,0.00853177,72.0734,74.1901
808,2012-03-19,00:00:00.00,6.43133,64.9486,53.2357
809,2012-03-20,00:00:00.00,1.23052,63.5391,73.3406
810,2012-03-21,00:00:00.00,0.0172031,45.7647,68.5268
811,2012-03-22,00:00:00.00,2.82944e-308,31.1301,55.7842
812,2012-03-23,00:00:00.00,2.81022e-308,21.7855,36.5287
813,2012-03-24,00:00:00.00,0.101862,16.1452,23.8428
814,2012-03-25,00:00:00.00,13.709,43.0685,24.579
815,2012-03-26,00:00:00.00,0.398867,61.1805,71.0753
816,2012-03-27,00:00:00.00,4.28e-308,42.2958,54.6515
817,2012-03-28,00:00:00.00,0.00697604,29.1612,32.5644
818,2012-03-29,00:00:00.00,0.176584,21.1493,21.3509
819,2012-03-30,00:00:00.00,0.0172747,15.9601,14.5265
820,2012-03-31,00:00:00.00,4.81064,22.1801,11.1852
821,2012-04-01,00:00:00.00,0.119664,26.3791,13.9036
822,2012-04-02,00:00:00.00,0.548233,20.2075,12.2329
823,2012-04-03,00:00:00.00,0.0176391,16.0303,10.5622
824,2012-04-04,00:00:00.00,0.0274863,12.2973,9.08971
825,2012-04-05,00:00:00.00,0.012018,9.89182,8.01367
826,2012-04-06,00:00:00.00,2.15821e-308,8.29308,7.05089
827,2012-04-07,00:00:00.00,3.81e-308,7.25745,6.28634
828,2012-04-08,00:00:00.00,0,6.58431,5.69169
829,2012-04-09,00:00:00.00,0.00395765,6.13052,5.26693
830,2012-04-10,00:00:00.00,0.0150839,5.82557,4.84218
831,2012-04-11,00:00:00.00,0.910043,6.96352,4.58733
832,2012-04-12,00:00:00.00,0.700799,8.59158,4.67228
833,2012-04-13,00:00:00.00,0,8.23583,4.95545
834,2012-04-14,00:00:00.00,0.00100242,7.00787,4.81386
835,2012-04-15,00:00:00.00,0.935714,7.41725,4.72891
836,2012-04-16,00:00:00.00,1.2777,9.26642,4.7006
837,2012-04-17,00:00:00.00,0.00529912,9.10097,4.55901
838,2012-04-18,00:00:00.00,0.0400018,7.3329,4.27584
839,2012-04-19,00:00:00.00,0.0200057,6.23659,3.93604
840,2012-04-20,00:00:00.00,0.0512724,5.55291,3.59624
841,2012-04-21,00:00:00.00,1.09114,6.19003,3.31307
842,2012-04-22,00:00:00.00,9.49373,15.8916,3.85109
843,2012-04-23,00:00:00.00,0.152605,21.3694,4.5307
844,2012-04-24,00:00:00.00,0.391507,15.9445,4.81386
845,2012-04-25,00:00:00.00,0.0669765,12.1543,4.89881
846,2012-04-26,00:00:00.00,0.00792748,9.26164,4.64396
847,2012-04-27,00:00:00.00,0.962369,8.20707,4.27584
848,2012-04-28,00:00:00.00,0.0240102,7.51476,3.76614
849,2012-04-29,00:00:00.00,0.279627,6.36621,3.34139
850,2012-04-30,00:00:00.00,9.0103e-308,5.62143,3.0299
851,2012-05-01,00:00:00.00,15.6944,18.3684,3.68119
852,2012-05-02,00:00:00.00,7.33548,33.8762,18.5475
853,2012-05-03,00:00:00.00,0.0904244,31.2306,29.4495
854,2012-05-04,00:00:00.00,0.355269,22.6778,18.8873
855,2012-05-05,00:00:00.00,5.05593,21.1775,13.0541
856,2012-05-06,00:00:00.00,0.235601,19.9872,12.7992
857,2012-05-07,00:00:00.00,6.2312e-308,14.3391,8.43842
858,2012-05-08,00:00:00.00,13.7804,23.2815,6.20139
859,2012-05-09,00:00:00.00,14.8391,44.2628,29.7327
860,2012-05-10,00:00:00.00,0.256205,47.1306,57.2
861,2012-05-11,00:00:00.00,0.0824843,34.521,42.4753
862,2012-05-12,00:00:00.00,5.85712e-308,24.4324,34.5466
863,2012-05-13,00:00:00.00,0.000546818,17.2125,28.2036
864,2012-05-14,00:00:00.00,0.000169799,12.3054,15.999
865,2012-05-15,00:00:00.00,0.000269033,9.10949,8.69327
866,2012-05-16,00:00:00.00,3.00271e-308,7.08055,6.08812
867,2012-05-17,00:00:00.00,0.05591,5.83088,4.72891
868,2012-05-18,00:00:00.00,5.07765e-308,5.01938,3.82277
869,2012-05-19,00:00:00.00,1.17742e-308,4.44127,3.1998
870,2012-05-20,00:00:00.00,0,4.04015,2.76939
871,2012-05-21,00:00:00.00,3.8069e-308,3.73126,2.41826
872,2012-05-22,00:00:00.00,0.0204612,3.49579,2.1719
873,2012-05-23,00:00:00.00,0.0142797,3.30951,1.93121
874,2012-05-24,00:00:00.00,0.0140218,3.15083,1.85759
875,2012-05-25,00:00:00.00,5.17278e-308,3.00209,1.6622
876,2012-05-26,00:00:00.00,0.244435,2.9815,1.63955
877,2012-05-27,00:00:00.00,0.136811,2.98207,3.79446
878,2012-05-28,00:00:00.00,2.96526,4.15719,5.83327
879,2012-05-29,00:00:00.00,0.143943,4.83439,5.0404
880,2012-05-30,00:00:00.00,1.30888,4.38183,3.45466
881,2012-05-31,00:00:00.00,0.037513,4.02563,2.69576
882,2012-06-01,00:00:00.00,0.000810412,3.26187,2.10111
883,2012-06-02,00:00:00.00,26.7081,11.8023,2.19739
884,2012-06-03,00:00:00.00,0.386549,18.8498,3.90772
885,2012-06-04,00:00:00.00,1.89987,15.8115,6.20139
886,2012-06-05,00:00:00.00,0.269573,12.732,6.00317
887,2012-06-06,00:00:00.00,0.0826879,9.45476,4.92713
888,2012-06-07,00:00:00.00,0.00583887,6.98657,3.42634
889,2012-06-08,00:00:00.00,0.000378489,5.25593,2.48056
890,2012-06-09,00:00:00.00,0.0111437,4.10076,1.83493
891,2012-06-10,00:00:00.00,0.0011854,3.33593,1.38186
892,2012-06-11,00:00:00.00,0,2.81476,1.10436
893,2012-06-12,00:00:00.00,1.21765,2.88148,0.976931
894,2012-06-13,00:00:00.00,0.517785,3.05832,0.948614
895,2012-06-14,00:00:00.00,0.000743842,2.71303,0.900476
896,2012-06-15,00:00:00.00,0,2.31314,0.883486
897,2012-06-16,00:00:00.00,0,2.0437,0.821189
898,2012-06-17,00:00:00.00,0,1.84378,0.767387
899,2012-06-18,00:00:00.00,7.86003,3.42567,0.764555
900,2012-06-19,00:00:00.00,1.70821,4.82519,0.906139
901,2012-06-20,00:00:00.00,0.000373925,3.97849,0.812693
902,2012-06-21,00:00:00.00,0,3.00057,0.719248
903,2012-06-22,00:00:00.00,0.00549124,2.3342,0.673941
904,2012-06-23,00:00:00.00,0.0211094,1.89749,0.639961
905,2012-06-24,00:00:00.00,0.0111401,1.61663,0.668278
906,2012-06-25,00:00:00.00,0.68336,1.52219,0.673941
907,2012-06-26,00:00:00.00,2.15258,1.69763,0.628634
908,2012-06-27,00:00:00.00,0.000157459,1.69935,0.617307
909,2012-06-28,00:00:00.00,0.000758363,1.43544,0.557842
910,2012-06-29,00:00:00.00,0.102295,1.26458,0.535188
911,2012-06-30,00:00:00.00,0.316142,1.16288,0.526693
912,2012-07-01,00:00:00.00,0.00751594,1.07928,0.515367
913,2012-07-02,00:00:00.00,0.406516,1.01108,0.509703
914,2012-07-03,00:00:00.00,1.16433,0.975565,0.509703
915,2012-07-04,00:00:00.00,29.8153,1.06365,1.13267
916,2012-07-05,00:00:00.00,1.92823,2.44358,6.48456
917,2012-07-06,00:00:00.00,1.92439,3.87985,2.97327
918,2012-07-07,00:00:00.00,0.0145419,3.67112,2.80903
919,2012-07-08,00:00:00.00,0.0920584,2.91656,2.60798
920,2012-07-09,00:00:00.00,0.272449,2.24907,2.63913
921,2012-07-10,00:00:00.00,1.4e-308,1.75658,1.79246
922,2012-07-11,00:00:00.00,0.0318274,1.40757,1.22329
923,2012-07-12,00:00:00.00,0.000133565,1.17835,0.940119
924,2012-07-13,00:00:00.00,0.0876027,1.03078,0.801367
925,2012-07-14,00:00:00.00,0.000871445,0.933414,0.713585
926,2012-07-15,00:00:00.00,0.000384581,0.864366,0.668278
927,2012-07-16,00:00:00.00,1.70533,0.833786,0.656951
928,2012-07-17,00:00:00.00,0.0180047,0.816077,0.608812
929,2012-07-18,00:00:00.00,0.000711152,0.79407,0.574832
930,2012-07-19,00:00:00.00,0.0775648,0.779733,0.563505
931,2012-07-20,00:00:00.00,25.2504,0.811693,2.47489
932,2012-07-21,00:00:00.00,0.305876,1.65743,5.46515
933,2012-07-22,00:00:00.00,0.000282087,2.43265,2.27667
934,2012-07-23,00:00:00.00,0.00344763,2.17311,2.09261
935,2012-07-24,00:00:00.00,0.0345631,1.72457,1.39885
936,2012-07-25,00:00:00.00,0.00776951,1.33725,1.43566
937,2012-07-26,00:00:00.00,0.00495006,1.0661,1.2601
938,2012-07-27,00:00:00.00,3.69149,1.05977,0.996753
939,2012-07-28,00:00:00.00,4.83327,1.22177,0.923129
940,2012-07-29,00:00:00.00,4.88561,1.3743,0.920297
941,2012-07-30,00:00:00.00,0.0509696,1.3813,0.934456
942,2012-07-31,00:00:00.00,0.000632035,1.17994,0.906139
943,2012-08-01,00:00:00.00,0.037302,0.966637,2.09261
944,2012-08-02,00:00:00.00,0.000977947,0.80824,2.70709
945,2012-08-03,00:00:00.00,0.000204769,0.707853,1.94254
946,2012-08-04,00:00:00.00,0.000492056,0.660255,1.37054
947,2012-08-05,00:00:00.00,0.0555404,0.643382,1.11285
948,2012-08-06,00:00:00.00,5.03103,0.63861,0.965604
949,2012-08-07,00:00:00.00,3.0416e-308,0.645344,0.849505
950,2012-08-08,00:00:00.00,0,0.64082,0.792872
951,2012-08-09,00:00:00.00,0.228925,0.622682,0.741901
952,2012-08-10,00:00:00.00,7.05932,0.625573,0.702258
953,2012-08-11,00:00:00.00,19.3746,0.797115,3.42634
954,2012-08-12,00:00:00.00,3.46232,1.87492,2.37295
955,2012-08-13,00:00:00.00,0.607753,2.88335,5.3802
956,2012-08-14,00:00:00.00,0.528382,2.75744,5.97485
957,2012-08-15,00:00:00.00,7.20934,3.04124,4.19089
958,2012-08-16,00:00:00.00,0.0440885,3.17642,2.86
959,2012-08-17,00:00:00.00,0.118994,2.47425,1.73582
960,2012-08-18,00:00:00.00,0.799986,1.96707,1.2516
961,2012-08-19,00:00:00.00,0.00236887,1.58014,1.04489
962,2012-08-20,00:00:00.00,0.289946,1.25454,0.897644
963,2012-08-21,00:00:00.00,1.29332,1.1727,0.818357
964,2012-08-22,00:00:00.00,1.40886,1.21529,0.761723
965,2012-08-23,00:00:00.00,0.062409,1.10742,0.716416
966,2012-08-24,00:00:00.00,0.0202315,0.898829,1.23461
967,2012-08-25,00:00:00.00,0.000360995,0.753417,2.80337
968,2012-08-26,00:00:00.00,0.000171483,0.654999,2.09261
969,2012-08-27,00:00:00.00,0.000198546,0.59104,1.52345
970,2012-08-28,00:00:00.00,26.1331,1.13029,2.48622
971,2012-08-29,00:00:00.00,0.233535,2.41983,3.0299
972,2012-08-30,00:00:00.00,3.5523e-308,3.00382,1.67919
973,2012-08-31,00:00:00.00,0.0842212,2.5679,1.46398
974,2012-09-01,00:00:00.00,5.1748e-308,1.99192,1.92838
975,2012-09-02,00:00:00.00,0.295576,1.52987,1.81794
976,2012-09-03,00:00:00.00,0.265213,1.22421,1.33372
977,2012-09-04,00:00:00.00,0.201759,1.00661,1.05622
978,2012-09-05,00:00:00.00,11.0716,1.78647,0.900476
979,2012-09-06,00:00:00.00,0.0696852,2.42092,0.82402
980,2012-09-07,00:00:00.00,0.198916,1.94429,0.869327
981,2012-09-08,00:00:00.00,5.54457,2.08418,0.79004
982,2012-09-09,00:00:00.00,28.7819,5.45213,6.59783
983,2012-09-10,00:00:00.00,7.09224,10.1027,7.7305
984,2012-09-11,00:00:00.00,0.018666,11.125,4.04931
985,2012-09-12,00:00:00.00,0.00893889,9.32622,3.00159
986,2012-09-13,00:00:00.00,0.00102631,7.08635,2.88832
987,2012-09-14,00:00:00.00,0.00112827,5.17786,2.12376
988,2012-09-15,00:00:00.00,5.53192,5.54485,1.56875
989,2012-09-16,00:00:00.00,0.15962,5.87016,1.44133
990,2012-09-17,00:00:00.00,3.95279e-308,4.33412,1.13551
991,2012-09-18,00:00:00.00,0.00641196,3.21623,0.965604
992,2012-09-19,00:00:00.00,10.4953,5.82119,1.16099
993,2012-09-20,00:00:00.00,0.855645,8.01149,1.43
994,2012-09-21,00:00:00.00,0.00241433,6.19066,1.01091
995,2012-09-22,00:00:00.00,0.413347,4.69782,0.858
996,2012-09-23,00:00:00.00,31.7863,15.0634,3.56792
997,2012-09-24,00:00:00.00,9.08289,28.6524,4.89881
998,2012-09-25,00:00:00.00,0.715944,29.0945,8.94812
999,2012-09-26,00:00:00.00,1.52305,24.644,6.71109
1000,2012-09-27,00:00:00.00,9.76362,26.6532,5.77664
1001,2012-09-28,00:00:00.00,0.711085,27.3974,5.49347
1002,2012-09-29,00:00:00.00,0.0254231,20.5363,4.61565
1003,2012-09-30,00:00:00.00,0.6795,15.275,4.78555
1004,2012-10-01,00:00:00.00,0.870419,12.293,4.98377
1005,2012-10-02,00:00:00.00,0.0630332,9.72133,3.65287
1006,2012-10-03,00:00:00.00,9.57288,15.7033,3.42634
1007,2012-10-04,00:00:00.00,0.383625,20.1553,3.85109
1008,2012-10-05,00:00:00.00,0.00034546,14.6613,5.72
1009,2012-10-06,00:00:00.00,9.64975,19.4688,6.28634
1010,2012-10-07,00:00:00.00,11.7586,34.4802,12.2046
1011,2012-10-08,00:00:00.00,4.94301,41.9734,11.7232
1012,2012-10-09,00:00:00.00,0.402568,36.4558,13.2806
1013,2012-10-10,00:00:00.00,0.0011982,26.5925,9.48614
1014,2012-10-11,00:00:00.00,6.29168,26.7578,7.3907
1015,2012-10-12,00:00:00.00,0.000634899,26.8246,6.37129
1016,2012-10-13,00:00:00.00,0.284269,19.308,4.81386
1017,2012-10-14,00:00:00.00,1.40948,16.0354,3.82277
1018,2012-10-15,00:00:00.00,3.35768,17.9231,3.1998
1019,2012-10-16,00:00:00.00,3.02003,21.2497,3.08654
1020,2012-10-17,00:00:00.00,0.154188,19.2235,2.86
1021,2012-10-18,00:00:00.00,0.0224362,13.9683,4.44574
1022,2012-10-19,00:00:00.00,1.65065,12.4702,4.8705
1023,2012-10-20,00:00:00.00,2.33879,14.5042,4.58733
1024,2012-10-21,00:00:00.00,1.4475,15.5515,3.0299
1025,2012-10-22,00:00:00.00,0.366329,13.6757,2.24269
1026,2012-10-23,00:00:00.00,0.0132363,10.5825,1.94254
1027,2012-10-24,00:00:00.00,6.91883,16.8756,2.23986
1028,2012-10-25,00:00:00.00,0.513758,21.6945,4.67228
1029,2012-10-26,00:00:00.00,0.00570353,16.043,5.12535
1030,2012-10-27,00:00:00.00,1.95179,14.099,4.84218
1031,2012-10-28,00:00:00.00,24.7529,44.421,17.9529
1032,2012-10-29,00:00:00.00,19.2536,92.7965,44.7406
1033,2012-10-30,00:00:00.00,38.7297,165.46,107.038
1034,2012-10-31,00:00:00.00,46.1969,346.052,438.911
1035,2012-11-01,00:00:00.00,20.9962,460.364,416.258
1036,2012-11-02,00:00:00.00,8.34075,393.67,314.317
1037,2012-11-03,00:00:00.00,0.753584,286.299,199.067
1038,2012-11-04,00:00:00.00,1.53517,198.66,124.877
1039,2012-11-05,00:00:00.00,0.154015,136.653,86.9327
1040,2012-11-06,00:00:00.00,0.136704,90.9057,58.0495
1041,2012-11-07,00:00:00.00,0.103499,60.8533,32.8475
1042,2012-11-08,00:00:00.00,0.000480364,41.3328,20.4164
1043,2012-11-09,00:00:00.00,0.00319899,28.6072,15.4044
1044,2012-11-10,00:00:00.00,0.129405,20.9047,12.3178
1045,2012-11-11,00:00:00.00,3.51582,26.5836,11.0436
1046,2012-11-12,00:00:00.00,1.513e-308,29.7384,10.6188
1047,2012-11-13,00:00:00.00,16.7559,69.8516,11.3834
1048,2012-11-14,00:00:00.00,0.871578,97.2857,26.0798
1049,2012-11-15,00:00:00.00,0.0562012,66.9853,29.1664
1050,2012-11-16,00:00:00.00,2.4929e-308,45.8824,21.2943
1051,2012-11-17,00:00:00.00,0.0088183,31.5439,16.1406
1052,2012-11-18,00:00:00.00,0.00945423,22.4033,12.5727
1053,2012-11-19,00:00:00.00,2.44958e-308,16.5627,10.5056
1054,2012-11-20,00:00:00.00,0.00049483,12.8296,9.11802
1055,2012-11-21,00:00:00.00,0.00010363,10.4629,8.29684
1056,2012-11-22,00:00:00.00,0.00443772,8.9663,7.19248
1057,2012-11-23,00:00:00.00,0.00155082,8.00771,5.60674
1058,2012-11-24,00:00:00.00,3.39087,16.1584,5.2103
1059,2012-11-25,00:00:00.00,1.5169,23.2609,5.66337
1060,2012-11-26,00:00:00.00,1.01461,21.0661,6.59783
1061,2012-11-27,00:00:00.00,0.0790885,18.3272,6.31466
1062,2012-11-28,00:00:00.00,0.298225,14.7903,6.20139
1063,2012-11-29,00:00:00.00,0.161063,12.3358,6.08812
1064,2012-11-30,00:00:00.00,0.00413156,10.5421,5.83327
1065,2012-12-01,00:00:00.00,0.0131966,9.02298,5.63505
1066,2012-12-02,00:00:00.00,0.00024235,7.97885,5.32357
1067,2012-12-03,00:00:00.00,14.2885,41.1299,17.3865
1068,2012-12-04,00:00:00.00,0.156455,63.1642,42.4753
1069,2012-12-05,00:00:00.00,12.5078,73.9366,37.3782
1070,2012-12-06,00:00:00.00,0.00563153,80.853,58.0495
1071,2012-12-07,00:00:00.00,9.33433e-308,55.0357,62.2971
1072,2012-12-08,00:00:00.00,4.84927,50.1327,43.0416
1073,2012-12-09,00:00:00.00,3.03627,54.646,33.9802
1074,2012-12-10,00:00:00.00,4.37249,56.4732,33.4139
1075,2012-12-11,00:00:00.00,11.0498,78.6388,51.2535
1076,2012-12-12,00:00:00.00,1.10039,83.319,84.9505
1077,2012-12-13,00:00:00.00,0.063026,58.7678,66.5446
1078,2012-12-14,00:00:00.00,0.031513,41.316,50.6872
1079,2012-12-15,00:00:00.00,0,28.81,43.6079
1080,2012-12-16,00:00:00.00,0.924939,23.1805,31.7149
1081,2012-12-17,00:00:00.00,0.671934,21.3605,20.105
1082,2012-12-18,00:00:00.00,0.534271,19.0971,15.6875
1083,2012-12-19,00:00:00.00,15.77,48.4646,56.6337
1084,2012-12-20,00:00:00.00,1.05855,74.6088,75.8891
1085,2012-12-21,00:00:00.00,17.802,108.748,52.9525
1086,2012-12-22,00:00:00.00,15.4736,147.308,61.1644
1087,2012-12-23,00:00:00.00,1.6991,131.106,69.6594
1088,2012-12-24,00:00:00.00,0.0700115,95.6744,57.4832
1089,2012-12-25,00:00:00.00,1.49608,65.5045,46.4396
1090,2012-12-26,00:00:00.00,0.295042,46.2601,38.2277
1091,2012-12-27,00:00:00.00,20.3089,44.2659,31.7149
1092,2012-12-28,00:00:00.00,1.81356,44.1218,28.1186
1093,2012-12-29,00:00:00.00,0.098508,32.1765,26.6462
1094,2012-12-30,00:00:00.00,4.51328,25.7154,26.4196
1095,2012-12-31,00:00:00.00,0.81637,21.7552,26.5895
1096,2013-01-01,00:00:00.00,1.1966,17.0965,24.4658
1097,2013-01-02,00:00:00.00,0.667515,13.9924,24.3242
1098,2013-01-03,00:00:00.00,0.219539,11.4885,24.664
1099,2013-01-04,00:00:00.00,0.441517,9.85949,21.5208
1100,2013-01-05,00:00:00.00,0.294147,8.82078,21.266
1101,2013-01-06,00:00:00.00,0.202579,8.23497,20.8695
1102,2013-01-07,00:00:00.00,1.05931,9.246,22.4836
1103,2013-01-08,00:00:00.00,0.267723,13.1125,22.3986
1104,2013-01-09,00:00:00.00,0.00425205,15.2438,22.0305
1105,2013-01-10,00:00:00.00,0.852362,19.0992,25.117
1106,2013-01-11,00:00:00.00,5.19937e-308,32.8981,36.2456
1107,2013-01-12,00:00:00.00,11.1289,77.7053,77.8713
1108,2013-01-13,00:00:00.00,0.330827,123.567,146.115
1109,2013-01-14,00:00:00.00,7.60094,138.336,134.222
1110,2013-01-15,00:00:00.00,0.718581,118.151,110.719
1111,2013-01-16,00:00:00.00,0.0259476,77.8366,90.8971
1112,2013-01-17,00:00:00.00,0.00466535,52.1887,69.6594
1113,2013-01-18,00:00:00.00,0.910939,38.0163,47.006
1114,2013-01-19,00:00:00.00,0.340863,29.8266,29.4495
1115,2013-01-20,00:00:00.00,0.0102983,23.9553,20.2182
1116,2013-01-21,00:00:00.00,0.200227,22.4846,16.3105
1117,2013-01-22,00:00:00.00,1.16099,21.6474,12.7709
1118,2013-01-23,00:00:00.00,0.810362,19.1174,11.4966
1119,2013-01-24,00:00:00.00,0.801489,16.9129,11.3834
1120,2013-01-25,00:00:00.00,1.58494,14.8553,11.3834
1121,2013-01-26,00:00:00.00,1.95656,12.9834,11.8931
1122,2013-01-27,00:00:00.00,1.10089,11.3907,11.6949
1123,2013-01-28,00:00:00.00,0.454115,10.1253,11.2984
1124,2013-01-29,00:00:00.00,13.4535,42.442,19.2555
1125,2013-01-30,00:00:00.00,4.69108,96.2362,77.0218
1126,2013-01-31,00:00:00.00,12.5762,139.37,191.705
1127,2013-02-01,00:00:00.00,2.64179,133.657,193.97
1128,2013-02-02,00:00:00.00,2.46058,87.8536,125.444
1129,2013-02-03,00:00:00.00,3.99068,58.602,80.4198
1130,2013-02-04,00:00:00.00,1.2682,39.9898,56.3505
1131,2013-02-05,00:00:00.00,1.94009,28.1343,37.9446
1132,2013-02-06,00:00:00.00,0.892419,20.6017,27.3541
1133,2013-02-07,00:00:00.00,0.417635,15.82,23.7012
1134,2013-02-08,00:00:00.00,0.0251546,12.7786,20.0766
1135,2013-02-09,00:00:00.00,10.7751,14.8641,27.4107
1136,2013-02-10,00:00:00.00,0.487936,16.1486,28.3168
1137,2013-02-11,00:00:00.00,0.201261,13.1921,26.3913
1138,2013-02-12,00:00:00.00,1.13233,17.5847,53.5188
1139,2013-02-13,00:00:00.00,0.264174,41.5892,92.5961
1140,2013-02-14,00:00:00.00,0.0158646,50.5316,67.6773
1141,2013-02-15,00:00:00.00,0.71311,35.8822,46.7228
1142,2013-02-16,00:00:00.00,0.224811,30.6924,37.0951
1143,2013-02-17,00:00:00.00,2.34217,26.2602,26.9576
1144,2013-02-18,00:00:00.00,2.14084,19.4336,19.5386
1145,2013-02-19,00:00:00.00,0.0921562,15.1778,12.9408
1146,2013-02-20,00:00:00.00,9.55075,26.8146,19.7935
1147,2013-02-21,00:00:00.00,0.989135,37.145,21.7757
1148,2013-02-22,00:00:00.00,0.821172,29.3362,22.2287
1149,2013-02-23,00:00:00.00,1.5905,22.7627,20.02
1150,2013-02-24,00:00:00.00,0.0244314,18.6043,19.2271
1151,2013-02-25,00:00:00.00,0.309595,20.6037,17.9529
1152,2013-02-26,00:00:00.00,0.0187697,21.8603,16.6503
1153,2013-02-27,00:00:00.00,16.1675,46.8293,22.6252
1154,2013-02-28,00:00:00.00,6.83389,91.2159,103.923
1155,2013-03-01,00:00:00.00,2.4941,116.398,117.798
1156,2013-03-02,00:00:00.00,0.703055,107.207,86.0832
1157,2013-03-03,00:00:00.00,0.995574,73.9393,65.6951
1158,2013-03-04,00:00:00.00,1.93084,49.4244,49.5545
1159,2013-03-05,00:00:00.00,0.506657,34.145,32.5644
1160,2013-03-06,00:00:00.00,0.00931739,24.6917,21.3792
1161,2013-03-07,00:00:00.00,0.054364,19.1112,19.1139
1162,2013-03-08,00:00:00.00,0.675808,24.1467,20.1616
1163,2013-03-09,00:00:00.00,0.373834,27.8956,19.7935
1164,2013-03-10,00:00:00.00,0.0293153,22.1144,17.8396
1165,2013-03-11,00:00:00.00,0.355666,19.1955,17.3299
1166,2013-03-12,00:00:00.00,17.4661,74.0023,21.8323
1167,2013-03-13,00:00:00.00,1.88183,111.845,76.4555
1168,2013-03-14,00:00:00.00,1.99892,80.753,69.9426
1169,2013-03-15,00:00:00.00,0.0602781,56.1345,45.307
1170,2013-03-16,00:00:00.00,2.7325,41.3707,32.5644
1171,2013-03-17,00:00:00.00,8.01946,42.3677,25.9665
1172,2013-03-18,00:00:00.00,0.28632,39.8605,24.0976
1173,2013-03-19,00:00:00.00,7.62827,42.2138,24.8339
1174,2013-03-20,00:00:00.00,2.10234,54.1083,53.5188
1175,2013-03-21,00:00:00.00,1.51616,47.4387,70.7921
1176,2013-03-22,00:00:00.00,1.91276,32.8328,53.802
1177,2013-03-23,00:00:00.00,1.35018,24.0455,44.4574
1178,2013-03-24,00:00:00.00,0.0364254,18.5269,34.5466
1179,2013-03-25,00:00:00.00,0.00214741,16.0646,27.6939
1180,2013-03-26,00:00:00.00,4.35132,21.8212,25.5701
1181,2013-03-27,00:00:00.00,2.20408,34.1698,26.0232
1182,2013-03-28,00:00:00.00,1.39119,44.0862,39.9268
1183,2013-03-29,00:00:00.00,1.54596,47.9876,76.4555
1184,2013-03-30,00:00:00.00,0.0127512,40.9515,94.2951
1185,2013-03-31,00:00:00.00,0.0081881,28.4875,87.2159
1186,2013-04-01,00:00:00.00,1.41425,24.8522,62.2971
1187,2013-04-02,00:00:00.00,1.30425,25.0261,41.0594
1188,2013-04-03,00:00:00.00,0.408304,21.9763,27.8638
1189,2013-04-04,00:00:00.00,0.0421273,17.5638,19.5669
1190,2013-04-05,00:00:00.00,0.0145789,13.6702,14.6681
1191,2013-04-06,00:00:00.00,0.0260003,11.4855,11.8081
1192,2013-04-07,00:00:00.00,0.000109842,10.0733,9.93921
1193,2013-04-08,00:00:00.00,0.080079,9.06286,8.83486
1194,2013-04-09,00:00:00.00,0.000706496,8.36787,7.84377
1195,2013-04-10,00:00:00.00,1.0308,10.0884,7.19248
1196,2013-04-11,00:00:00.00,11.9331,38.0408,9.06139
1197,2013-04-12,00:00:00.00,3.23174,60.6971,52.103
1198,2013-04-13,00:00:00.00,8.62917,67.5612,85.8
1199,2013-04-14,00:00:00.00,1.15538,67.4748,88.9149
1200,2013-04-15,00:00:00.00,0.0238777,48.2931,79.004
1201,2013-04-16,00:00:00.00,0.0730832,33.2933,62.8634
1202,2013-04-17,00:00:00.00,3.06331,29.9898,44.1743
1203,2013-04-18,00:00:00.00,0.199925,28.0306,31.998
1204,2013-04-19,00:00:00.00,0.000983954,20.142,21.3509
1205,2013-04-20,00:00:00.00,7.58854,29.6194,25.74
1206,2013-04-21,00:00:00.00,1.6587,38.2152,29.7327
1207,2013-04-22,00:00:00.00,0.00562107,29.3435,23.9561
1208,2013-04-23,00:00:00.00,0.000634983,21.1679,17.7263
1209,2013-04-24,00:00:00.00,0.0338936,15.4622,13.0541
1210,2013-04-25,00:00:00.00,13.6975,36.3651,16.9052
1211,2013-04-26,00:00:00.00,1.77489,53.4103,31.998
1212,2013-04-27,00:00:00.00,0.0135382,39.9889,30.5822
1213,2013-04-28,00:00:00.00,2.71943e-308,27.6648,23.3331
1214,2013-04-29,00:00:00.00,5.1899,28.6758,18.236
1215,2013-04-30,00:00:00.00,3.77044,35.9111,18.3493
1216,2013-05-01,00:00:00.00,0.311226,31.8682,22.2287
1217,2013-05-02,00:00:00.00,5.36233e-308,22.5562,28.8832
1218,2013-05-03,00:00:00.00,2.51666e-308,15.9692,22.7667
1219,2013-05-04,00:00:00.00,0,11.7825,15.8291
1220,2013-05-05,00:00:00.00,0,9.14156,10.5056
1221,2013-05-06,00:00:00.00,0,7.46785,7.92872
1222,2013-05-07,00:00:00.00,0,6.39482,6.39961
1223,2013-05-08,00:00:00.00,0.0135802,5.70314,5.40852
1224,2013-05-09,00:00:00.00,3.62619,9.56577,4.84218
1225,2013-05-10,00:00:00.00,0.230899,12.1648,5.35188
1226,2013-05-11,00:00:00.00,15.5419,26.5523,13.6204
1227,2013-05-12,00:00:00.00,4.61863,41.6136,34.2634
1228,2013-05-13,00:00:00.00,1.23605,36.2973,16.5937
1229,2013-05-14,00:00:00.00,0.0652862,27.2329,11.2418
1230,2013-05-15,00:00:00.00,0.067174,19.4622,8.72159
1231,2013-05-16,00:00:00.00,0.189144,14.308,7.02258
1232,2013-05-17,00:00:00.00,0.0004149,10.7536,5.57842
1233,2013-05-18,00:00:00.00,0.00399501,8.20262,4.38911
1234,2013-05-19,00:00:00.00,0.00432605,6.5937,3.51129
1235,2013-05-20,00:00:00.00,0.00285692,5.55523,2.97327
1236,2013-05-21,00:00:00.00,0.0116906,4.86356,2.58816
1237,2013-05-22,00:00:00.00,0.050724,4.42227,2.27101
1238,2013-05-23,00:00:00.00,0.207011,4.24946,1.67069
1239,2013-05-24,00:00:00.00,10.3733,11.8039,2.4126
1240,2013-05-25,00:00:00.00,0.860946,17.2452,2.54568
1241,2013-05-26,00:00:00.00,0.00336082,13.0731,2.1266
1242,2013-05-27,00:00:00.00,6.0729e-308,9.61535,1.78396
1243,2013-05-28,00:00:00.00,3.13671,9.60291,1.63388
1244,2013-05-29,00:00:00.00,24.3709,27.3103,5.29525
1245,2013-05-30,00:00:00.00,0.75855,39.0838,20.3315
1246,2013-05-31,00:00:00.00,0.250426,29.8131,15.8574
1247,2013-06-01,00:00:00.00,12.8321,32.8063,16.1123
1248,2013-06-02,00:00:00.00,1.58629,36.2685,24.2959
1249,2013-06-03,00:00:00.00,28.8357,55.6018,66.8278
1250,2013-06-04,00:00:00.00,0.0097128,70.6965,46.1565
1251,2013-06-05,00:00:00.00,0.00789571,53.6127,22.4836
1252,2013-06-06,00:00:00.00,0.083795,38.2557,16.537
1253,2013-06-07,00:00:00.00,28.4532,64.6011,15.7442
1254,2013-06-08,00:00:00.00,0.476737,85.9224,76.4555
1255,2013-06-09,00:00:00.00,0.0590817,63.081,68.2436
1256,2013-06-10,00:00:00.00,0.0334339,43.7927,39.6436
1257,2013-06-11,00:00:00.00,11.1522,47.697,34.8297
1258,2013-06-12,00:00:00.00,1.06604,51.9946,54.9347
1259,2013-06-13,00:00:00.00,0.863888,38.3836,40.7763
1260,2013-06-14,00:00:00.00,17.7484,55.3845,93.1624
1261,2013-06-15,00:00:00.00,0.062062,66.2949,104.772
1262,2013-06-16,00:00:00.00,0.043851,45.7786,56.9169
1263,2013-06-17,00:00:00.00,0.572445,32.0642,25.9949
1264,2013-06-18,00:00:00.00,0.673338,23.8566,14.1867
1265,2013-06-19,00:00:00.00,2.66979,21.6664,12.8275
1266,2013-06-20,00:00:00.00,0.00224315,19.1989,12.7709
1267,2013-06-21,00:00:00.00,0.00757175,13.6079,7.5606
1268,2013-06-22,00:00:00.00,0.00020037,10.067,5.18198
1269,2013-06-23,00:00:00.00,0.000188967,7.79008,3.82277
1270,2013-06-24,00:00:00.00,0.386478,6.7739,3.00159
1271,2013-06-25,00:00:00.00,0.078097,6.174,2.42959
1272,2013-06-26,00:00:00.00,14.1007,19.544,2.24269
1273,2013-06-27,00:00:00.00,9.61231,38.1772,4.21921
1274,2013-06-28,00:00:00.00,14.2905,52.1349,5.69169
1275,2013-06-29,00:00:00.00,4.07751,57.781,71.0753
1276,2013-06-30,00:00:00.00,12.8657,62.5335,111.568
1277,2013-07-01,00:00:00.00,0.292973,61.2021,88.3486
1278,2013-07-02,00:00:00.00,0.340673,44.0191,42.4753
1279,2013-07-03,00:00:00.00,0.0281581,30.685,19.2838
1280,2013-07-04,00:00:00.00,1.51243,23.1149,10.7604
1281,2013-07-05,00:00:00.00,6.53207,26.6748,10.0808
1282,2013-07-06,00:00:00.00,1.36708,28.7476,13.5921
1283,2013-07-07,00:00:00.00,1.53477,23.4284,16.3671
1284,2013-07-08,00:00:00.00,0.520667,18.7654,12.9691
1285,2013-07-09,00:00:00.00,11.6351,27.5494,14.7531
1286,2013-07-10,00:00:00.00,6.03856,40.1582,82.402
1287,2013-07-11,00:00:00.00,38.8153,82.6091,123.745
1288,2013-07-12,00:00:00.00,0.211521,111.834,199.634
1289,2013-07-13,00:00:00.00,0.0137901,85.6629,145.549
1290,2013-07-14,00:00:00.00,0.000143238,60.1215,76.1723
1291,2013-07-15,00:00:00.00,0.0231866,40.715,54.0852
1292,2013-07-16,00:00:00.00,0.0100331,27.4166,48.4218
1293,2013-07-17,00:00:00.00,0.250056,19.0976,29.4495
1294,2013-07-18,00:00:00.00,0.0318348,13.8527,12.1196
1295,2013-07-19,00:00:00.00,0.0209598,10.2071,7.13585
1296,2013-07-20,00:00:00.00,2.91933,11.6378,5.80495
1297,2013-07-21,00:00:00.00,27.5892,46.0774,191.705
1298,2013-07-22,00:00:00.00,0.137895,67.3272,101.374
1299,2013-07-23,00:00:00.00,2.95973,52.3742,45.8733
1300,2013-07-24,00:00:00.00,9.81237,54.2822,37.0951
1301,2013-07-25,00:00:00.00,0.0274189,51.4106,27.8638
1302,2013-07-26,00:00:00.00,0.00847016,35.3961,19.9351
1303,2013-07-27,00:00:00.00,0.00396622,24.2816,18.2927
1304,2013-07-28,00:00:00.00,7.45685,27.4423,16.084
1305,2013-07-29,00:00:00.00,1.39855,31.5178,10.1091
1306,2013-07-30,00:00:00.00,0.0352179,23.6739,6.76773
1307,2013-07-31,00:00:00.00,0.00341866,16.5664,5.2103
1308,2013-08-01,00:00:00.00,0.0504639,11.9703,4.47406
1309,2013-08-02,00:00:00.00,2.7678,12.4261,4.58733
1310,2013-08-03,00:00:00.00,0.978516,13.7794,3.53961
1311,2013-08-04,00:00:00.00,0.467085,11.7328,2.86
1312,2013-08-05,00:00:00.00,0.0931992,9.35934,2.5117
1313,2013-08-06,00:00:00.00,0.0346972,7.35309,2.25402
1314,2013-08-07,00:00:00.00,0.0024753,5.97906,2.54002
1315,2013-08-08,00:00:00.00,5.88426,10.5251,3.08654
1316,2013-08-09,00:00:00.00,5.97005,18.7823,3.11485
1317,2013-08-10,00:00:00.00,4.29621,22.5979,9.00476
1318,2013-08-11,00:00:00.00,0.0992932,19.8911,29.1664
1319,2013-08-12,00:00:00.00,0.0252203,14.1461,21.804
1320,2013-08-13,00:00:00.00,2.40415,12.3122,10.1941
1321,2013-08-14,00:00:00.00,10.9845,20.53,33.1307
1322,2013-08-15,00:00:00.00,0.238588,24.3663,32.2812
1323,2013-08-16,00:00:00.00,6.7275e-308,17.5412,12.9974
1324,2013-08-17,00:00:00.00,0.00916419,12.52,6.48456
1325,2013-08-18,00:00:00.00,0.00623742,9.14381,4.16258
1326,2013-08-19,00:00:00.00,0.00784289,6.93492,2.88832
1327,2013-08-20,00:00:00.00,0.000872529,5.50316,2.28517
1328,2013-08-21,00:00:00.00,0.0101567,4.58119,1.83493
1329,2013-08-22,00:00:00.00,0.00862671,3.97718,1.50929
1330,2013-08-23,00:00:00.00,0.0133863,3.56197,1.27426
1331,2013-08-24,00:00:00.00,0.00994407,3.26623,1.11285
1332,2013-08-25,00:00:00.00,0.00892517,3.045,0.976931
1333,2013-08-26,00:00:00.00,0.00759411,2.87203,0.874991
1334,2013-08-27,00:00:00.00,3.07486,4.3034,0.815525
1335,2013-08-28,00:00:00.00,9.14906,9.67505,1.32523
1336,2013-08-29,00:00:00.00,19.7767,21.7433,44.1743
1337,2013-08-30,00:00:00.00,0.165348,26.8372,46.7228
1338,2013-08-31,00:00:00.00,0.0244963,20.572,24.6357
1339,2013-09-01,00:00:00.00,0.0617545,14.9662,12.2895
1340,2013-09-02,00:00:00.00,2.20652,12.2356,7.41901
1341,2013-09-03,00:00:00.00,0.407009,10.5726,5.8899
1342,2013-09-04,00:00:00.00,0.00818089,8.00157,5.35188
1343,2013-09-05,00:00:00.00,0.00778712,6.05244,3.99268
1344,2013-09-06,00:00:00.00,0.00122391,4.78618,3.25644
1345,2013-09-07,00:00:00.00,0.0086429,3.96228,2.97327
1346,2013-09-08,00:00:00.00,0.00309206,3.42654,2.41543
1347,2013-09-09,00:00:00.00,0.0146613,3.06626,1.94254
1348,2013-09-10,00:00:00.00,0.110453,2.8656,1.59141
1349,2013-09-11,00:00:00.00,0.0442735,2.72592,1.40452
1350,2013-09-12,00:00:00.00,0.00516531,2.54869,1.33372
1351,2013-09-13,00:00:00.00,12.3016,7.57963,1.23461
1352,2013-09-14,00:00:00.00,3.30594,12.5271,2.05014
1353,2013-09-15,00:00:00.00,0.0175853,10.7571,2.09545
1354,2013-09-16,00:00:00.00,0.324571,8.14543,2.16058
1355,2013-09-17,00:00:00.00,0.344159,6.42806,2.27951
1356,2013-09-18,00:00:00.00,0.00841624,5.09817,3.00159
1357,2013-09-19,00:00:00.00,0.00361566,4.05143,2.27667
1358,2013-09-20,00:00:00.00,0.137982,3.41982,1.75564
1359,2013-09-21,00:00:00.00,6.74722,5.92925,2.6986
1360,2013-09-22,00:00:00.00,25.9336,19.0192,33.4139
1361,2013-09-23,00:00:00.00,0.772545,27.3012,97.9763
1362,2013-09-24,00:00:00.00,0.0520197,22.2698,53.5188
1363,2013-09-25,00:00:00.00,0.00422413,16.7488,24.0127
1364,2013-09-26,00:00:00.00,0.000827759,12.25,13.2523
1365,2013-09-27,00:00:00.00,0.18035,9.10996,8.38179
1366,2013-09-28,00:00:00.00,0.00795331,6.96474,6.08812
1367,2013-09-29,00:00:00.00,0.00748918,5.42436,4.61565
1368,2013-09-30,00:00:00.00,0.00783965,4.41708,3.59624
1369,2013-10-01,00:00:00.00,0.425622,4.02289,2.94495
1370,2013-10-02,00:00:00.00,0.0527339,3.78191,2.54002
1371,2013-10-03,00:00:00.00,0.00522257,3.34201,2.31632
1372,2013-10-04,00:00:00.00,1.19631,3.68951,2.07279
1373,2013-10-05,00:00:00.00,0.803657,4.3256,3.42634
1374,2013-10-06,00:00:00.00,3.05655,5.65819,3.65287
1375,2013-10-07,00:00:00.00,4.6017,8.50611,8.77822
1376,2013-10-08,00:00:00.00,17.8384,18.4089,28.6
1377,2013-10-09,00:00:00.00,0.00786889,23.7616,28.6
1378,2013-10-10,00:00:00.00,0.00248174,18.0975,19.7652
1379,2013-10-11,00:00:00.00,0.0284954,13.3097,13.1957
1380,2013-10-12,00:00:00.00,0.0362816,9.80144,8.55169
1381,2013-10-13,00:00:00.00,0.0201533,7.37056,6.31466
1382,2013-10-14,00:00:00.00,0.226213,5.87841,4.95545
1383,2013-10-15,00:00:00.00,0.000959336,4.88675,4.13426
1384,2013-10-16,00:00:00.00,1.07886,4.8128,3.65287
1385,2013-10-17,00:00:00.00,20.579,18.359,13.139
1386,2013-10-18,00:00:00.00,3.84091,30.7025,30.8654
1387,2013-10-19,00:00:00.00,1.94578,27.739,60.3149
1388,2013-10-20,00:00:00.00,11.4735,32.4644,51.8198
1389,2013-10-21,00:00:00.00,0.580185,34.93,73.3406
1390,2013-10-22,00:00:00.00,3.17734,29.6783,45.307
1391,2013-10-23,00:00:00.00,1.49296,26.4386,27.5806
1392,2013-10-24,00:00:00.00,7.92517,29.8837,23.4747
1393,2013-10-25,00:00:00.00,8.49554,39.6709,59.1822
1394,2013-10-26,00:00:00.00,1.1967,40.3564,101.941
1395,2013-10-27,00:00:00.00,1.67667,33.9704,66.5446
1396,2013-10-28,00:00:00.00,0.115668,26.4945,45.307
1397,2013-10-29,00:00:00.00,0.0641316,19.1328,32.8475
1398,2013-10-30,00:00:00.00,0,13.9959,21.9172
1399,2013-10-31,00:00:00.00,0.0131884,10.5536,16.537
1400,2013-11-01,00:00:00.00,16.7178,32.433,17.2166
1401,2013-11-02,00:00:00.00,3.77089,53.3859,60.8812
1402,2013-11-03,00:00:00.00,7.52953,55.7184,84.9505
1403,2013-11-04,00:00:00.00,0.0612722,51.5269,134.788
1404,2013-11-05,00:00:00.00,0.000163247,36.3155,82.402
1405,2013-11-06,00:00:00.00,0.00487466,25.5311,42.1921
1406,2013-11-07,00:00:00.00,7.08792,30.9408,27.0992
1407,2013-11-08,00:00:00.00,9.27632,51.439,48.1386
1408,2013-11-09,00:00:00.00,3.50414,58.4096,55.7842
1409,2013-11-10,00:00:00.00,0.208378,47.3524,58.3327
1410,2013-11-11,00:00:00.00,0.348832,34.6579,42.4753
1411,2013-11-12,00:00:00.00,6.65973,37.5271,29.7327
1412,2013-11-13,00:00:00.00,7.24904,44.984,39.0772
1413,2013-11-14,00:00:00.00,0.167526,37.7722,38.2277
1414,2013-11-15,00:00:00.00,0.000313609,26.7736,33.4139
1415,2013-11-16,00:00:00.00,0,24.7706,31.998
1416,2013-11-17,00:00:00.00,0.000977842,23.4515,29.4495
1417,2013-11-18,00:00:00.00,12.8745,45.7375,25.5418
1418,2013-11-19,00:00:00.00,0.0884197,60.7162,57.4832
1419,2013-11-20,00:00:00.00,0.0959813,41.9351,62.0139
1420,2013-11-21,00:00:00.00,4.78108e-308,29.2972,41.3426
1421,2013-11-22,00:00:00.00,2.65216,27.0225,32.5644
1422,2013-11-23,00:00:00.00,4.52876,35.9182,28.1753
1423,2013-11-24,00:00:00.00,1.46191,36.483,33.1307
1424,2013-11-25,00:00:00.00,0.639417,26.4603,24.4941
1425,2013-11-26,00:00:00.00,0.362105,19.0862,18.6325
1426,2013-11-27,00:00:00.00,5.02135,16.5217,15.6026
1427,2013-11-28,00:00:00.00,2.14726,17.7019,14.5265
1428,2013-11-29,00:00:00.00,0.601113,16.2793,14.3
1429,2013-11-30,00:00:00.00,2.61153,13.1464,14.0168
1430,2013-12-01,00:00:00.00,0.0308235,11.1647,13.5355
1431,2013-12-02,00:00:00.00,0.00916177,9.30407,13.3372
1432,2013-12-03,00:00:00.00,0.0288195,16.5982,14.9796
1433,2013-12-04,00:00:00.00,0.0625592,21.4032,19.3121
1434,2013-12-05,00:00:00.00,0.0654445,16.1515,23.7861
1435,2013-12-06,00:00:00.00,2.11985,17.7455,28.8832
1436,2013-12-07,00:00:00.00,4.93783,21.0624,28.3168
1437,2013-12-08,00:00:00.00,0.527821,18.1022,27.6939
1438,2013-12-09,00:00:00.00,0.533676,13.7565,24.126
1439,2013-12-10,00:00:00.00,0.82261,10.9822,20.4731
1440,2013-12-11,00:00:00.00,0.758723,10.6378,17.7263
1441,2013-12-12,00:00:00.00,1.77637,10.4215,14.7814
1442,2013-12-13,00:00:00.00,0.578912,8.85927,10.364
1443,2013-12-14,00:00:00.00,0.253971,7.86167,9.82595
1444,2013-12-15,00:00:00.00,15.3053,13.3536,11.6949
1445,2013-12-16,00:00:00.00,5.29302,16.9927,10.9303
1446,2013-12-17,00:00:00.00,1.8663,13.1634,9.88258
1447,2013-12-18,00:00:00.00,3.63068,10.5655,10.8737
1448,2013-12-19,00:00:00.00,0.913188,8.94067,12.1762
1449,2013-12-20,00:00:00.00,0.786448,9.23155,12.4028
1450,2013-12-21,00:00:00.00,4.90159,31.5245,56.9169
1451,2013-12-22,00:00:00.00,41.002,209.919,178.396
1452,2013-12-23,00:00:00.00,8.32412,334.606,368.119
1453,2013-12-24,00:00:00.00,0.671945,251.302,269.576
1454,2013-12-25,00:00:00.00,1.85617,166.544,173.299
1455,2013-12-26,00:00:00.00,0.14793,110.089,137.054
1456,2013-12-27,00:00:00.00,1.44483,73.1546,103.923
1457,2013-12-28,00:00:00.00,0.559753,50.1291,63.7129
1458,2013-12-29,00:00:00.00,0,35.1349,33.1307
1459,2013-12-30,00:00:00.00,2.01676,37.7969,30.5822
1460,2013-12-31,00:00:00.00,1.12913,39.471,33.1307
1461,2014-01-01,00:00:00.00,2.5894,27.7426,26.3913
1462,2014-01-02,00:00:00.00,4.83528,20.3675,20.4164
1463,2014-01-03,00:00:00.00,9.33794,15.6941,17.1034
1464,2014-01-04,00:00:00.00,0.809161,12.729,12.4877
1465,2014-01-05,00:00:00.00,0.00270301,10.8512,11.1002
1466,2014-01-06,00:00:00.00,8.09646,20.66,14.1301
1467,2014-01-07,00:00:00.00,5.45806,31.017,42.1921
1468,2014-01-08,00:00:00.00,0.251507,26.5822,22.3703
1469,2014-01-09,00:00:00.00,0.308011,19.6423,21.0961
1470,2014-01-10,00:00:00.00,0.631003,15.239,21.5491
1471,2014-01-11,00:00:00.00,4.29659,23.7443,20.6713
1472,2014-01-12,00:00:00.00,13.5994,94.8293,63.9961
1473,2014-01-13,00:00:00.00,0.469824,160.372,132.806
1474,2014-01-14,00:00:00.00,1.75469,142.316,112.701
1475,2014-01-15,00:00:00.00,1.71601,102.589,94.2951
1476,2014-01-16,00:00:00.00,1.20689,72.6869,87.2159
1477,2014-01-17,00:00:00.00,0.461128,50.7836,66.2614
1478,2014-01-18,00:00:00.00,7.63079,43.9853,47.006
1479,2014-01-19,00:00:00.00,1.41727,44.3088,27.7788
1480,2014-01-20,00:00:00.00,0.662284,40.7012,16.9052
1481,2014-01-21,00:00:00.00,1.1863,38.8409,15.2911
1482,2014-01-22,00:00:00.00,0.18659,38.0147,10.9586
1483,2014-01-23,00:00:00.00,0.584702,35.9519,9.93921
1484,2014-01-24,00:00:00.00,1.23542,32.5562,9.08971
1485,2014-01-25,00:00:00.00,0.11859,28.1338,8.55169
1486,2014-01-26,00:00:00.00,7.27353,23.4142,8.49505
1487,2014-01-27,00:00:00.00,3.28177,19.0563,8.4101
1488,2014-01-28,00:00:00.00,6.67316,15.451,8.32515
1489,2014-01-29,00:00:00.00,0.081052,12.721,8.18357
1490,2014-01-30,00:00:00.00,4.89665e-308,10.798,7.95703
1491,2014-01-31,00:00:00.00,0.0150101,8.88143,7.78713
1492,2014-02-01,00:00:00.00,0.399498,8.07861,7.58891
1493,2014-02-02,00:00:00.00,4.30041,15.3611,7.47565
1494,2014-02-03,00:00:00.00,3.51787,26.8993,36.2456
1495,2014-02-04,00:00:00.00,0.00704556,27.0706,22.4836
1496,2014-02-05,00:00:00.00,1.08764,19.8596,17.3865
1497,2014-02-06,00:00:00.00,13.1826,15.2974,15.5743
1498,2014-02-07,00:00:00.00,1.02588,12.3923,15.3477
1499,2014-02-08,00:00:00.00,0.0724775,10.5477,15.461
1500,2014-02-09,00:00:00.00,0.491925,9.38187,14.6681
1501,2014-02-10,00:00:00.00,4.51315,8.63618,13.5921
1502,2014-02-11,00:00:00.00,0.577678,8.14558,11.4683
1503,2014-02-12,00:00:00.00,0.421278,7.81592,10.0808
1504,2014-02-13,00:00:00.00,0.00941513,7.59463,8.77822
1505,2014-02-14,00:00:00.00,0.627251,7.43846,8.43842
1506,2014-02-15,00:00:00.00,2.80942,7.31838,7.95703
1507,2014-02-16,00:00:00.00,0.401283,7.22118,7.5606
1508,2014-02-17,00:00:00.00,2.11514,7.14199,6.90931
1509,2014-02-18,00:00:00.00,5.86689,7.07704,6.59783
1510,2014-02-19,00:00:00.00,5.16129,13.245,7.70218
1511,2014-02-20,00:00:00.00,0.210276,20.1737,7.41901
1512,2014-02-21,00:00:00.00,14.2137,63.7445,8.72159
1513,2014-02-22,00:00:00.00,4.3328,116.16,112.418
1514,2014-02-23,00:00:00.00,0.239421,124.414,88.9149
1515,2014-02-24,00:00:00.00,0.440344,116.251,91.4634
1516,2014-02-25,00:00:00.00,0.116491,90.4882,83.2515
1517,2014-02-26,00:00:00.00,0.62111,59.8128,63.1466
1518,2014-02-27,00:00:00.00,0.783132,40.7068,55.2178
1519,2014-02-28,00:00:00.00,1.29422,28.9283,41.9089
1520,2014-03-01,00:00:00.00,0.0133029,22.1433,32.2812
1521,2014-03-02,00:00:00.00,1.01837,19.7375,25.2303
1522,2014-03-03,00:00:00.00,3.8126,19.3288,19.6519
1523,2014-03-04,00:00:00.00,0.00461142,19.0103,14.5265
1524,2014-03-05,00:00:00.00,0.00192105,18.9772,11.2701
1525,2014-03-06,00:00:00.00,0.0892681,18.4742,8.60832
1526,2014-03-07,00:00:00.00,0.00265932,17.2996,6.88099
1527,2014-03-08,00:00:00.00,0.000540267,15.6353,6.62614
1528,2014-03-09,00:00:00.00,2.87092,29.3932,7.2208
1529,2014-03-10,00:00:00.00,0.0335045,40.5415,7.13585
1530,2014-03-11,00:00:00.00,0.0301766,31.7496,12.8558
1531,2014-03-12,00:00:00.00,0.180403,48.6798,66.5446
1532,2014-03-13,00:00:00.00,30.0119,96.8862,137.337
1533,2014-03-14,00:00:00.00,0.235077,101.137,111.002
1534,2014-03-15,00:00:00.00,2.44095,73.3845,100.525
1535,2014-03-16,00:00:00.00,0.315309,74.0109,147.248
1536,2014-03-17,00:00:00.00,0.00841343,74.9967,119.497
1537,2014-03-18,00:00:00.00,0.0049318,60.8429,88.6317
1538,2014-03-19,00:00:00.00,0.000843798,49.037,67.1109
1539,2014-03-20,00:00:00.00,9.41182,92.1676,64.2792
1540,2014-03-21,00:00:00.00,1.157,129.605,84.3842
1541,2014-03-22,00:00:00.00,0.30005,108.31,78.4377
1542,2014-03-23,00:00:00.00,0.767339,89.4377,58.6159
1543,2014-03-24,00:00:00.00,0.333789,75.7739,41.9089
1544,2014-03-25,00:00:00.00,0.237349,62.7945,28.6
1545,2014-03-26,00:00:00.00,1.53491,52.1931,20.2749
1546,2014-03-27,00:00:00.00,0.727724,43.2963,15.1212
1547,2014-03-28,00:00:00.00,0.607333,36.5162,11.1002
1548,2014-03-29,00:00:00.00,0.828961,35.1969,22.342
1549,2014-03-30,00:00:00.00,6.62864,47.4212,33.697
1550,2014-03-31,00:00:00.00,1.28105,55.4868,51.2535
1551,2014-04-01,00:00:00.00,0.00173366,44.6457,105.055
1552,2014-04-02,00:00:00.00,0.034906,31.5205,98.5426
1553,2014-04-03,00:00:00.00,0.0001831,22.6136,92.5961
1554,2014-04-04,00:00:00.00,14.5951,60.0416,88.3486
1555,2014-04-05,00:00:00.00,7.35023,105.784,85.8
1556,2014-04-06,00:00:00.00,0.360819,92.0385,123.461
1557,2014-04-07,00:00:00.00,0.000791559,61.6065,97.6931
1558,2014-04-08,00:00:00.00,11.5905,74.4622,74.4733
1559,2014-04-09,00:00:00.00,7.90096,104.945,143
1560,2014-04-10,00:00:00.00,0.0375173,91.8365,124.028
1561,2014-04-11,00:00:00.00,3.3104,70.3145,76.4555
1562,2014-04-12,00:00:00.00,8.87857,80.4715,79.8535
1563,2014-04-13,00:00:00.00,0.0038838,77.6508,66.2614
1564,2014-04-14,00:00:00.00,0.00290715,51.4337,44.7406
1565,2014-04-15,00:00:00.00,14.3816,71.3596,37.6614
1566,2014-04-16,00:00:00.00,21.2438,98.3469,97.1268
1567,2014-04-17,00:00:00.00,0.0375326,79.5899,80.703
1568,2014-04-18,00:00:00.00,0,53.7323,52.103
1569,2014-04-19,00:00:00.00,1.5541e-308,67.6464,37.3782
1570,2014-04-20,00:00:00.00,9.16014e-308,75.9383,25.2303
1571,2014-04-21,00:00:00.00,6.62001e-308,50.0227,17.3865
1572,2014-04-22,00:00:00.00,0.0164871,33.8349,13.0824
1573,2014-04-23,00:00:00.00,2.3751,30.3898,11.1285
1574,2014-04-24,00:00:00.00,0.357005,29.1522,9.85426
1575,2014-04-25,00:00:00.00,0.00346816,21.6862,8.66496
1576,2014-04-26,00:00:00.00,7.26145,34.9864,8.12694
1577,2014-04-27,00:00:00.00,0.0844757,43.489,8.77822
1578,2014-04-28,00:00:00.00,0.00474875,29.8846,9.11802
1579,2014-04-29,00:00:00.00,2.15352,26.3016,9.68436
1580,2014-04-30,00:00:00.00,14.7951,58.6387,13.9036
1581,2014-05-01,00:00:00.00,17.7668,116.184,59.7485
1582,2014-05-02,00:00:00.00,0.90559,122.376,147.531
1583,2014-05-03,00:00:00.00,0.0891304,84.8422,111.002
1584,2014-05-04,00:00:00.00,2.75909,63.5379,81.2693
1585,2014-05-05,00:00:00.00,0.140244,49.5595,66.8278
1586,2014-05-06,00:00:00.00,0.39321,34.7633,43.8911
1587,2014-05-07,00:00:00.00,0.0107352,25.0207,23.0782
1588,2014-05-08,00:00:00.00,0.523887,19.0799,14.8663
1589,2014-05-09,00:00:00.00,0.558221,16.4348,11.2418
1590,2014-05-10,00:00:00.00,9.07097,31.7236,9.57109
1591,2014-05-11,00:00:00.00,0.719162,41.533,11.9497
1592,2014-05-12,00:00:00.00,0.0008988,29.4745,12.7992
1593,2014-05-13,00:00:00.00,12.0072,42.46,12.7143
1594,2014-05-14,00:00:00.00,3.45865,57.3851,15.0929
1595,2014-05-15,00:00:00.00,18.4912,78.504,23.6729
1596,2014-05-16,00:00:00.00,12.5859,111.425,105.622
1597,2014-05-17,00:00:00.00,0.0693119,101.519,141.867
1598,2014-05-18,00:00:00.00,2.71781,75.7863,113.551
1599,2014-05-19,00:00:00.00,0.0298477,57.1781,83.5347
1600,2014-05-20,00:00:00.00,0.000218077,38.7509,62.2971
1601,2014-05-21,00:00:00.00,0.361714,27.1834,35.6792
1602,2014-05-22,00:00:00.00,1.70835,23.0279,18.8024
1603,2014-05-23,00:00:00.00,0.461356,20.4657,131.956
1604,2014-05-24,00:00:00.00,0.0286487,15.5628,114.966
1605,2014-05-25,00:00:00.00,0.0100579,11.6834,31.1485
1606,2014-05-26,00:00:00.00,0.00153059,9.20254,14.2434
1607,2014-05-27,00:00:00.00,0.0588615,7.66938,9.31624
1608,2014-05-28,00:00:00.00,0.809099,7.79986,6.17307
1609,2014-05-29,00:00:00.00,0.100466,7.84494,5.23862
1610,2014-05-30,00:00:00.00,0.00607813,6.67174,4.55901
1611,2014-05-31,00:00:00.00,4.3739e-308,5.78197,3.87941
1612,2014-06-01,00:00:00.00,2.012e-308,5.17894,3.3697
1613,2014-06-02,00:00:00.00,2.8936e-308,4.75175,2.97327
1614,2014-06-03,00:00:00.00,0.527093,4.94144,2.97327
1615,2014-06-04,00:00:00.00,5.73688,10.1893,2.70709
1616,2014-06-05,00:00:00.00,4.14834,16.5595,2.41543
1617,2014-06-06,00:00:00.00,0.0115835,15.4391,2.52303
1618,2014-06-07,00:00:00.00,5.15e-308,11.1032,2.26818
1619,2014-06-08,00:00:00.00,0.000315291,8.25163,2.06147
1620,2014-06-09,00:00:00.00,19.6262,21.557,2.03032
1621,2014-06-10,00:00:00.00,0.0961258,31.2632,3.11485
1622,2014-06-11,00:00:00.00,0.145216,22.8037,6.59783
1623,2014-06-12,00:00:00.00,0.427912,16.6217,7.61723
1624,2014-06-13,00:00:00.00,0.160667,12.2787,5.72
1625,2014-06-14,00:00:00.00,0.478171,9.42484,3.99268
1626,2014-06-15,00:00:00.00,0.00750982,7.46783,2.97327
1627,2014-06-16,00:00:00.00,1.846e-308,5.84227,2.37862
1628,2014-06-17,00:00:00.00,1.14982,5.58409,1.97935
1629,2014-06-18,00:00:00.00,1.56727,6.3743,1.66786
1630,2014-06-19,00:00:00.00,28.2178,23.1758,1.91988
1631,2014-06-20,00:00:00.00,6.94136,40.1507,19.3121
1632,2014-06-21,00:00:00.00,0.487791,36.1279,62.5802
1633,2014-06-22,00:00:00.00,1.29087,28.1064,42.4753
1634,2014-06-23,00:00:00.00,0.0241504,21.0448,28.8832
1635,2014-06-24,00:00:00.00,5.46105,19.5277,28.1469
1636,2014-06-25,00:00:00.00,14.6424,30.9907,47.5723
1637,2014-06-26,00:00:00.00,30.5406,63.059,195.669
1638,2014-06-27,00:00:00.00,0.223277,78.2806,163.105
1639,2014-06-28,00:00:00.00,0.00243767,61.1789,97.41
1640,2014-06-29,00:00:00.00,0.00197269,43.5952,42.7584
1641,2014-06-30,00:00:00.00,6.19738,38.1058,20.9545
1642,2014-07-01,00:00:00.00,7.73711e-308,34.1331,11.9214
1643,2014-07-02,00:00:00.00,0.0629852,23.3294,7.61723
1644,2014-07-03,00:00:00.00,1.8047,18.3768,6.20139
1645,2014-07-04,00:00:00.00,1.06884,16.3796,5.09703
1646,2014-07-05,00:00:00.00,0.00381048,12.9024,3.90772
1647,2014-07-06,00:00:00.00,0,9.45632,3.00159
1648,2014-07-07,00:00:00.00,0.0199099,7.28891,2.44658
1649,2014-07-08,00:00:00.00,0.908719,6.77188,2.63064
1650,2014-07-09,00:00:00.00,22.9193,27.3309,37.3782
1651,2014-07-10,00:00:00.00,0.757545,41.8779,39.9268
1652,2014-07-11,00:00:00.00,0.0121642,30.8037,27.0992
1653,2014-07-12,00:00:00.00,0.0039709,21.5386,15.1212
1654,2014-07-13,00:00:00.00,0.000207472,15.0238,8.2402
1655,2014-07-14,00:00:00.00,5.09265,15.6189,5.66337
1656,2014-07-15,00:00:00.00,3.26262,19.0912,4.58733
1657,2014-07-16,00:00:00.00,1.83432,18.1276,3.87941
1658,2014-07-17,00:00:00.00,0.567155,14.9537,3.73782
1659,2014-07-18,00:00:00.00,0.222714,11.3936,3.59624
1660,2014-07-19,00:00:00.00,0.097546,8.64616,3.25644
1661,2014-07-20,00:00:00.00,13.1791,17.3897,3.31307
1662,2014-07-21,00:00:00.00,0.211485,23.5192,4.44574
1663,2014-07-22,00:00:00.00,0.0198266,16.834,4.07763
1664,2014-07-23,00:00:00.00,0.00281675,11.9133,4.10594
1665,2014-07-24,00:00:00.00,0.437276,8.94012,3.65287
1666,2014-07-25,00:00:00.00,2.3136e-308,7.01515,2.86
1667,2014-07-26,00:00:00.00,0.646588,5.92389,2.16624
1668,2014-07-27,00:00:00.00,3.28163,7.43881,1.7698
1669,2014-07-28,00:00:00.00,34.3646,30.3503,10.5339
1670,2014-07-29,00:00:00.00,15.1103,59.3219,79.2872
1671,2014-07-30,00:00:00.00,0.080153,60.8483,56.3505
1672,2014-07-31,00:00:00.00,0.984753,48.4996,48.4218
1673,2014-08-01,00:00:00.00,0.272346,36.3442,37.0951
1674,2014-08-02,00:00:00.00,0.0904183,25.7609,22.8517
1675,2014-08-03,00:00:00.00,5.39656,24.264,18.4626
1676,2014-08-04,00:00:00.00,1.11928,24.4603,19.3687
1677,2014-08-05,00:00:00.00,0.0125353,18.3075,14.3
1678,2014-08-06,00:00:00.00,4.07701,17.4127,11.7798
1679,2014-08-07,00:00:00.00,0.327656,17.1592,12.4877
1680,2014-08-08,00:00:00.00,0.00018489,12.4943,12.1196
1681,2014-08-09,00:00:00.00,0,9.12792,11.2135
1682,2014-08-10,00:00:00.00,4.47314e-308,6.97248,7.61723
1683,2014-08-11,00:00:00.00,2.23657e-308,5.5938,5.3802
1684,2014-08-12,00:00:00.00,15.7606,18.1397,4.13426
1685,2014-08-13,00:00:00.00,20.7034,45.39,5.72
1686,2014-08-14,00:00:00.00,4.03468,56.842,19.8784
1687,2014-08-15,00:00:00.00,0.00407623,46.7824,31.7149
1688,2014-08-16,00:00:00.00,1.70641e-308,33.5212,21.6341
1689,2014-08-17,00:00:00.00,2.85076,26.8601,14.923
1690,2014-08-18,00:00:00.00,8.68719,32.6245,18.859
1691,2014-08-19,00:00:00.00,0.00264401,33.1689,11.6382
1692,2014-08-20,00:00:00.00,8.09889,33.0557,12.2046
1693,2014-08-21,00:00:00.00,21.458,60.0641,25.2869
1694,2014-08-22,00:00:00.00,2.57793,74.0389,66.2614
1695,2014-08-23,00:00:00.00,1.1026,58.4514,72.208
1696,2014-08-24,00:00:00.00,0.0237534,42.1475,65.4119
1697,2014-08-25,00:00:00.00,0.00468173,28.8315,55.7842
1698,2014-08-26,00:00:00.00,8.69849e-308,19.8569,45.8733
1699,2014-08-27,00:00:00.00,0.241011,14.3735,26.1931
1700,2014-08-28,00:00:00.00,0.0303455,10.9102,12.0347
1701,2014-08-29,00:00:00.00,0,8.37301,7.27743
1702,2014-08-30,00:00:00.00,0,6.7439,5.3802
1703,2014-08-31,00:00:00.00,0.163221,5.89992,4.21921
1704,2014-09-01,00:00:00.00,2.32363,7.92984,3.45466
1705,2014-09-02,00:00:00.00,0.0296297,8.97812,2.91664
1706,2014-09-03,00:00:00.00,2.11356,9.15386,3.0299
1707,2014-09-04,00:00:00.00,0.00797526,9.21913,3.56792
1708,2014-09-05,00:00:00.00,0.00031984,7.06301,3.17149
1709,2014-09-06,00:00:00.00,7.18702,12.1802,2.91664
1710,2014-09-07,00:00:00.00,9.68804,24.2325,9.40119
1711,2014-09-08,00:00:00.00,0.00083634,25.9801,5.94654
1712,2014-09-09,00:00:00.00,0.000363042,18.4871,4.98377
1713,2014-09-10,00:00:00.00,0.152613,13.3256,5.2103
1714,2014-09-11,00:00:00.00,6.89596,16.2933,4.95545
1715,2014-09-12,00:00:00.00,28.4934,45.1037,44.4574
1716,2014-09-13,00:00:00.00,0.761904,62.474,55.7842
1717,2014-09-14,00:00:00.00,0.581624,49.1613,31.998
1718,2014-09-15,00:00:00.00,0.0393154,36.1319,16.7353
1719,2014-09-16,00:00:00.00,7.65303,35.7397,9.741
1720,2014-09-17,00:00:00.00,0.969778,36.6446,9.57109
1721,2014-09-18,00:00:00.00,0.0199826,26.9954,7.9004
1722,2014-09-19,00:00:00.00,0.0118713,19.0089,6.28634
1723,2014-09-20,00:00:00.00,0.00284242,13.6745,5.0404
1724,2014-09-21,00:00:00.00,0.385174,10.7168,3.93604
1725,2014-09-22,00:00:00.00,4.56438,14.7119,3.56792
1726,2014-09-23,00:00:00.00,1.41282,18.5639,3.85109
1727,2014-09-24,00:00:00.00,1.0866e-308,15.1519,3.51129
1728,2014-09-25,00:00:00.00,0,11.1381,4.64396
1729,2014-09-26,00:00:00.00,9.90562e-308,8.51855,4.36079
1730,2014-09-27,00:00:00.00,4.75034e-308,6.8295,2.63913
1731,2014-09-28,00:00:00.00,0,5.74185,1.68768
1732,2014-09-29,00:00:00.00,0,5.02988,1.40735
1733,2014-09-30,00:00:00.00,1.9406e-308,4.55454,1.29974
1734,2014-10-01,00:00:00.00,11.7271,16.0229,1.54893
1735,2014-10-02,00:00:00.00,0.201355,23.9187,1.93121
1736,2014-10-03,00:00:00.00,0.000822271,17.2826,1.95669
1737,2014-10-04,00:00:00.00,14.5459,27.7819,1.95953
1738,2014-10-05,00:00:00.00,2.79898,38.6046,7.36238
1739,2014-10-06,00:00:00.00,0.894391,32.023,8.69327
1740,2014-10-07,00:00:00.00,2.55939,27.1325,8.66496
1741,2014-10-08,00:00:00.00,4.51016,28.1833,5.74832
1742,2014-10-09,00:00:00.00,0.40439,26.1978,6.25802
1743,2014-10-10,00:00:00.00,0.000533139,19.1132,5.69169
1744,2014-10-11,00:00:00.00,0.0278725,13.8476,3.93604
1745,2014-10-12,00:00:00.00,0.00873644,10.4039,3.34139
1746,2014-10-13,00:00:00.00,0.0559539,8.21417,2.7439
1747,2014-10-14,00:00:00.00,4.29072,12.0982,3.42634
1748,2014-10-15,00:00:00.00,9.14696,25.771,2.79204
1749,2014-10-16,00:00:00.00,7.45526,39.1253,11.4966
1750,2014-10-17,00:00:00.00,3.84823,42.3979,9.99585
1751,2014-10-18,00:00:00.00,1.33114,37.0977,12.3178
1752,2014-10-19,00:00:00.00,7.75954,39.2558,24.4941
1753,2014-10-20,00:00:00.00,0.756589,40.042,31.1485
1754,2014-10-21,00:00:00.00,11.3776,47.0922,27.1275
1755,2014-10-22,00:00:00.00,12.1731,71.0619,40.7763
1756,2014-10-23,00:00:00.00,0.713783,71.9171,83.8179
1757,2014-10-24,00:00:00.00,8.6062e-308,52.0678,58.3327
1758,2014-10-25,00:00:00.00,7.9157e-308,36.1769,32.8475
1759,2014-10-26,00:00:00.00,0.00106205,25.259,20.4164
1760,2014-10-27,00:00:00.00,0.00258504,18.0368,13.2806
1761,2014-10-28,00:00:00.00,6.758e-308,13.3615,9.17466
1762,2014-10-29,00:00:00.00,1.43765,12.9808,7.27743
1763,2014-10-30,00:00:00.00,0.937219,14.376,6.22971
1764,2014-10-31,00:00:00.00,2.02557,16.2094,6.0598
1765,2014-11-01,00:00:00.00,1.30037,18.0143,6.28634
1766,2014-11-02,00:00:00.00,3.59384,21.6114,11.5533
1767,2014-11-03,00:00:00.00,0.00118083,21.8434,14.4982
1768,2014-11-04,00:00:00.00,0.000285564,16.0139,11.0153
1769,2014-11-05,00:00:00.00,3.85704,18.7487,8.94812
1770,2014-11-06,00:00:00.00,1.83856,23.6776,11.2984
1771,2014-11-07,00:00:00.00,9.17358,36.0792,10.4206
1772,2014-11-08,00:00:00.00,2.30254,44.9249,15.2345
1773,2014-11-09,00:00:00.00,0.575633,36.2212,23.3897
1774,2014-11-10,00:00:00.00,0.348601,27.3415,22.0588
1775,2014-11-11,00:00:00.00,0.0027903,20.1728,20.105
1776,2014-11-12,00:00:00.00,1.16189,16.9502,16.3671
1777,2014-11-13,00:00:00.00,0.900341,16.2115,13.9319
1778,2014-11-14,00:00:00.00,2.48827,15.5398,12.4028
1779,2014-11-15,00:00:00.00,1.69446,14.2226,12.7992
1780,2014-11-16,00:00:00.00,0.556436,11.4531,15.2628
1781,2014-11-17,00:00:00.00,1.76202,9.21218,17.5281
1782,2014-11-18,00:00:00.00,7.66897,7.77256,20.6996
1783,2014-11-19,00:00:00.00,0.91928,6.8467,23.9844
1784,2014-11-20,00:00:00.00,1.84938,6.25682,19.2271
1785,2014-11-21,00:00:00.00,4.33913,5.87653,13.762
1786,2014-11-22,00:00:00.00,1.65861,5.62119,11.8931
1787,2014-11-23,00:00:00.00,9.11382,10.5157,15.4044
1788,2014-11-24,00:00:00.00,4.22029,23.0906,59.7485
1789,2014-11-25,00:00:00.00,3.15218,57.5096,122.895
1790,2014-11-26,00:00:00.00,0.130655,71.1629,107.604
1791,2014-11-27,00:00:00.00,0.0237097,48.8888,67.1109
1792,2014-11-28,00:00:00.00,1.70268,35.2166,44.7406
1793,2014-11-29,00:00:00.00,1.04374,26.2343,31.7149
1794,2014-11-30,00:00:00.00,0.152161,19.0188,23.1915
1795,2014-12-01,00:00:00.00,1.89254,22.0079,26.4196
1796,2014-12-02,00:00:00.00,0.950517,25.1874,31.4317
1797,2014-12-03,00:00:00.00,1.0656,20.7599,30.8654
1798,2014-12-04,00:00:00.00,0.0920964,16.6508,25.4852
1799,2014-12-05,00:00:00.00,0.0318657,13.7673,20.9545
1800,2014-12-06,00:00:00.00,2.10391,15.4419,17.6131
1801,2014-12-07,00:00:00.00,15.3937,44.8651,58.3327
1802,2014-12-08,00:00:00.00,0.000391166,66.0455,92.5961
1803,2014-12-09,00:00:00.00,0.00219453,50.584,63.9961
1804,2014-12-10,00:00:00.00,0.664158,36.3084,45.0238
1805,2014-12-11,00:00:00.00,1.77078,28.6911,38.7941
1806,2014-12-12,00:00:00.00,0.466095,22.3612,31.1485
1807,2014-12-13,00:00:00.00,0.0326469,17.2119,22.4269
1808,2014-12-14,00:00:00.00,0.0654305,15.1145,17.9246
1809,2014-12-15,00:00:00.00,0.285606,13.8597,15.2911
1810,2014-12-16,00:00:00.00,0.215037,12.3829,14.5265
1811,2014-12-17,00:00:00.00,10.6703,36.6412,16.9335
1812,2014-12-18,00:00:00.00,2.00209,54.6356,30.0159
1813,2014-12-19,00:00:00.00,0.777191,42.1612,33.1307
1814,2014-12-20,00:00:00.00,0.309404,31.219,28.1753
1815,2014-12-21,00:00:00.00,0.0360121,22.2937,22.965
1816,2014-12-22,00:00:00.00,0.012419,16.5521,18.6891
1817,2014-12-23,00:00:00.00,0.0110585,12.8938,15.4327
1818,2014-12-24,00:00:00.00,1.10567,14.0874,13.9602
1819,2014-12-25,00:00:00.00,5.08804,27.1802,15.0079
1820,2014-12-26,00:00:00.00,0.630084,33.3619,27.7505
1821,2014-12-27,00:00:00.00,0.00057817,25.0336,31.4317
1822,2014-12-28,00:00:00.00,0.829249,20.3266,24.2392
1823,2014-12-29,00:00:00.00,7.5427,29.2753,26.9576
1824,2014-12-30,00:00:00.00,0.0451713,36.8534,27.6656
1825,2014-12-31,00:00:00.00,0.219356,29.7083,24.8622
