Year,Month,Median,2.5 Percentile,97.5 Percentile
1950.0000,1.0000,4687.5745,4402.2205,4974.6245
1950.0000,2.0000,2697.9756,2405.5345,2990.9677
1950.0000,3.0000,3207.8388,2941.8210,3486.7896
1950.0000,4.0000,3133.6619,2843.1514,3427.2431
1950.0000,5.0000,879.7986,630.9907,1132.4082
1950.0000,6.0000,804.0601,548.2242,1069.7225
1950.0000,7.0000,513.3510,290.6324,763.8487
1950.0000,8.0000,-209.7592,-402.9733,-0.7383
1950.0000,9.0000,-255.1288,-516.6709,23.4677
1950.0000,10.0000,-121.1539,-397.4134,145.1943
1950.0000,11.0000,354.8586,65.2501,621.4388
1950.0000,12.0000,1418.5974,1121.8616,1690.8125
1951.0000,1.0000,2145.5420,1892.9232,2395.2646
1951.0000,2.0000,2862.3135,2549.5776,3163.6154
1951.0000,3.0000,2889.3743,2617.1440,3161.4283
1951.0000,4.0000,2439.7113,2162.1866,2708.3970
1951.0000,5.0000,1380.7154,1120.5685,1630.8326
1951.0000,6.0000,1006.4197,762.7867,1261.6539
1951.0000,7.0000,145.5258,-77.0582,375.0943
1951.0000,8.0000,-638.9706,-823.2442,-452.1607
1951.0000,9.0000,-971.0633,-1169.6957,-768.8364
1951.0000,10.0000,-609.7281,-834.0183,-364.2458
1951.0000,11.0000,189.3191,-71.4664,481.1279
1951.0000,12.0000,1037.1631,763.6417,1311.0934
1952.0000,1.0000,3395.7327,3104.6740,3668.4097
1952.0000,2.0000,1490.0498,1177.5816,1773.5056
1952.0000,3.0000,2365.4613,2108.1066,2615.7051
1952.0000,4.0000,2185.2844,1892.8265,2454.1460
1952.0000,5.0000,1233.7670,979.2565,1487.8594
1952.0000,6.0000,305.5417,102.2484,503.7462
1952.0000,7.0000,-303.4828,-480.8106,-101.9237
1952.0000,8.0000,-309.5332,-490.1346,-115.2564
1952.0000,9.0000,-885.6765,-1083.3932,-665.8799
1952.0000,10.0000,-1983.7119,-2161.7883,-1792.7862
1952.0000,11.0000,-297.9597,-499.5311,-65.5199
1952.0000,12.0000,472.4219,221.6489,733.2602
1953.0000,1.0000,1223.6344,954.8121,1491.6346
1953.0000,2.0000,561.0740,282.0177,842.0292
1953.0000,3.0000,1810.7752,1529.2587,2082.9831
1953.0000,4.0000,1124.8004,877.4791,1380.7259
1953.0000,5.0000,1719.2248,1450.4087,1977.0649
1953.0000,6.0000,621.5916,396.9993,859.3899
1953.0000,7.0000,-152.3329,-340.7173,74.7729
1953.0000,8.0000,-437.7674,-620.7704,-245.9963
1953.0000,9.0000,-1260.5601,-1456.5054,-1045.7173
1953.0000,10.0000,-1144.3662,-1304.3057,-957.3504
1953.0000,11.0000,-671.7653,-892.5735,-424.8771
1953.0000,12.0000,-298.5908,-519.3974,-68.0606
1954.0000,1.0000,936.4590,685.4239,1172.5950
1954.0000,2.0000,1961.7497,1675.2067,2248.3593
1954.0000,3.0000,2543.6815,2287.4986,2809.5769
1954.0000,4.0000,2920.9278,2649.3737,3180.2516
1954.0000,5.0000,343.5258,138.1741,577.1643
1954.0000,6.0000,584.0949,383.5309,811.7337
1954.0000,7.0000,-199.6480,-391.3681,13.9497
1954.0000,8.0000,-341.3567,-530.9393,-126.0519
1954.0000,9.0000,-769.1778,-962.1283,-563.4903
1954.0000,10.0000,1906.7413,1655.7409,2165.4983
1954.0000,11.0000,-330.6090,-579.1242,-82.2360
1954.0000,12.0000,356.8993,104.3192,621.1151
1955.0000,1.0000,1234.0546,985.2803,1467.3871
1955.0000,2.0000,1418.8941,1161.4061,1678.3207
1955.0000,3.0000,2838.3421,2593.3095,3114.9167
1955.0000,4.0000,1791.6414,1532.6368,2040.5328
1955.0000,5.0000,506.8703,299.5760,722.9266
1955.0000,6.0000,213.7299,8.9340,444.2129
1955.0000,7.0000,-34.1027,-224.3391,163.8616
1955.0000,8.0000,-213.2581,-398.5036,-2.9900
1955.0000,9.0000,-1010.8425,-1212.7026,-780.6135
1955.0000,10.0000,-86.3934,-360.9142,187.0362
1955.0000,11.0000,-195.9864,-438.8586,58.1750
1955.0000,12.0000,7.9176,-222.1904,245.2488
1956.0000,1.0000,143.4434,-31.7766,325.8120
1956.0000,2.0000,1523.2482,1247.3219,1799.2313
1956.0000,3.0000,2762.1497,2483.2417,3039.8053
1956.0000,4.0000,2158.1885,1897.9816,2417.2205
1956.0000,5.0000,2844.1926,2564.5627,3112.3244
1956.0000,6.0000,879.1335,653.8615,1117.4176
1956.0000,7.0000,491.1421,281.8561,721.3817
1956.0000,8.0000,785.6732,556.3667,1034.2465
1956.0000,9.0000,-1025.2529,-1217.8862,-797.7701
1956.0000,10.0000,-832.9291,-1036.2361,-594.3956
1956.0000,11.0000,-1002.2478,-1205.8162,-786.9456
1956.0000,12.0000,672.8795,426.9607,938.1356
1957.0000,1.0000,984.0342,717.5044,1222.7033
1957.0000,2.0000,1386.7376,1117.2817,1632.8447
1957.0000,3.0000,995.6088,732.9389,1239.3024
1957.0000,4.0000,3568.7743,3303.5630,3824.7809
1957.0000,5.0000,1175.2913,928.7974,1405.2739
1957.0000,6.0000,1604.4636,1343.4747,1868.2797
1957.0000,7.0000,730.5292,468.5049,984.3758
1957.0000,8.0000,-640.3473,-819.7983,-443.9392
1957.0000,9.0000,-176.5273,-401.1027,60.6272
1957.0000,10.0000,-855.4185,-1077.2581,-619.6680
1957.0000,11.0000,-121.0288,-396.7527,163.2433
1957.0000,12.0000,1413.1946,1162.3451,1671.1499
1958.0000,1.0000,503.5774,272.3996,762.1242
1958.0000,2.0000,350.1910,108.6712,620.6833
1958.0000,3.0000,865.1136,634.5855,1095.8233
1958.0000,4.0000,1370.4315,1112.8779,1621.6866
1958.0000,5.0000,649.0002,418.1804,892.1135
1958.0000,6.0000,1249.6039,975.2721,1518.6078
1958.0000,7.0000,1083.7103,824.5740,1334.1284
1958.0000,8.0000,158.8819,-47.9086,406.9759
1958.0000,9.0000,4.8463,-222.8704,242.2294
1958.0000,10.0000,-1015.2325,-1219.9162,-789.7584
1958.0000,11.0000,-152.1259,-379.4496,102.6815
1958.0000,12.0000,-193.2417,-418.8850,50.4469
1959.0000,1.0000,2176.6598,1911.4905,2426.1581
1959.0000,2.0000,2622.7221,2326.3135,2905.6521
1959.0000,3.0000,2142.2236,1862.7089,2397.6989
1959.0000,4.0000,2536.3452,2275.3205,2787.9164
1959.0000,5.0000,1652.4113,1383.7309,1901.8586
1959.0000,6.0000,386.7681,182.7203,620.6474
1959.0000,7.0000,206.3520,15.5895,412.3992
1959.0000,8.0000,-33.4858,-216.2644,158.2487
1959.0000,9.0000,-785.0499,-978.1795,-572.5550
1959.0000,10.0000,-103.0649,-362.0451,158.9339
1959.0000,11.0000,-43.3568,-284.4239,223.9221
1959.0000,12.0000,1344.4191,1096.4862,1581.3219
1960.0000,1.0000,1555.5927,1297.5190,1812.3783
1960.0000,2.0000,1417.5111,1179.8632,1690.3633
1960.0000,3.0000,841.3893,583.1984,1070.0982
1960.0000,4.0000,1963.4951,1704.0722,2223.7832
1960.0000,5.0000,1632.0503,1394.7466,1874.1265
1960.0000,6.0000,1297.9693,1038.7856,1538.6518
1960.0000,7.0000,214.5624,2.8615,434.1992
1960.0000,8.0000,-120.4319,-303.4491,76.1394
1960.0000,9.0000,-843.8319,-1017.4454,-649.4019
1960.0000,10.0000,-1391.7872,-1575.2868,-1201.8700
1960.0000,11.0000,-584.6576,-789.5148,-343.2997
1960.0000,12.0000,-640.0842,-811.2964,-452.7114
1961.0000,1.0000,199.2808,26.4360,409.2562
1961.0000,2.0000,1623.9444,1351.2922,1889.2420
1961.0000,3.0000,1936.1622,1689.9151,2183.5750
1961.0000,4.0000,3744.2130,3495.6493,4007.4127
1961.0000,5.0000,1086.5993,800.0797,1340.5520
1961.0000,6.0000,1035.4735,802.2360,1282.6579
1961.0000,7.0000,657.4736,445.9166,877.2461
1961.0000,8.0000,152.5123,-44.8319,367.7753
1961.0000,9.0000,-454.9688,-656.6372,-222.3109
1961.0000,10.0000,-1142.7407,-1328.7062,-923.9748
1961.0000,11.0000,-529.8115,-776.4500,-263.5790
1961.0000,12.0000,-242.6677,-468.0164,-17.1569
1962.0000,1.0000,978.7211,722.3168,1283.4174
1962.0000,2.0000,1085.7304,808.2830,1365.2495
1962.0000,3.0000,1659.8772,1418.1518,1891.3262
1962.0000,4.0000,943.9432,716.6880,1209.0881
1962.0000,5.0000,701.1572,498.0022,917.6572
1962.0000,6.0000,679.7002,460.7351,905.7552
1962.0000,7.0000,-39.3842,-238.2704,170.1404
1962.0000,8.0000,-118.0588,-306.4065,65.1583
1962.0000,9.0000,-599.1745,-808.9760,-381.0746
1962.0000,10.0000,-562.8148,-777.9768,-310.4969
1962.0000,11.0000,22.9271,-250.3151,294.1008
1962.0000,12.0000,-28.6601,-264.7298,197.4004
1963.0000,1.0000,288.8814,85.7937,505.5650
1963.0000,2.0000,343.3308,148.1416,548.9920
1963.0000,3.0000,2867.3286,2586.9521,3152.4256
1963.0000,4.0000,1516.8238,1259.6559,1778.9507
1963.0000,5.0000,844.8974,638.7503,1084.1213
1963.0000,6.0000,417.4700,231.4303,626.4738
1963.0000,7.0000,126.2610,-63.3839,328.9030
1963.0000,8.0000,-385.5737,-572.5793,-171.2754
1963.0000,9.0000,-911.1938,-1091.2470,-716.6142
1963.0000,10.0000,-804.1548,-993.6997,-604.4966
1963.0000,11.0000,-533.2215,-744.9641,-295.7362
1963.0000,12.0000,-458.7027,-656.2295,-241.8631
1964.0000,1.0000,781.6797,538.9467,1021.0107
1964.0000,2.0000,545.9148,303.7276,851.7060
1964.0000,3.0000,2449.8967,2179.7059,2699.2695
1964.0000,4.0000,2729.6876,2489.1147,2972.1257
1964.0000,5.0000,883.5973,667.1534,1118.2546
1964.0000,6.0000,623.1112,395.3628,857.3403
1964.0000,7.0000,-20.9495,-225.4302,174.2828
1964.0000,8.0000,231.1227,4.1587,479.7511
1964.0000,9.0000,-998.1476,-1195.2109,-781.8632
1964.0000,10.0000,-1153.2680,-1347.6875,-934.4113
1964.0000,11.0000,-642.5618,-834.3257,-420.6535
1964.0000,12.0000,509.9735,246.9600,767.3680
1965.0000,1.0000,1611.7942,1353.5125,1905.7868
1965.0000,2.0000,1858.5804,1561.9844,2132.6553
1965.0000,3.0000,1989.5430,1732.0996,2268.0696
1965.0000,4.0000,1924.5137,1629.7069,2200.6843
1965.0000,5.0000,1027.8228,785.9393,1265.7271
1965.0000,6.0000,494.3697,278.0032,724.4185
1965.0000,7.0000,-18.4418,-217.8369,206.9160
1965.0000,8.0000,10.5905,-168.5862,194.1401
1965.0000,9.0000,-135.8239,-348.9332,76.7121
1965.0000,10.0000,-520.8638,-763.3001,-275.3366
1965.0000,11.0000,-98.8141,-350.8342,158.3759
1965.0000,12.0000,998.5916,741.1411,1264.8205
1966.0000,1.0000,331.6717,91.8350,574.7872
1966.0000,2.0000,1235.7722,954.0017,1500.8429
1966.0000,3.0000,1506.0320,1257.4057,1756.8723
1966.0000,4.0000,1579.6291,1323.6299,1843.3114
1966.0000,5.0000,959.7897,723.8567,1201.3918
1966.0000,6.0000,918.0897,679.0069,1145.7664
1966.0000,7.0000,109.5517,-123.7431,397.1666
1966.0000,8.0000,9.6839,-186.3642,240.4894
1966.0000,9.0000,-945.1318,-1134.7587,-739.0924
1966.0000,10.0000,-1186.2663,-1363.9827,-985.3884
1966.0000,11.0000,1063.1943,812.3259,1341.9004
1966.0000,12.0000,1930.5677,1659.2388,2200.7584
1967.0000,1.0000,720.2783,454.2931,994.8113
1967.0000,2.0000,733.2892,440.5828,1012.2563
1967.0000,3.0000,1575.2103,1324.3568,1825.4082
1967.0000,4.0000,1928.2809,1665.5902,2171.9498
1967.0000,5.0000,1560.2551,1290.0950,1814.2486
1967.0000,6.0000,1035.3028,817.0627,1286.9794
1967.0000,7.0000,211.2837,9.9185,437.3952
1967.0000,8.0000,-343.6645,-528.8671,-151.8403
1967.0000,9.0000,-516.1703,-744.3149,-280.4964
1967.0000,10.0000,-201.3755,-436.7894,71.0792
1967.0000,11.0000,233.4472,-39.1585,498.4194
1967.0000,12.0000,1666.8189,1401.3763,1925.6615
1968.0000,1.0000,1541.2167,1266.4216,1807.8841
1968.0000,2.0000,1196.5954,924.8606,1468.7118
1968.0000,3.0000,1523.3592,1283.6897,1774.5728
1968.0000,4.0000,1254.2490,1019.1958,1504.9866
1968.0000,5.0000,1923.4618,1662.0218,2174.9425
1968.0000,6.0000,1365.6031,1097.9048,1622.6529
1968.0000,7.0000,405.6380,177.7450,656.8362
1968.0000,8.0000,15.6374,-180.2883,238.9516
1968.0000,9.0000,-332.5016,-526.1412,-104.7996
1968.0000,10.0000,-917.9264,-1137.6734,-676.5712
1968.0000,11.0000,478.0804,213.3643,731.9067
1968.0000,12.0000,1031.1953,784.1639,1279.4810
1969.0000,1.0000,1998.9261,1737.8145,2246.5765
1969.0000,2.0000,961.8893,668.5540,1225.1953
1969.0000,3.0000,780.8853,533.0207,1011.9111
1969.0000,4.0000,3096.2495,2846.2937,3354.4416
1969.0000,5.0000,2442.7949,2164.6304,2733.9189
1969.0000,6.0000,1430.7657,1180.6318,1683.2748
1969.0000,7.0000,1595.8376,1355.8132,1848.1484
1969.0000,8.0000,-541.1372,-724.3921,-347.5600
1969.0000,9.0000,-667.5017,-876.5244,-450.4892
1969.0000,10.0000,-1057.2386,-1261.4257,-829.6464
1969.0000,11.0000,190.2770,-86.7493,461.8353
1969.0000,12.0000,135.8663,-92.3969,371.9197
1970.0000,1.0000,435.9135,216.9803,700.9665
1970.0000,2.0000,1118.7032,850.1234,1390.4567
1970.0000,3.0000,1429.6876,1180.8471,1701.5712
1970.0000,4.0000,2225.2364,1953.7434,2491.9546
1970.0000,5.0000,1421.5619,1175.5412,1679.9273
1970.0000,6.0000,923.4798,678.9205,1172.8444
1970.0000,7.0000,905.5839,695.8666,1129.5232
1970.0000,8.0000,-604.6955,-764.3922,-417.0015
1970.0000,9.0000,61.4344,-145.6062,294.7530
1970.0000,10.0000,-132.6520,-379.5528,140.9347
1970.0000,11.0000,-124.7413,-390.1234,141.2941
1970.0000,12.0000,421.7262,158.6382,696.5529
1971.0000,1.0000,259.5187,44.9747,508.9894
1971.0000,2.0000,2254.3410,1969.0942,2538.1347
1971.0000,3.0000,1358.6196,1096.6065,1625.4155
1971.0000,4.0000,955.0500,728.1141,1197.8158
1971.0000,5.0000,1125.8744,904.2245,1367.7518
1971.0000,6.0000,840.9013,624.4906,1076.4941
1971.0000,7.0000,-47.4426,-240.9779,161.7914
1971.0000,8.0000,-128.8380,-342.2928,77.6599
1971.0000,9.0000,-118.2068,-332.9147,107.3413
1971.0000,10.0000,-562.6150,-760.6486,-370.3115
1971.0000,11.0000,-1020.0989,-1245.9115,-776.6470
1971.0000,12.0000,1161.6578,882.0860,1446.0063
1972.0000,1.0000,433.1223,214.0973,672.6797
1972.0000,2.0000,765.5660,521.4297,1032.2405
1972.0000,3.0000,2193.6271,1946.4641,2439.2552
1972.0000,4.0000,2631.7092,2369.6086,2885.8548
1972.0000,5.0000,1467.8695,1225.4710,1723.7853
1972.0000,6.0000,1468.2508,1207.3115,1727.6242
1972.0000,7.0000,707.9653,458.7516,980.0866
1972.0000,8.0000,201.0492,4.0373,429.4867
1972.0000,9.0000,490.5476,240.9754,755.6157
1972.0000,10.0000,-605.4970,-854.2131,-323.7929
1972.0000,11.0000,1292.5012,1018.6847,1589.6295
1972.0000,12.0000,1464.9396,1201.9690,1738.0490
1973.0000,1.0000,1110.2217,865.7367,1358.0190
1973.0000,2.0000,555.8047,308.4556,821.6521
1973.0000,3.0000,3388.7420,3130.4471,3652.6336
1973.0000,4.0000,1770.8608,1502.7042,2020.5932
1973.0000,5.0000,1498.1541,1256.4777,1733.7353
1973.0000,6.0000,1882.3319,1621.7118,2142.4324
1973.0000,7.0000,410.1852,177.9030,642.0014
1973.0000,8.0000,-154.7467,-347.1032,60.2205
1973.0000,9.0000,-1164.5100,-1359.3510,-936.7585
1973.0000,10.0000,-472.1251,-682.0464,-235.4252
1973.0000,11.0000,-108.7238,-386.1127,168.3858
1973.0000,12.0000,811.8052,548.9631,1096.8309
1974.0000,1.0000,1965.4312,1735.4445,2219.2227
1974.0000,2.0000,1384.1950,1081.0843,1661.7146
1974.0000,3.0000,2490.5149,2206.3999,2761.9732
1974.0000,4.0000,2063.2819,1799.2107,2334.3733
1974.0000,5.0000,1934.4041,1677.6358,2186.2122
1974.0000,6.0000,895.5662,675.6432,1148.8308
1974.0000,7.0000,-88.6634,-283.9498,122.7549
1974.0000,8.0000,-226.3858,-403.9798,-21.7449
1974.0000,9.0000,-835.4912,-1036.7286,-606.0125
1974.0000,10.0000,-1100.9355,-1289.4892,-890.9367
1974.0000,11.0000,807.4796,541.7034,1081.4089
1974.0000,12.0000,895.1362,645.3646,1146.7648
1975.0000,1.0000,1735.6118,1466.7804,2016.0167
1975.0000,2.0000,1923.8204,1625.9835,2215.7455
1975.0000,3.0000,1671.0684,1415.4504,1942.8969
1975.0000,4.0000,1269.7901,1027.1149,1525.9211
1975.0000,5.0000,1214.6296,945.1466,1473.8200
1975.0000,6.0000,1473.4712,1219.4953,1734.0175
1975.0000,7.0000,-132.3950,-307.3039,82.2316
1975.0000,8.0000,1243.2092,980.6199,1498.3224
1975.0000,9.0000,-562.6062,-806.4690,-310.3416
1975.0000,10.0000,-660.8399,-895.9612,-420.2699
1975.0000,11.0000,-148.5178,-379.0397,94.1827
1975.0000,12.0000,1111.5913,853.3208,1400.9857
1976.0000,1.0000,1262.1670,1008.1644,1533.3501
1976.0000,2.0000,3571.8549,3314.5478,3838.7126
1976.0000,3.0000,2851.0833,2588.7990,3125.2625
1976.0000,4.0000,1391.7642,1143.4165,1651.3199
1976.0000,5.0000,1165.0669,930.0507,1423.8748
1976.0000,6.0000,1136.4847,899.0490,1379.2938
1976.0000,7.0000,684.3236,440.0365,932.7715
1976.0000,8.0000,-469.4747,-663.0304,-225.4211
1976.0000,9.0000,-350.5655,-595.8657,-89.9349
1976.0000,10.0000,-892.8090,-1148.5168,-622.0788
1976.0000,11.0000,-960.1103,-1159.6437,-761.3461
1976.0000,12.0000,27.8749,-186.2061,261.9560
1977.0000,1.0000,489.3881,287.4680,701.1328
1977.0000,2.0000,1093.0365,835.4819,1358.5181
1977.0000,3.0000,2824.0518,2538.7957,3089.0121
1977.0000,4.0000,2670.2902,2413.6018,2941.0729
1977.0000,5.0000,940.1333,699.2278,1187.1922
1977.0000,6.0000,950.8981,736.7003,1193.0812
1977.0000,7.0000,891.9545,657.6490,1148.3995
1977.0000,8.0000,873.1577,622.4061,1107.0267
1977.0000,9.0000,1454.6939,1198.4829,1728.0952
1977.0000,10.0000,-1068.4339,-1320.8008,-815.8161
1977.0000,11.0000,278.1223,24.3898,551.6132
1977.0000,12.0000,2241.1206,2005.8005,2566.1260
1978.0000,1.0000,1165.3973,938.2273,1401.0142
1978.0000,2.0000,469.4650,241.1325,713.0182
1978.0000,3.0000,3171.9351,2896.9503,3424.1542
1978.0000,4.0000,2618.6328,2343.4843,2895.8899
1978.0000,5.0000,1624.4437,1370.0280,1867.2582
1978.0000,6.0000,962.6689,751.9959,1185.2379
1978.0000,7.0000,86.7177,-123.5738,308.7326
1978.0000,8.0000,10.5691,-160.9735,195.9461
1978.0000,9.0000,-447.8990,-636.7281,-241.8301
1978.0000,10.0000,-610.0473,-838.3493,-346.1119
1978.0000,11.0000,-488.7035,-706.9194,-240.5898
1978.0000,12.0000,459.0626,206.6213,705.8085
1979.0000,1.0000,1168.0233,920.4157,1415.8970
1979.0000,2.0000,1131.0403,876.2327,1385.3929
1979.0000,3.0000,2509.8847,2232.8726,2779.2270
1979.0000,4.0000,3026.4081,2781.2607,3290.2105
1979.0000,5.0000,1552.8005,1297.5078,1814.8687
1979.0000,6.0000,848.1882,612.3331,1106.8588
1979.0000,7.0000,533.3348,303.0657,779.9206
1979.0000,8.0000,262.5536,46.9847,515.4039
1979.0000,9.0000,-36.5441,-286.6695,217.4361
1979.0000,10.0000,-667.7439,-924.7682,-399.2031
1979.0000,11.0000,572.8205,300.6131,851.5856
1979.0000,12.0000,1475.0651,1223.2050,1728.9791
1980.0000,1.0000,426.1153,165.2301,681.9648
1980.0000,2.0000,374.5090,161.9327,614.6773
1980.0000,3.0000,2631.8758,2368.2902,2901.0815
1980.0000,4.0000,2282.9846,2019.8577,2546.9251
1980.0000,5.0000,1135.2432,901.9280,1387.9314
1980.0000,6.0000,1407.6489,1159.1737,1686.5773
1980.0000,7.0000,1150.0791,904.0094,1407.5450
1980.0000,8.0000,883.0201,644.6528,1133.6483
1980.0000,9.0000,-545.1377,-763.2619,-290.8488
1980.0000,10.0000,-1318.8734,-1551.7542,-1073.8948
1980.0000,11.0000,-510.5969,-769.3180,-262.6854
1980.0000,12.0000,238.4121,17.7107,462.1659
1981.0000,1.0000,175.8369,-23.5122,410.1200
1981.0000,2.0000,2549.3507,2274.4347,2839.5981
1981.0000,3.0000,667.4869,444.6724,920.0547
1981.0000,4.0000,2159.5405,1916.0876,2405.7301
1981.0000,5.0000,1282.0407,1016.7204,1545.5794
1981.0000,6.0000,2524.5713,2247.6545,2795.1358
1981.0000,7.0000,450.7514,247.4138,699.3706
1981.0000,8.0000,68.6266,-125.1372,291.5186
1981.0000,9.0000,371.6390,110.8725,628.5740
1981.0000,10.0000,9.5218,-276.0566,260.4814
1981.0000,11.0000,-227.2795,-480.7833,25.1074
1981.0000,12.0000,308.0932,55.7661,576.5086
1982.0000,1.0000,1306.3381,1026.7429,1557.6098
1982.0000,2.0000,1376.2024,1115.4323,1640.4941
1982.0000,3.0000,3640.2585,3377.8242,3900.0892
1982.0000,4.0000,1878.7743,1629.9050,2135.9232
1982.0000,5.0000,1349.7464,1098.1076,1590.4307
1982.0000,6.0000,1310.7949,1055.1750,1555.8358
1982.0000,7.0000,318.2656,115.5134,555.3031
1982.0000,8.0000,-494.0077,-685.0089,-283.3358
1982.0000,9.0000,-104.9123,-316.7855,137.2950
1982.0000,10.0000,-971.3133,-1177.1912,-743.0002
1982.0000,11.0000,1463.1484,1207.5043,1712.4887
1982.0000,12.0000,1561.3728,1292.5832,1823.1493
1983.0000,1.0000,453.6302,216.6958,702.8399
1983.0000,2.0000,577.8076,320.1277,855.7021
1983.0000,3.0000,1173.2854,942.9571,1435.9124
1983.0000,4.0000,2297.8071,2041.3200,2567.0713
1983.0000,5.0000,2124.6180,1855.1513,2376.2864
1983.0000,6.0000,964.8586,736.7425,1215.1632
1983.0000,7.0000,763.4571,500.0714,1019.9491
1983.0000,8.0000,-52.5517,-278.8141,220.9952
1983.0000,9.0000,-1092.3661,-1289.4800,-866.3575
1983.0000,10.0000,-617.4398,-853.7175,-381.4466
1983.0000,11.0000,982.4157,694.5185,1275.3804
1983.0000,12.0000,1308.0065,1038.6193,1585.6530
1984.0000,1.0000,633.7503,382.3216,911.1989
1984.0000,2.0000,2233.5463,1969.3943,2516.7928
1984.0000,3.0000,2184.8161,1933.9136,2439.8977
1984.0000,4.0000,2189.9969,1940.3857,2440.3215
1984.0000,5.0000,2202.4482,1952.7226,2444.6132
1984.0000,6.0000,1085.7052,852.0472,1343.3641
1984.0000,7.0000,114.3325,-87.4417,345.9508
1984.0000,8.0000,29.5433,-177.5135,255.7710
1984.0000,9.0000,-351.2726,-575.7384,-110.3161
1984.0000,10.0000,-467.6268,-664.0594,-244.2137
1984.0000,11.0000,-558.3532,-815.4367,-291.0511
1984.0000,12.0000,1053.1615,788.0523,1334.0703
1985.0000,1.0000,588.6318,342.8568,827.7088
1985.0000,2.0000,2536.1261,2260.9346,2847.4529
1985.0000,3.0000,3005.8718,2722.2382,3283.2266
1985.0000,4.0000,1705.0765,1442.0580,1967.7598
1985.0000,5.0000,869.6782,650.8225,1122.6978
1985.0000,6.0000,599.4664,369.4629,853.5066
1985.0000,7.0000,337.4264,144.9680,560.1155
1985.0000,8.0000,42.3936,-138.6983,265.6497
1985.0000,9.0000,-702.0931,-905.6203,-488.4643
1985.0000,10.0000,-475.6760,-706.6865,-231.3664
1985.0000,11.0000,2966.1592,2700.5980,3236.6099
1985.0000,12.0000,21.1116,-246.2186,290.3897
1986.0000,1.0000,1069.1834,813.1809,1315.9578
1986.0000,2.0000,1985.4869,1715.4303,2256.8147
1986.0000,3.0000,2032.4945,1778.2338,2295.4865
1986.0000,4.0000,1575.8292,1315.6243,1836.3575
1986.0000,5.0000,1499.8480,1249.4207,1747.9848
1986.0000,6.0000,1799.6059,1554.3384,2048.7945
1986.0000,7.0000,933.2997,669.5805,1175.2260
1986.0000,8.0000,-396.5262,-627.4694,-136.6761
1986.0000,9.0000,674.2712,406.1956,935.4803
1986.0000,10.0000,163.6372,-95.0045,414.4459
1986.0000,11.0000,-265.9174,-536.0141,-1.0738
1986.0000,12.0000,1173.9676,899.5529,1431.7170
1987.0000,1.0000,432.3258,182.6379,691.1368
1987.0000,2.0000,337.4044,100.4438,596.9145
1987.0000,3.0000,1090.1890,854.6119,1345.4501
1987.0000,4.0000,1601.3496,1338.6452,1864.9129
1987.0000,5.0000,748.8242,535.1643,987.4229
1987.0000,6.0000,1013.4211,783.3638,1244.5184
1987.0000,7.0000,471.0849,234.6379,740.7372
1987.0000,8.0000,90.0850,-144.3683,313.9937
1987.0000,9.0000,-352.4149,-574.3127,-124.3103
1987.0000,10.0000,-1120.1840,-1354.0734,-865.6562
1987.0000,11.0000,-275.1401,-520.0788,-30.5828
1987.0000,12.0000,842.1929,583.3666,1110.7785
1988.0000,1.0000,432.2075,157.2452,709.4165
1988.0000,2.0000,1060.0897,770.9937,1338.3108
1988.0000,3.0000,1180.6309,927.7296,1423.7310
1988.0000,4.0000,1229.0847,975.4807,1468.7229
1988.0000,5.0000,517.2833,329.6271,729.4237
1988.0000,6.0000,-185.9291,-331.9188,-4.8210
1988.0000,7.0000,413.1243,237.4699,602.6212
1988.0000,8.0000,-394.0042,-569.6321,-194.7754
1988.0000,9.0000,-822.3253,-1019.1441,-607.2012
1988.0000,10.0000,-852.6345,-1120.8428,-577.3937
1988.0000,11.0000,608.9473,350.8574,865.9244
1988.0000,12.0000,96.7299,-161.7751,342.7059
1989.0000,1.0000,957.9062,691.9169,1202.4289
1989.0000,2.0000,257.0363,26.5327,512.9696
1989.0000,3.0000,1063.1952,807.5996,1334.7790
1989.0000,4.0000,1635.7861,1362.6440,1917.3817
1989.0000,5.0000,2356.5260,2086.1771,2604.5027
1989.0000,6.0000,2065.9153,1807.0698,2363.3460
1989.0000,7.0000,410.6778,186.0919,655.5972
1989.0000,8.0000,-406.7618,-589.6169,-214.7959
1989.0000,9.0000,-659.0061,-881.1684,-414.2107
1989.0000,10.0000,-791.4931,-1007.0977,-555.7946
1989.0000,11.0000,-359.1780,-603.4381,-122.3376
1989.0000,12.0000,-46.5533,-257.2456,191.4897
1990.0000,1.0000,1652.1584,1390.9897,1919.7906
1990.0000,2.0000,3251.6238,2969.6546,3544.7164
1990.0000,3.0000,1195.8564,961.4550,1445.7952
1990.0000,4.0000,1720.1698,1468.2266,1988.8354
1990.0000,5.0000,2050.4488,1815.0237,2316.0506
1990.0000,6.0000,938.5457,701.3417,1175.6043
1990.0000,7.0000,721.1899,470.1885,955.0814
1990.0000,8.0000,547.7138,317.4610,783.1727
1990.0000,9.0000,37.4819,-249.8040,314.3355
1990.0000,10.0000,-34.1262,-303.3716,217.5973
1990.0000,11.0000,-222.5996,-456.0785,36.7063
1990.0000,12.0000,2836.6105,2577.6619,3100.8345
1991.0000,1.0000,1199.7621,903.4311,1463.2254
1991.0000,2.0000,1221.3384,970.1731,1479.7364
1991.0000,3.0000,1695.4311,1442.2126,1945.7493
1991.0000,4.0000,2192.0876,1932.2642,2453.6149
1991.0000,5.0000,1065.0318,832.5018,1294.8665
1991.0000,6.0000,28.0801,-163.8303,245.6469
1991.0000,7.0000,-299.1956,-499.4483,-92.8588
1991.0000,8.0000,-129.3224,-334.5996,117.7539
1991.0000,9.0000,-1603.2169,-1803.1761,-1376.4602
1991.0000,10.0000,-372.2950,-610.9437,-110.4145
1991.0000,11.0000,-444.0748,-711.2062,-184.5465
1991.0000,12.0000,117.4398,-173.0672,373.3903
1992.0000,1.0000,687.1015,453.7444,942.0577
1992.0000,2.0000,1085.0992,816.9138,1355.1618
1992.0000,3.0000,1392.8457,1134.0072,1644.6079
1992.0000,4.0000,2230.3114,1962.1695,2494.9474
1992.0000,5.0000,845.8978,602.9924,1089.0499
1992.0000,6.0000,501.7514,271.3981,724.8727
1992.0000,7.0000,1969.7438,1729.8520,2213.4252
1992.0000,8.0000,478.2357,263.7223,713.5487
1992.0000,9.0000,853.1494,601.0081,1122.4136
1992.0000,10.0000,-561.5228,-820.8416,-270.9230
1992.0000,11.0000,1817.0891,1566.2745,2096.4928
1992.0000,12.0000,665.3229,409.0471,924.0829
1993.0000,1.0000,2696.4559,2437.4308,2958.1906
1993.0000,2.0000,537.0737,292.8589,796.8119
1993.0000,3.0000,2710.8217,2460.5382,2971.9975
1993.0000,4.0000,2234.2157,1953.9247,2490.3160
1993.0000,5.0000,707.9358,500.8056,927.4798
1993.0000,6.0000,1672.5431,1425.7118,1939.0358
1993.0000,7.0000,172.2126,-34.5616,378.5075
1993.0000,8.0000,-270.3631,-446.3459,-58.4338
1993.0000,9.0000,-986.0027,-1199.8560,-729.7064
1993.0000,10.0000,-961.0502,-1185.2057,-724.1188
1993.0000,11.0000,555.4763,285.4555,827.8808
1993.0000,12.0000,-16.7796,-263.9109,244.3952
1994.0000,1.0000,737.5994,501.6021,985.0019
1994.0000,2.0000,1105.4233,819.6469,1380.8090
1994.0000,3.0000,1582.4937,1331.0140,1851.8003
1994.0000,4.0000,2600.2823,2324.5658,2859.6030
1994.0000,5.0000,675.8165,465.5862,902.5990
1994.0000,6.0000,1368.3408,1113.8063,1620.6718
1994.0000,7.0000,381.8035,173.2253,607.0339
1994.0000,8.0000,305.6406,63.2931,588.0342
1994.0000,9.0000,-780.4870,-987.8858,-555.5438
1994.0000,10.0000,-1100.6326,-1313.3706,-871.3935
1994.0000,11.0000,-784.7074,-1009.5463,-552.9504
1994.0000,12.0000,626.9595,372.8946,879.1408
1995.0000,1.0000,1400.5747,1154.3877,1669.1767
1995.0000,2.0000,494.1878,229.3419,770.7918
1995.0000,3.0000,1134.6466,890.6838,1382.7141
1995.0000,4.0000,1948.4082,1644.9540,2224.4492
1995.0000,5.0000,1166.6150,946.9190,1398.4515
1995.0000,6.0000,668.0381,443.4162,897.1437
1995.0000,7.0000,331.3831,125.0760,557.2111
1995.0000,8.0000,-236.1227,-433.3324,-13.9068
1995.0000,9.0000,-1482.6960,-1662.1928,-1293.4085
1995.0000,10.0000,-299.4995,-572.3468,-40.4407
1995.0000,11.0000,102.8627,-157.1598,361.2898
1995.0000,12.0000,-98.0496,-325.1145,153.2048
1996.0000,1.0000,1431.9903,1184.9355,1704.7876
1996.0000,2.0000,847.3903,593.3121,1099.2904
1996.0000,3.0000,1429.3072,1169.3653,1709.4328
1996.0000,4.0000,2220.9075,1966.8240,2473.1879
1996.0000,5.0000,2294.2057,2034.4932,2577.8883
1996.0000,6.0000,2088.7834,1832.9254,2367.6823
1996.0000,7.0000,513.0349,299.4638,780.9709
1996.0000,8.0000,-338.7317,-511.3757,-137.2879
1996.0000,9.0000,730.8423,434.7563,1012.8193
1996.0000,10.0000,-623.4637,-844.9983,-375.7123
1996.0000,11.0000,216.9408,-42.6887,489.4812
1996.0000,12.0000,1751.8080,1490.7780,1995.8433
1997.0000,1.0000,811.3586,552.6119,1091.3393
1997.0000,2.0000,2736.4536,2464.2903,3026.0507
1997.0000,3.0000,2605.9651,2357.1603,2851.7493
1997.0000,4.0000,1004.3954,775.0811,1254.0530
1997.0000,5.0000,2542.0855,2276.8591,2792.3527
1997.0000,6.0000,2146.5874,1899.2208,2395.9763
1997.0000,7.0000,212.0007,-20.9138,440.2679
1997.0000,8.0000,104.2254,-96.4689,348.5584
1997.0000,9.0000,-345.2924,-590.8328,-97.5264
1997.0000,10.0000,-1034.6432,-1250.4558,-810.2796
1997.0000,11.0000,-274.4467,-526.1696,-13.3630
1997.0000,12.0000,619.8567,372.7621,868.9807
1998.0000,1.0000,2430.3698,2159.3398,2686.0011
1998.0000,2.0000,1730.4376,1471.1940,2034.0970
1998.0000,3.0000,2095.8365,1813.0830,2371.6647
1998.0000,4.0000,2347.1799,2093.9079,2615.0352
1998.0000,5.0000,685.4239,474.6246,917.1300
1998.0000,6.0000,600.6593,391.9180,833.5143
1998.0000,7.0000,19.9685,-209.7490,275.3417
1998.0000,8.0000,225.2732,-10.6731,478.1041
1998.0000,9.0000,-1202.3071,-1386.2709,-1000.4701
1998.0000,10.0000,-1412.0371,-1604.9341,-1190.5433
1998.0000,11.0000,-1012.6339,-1204.9067,-820.8279
1998.0000,12.0000,-487.8798,-688.0876,-270.3305
1999.0000,1.0000,1870.7693,1588.8265,2132.7620
1999.0000,2.0000,858.3203,587.5163,1139.0092
1999.0000,3.0000,1166.0459,901.1805,1417.1197
1999.0000,4.0000,2177.2799,1920.2511,2431.1842
1999.0000,5.0000,689.0921,474.7439,907.4348
1999.0000,6.0000,470.4910,250.5901,698.1741
1999.0000,7.0000,69.9299,-120.1749,280.4325
1999.0000,8.0000,-805.2113,-983.8792,-610.6602
1999.0000,9.0000,-979.9972,-1194.2383,-753.7515
1999.0000,10.0000,-1123.2883,-1360.9784,-869.0357
1999.0000,11.0000,-254.3437,-507.1584,-8.6421
1999.0000,12.0000,-72.0174,-335.4980,191.4886
2000.0000,1.0000,275.4610,52.9260,522.4751
2000.0000,2.0000,1087.9335,811.3564,1365.0459
2000.0000,3.0000,894.2602,645.4778,1192.0668
2000.0000,4.0000,2044.0208,1767.6004,2277.1741
2000.0000,5.0000,1835.1563,1573.5297,2069.5066
2000.0000,6.0000,2296.9356,2031.9087,2570.2885
2000.0000,7.0000,558.4879,308.0647,811.5931
2000.0000,8.0000,198.0744,-27.1712,463.6833
2000.0000,9.0000,-887.8188,-1126.9691,-636.3614
2000.0000,10.0000,-372.1125,-638.5739,-125.7103
2000.0000,11.0000,-673.8381,-925.0204,-419.6609
2000.0000,12.0000,241.5765,-5.4630,497.5433
2001.0000,1.0000,454.0565,234.9061,690.1354
2001.0000,2.0000,2158.4529,1886.6915,2446.4716
2001.0000,3.0000,1019.3749,754.4595,1287.2487
2001.0000,4.0000,1676.0532,1413.5037,1940.6502
2001.0000,5.0000,1407.0606,1158.3659,1650.4248
2001.0000,6.0000,737.0059,511.2955,981.5653
2001.0000,7.0000,-422.6195,-606.6606,-224.6889
2001.0000,8.0000,-340.3675,-534.8002,-133.8604
2001.0000,9.0000,-798.9292,-1023.2476,-560.2479
2001.0000,10.0000,236.6948,-10.7445,483.6752
2001.0000,11.0000,53.8018,-166.8630,289.3261
2001.0000,12.0000,512.4465,240.5384,795.4672
2002.0000,1.0000,1018.1746,774.5289,1252.3679
2002.0000,2.0000,1420.7661,1154.5505,1683.0751
2002.0000,3.0000,1526.3411,1296.0199,1799.1119
2002.0000,4.0000,2569.9397,2287.6381,2827.9801
2002.0000,5.0000,1865.5032,1601.9492,2117.4632
2002.0000,6.0000,705.9067,476.2320,953.6812
2002.0000,7.0000,-138.8360,-339.0744,85.2502
2002.0000,8.0000,-745.1488,-916.5171,-518.9385
2002.0000,9.0000,-481.7865,-705.0405,-243.5414
2002.0000,10.0000,-1617.6111,-1816.1628,-1376.5638
2002.0000,11.0000,-402.2366,-662.5637,-149.6790
2002.0000,12.0000,471.5234,183.0132,760.9739
2003.0000,1.0000,343.1454,141.3457,572.6395
2003.0000,2.0000,720.8764,490.5331,962.2732
2003.0000,3.0000,1785.6446,1545.3285,2045.0154
2003.0000,4.0000,1635.3509,1377.1904,1892.2501
2003.0000,5.0000,2546.0913,2310.4672,2799.7258
2003.0000,6.0000,1101.6984,841.6021,1351.8681
2003.0000,7.0000,1018.9435,754.1811,1314.9064
2003.0000,8.0000,102.1705,-125.3350,390.6400
2003.0000,9.0000,-98.9015,-369.8961,166.8662
2003.0000,10.0000,-507.6249,-781.2473,-274.1425
2003.0000,11.0000,165.0389,-99.7793,441.0800
2003.0000,12.0000,1067.1816,795.3245,1325.6325
2004.0000,1.0000,797.8566,546.8949,1074.9054
2004.0000,2.0000,710.8137,450.3681,981.5794
2004.0000,3.0000,2353.0719,2082.8118,2607.5508
2004.0000,4.0000,1332.8189,1080.4763,1596.3073
2004.0000,5.0000,2697.3901,2452.0209,2933.9207
2004.0000,6.0000,1325.5783,1101.9144,1550.3856
2004.0000,7.0000,673.3231,479.7480,861.7422
2004.0000,8.0000,12.3537,-190.3393,217.4841
2004.0000,9.0000,-563.7232,-782.4365,-334.5333
2004.0000,10.0000,-820.8824,-1027.6372,-610.2870
2004.0000,11.0000,141.5649,-104.0514,377.5022
2004.0000,12.0000,768.7865,569.3435,984.2728
2005.0000,1.0000,3205.2230,2987.3994,3407.5928
2005.0000,2.0000,1890.0696,1662.5139,2126.9208
2005.0000,3.0000,1028.7508,806.3739,1248.0042
2005.0000,4.0000,2491.6037,2252.9434,2714.0548
2005.0000,5.0000,667.1075,476.5602,878.5300
2005.0000,6.0000,416.1876,244.7533,612.4648
2005.0000,7.0000,377.7254,188.6149,581.5606
2005.0000,8.0000,-206.1165,-387.6173,-14.5789
2005.0000,9.0000,-134.6974,-362.6882,83.2898
2005.0000,10.0000,-1145.6614,-1356.4934,-932.5706
2005.0000,11.0000,-59.2731,-287.0900,167.4869
2005.0000,12.0000,494.9622,273.6825,718.9801
2006.0000,1.0000,1921.8597,1715.6188,2121.1599
2006.0000,2.0000,1354.0211,1131.9018,1581.1071
2006.0000,3.0000,1248.9710,1024.0211,1480.2650
2006.0000,4.0000,1205.4178,1000.6671,1416.1761
2006.0000,5.0000,1636.7790,1430.2964,1857.3744
2006.0000,6.0000,911.3792,705.8035,1117.6136
2006.0000,7.0000,1335.3083,1139.7354,1540.6059
2006.0000,8.0000,-314.1620,-516.1320,-111.3823
2006.0000,9.0000,-233.4483,-443.9379,-21.7448
2006.0000,10.0000,622.0319,414.8049,835.8610
2006.0000,11.0000,671.3385,442.2265,885.8662
2006.0000,12.0000,1589.2467,1372.9945,1797.6353
2007.0000,1.0000,2656.2926,2442.9081,2868.3351
2007.0000,2.0000,419.3385,209.7878,641.2987
2007.0000,3.0000,2503.9812,2301.3513,2727.9358
2007.0000,4.0000,1764.1683,1542.9280,1964.2865
2007.0000,5.0000,739.9306,554.9910,935.7462
2007.0000,6.0000,187.3770,5.8516,369.1700
2007.0000,7.0000,-117.8967,-280.4203,56.9031
2007.0000,8.0000,1158.0192,948.3834,1370.0147
2007.0000,9.0000,-439.2201,-623.4747,-238.0997
2007.0000,10.0000,-962.0904,-1138.6768,-780.5773
2007.0000,11.0000,-221.9010,-435.1135,18.7531
2007.0000,12.0000,1805.3000,1576.0690,2041.6297
2008.0000,1.0000,1531.6124,1336.9716,1735.8524
2008.0000,2.0000,3178.5338,2946.9938,3404.5283
2008.0000,3.0000,3292.4792,3078.6184,3501.2491
2008.0000,4.0000,1968.6450,1759.2324,2173.2386
2008.0000,5.0000,1165.0180,967.0914,1352.3153
2008.0000,6.0000,1478.0573,1269.0672,1684.3465
2008.0000,7.0000,804.9574,608.0200,992.9492
2008.0000,8.0000,-549.3027,-714.7031,-379.0134
2008.0000,9.0000,-156.5128,-360.8904,41.7561
2008.0000,10.0000,-1260.1693,-1441.5161,-1073.1402
2008.0000,11.0000,168.6882,-40.8846,390.7799
2008.0000,12.0000,1817.6313,1597.2112,2050.1766
2009.0000,1.0000,624.1541,416.9138,834.9952
2009.0000,2.0000,2511.8222,2280.4785,2764.4891
2009.0000,3.0000,2766.1503,2570.2623,2969.8295
2009.0000,4.0000,2165.5439,1948.3639,2388.6167
2009.0000,5.0000,1113.6961,911.2845,1328.7878
2009.0000,6.0000,1101.3232,886.6733,1308.6378
2009.0000,7.0000,335.4001,167.4104,521.7031
2009.0000,8.0000,99.1907,-91.9237,290.4927
2009.0000,9.0000,-643.6989,-832.1275,-442.6512
2009.0000,10.0000,-414.7508,-628.4657,-192.8195
2009.0000,11.0000,-390.6503,-587.9918,-182.3620
2009.0000,12.0000,472.4351,248.2592,696.6039
2010.0000,1.0000,628.8604,417.3554,846.7819
2010.0000,2.0000,524.3866,326.6514,735.4457
2010.0000,3.0000,1858.6125,1648.0670,2067.2488
2010.0000,4.0000,1406.5235,1201.3829,1612.0803
2010.0000,5.0000,2051.9826,1839.7984,2248.5977
2010.0000,6.0000,1614.4176,1395.4925,1830.3014
2010.0000,7.0000,381.7403,193.0683,569.3976
2010.0000,8.0000,-519.9052,-695.7503,-342.3510
2010.0000,9.0000,-860.6924,-1051.1116,-652.5085
2010.0000,10.0000,-703.6741,-915.5738,-494.3340
2010.0000,11.0000,21.2295,-192.1148,228.6915
2010.0000,12.0000,75.8783,-138.7177,278.0523
2011.0000,1.0000,544.9237,349.5527,746.7876
2011.0000,2.0000,1902.9578,1683.8677,2121.5364
2011.0000,3.0000,3469.9437,3260.5353,3705.2883
2011.0000,4.0000,3691.1836,3483.8132,3918.0289
2011.0000,5.0000,3732.4351,3516.7152,3962.5094
2011.0000,6.0000,937.0125,728.0783,1152.3157
2011.0000,7.0000,395.6798,189.0972,589.8535
2011.0000,8.0000,117.0788,-80.5500,315.8528
2011.0000,9.0000,633.0388,415.2128,842.2238
2011.0000,10.0000,575.9997,358.7451,783.7019
2011.0000,11.0000,1402.6024,1181.0607,1628.1894
2011.0000,12.0000,2369.7475,2156.3426,2603.5482
2012.0000,1.0000,1866.6871,1646.4262,2093.5379
2012.0000,2.0000,1013.5341,789.4178,1226.0450
2012.0000,3.0000,1621.7218,1397.4297,1839.6985
2012.0000,4.0000,369.1458,193.2160,560.7516
2012.0000,5.0000,654.7752,467.9552,870.0627
2012.0000,6.0000,94.4504,-61.4417,260.2944
2012.0000,7.0000,-88.1627,-242.7982,77.0603
2012.0000,8.0000,-276.7786,-434.5541,-99.5170
2012.0000,9.0000,-358.3139,-556.5038,-154.5327
2012.0000,10.0000,341.4444,131.4670,550.0838
2012.0000,11.0000,-356.8176,-564.8877,-134.9071
2012.0000,12.0000,767.8840,538.3909,1007.2211
2013.0000,1.0000,1301.8215,1072.4284,1526.9193
2013.0000,2.0000,1570.2750,1337.4252,1798.5386
2013.0000,3.0000,1141.9728,930.5738,1344.9167
2013.0000,4.0000,2590.2840,2359.3500,2822.2054
2013.0000,5.0000,1012.9707,821.5962,1212.2566
2013.0000,6.0000,2216.4616,2009.9964,2419.4535
2013.0000,7.0000,1339.1967,1134.2867,1533.5724
2013.0000,8.0000,113.5717,-84.9973,325.3256
2013.0000,9.0000,-525.6269,-726.7779,-311.8780
2013.0000,10.0000,12.8830,-215.0835,237.7248
2013.0000,11.0000,-183.1081,-404.0870,47.5550
2013.0000,12.0000,1373.0272,1163.9421,1574.2497
2014.0000,1.0000,1012.5179,760.5844,1265.2835
2014.0000,2.0000,1376.2318,1104.0515,1652.8978
2014.0000,3.0000,1344.8484,1111.0335,1598.1719
2014.0000,4.0000,2839.8920,2574.9283,3109.3027
2014.0000,5.0000,1842.5804,1595.7101,2069.8432
2014.0000,6.0000,966.2233,755.8865,1193.0759
2014.0000,7.0000,401.0194,192.4013,631.8637
2014.0000,8.0000,220.1967,-4.1118,464.4328
2014.0000,9.0000,263.5590,6.2120,522.6511
2014.0000,10.0000,-199.7030,-430.4759,62.9158
2014.0000,11.0000,-464.0408,-696.5291,-209.9574
2014.0000,12.0000,58.8999,-151.7475,283.1268
2015.0000,1.0000,798.4705,545.9241,1044.3516
2015.0000,2.0000,233.8061,27.5511,451.9975
2015.0000,3.0000,1376.4741,1100.2043,1624.4386
2015.0000,4.0000,1962.5320,1718.6881,2223.0761
2015.0000,5.0000,1431.4131,1162.3319,1689.4439
2015.0000,6.0000,2741.6154,2461.8955,2995.2119
2015.0000,7.0000,764.6176,499.2413,1027.2987
2015.0000,8.0000,-239.5339,-437.1923,1.9549
2015.0000,9.0000,-373.1312,-606.1548,-102.2041
2015.0000,10.0000,-1090.6265,-1283.2777,-876.3058
2015.0000,11.0000,-376.2767,-643.0719,-100.0860
2015.0000,12.0000,473.9464,218.0572,736.6887
