time,date,hour,precip [mm/day],sub698 [m3/s],sub698 (observed) [m3/s]
0,2010-01-01,00:00:00.00,---,8.41325,
1,2010-01-02,00:00:00.00,5.19732,5.78092,3
2,2010-01-03,00:00:00.00,15.9094,1.78732,2.84
3,2010-01-04,00:00:00.00,14.5466,0.272127,2.7
4,2010-01-05,00:00:00.00,4.88924,0.123341,2.58
5,2010-01-06,00:00:00.00,5.28439,0.18705,2.51
6,2010-01-07,00:00:00.00,0.489613,0.235274,2.44
7,2010-01-08,00:00:00.00,5.45047,0.241941,2.39
8,2010-01-09,00:00:00.00,4.08334,0.247074,2.33
9,2010-01-10,00:00:00.00,0.116368,0.242946,2.28
10,2010-01-11,00:00:00.00,0.0987822,0.243514,2.24
11,2010-01-12,00:00:00.00,2.36227,0.240681,2.21
12,2010-01-13,00:00:00.00,0.0495925,0.240512,2.18
13,2010-01-14,00:00:00.00,4.51911e-308,0.238435,2.15
14,2010-01-15,00:00:00.00,0.0173459,0.237867,2.13
15,2010-01-16,00:00:00.00,0.0544065,0.236094,2.11
16,2010-01-17,00:00:00.00,0.00508794,0.235152,2.1
17,2010-01-18,00:00:00.00,0.00142672,0.233399,2.09
18,2010-01-19,00:00:00.00,0.0556102,0.232126,2.08
19,2010-01-20,00:00:00.00,0.971518,0.230381,2.07
20,2010-01-21,00:00:00.00,0.50231,0.229001,2.06
21,2010-01-22,00:00:00.00,0.000134982,0.227413,1.97
22,2010-01-23,00:00:00.00,0.0035375,0.226125,1.99
23,2010-01-24,00:00:00.00,0.000136387,0.224704,2.08
24,2010-01-25,00:00:00.00,10.6637,0.237439,2.2
25,2010-01-26,00:00:00.00,5.23315,0.3425,25.5
26,2010-01-27,00:00:00.00,2.92003,0.684071,47.5
27,2010-01-28,00:00:00.00,1.11859,1.24739,30
28,2010-01-29,00:00:00.00,1.35667,1.63274,20
29,2010-01-30,00:00:00.00,0.434934,1.45241,14
30,2010-01-31,00:00:00.00,0.0981057,0.907856,9.5
31,2010-02-01,00:00:00.00,0.824695,0.473295,7
32,2010-02-02,00:00:00.00,0.016507,0.298211,5.2
33,2010-02-03,00:00:00.00,2.1631,0.263092,4
34,2010-02-04,00:00:00.00,0.424856,0.260447,3.4
35,2010-02-05,00:00:00.00,0.00180495,0.259304,3.05
36,2010-02-06,00:00:00.00,0.00016891,0.257943,2.82
37,2010-02-07,00:00:00.00,0.000120475,0.256403,2.64
38,2010-02-08,00:00:00.00,7.07655e-308,0.254874,2.52
39,2010-02-09,00:00:00.00,0.0105329,0.253346,2.4
40,2010-02-10,00:00:00.00,5.18047,0.251933,2.3
41,2010-02-11,00:00:00.00,7.63055,0.250604,2.22
42,2010-02-12,00:00:00.00,0.564764,0.249332,2.16
43,2010-02-13,00:00:00.00,0.0214351,0.2481,2.1
44,2010-02-14,00:00:00.00,0.044035,0.246909,2.05
45,2010-02-15,00:00:00.00,0.886398,0.245699,2
46,2010-02-16,00:00:00.00,0.234745,0.244418,1.96
47,2010-02-17,00:00:00.00,2.22582,0.243065,1.92
48,2010-02-18,00:00:00.00,1.18209,0.241672,1.89
49,2010-02-19,00:00:00.00,0.0187797,0.240267,1.87
50,2010-02-20,00:00:00.00,0.00113111,0.238873,1.85
51,2010-02-21,00:00:00.00,0.000464489,0.237476,1.83
52,2010-02-22,00:00:00.00,0.000127477,0.236039,1.81
53,2010-02-23,00:00:00.00,15.0207,0.24015,1.86
54,2010-02-24,00:00:00.00,0.393396,0.26969,1.92
55,2010-02-25,00:00:00.00,0.215158,0.341642,1.99
56,2010-02-26,00:00:00.00,2.25713,0.415538,2.01
57,2010-02-27,00:00:00.00,5.00625,0.414755,1.98
58,2010-02-28,00:00:00.00,4.31344,0.34474,1.94
59,2010-03-01,00:00:00.00,0.28796,0.285803,1.96
60,2010-03-02,00:00:00.00,0.000551592,0.275382,2
61,2010-03-03,00:00:00.00,0.000759879,0.285286,1.98
62,2010-03-04,00:00:00.00,0.00095555,0.280125,1.95
63,2010-03-05,00:00:00.00,0,0.258944,2.18
64,2010-03-06,00:00:00.00,0,0.240378,2.4
65,2010-03-07,00:00:00.00,0,0.231783,2.7
66,2010-03-08,00:00:00.00,0,0.228954,3
67,2010-03-09,00:00:00.00,0,0.227475,4.37
68,2010-03-10,00:00:00.00,0.00137897,0.321948,9.51
69,2010-03-11,00:00:00.00,0.00458806,0.92681,20
70,2010-03-12,00:00:00.00,0.00155559,2.60645,40.8
71,2010-03-13,00:00:00.00,1.33553,5.08225,61.9
72,2010-03-14,00:00:00.00,11.0649,6.01363,57.8
73,2010-03-15,00:00:00.00,1.6023,4.67607,81.9
74,2010-03-16,00:00:00.00,0.0445057,3.00429,76.9
75,2010-03-17,00:00:00.00,2.1015e-308,1.93333,44.9
76,2010-03-18,00:00:00.00,0,1.4184,26.7
77,2010-03-19,00:00:00.00,0,1.09528,17.8
78,2010-03-20,00:00:00.00,0.000159787,0.840642,12.7
79,2010-03-21,00:00:00.00,0.0668331,0.735316,9.21
80,2010-03-22,00:00:00.00,0.0793095,0.712667,7.23
81,2010-03-23,00:00:00.00,3.53808,0.71806,6.05
82,2010-03-24,00:00:00.00,0.0559838,0.742541,5.45
83,2010-03-25,00:00:00.00,0.0171474,0.797319,5.1
84,2010-03-26,00:00:00.00,0.0980276,0.855146,4.59
85,2010-03-27,00:00:00.00,0.000272447,0.862116,4.13
86,2010-03-28,00:00:00.00,0.000255917,0.821468,3.74
87,2010-03-29,00:00:00.00,8.79078,0.796777,3.52
88,2010-03-30,00:00:00.00,0.387576,0.865594,3.8
89,2010-03-31,00:00:00.00,0,1.06805,4.32
90,2010-04-01,00:00:00.00,0.000745609,1.28341,4.08
91,2010-04-02,00:00:00.00,0,1.29922,3.74
92,2010-04-03,00:00:00.00,0,1.12693,3.49
93,2010-04-04,00:00:00.00,0.281605,0.95979,3.35
94,2010-04-05,00:00:00.00,0.0450729,0.887779,3.12
95,2010-04-06,00:00:00.00,1.40683,0.875098,2.93
96,2010-04-07,00:00:00.00,22.4121,0.917992,7.28
97,2010-04-08,00:00:00.00,16.0448,1.17922,21.9
98,2010-04-09,00:00:00.00,14.4145,1.93703,53
99,2010-04-10,00:00:00.00,0.0714569,3.0993,45.9
100,2010-04-11,00:00:00.00,0.0296774,3.99861,26.3
101,2010-04-12,00:00:00.00,0.0485322,3.94211,19.8
102,2010-04-13,00:00:00.00,0.186825,3.18382,13
103,2010-04-14,00:00:00.00,1.66684,2.38282,8.54
104,2010-04-15,00:00:00.00,0.0159317,1.88609,6.77
105,2010-04-16,00:00:00.00,0.00356388,1.73795,5.67
106,2010-04-17,00:00:00.00,0.665818,1.71629,5.01
107,2010-04-18,00:00:00.00,2.26505,1.72714,4.55
108,2010-04-19,00:00:00.00,0.469807,1.73821,4.13
109,2010-04-20,00:00:00.00,5.9194e-308,1.75308,3.87
110,2010-04-21,00:00:00.00,2.9597e-308,1.76903,3.5
111,2010-04-22,00:00:00.00,0.00849583,1.77932,3.27
112,2010-04-23,00:00:00.00,0.0120588,1.78402,3.11
113,2010-04-24,00:00:00.00,0.00471613,1.78706,2.96
114,2010-04-25,00:00:00.00,1.1008,1.79182,2.8
115,2010-04-26,00:00:00.00,14.5326,1.82397,3.31
116,2010-04-27,00:00:00.00,0.245266,1.982,4.87
117,2010-04-28,00:00:00.00,0.000400944,2.36746,4.81
118,2010-04-29,00:00:00.00,4.25014e-308,2.77685,3.92
119,2010-04-30,00:00:00.00,0.0337755,2.82448,3.35
120,2010-05-01,00:00:00.00,0.00261656,2.5435,3.05
121,2010-05-02,00:00:00.00,3.22982,2.26978,2.94
122,2010-05-03,00:00:00.00,4.19534,2.15156,2.94
123,2010-05-04,00:00:00.00,8.29199,2.14848,3.11
124,2010-05-05,00:00:00.00,0.272054,2.23444,4.94
125,2010-05-06,00:00:00.00,8.98788,2.42975,4.2
126,2010-05-07,00:00:00.00,0.0414531,2.67373,3.39
127,2010-05-08,00:00:00.00,20.1706,2.90105,3.81
128,2010-05-09,00:00:00.00,5.54062,3.20995,6.97
129,2010-05-10,00:00:00.00,0.423085,3.77798,9.93
130,2010-05-11,00:00:00.00,0.0431316,4.38858,7.79
131,2010-05-12,00:00:00.00,17.1073,4.44212,7.32
132,2010-05-13,00:00:00.00,0.0478493,4.17505,16.7
133,2010-05-14,00:00:00.00,23.8628,4.35603,14.5
134,2010-05-15,00:00:00.00,1.59661,5.06642,34.9
135,2010-05-16,00:00:00.00,0,5.95316,26.4
136,2010-05-17,00:00:00.00,0.0153059,6.48164,16.7
137,2010-05-18,00:00:00.00,0.129256,6.13982,12.9
138,2010-05-19,00:00:00.00,1.93291,5.35343,8.04
139,2010-05-20,00:00:00.00,0.002547,4.83252,5.63
140,2010-05-21,00:00:00.00,0.00126897,4.60057,4.63
141,2010-05-22,00:00:00.00,0.00481994,4.52616,3.95
142,2010-05-23,00:00:00.00,8.30273,4.50701,3.62
143,2010-05-24,00:00:00.00,0.020208,4.55054,3.71
144,2010-05-25,00:00:00.00,0.00154866,4.717,3.72
145,2010-05-26,00:00:00.00,0.000698383,4.87558,3.31
146,2010-05-27,00:00:00.00,3.72664e-308,4.84457,2.98
147,2010-05-28,00:00:00.00,0.019943,4.67738,2.73
148,2010-05-29,00:00:00.00,0.0228028,4.52618,2.49
149,2010-05-30,00:00:00.00,0.0690343,4.43547,2.3
150,2010-05-31,00:00:00.00,0.00927291,4.37987,2.14
151,2010-06-01,00:00:00.00,12.6569,4.35422,1.99
152,2010-06-02,00:00:00.00,5.84721,4.44186,2.03
153,2010-06-03,00:00:00.00,12.5959,4.77046,3.63
154,2010-06-04,00:00:00.00,14.8221,5.28582,4.77
155,2010-06-05,00:00:00.00,1.97726,5.86673,8.79
156,2010-06-06,00:00:00.00,8.68887,6.5001,11.6
157,2010-06-07,00:00:00.00,31.1462,6.92049,19.2
158,2010-06-08,00:00:00.00,0.00919519,7.29808,31.7
159,2010-06-09,00:00:00.00,0.0170792,8.39354,20.3
160,2010-06-10,00:00:00.00,6.15425,9.41109,16.3
161,2010-06-11,00:00:00.00,0.128797,9.07928,12
162,2010-06-12,00:00:00.00,0.00103201,8.10304,7.04
163,2010-06-13,00:00:00.00,0.117562,7.44852,4.83
164,2010-06-14,00:00:00.00,0.214517,7.11264,3.94
165,2010-06-15,00:00:00.00,0.00250534,6.8925,3.48
166,2010-06-16,00:00:00.00,0.0497763,6.71422,3.17
167,2010-06-17,00:00:00.00,2.91416,6.57221,2.84
168,2010-06-18,00:00:00.00,0.0114836,6.44868,2.55
169,2010-06-19,00:00:00.00,0.0144033,6.33103,2.35
170,2010-06-20,00:00:00.00,0.0115462,6.2167,2.16
171,2010-06-21,00:00:00.00,0.00213854,6.10983,1.98
172,2010-06-22,00:00:00.00,0.000699482,6.00665,1.82
173,2010-06-23,00:00:00.00,3.78569,5.89928,1.72
174,2010-06-24,00:00:00.00,1.38552,5.79217,1.66
175,2010-06-25,00:00:00.00,1.60846,5.68951,1.64
176,2010-06-26,00:00:00.00,0.0836241,5.59037,1.57
177,2010-06-27,00:00:00.00,0.0333331,5.49462,1.5
178,2010-06-28,00:00:00.00,5.84712,5.40464,1.47
179,2010-06-29,00:00:00.00,0.0334372,5.33556,1.54
180,2010-06-30,00:00:00.00,0.0576778,5.30254,1.83
181,2010-07-01,00:00:00.00,0.00409116,5.27056,1.69
182,2010-07-02,00:00:00.00,0.00468524,5.18711,1.49
183,2010-07-03,00:00:00.00,0.00558429,5.06871,1.36
184,2010-07-04,00:00:00.00,0.00665616,4.95628,1.27
185,2010-07-05,00:00:00.00,0.00775723,4.86206,1.21
186,2010-07-06,00:00:00.00,0.0163228,4.77863,1.17
187,2010-07-07,00:00:00.00,0.0111314,4.69824,1.11
188,2010-07-08,00:00:00.00,0.0899681,4.61908,1.04
189,2010-07-09,00:00:00.00,7.36588,4.54704,1.01
190,2010-07-10,00:00:00.00,13.5214,4.52609,1.07
191,2010-07-11,00:00:00.00,0.00614305,4.65724,1.51
192,2010-07-12,00:00:00.00,0.425937,4.969,1.37
193,2010-07-13,00:00:00.00,16.6827,5.22708,1.46
194,2010-07-14,00:00:00.00,0.378949,5.28673,1.94
195,2010-07-15,00:00:00.00,0.00198666,5.40776,1.86
196,2010-07-16,00:00:00.00,11.8347,5.5871,1.56
197,2010-07-17,00:00:00.00,14.5728,5.58587,1.91
198,2010-07-18,00:00:00.00,7.56435,5.64483,2.55
199,2010-07-19,00:00:00.00,2.11076,6.00139,6.01
200,2010-07-20,00:00:00.00,5.12262,6.33505,5.02
201,2010-07-21,00:00:00.00,0.031909,6.22189,3.23
202,2010-07-22,00:00:00.00,0.206035,5.81142,2.25
203,2010-07-23,00:00:00.00,3.75147,5.47984,1.76
204,2010-07-24,00:00:00.00,5.70541,5.25682,1.61
205,2010-07-25,00:00:00.00,6.38343,5.12367,1.67
206,2010-07-26,00:00:00.00,2.89699,5.08515,1.59
207,2010-07-27,00:00:00.00,0.0231166,5.10007,1.62
208,2010-07-28,00:00:00.00,0.101396,5.08511,1.57
209,2010-07-29,00:00:00.00,1.70296,4.9798,1.39
210,2010-07-30,00:00:00.00,0.00794973,4.83799,1.22
211,2010-07-31,00:00:00.00,0.0822165,4.71425,1.13
212,2010-08-01,00:00:00.00,3.31935,4.62015,1.05
213,2010-08-02,00:00:00.00,0.123019,4.54014,1.02
214,2010-08-03,00:00:00.00,0.0057064,4.46522,1
215,2010-08-04,00:00:00.00,0.00237772,4.39244,0.956
216,2010-08-05,00:00:00.00,1.3776,4.32118,0.964
217,2010-08-06,00:00:00.00,0.55313,4.2509,0.932
218,2010-08-07,00:00:00.00,0.285603,4.18186,1
219,2010-08-08,00:00:00.00,0.0163471,4.11454,0.946
220,2010-08-09,00:00:00.00,0.088056,4.04886,0.887
221,2010-08-10,00:00:00.00,2.72814,3.98481,0.864
222,2010-08-11,00:00:00.00,0.00787777,3.92266,0.874
223,2010-08-12,00:00:00.00,1.31781,3.86559,0.897
224,2010-08-13,00:00:00.00,0.458353,3.80835,0.879
225,2010-08-14,00:00:00.00,0.00318175,3.74967,0.854
226,2010-08-15,00:00:00.00,0.071815,3.69316,0.842
227,2010-08-16,00:00:00.00,0.554416,3.63728,0.817
228,2010-08-17,00:00:00.00,0.00242214,3.58245,0.823
229,2010-08-18,00:00:00.00,0.004352,3.52866,0.802
230,2010-08-19,00:00:00.00,0.00882691,3.47595,0.748
231,2010-08-20,00:00:00.00,0.0847502,3.42448,0.739
232,2010-08-21,00:00:00.00,0.000411148,3.37408,0.738
233,2010-08-22,00:00:00.00,9.35289,3.33341,0.724
234,2010-08-23,00:00:00.00,0.379296,3.33468,0.736
235,2010-08-24,00:00:00.00,1.30867,3.41298,0.906
236,2010-08-25,00:00:00.00,0.0639286,3.5005,0.91
237,2010-08-26,00:00:00.00,0.451761,3.47292,0.873
238,2010-08-27,00:00:00.00,0.155609,3.34498,0.829
239,2010-08-28,00:00:00.00,0.00309838,3.22009,0.777
240,2010-08-29,00:00:00.00,0.0078435,3.14048,0.761
241,2010-08-30,00:00:00.00,0.00296151,3.08985,0.743
242,2010-08-31,00:00:00.00,0.0225034,3.04685,0.709
243,2010-09-01,00:00:00.00,0.00462947,3.00502,0.682
244,2010-09-02,00:00:00.00,0.27925,2.96382,0.655
245,2010-09-03,00:00:00.00,2.02615,2.92335,0.647
246,2010-09-04,00:00:00.00,7.54101,2.88955,0.679
247,2010-09-05,00:00:00.00,0.335531,2.88445,0.669
248,2010-09-06,00:00:00.00,0.620658,2.93136,0.742
249,2010-09-07,00:00:00.00,0.1876,2.98445,0.672
250,2010-09-08,00:00:00.00,0.00632948,2.9595,0.66
251,2010-09-09,00:00:00.00,0.0336206,2.86587,0.633
252,2010-09-10,00:00:00.00,0.201373,2.77441,0.603
253,2010-09-11,00:00:00.00,0.00488061,2.71457,0.603
254,2010-09-12,00:00:00.00,4.87656,2.67785,0.64
255,2010-09-13,00:00:00.00,0.0586124,2.66006,0.662
256,2010-09-14,00:00:00.00,1.27386,2.66782,0.717
257,2010-09-15,00:00:00.00,0.00416977,2.67874,0.739
258,2010-09-16,00:00:00.00,0.00211934,2.65225,0.683
259,2010-09-17,00:00:00.00,17.1782,2.61106,0.716
260,2010-09-18,00:00:00.00,0.0757234,2.65822,0.773
261,2010-09-19,00:00:00.00,2.01611,2.88113,0.994
262,2010-09-20,00:00:00.00,0.000180641,3.13041,0.879
263,2010-09-21,00:00:00.00,0.0138321,3.13284,0.871
264,2010-09-22,00:00:00.00,0.0129594,2.91549,0.834
265,2010-09-23,00:00:00.00,6.18624,2.7088,0.839
266,2010-09-24,00:00:00.00,0.0155665,2.62409,0.812
267,2010-09-25,00:00:00.00,0.12825,2.64213,0.842
268,2010-09-26,00:00:00.00,0.880321,2.67998,0.775
269,2010-09-27,00:00:00.00,1.16237,2.65807,0.75
270,2010-09-28,00:00:00.00,0.378542,2.58253,0.812
271,2010-09-29,00:00:00.00,31.7987,2.54799,0.921
272,2010-09-30,00:00:00.00,0.575543,2.72409,1.02
273,2010-10-01,00:00:00.00,0.00352253,3.26067,1.38
274,2010-10-02,00:00:00.00,0.176333,3.85151,1.16
275,2010-10-03,00:00:00.00,16.9504,3.8977,1.16
276,2010-10-04,00:00:00.00,0.54086,3.59147,1.07
277,2010-10-05,00:00:00.00,0.317044,3.51281,1.19
278,2010-10-06,00:00:00.00,0.547723,3.64689,1.13
279,2010-10-07,00:00:00.00,5.1573,3.62885,1.07
280,2010-10-08,00:00:00.00,0.190943,3.39759,1.05
281,2010-10-09,00:00:00.00,0.000129601,3.22204,1.14
282,2010-10-10,00:00:00.00,0.00120687,3.16913,1.08
283,2010-10-11,00:00:00.00,0.00916049,3.123,1.03
284,2010-10-12,00:00:00.00,5.82999,3.04136,1
285,2010-10-13,00:00:00.00,0.0416332,2.99039,0.938
286,2010-10-14,00:00:00.00,6.21703,3.0251,0.927
287,2010-10-15,00:00:00.00,21.0486,3.14595,1.12
288,2010-10-16,00:00:00.00,0.811958,3.39983,1.3
289,2010-10-17,00:00:00.00,0.00321832,3.88609,1.56
290,2010-10-18,00:00:00.00,0.00215769,4.29871,1.49
291,2010-10-19,00:00:00.00,0.00157256,4.17745,1.39
292,2010-10-20,00:00:00.00,0.0129229,3.76831,1.24
293,2010-10-21,00:00:00.00,3.81867,3.43904,1.16
294,2010-10-22,00:00:00.00,8.18842,3.28905,1.11
295,2010-10-23,00:00:00.00,0.18431,3.34942,1.05
296,2010-10-24,00:00:00.00,1.4983,3.53595,1.2
297,2010-10-25,00:00:00.00,1.5339,3.68665,1.2
298,2010-10-26,00:00:00.00,0.130451,3.63469,1.17
299,2010-10-27,00:00:00.00,5.03895,3.45465,1.15
300,2010-10-28,00:00:00.00,0.200183,3.32481,1.1
301,2010-10-29,00:00:00.00,0.140757,3.31847,1.1
302,2010-10-30,00:00:00.00,0.410424,3.35918,1.1
303,2010-10-31,00:00:00.00,0.0594847,3.33252,1.07
304,2010-11-01,00:00:00.00,2.26005,3.24149,1.04
305,2010-11-02,00:00:00.00,0,3.16271,1.05
306,2010-11-03,00:00:00.00,0.000363387,3.13319,1.05
307,2010-11-04,00:00:00.00,0.207456,3.1254,1.06
308,2010-11-05,00:00:00.00,2.7629,3.0977,1.06
309,2010-11-06,00:00:00.00,6.60536,3.06825,1.14
310,2010-11-07,00:00:00.00,0.594406,3.10437,1.2
311,2010-11-08,00:00:00.00,0,3.22669,1.3
312,2010-11-09,00:00:00.00,0,3.32499,1.64
313,2010-11-10,00:00:00.00,0,3.28048,1.57
314,2010-11-11,00:00:00.00,4.15945e-308,3.14036,1.35
315,2010-11-12,00:00:00.00,0.00014624,3.01828,1.29
316,2010-11-13,00:00:00.00,0,2.9496,1.17
317,2010-11-14,00:00:00.00,0.0130775,2.91113,1.08
318,2010-11-15,00:00:00.00,5.28876,2.88711,1.1
319,2010-11-16,00:00:00.00,0.000169931,2.89772,1.09
320,2010-11-17,00:00:00.00,9.87874,2.98567,1.14
321,2010-11-18,00:00:00.00,10.2148,3.16744,1.45
322,2010-11-19,00:00:00.00,2.58142,3.46493,3.62
323,2010-11-20,00:00:00.00,0.141364,3.86268,2.88
324,2010-11-21,00:00:00.00,0.000278898,4.08878,2.2
325,2010-11-22,00:00:00.00,0.306409,3.9341,1.87
326,2010-11-23,00:00:00.00,14.1881,3.63345,1.68
327,2010-11-24,00:00:00.00,6.03889,3.51242,3.36
328,2010-11-25,00:00:00.00,0.0370464,3.78026,6.6
329,2010-11-26,00:00:00.00,17.3064,4.31398,4.19
330,2010-11-27,00:00:00.00,1.10963,4.65798,8.86
331,2010-11-28,00:00:00.00,0.0621838,4.89083,9.37
332,2010-11-29,00:00:00.00,6.02014e-308,5.05209,4.96
333,2010-11-30,00:00:00.00,0.00286834,4.84441,3.79
334,2010-12-01,00:00:00.00,24.898,4.4761,5.25
335,2010-12-02,00:00:00.00,3.42195,4.47466,18.1
336,2010-12-03,00:00:00.00,0.237163,5.16605,13.9
337,2010-12-04,00:00:00.00,0.324188,5.94406,9.46
338,2010-12-05,00:00:00.00,2.60722,5.94158,8.04
339,2010-12-06,00:00:00.00,6.0835,5.36327,5.54
340,2010-12-07,00:00:00.00,5.80323,4.85195,3.67
341,2010-12-08,00:00:00.00,2.34571,4.61536,2.8
342,2010-12-09,00:00:00.00,0.401543,4.53551,2.5
343,2010-12-10,00:00:00.00,0.621975,4.47571,2.35
344,2010-12-11,00:00:00.00,1.19053,4.41122,2.22
345,2010-12-12,00:00:00.00,0.135231,4.34822,2.15
346,2010-12-13,00:00:00.00,17.0226,4.31302,2.1
347,2010-12-14,00:00:00.00,7.70176,4.37666,2.35
348,2010-12-15,00:00:00.00,11.6351,4.6119,4.8
349,2010-12-16,00:00:00.00,1.2795,4.8399,4.4
350,2010-12-17,00:00:00.00,0.137599,4.79973,4.1
351,2010-12-18,00:00:00.00,0.0383268,4.57273,3.85
352,2010-12-19,00:00:00.00,0.0847042,4.37174,3.65
353,2010-12-20,00:00:00.00,0.332358,4.26061,3.5
354,2010-12-21,00:00:00.00,1.24633,4.20103,3.38
355,2010-12-22,00:00:00.00,0.0436532,4.15272,3.28
356,2010-12-23,00:00:00.00,0.753231,4.10665,3.19
357,2010-12-24,00:00:00.00,1.06732,4.06132,3.12
358,2010-12-25,00:00:00.00,0.18951,4.01732,3.06
359,2010-12-26,00:00:00.00,0.00934776,3.97425,3
360,2010-12-27,00:00:00.00,0.0768829,3.93237,2.97
361,2010-12-28,00:00:00.00,0.049055,3.89316,2.94
362,2010-12-29,00:00:00.00,0.0650199,3.85513,2.91
363,2010-12-30,00:00:00.00,0.00211428,3.81643,2.88
364,2010-12-31,00:00:00.00,0.433287,3.77806,2.85
365,2011-01-01,00:00:00.00,2.96243,3.74558,7
366,2011-01-02,00:00:00.00,15.208,3.86269,54
367,2011-01-03,00:00:00.00,0.0307189,4.69989,84.3
368,2011-01-04,00:00:00.00,0.906234,6.85617,63.8
369,2011-01-05,00:00:00.00,2.9806,8.94071,45
370,2011-01-06,00:00:00.00,0.136895,8.76732,22.8
371,2011-01-07,00:00:00.00,4.18255,7.20723,15
372,2011-01-08,00:00:00.00,0.951132,6.14229,9.04
373,2011-01-09,00:00:00.00,1.03946,5.7477,5.9
374,2011-01-10,00:00:00.00,4.24261,5.61812,4.42
375,2011-01-11,00:00:00.00,0.713698,5.53195,3.82
376,2011-01-12,00:00:00.00,9.99042,5.45563,3.62
377,2011-01-13,00:00:00.00,3.00209,5.38201,3.45
378,2011-01-14,00:00:00.00,0.978112,5.31107,3.32
379,2011-01-15,00:00:00.00,0.502878,5.24222,3.23
380,2011-01-16,00:00:00.00,5.89418,5.17557,3.11
381,2011-01-17,00:00:00.00,0.304743,5.11077,2.87
382,2011-01-18,00:00:00.00,0.0222489,5.04798,2.71
383,2011-01-19,00:00:00.00,4.41852,4.9921,2.79
384,2011-01-20,00:00:00.00,0.545805,4.96212,3.58
385,2011-01-21,00:00:00.00,1.91989,4.97651,3.78
386,2011-01-22,00:00:00.00,1.135,4.99055,3.69
387,2011-01-23,00:00:00.00,3.09723,4.93868,3.57
388,2011-01-24,00:00:00.00,1.63487,4.84184,3.46
389,2011-01-25,00:00:00.00,2.72578,4.75233,3.37
390,2011-01-26,00:00:00.00,0.386281,4.6859,3.28
391,2011-01-27,00:00:00.00,0.305317,4.63304,3.22
392,2011-01-28,00:00:00.00,2.74091,4.58383,3.16
393,2011-01-29,00:00:00.00,2.48519,4.5358,3.11
394,2011-01-30,00:00:00.00,6.93874,4.48863,3.07
395,2011-01-31,00:00:00.00,0.864407,4.44247,3.04
396,2011-02-01,00:00:00.00,0.0549878,4.39733,3.01
397,2011-02-02,00:00:00.00,2.0118,4.35325,3.21
398,2011-02-03,00:00:00.00,14.9457,4.31027,3.83
399,2011-02-04,00:00:00.00,0.310766,4.26835,3.23
400,2011-02-05,00:00:00.00,0,4.22739,3.11
401,2011-02-06,00:00:00.00,12.0503,4.18729,3.05
402,2011-02-07,00:00:00.00,1.60541,4.14807,3.04
403,2011-02-08,00:00:00.00,1.83948,4.1097,3.07
404,2011-02-09,00:00:00.00,3.16129,4.07211,3.06
405,2011-02-10,00:00:00.00,0.0211524,4.03525,2.96
406,2011-02-11,00:00:00.00,0.0132013,3.99919,2.62
407,2011-02-12,00:00:00.00,0.282693,3.96394,2.46
408,2011-02-13,00:00:00.00,1.35283,3.92956,2.47
409,2011-02-14,00:00:00.00,4.22582,3.89995,2.47
410,2011-02-15,00:00:00.00,0.23304,3.88498,2.47
411,2011-02-16,00:00:00.00,0,3.89549,2.51
412,2011-02-17,00:00:00.00,0.22771,3.90743,2.58
413,2011-02-18,00:00:00.00,0.254693,3.88038,4.08
414,2011-02-19,00:00:00.00,0.0148991,3.89225,56.1
415,2011-02-20,00:00:00.00,0.012922,4.27617,88
416,2011-02-21,00:00:00.00,7.69347,5.33362,62
417,2011-02-22,00:00:00.00,11.7656,6.41152,37.5
418,2011-02-23,00:00:00.00,0.0141411,6.39156,25.4
419,2011-02-24,00:00:00.00,0.0207092,5.60692,12.4
420,2011-02-25,00:00:00.00,4.19057,5.01854,10.8
421,2011-02-26,00:00:00.00,2.53036,4.74132,8.19
422,2011-02-27,00:00:00.00,7.65546,4.64204,5.75
423,2011-02-28,00:00:00.00,1.26768,4.59694,6.06
424,2011-03-01,00:00:00.00,12.8897,4.55705,11.9
425,2011-03-02,00:00:00.00,0.0199752,4.57302,29.9
426,2011-03-03,00:00:00.00,0.0278042,4.67308,20.6
427,2011-03-04,00:00:00.00,0.0166723,4.7729,13.3
428,2011-03-05,00:00:00.00,3.19484,4.73607,12.7
429,2011-03-06,00:00:00.00,29.7125,4.6916,50.9
430,2011-03-07,00:00:00.00,1.07723,5.02254,79.9
431,2011-03-08,00:00:00.00,0.000295524,6.03926,56.7
432,2011-03-09,00:00:00.00,0.0140769,7.0707,45.8
433,2011-03-10,00:00:00.00,16.9775,7.03115,31.9
434,2011-03-11,00:00:00.00,10.77,6.45062,72.1
435,2011-03-12,00:00:00.00,17.4257,6.61001,71.6
436,2011-03-13,00:00:00.00,0.346895,7.48568,56.1
437,2011-03-14,00:00:00.00,0.168726,8.19162,44.2
438,2011-03-15,00:00:00.00,0.0166904,8.14042,34.6
439,2011-03-16,00:00:00.00,2.05884,7.52012,29.1
440,2011-03-17,00:00:00.00,2.54245,6.91989,47.1
441,2011-03-18,00:00:00.00,0.0166632,6.91017,65.4
442,2011-03-19,00:00:00.00,0.0392463,8.91808,60.3
443,2011-03-20,00:00:00.00,0.0608409,16.2982,47.3
444,2011-03-21,00:00:00.00,0.232663,28.0068,31.6
445,2011-03-22,00:00:00.00,16.3521,34.1991,41.3
446,2011-03-23,00:00:00.00,3.891,31.8867,37
447,2011-03-24,00:00:00.00,11.5832,30.7993,25.9
448,2011-03-25,00:00:00.00,0.00999491,31.9458,24.7
449,2011-03-26,00:00:00.00,0.0551666,29.9273,19.3
450,2011-03-27,00:00:00.00,0.0150237,26.5503,14.7
451,2011-03-28,00:00:00.00,0.000305821,23.9861,12
452,2011-03-29,00:00:00.00,0.0147001,22.3169,10.5
453,2011-03-30,00:00:00.00,1.34814e-308,21.1294,10.4
454,2011-03-31,00:00:00.00,0.0120092,20.0905,12.5
455,2011-04-01,00:00:00.00,0.0270875,19.1768,13.4
456,2011-04-02,00:00:00.00,0.00208985,18.3474,14.8
457,2011-04-03,00:00:00.00,0.26468,17.6538,12.9
458,2011-04-04,00:00:00.00,7.93,17.4279,10.7
459,2011-04-05,00:00:00.00,7.5629,18.1607,19.2
460,2011-04-06,00:00:00.00,0.0922953,19.3818,26.3
461,2011-04-07,00:00:00.00,8.43122,19.9513,20.6
462,2011-04-08,00:00:00.00,0.00664549,19.6404,24.3
463,2011-04-09,00:00:00.00,0.00203029,19.0952,18.9
464,2011-04-10,00:00:00.00,0.0204617,18.5284,13.9
465,2011-04-11,00:00:00.00,0.0380988,17.6321,11
466,2011-04-12,00:00:00.00,0.469926,16.6594,9.21
467,2011-04-13,00:00:00.00,1.3445e-308,15.8983,7.88
468,2011-04-14,00:00:00.00,0.000449549,15.2942,6.64
469,2011-04-15,00:00:00.00,2.0942e-308,14.7836,5.77
470,2011-04-16,00:00:00.00,0.0706049,14.3118,5.14
471,2011-04-17,00:00:00.00,10.8943,13.9293,4.91
472,2011-04-18,00:00:00.00,1.71687,13.8358,5.44
473,2011-04-19,00:00:00.00,3.64401,14.2734,5.54
474,2011-04-20,00:00:00.00,5.69923,14.6991,5.32
475,2011-04-21,00:00:00.00,10.4088,14.6008,7.87
476,2011-04-22,00:00:00.00,0.00868827,14.6385,11.4
477,2011-04-23,00:00:00.00,1.97807,15.2247,9.35
478,2011-04-24,00:00:00.00,21.6612,15.6448,27.7
479,2011-04-25,00:00:00.00,0.115195,15.8,31
480,2011-04-26,00:00:00.00,5.47314,16.9148,19.5
481,2011-04-27,00:00:00.00,5.34478,18.1656,19.3
482,2011-04-28,00:00:00.00,14.5293,18.0284,16.7
483,2011-04-29,00:00:00.00,6.30168,17.6969,24.7
484,2011-04-30,00:00:00.00,2.01088,18.3389,25.9
485,2011-05-01,00:00:00.00,0.0985749,19.0835,19
486,2011-05-02,00:00:00.00,7.09077,18.6592,15.7
487,2011-05-03,00:00:00.00,0.105875,17.566,14.4
488,2011-05-04,00:00:00.00,8.28487,16.9548,13.4
489,2011-05-05,00:00:00.00,0.794666,16.8667,17.2
490,2011-05-06,00:00:00.00,0.384269,16.9451,13.4
491,2011-05-07,00:00:00.00,9.36437,16.859,10.7
492,2011-05-08,00:00:00.00,0.489194,16.4727,9.62
493,2011-05-09,00:00:00.00,0.0802479,16.3462,8.93
494,2011-05-10,00:00:00.00,9.767e-308,16.3089,7.61
495,2011-05-11,00:00:00.00,0.00597704,15.7231,6.36
496,2011-05-12,00:00:00.00,0.00150179,14.914,5.41
497,2011-05-13,00:00:00.00,0.408388,14.2642,4.85
498,2011-05-14,00:00:00.00,0.255434,13.7699,4.58
499,2011-05-15,00:00:00.00,3.03515,13.3425,4.29
500,2011-05-16,00:00:00.00,21.1004,13.0632,5.71
501,2011-05-17,00:00:00.00,9.92051,13.4222,24.8
502,2011-05-18,00:00:00.00,4.74802,15.1412,26.9
503,2011-05-19,00:00:00.00,1.66715,17.2431,24
504,2011-05-20,00:00:00.00,7.3431,17.6832,21.5
505,2011-05-21,00:00:00.00,0.0848663,16.6756,16.5
506,2011-05-22,00:00:00.00,0.225567,15.7336,13.1
507,2011-05-23,00:00:00.00,4.02286,15.1752,14.4
508,2011-05-24,00:00:00.00,5.43502,14.5844,16.4
509,2011-05-25,00:00:00.00,0.0667256,14.0094,13
510,2011-05-26,00:00:00.00,19.8041,13.7372,12
511,2011-05-27,00:00:00.00,15.332,14.1384,40.3
512,2011-05-28,00:00:00.00,2.25346,15.8607,39.6
513,2011-05-29,00:00:00.00,1.5059,18.1411,27.4
514,2011-05-30,00:00:00.00,12.0574,18.7601,21.1
515,2011-05-31,00:00:00.00,0.44313,17.7448,24.8
516,2011-06-01,00:00:00.00,0.00505904,17.0535,20.8
517,2011-06-02,00:00:00.00,0.00810521,16.8131,16.2
518,2011-06-03,00:00:00.00,0.00100126,16.1134,13.1
519,2011-06-04,00:00:00.00,0.0129842,15.1747,8.19
520,2011-06-05,00:00:00.00,0.210275,14.433,5.7
521,2011-06-06,00:00:00.00,8.10957e-308,13.8842,4.73
522,2011-06-07,00:00:00.00,0.888569,13.4185,4.12
523,2011-06-08,00:00:00.00,24.8539,13.1058,18.5
524,2011-06-09,00:00:00.00,0.148856,13.4163,32.3
525,2011-06-10,00:00:00.00,0.263935,14.8732,16
526,2011-06-11,00:00:00.00,0.10154,16.1604,9.03
527,2011-06-12,00:00:00.00,0.0761186,15.637,6.07
528,2011-06-13,00:00:00.00,0.0434,14.2859,4.89
529,2011-06-14,00:00:00.00,0.000508594,13.3077,4.2
530,2011-06-15,00:00:00.00,0.001993,12.7097,3.67
531,2011-06-16,00:00:00.00,0.0396771,12.2822,3.27
532,2011-06-17,00:00:00.00,5.28243,11.9025,3.02
533,2011-06-18,00:00:00.00,0.000493771,11.5716,2.9
534,2011-06-19,00:00:00.00,0.000564199,11.3204,2.85
535,2011-06-20,00:00:00.00,0.00488993,11.0818,2.63
536,2011-06-21,00:00:00.00,0.104562,10.7658,2.4
537,2011-06-22,00:00:00.00,12.3908,10.455,2.25
538,2011-06-23,00:00:00.00,34.4476,10.5107,3.42
539,2011-06-24,00:00:00.00,6.73054,11.7084,22.7
540,2011-06-25,00:00:00.00,5.43478,14.5047,24.2
541,2011-06-26,00:00:00.00,0.983873,16.7054,16.3
542,2011-06-27,00:00:00.00,0.00500764,16.2748,10.6
543,2011-06-28,00:00:00.00,0.0411051,14.5668,7.02
544,2011-06-29,00:00:00.00,0.00206542,13.2294,5.23
545,2011-06-30,00:00:00.00,0.00953906,12.4701,4.15
546,2011-07-01,00:00:00.00,0,11.9723,3.44
547,2011-07-02,00:00:00.00,0.0122925,11.5735,3.01
548,2011-07-03,00:00:00.00,9.85632,11.2319,2.93
549,2011-07-04,00:00:00.00,0.0998323,11.0391,3.56
550,2011-07-05,00:00:00.00,0.00311131,11.0971,3.37
551,2011-07-06,00:00:00.00,0.0103402,11.1393,2.9
552,2011-07-07,00:00:00.00,0.110229,10.8259,2.45
553,2011-07-08,00:00:00.00,0.030862,10.3287,2.21
554,2011-07-09,00:00:00.00,0.00188504,9.90419,2.04
555,2011-07-10,00:00:00.00,0.00801303,9.57852,1.9
556,2011-07-11,00:00:00.00,0.00154885,9.30593,1.75
557,2011-07-12,00:00:00.00,0.268893,9.04819,1.64
558,2011-07-13,00:00:00.00,3.37833e-308,8.8019,1.56
559,2011-07-14,00:00:00.00,0.00905053,8.56518,1.47
560,2011-07-15,00:00:00.00,0.00523509,8.33882,1.38
561,2011-07-16,00:00:00.00,0.00411013,8.12174,1.35
562,2011-07-17,00:00:00.00,0.0156465,7.91425,1.28
563,2011-07-18,00:00:00.00,0.200691,7.71492,1.23
564,2011-07-19,00:00:00.00,4.45123,7.52349,1.24
565,2011-07-20,00:00:00.00,2.07206,7.33969,1.38
566,2011-07-21,00:00:00.00,0.0130359,7.16496,1.25
567,2011-07-22,00:00:00.00,0.119758,6.99898,1.17
568,2011-07-23,00:00:00.00,0.0767116,6.83952,1.1
569,2011-07-24,00:00:00.00,2.16471,6.68411,1.13
570,2011-07-25,00:00:00.00,1.36132,6.53294,2.44
571,2011-07-26,00:00:00.00,0.251031,6.38721,3.68
572,2011-07-27,00:00:00.00,0.0258245,6.24768,1.82
573,2011-07-28,00:00:00.00,0.538775,6.11843,1.29
574,2011-07-29,00:00:00.00,14.163,6.02441,1.31
575,2011-07-30,00:00:00.00,16.0271,6.08856,4.17
576,2011-07-31,00:00:00.00,0.0100996,6.58396,4.04
577,2011-08-01,00:00:00.00,1.60803,7.38148,2.4
578,2011-08-02,00:00:00.00,1.47795,7.71754,1.68
579,2011-08-03,00:00:00.00,0.206625,7.30749,1.44
580,2011-08-04,00:00:00.00,3.63799,6.68365,1.38
581,2011-08-05,00:00:00.00,0.104395,6.27177,1.29
582,2011-08-06,00:00:00.00,0.000228423,6.07286,1.23
583,2011-08-07,00:00:00.00,1.5715,5.94876,1.18
584,2011-08-08,00:00:00.00,8.47417,5.8371,1.17
585,2011-08-09,00:00:00.00,0.0279531,5.78341,1.61
586,2011-08-10,00:00:00.00,25.235,5.89381,2.98
587,2011-08-11,00:00:00.00,0.168108,6.29728,3.45
588,2011-08-12,00:00:00.00,0.412448,7.10114,2.58
589,2011-08-13,00:00:00.00,0.0424748,7.73276,1.79
590,2011-08-14,00:00:00.00,1.48496,7.47816,1.39
591,2011-08-15,00:00:00.00,7.28111,6.77989,1.25
592,2011-08-16,00:00:00.00,0.0796277,6.32227,1.23
593,2011-08-17,00:00:00.00,0.000891985,6.22026,1.22
594,2011-08-18,00:00:00.00,2.33019e-308,6.22604,1.13
595,2011-08-19,00:00:00.00,6.63072,6.10954,1.51
596,2011-08-20,00:00:00.00,2.09276,5.95266,1.79
597,2011-08-21,00:00:00.00,17.9842,5.91692,2.26
598,2011-08-22,00:00:00.00,0.338428,6.09947,2.82
599,2011-08-23,00:00:00.00,0.0877558,6.57275,2.72
600,2011-08-24,00:00:00.00,0.014488,6.95382,1.95
601,2011-08-25,00:00:00.00,39.0221,6.86221,1.81
602,2011-08-26,00:00:00.00,0.0432413,7.00605,6.48
603,2011-08-27,00:00:00.00,0.0526628,8.24794,8.58
604,2011-08-28,00:00:00.00,0.00115564,9.54699,4.62
605,2011-08-29,00:00:00.00,5.21202e-308,9.31948,2.71
606,2011-08-30,00:00:00.00,6.8772e-308,8.19401,1.99
607,2011-08-31,00:00:00.00,0,7.35911,1.63
608,2011-09-01,00:00:00.00,0.278777,6.97116,1.43
609,2011-09-02,00:00:00.00,7.95881,6.80408,1.42
610,2011-09-03,00:00:00.00,0.022289,6.72827,1.96
611,2011-09-04,00:00:00.00,7.07269,6.78937,1.7
612,2011-09-05,00:00:00.00,11.6256,6.91612,1.51
613,2011-09-06,00:00:00.00,1.5048,7.06867,1.55
614,2011-09-07,00:00:00.00,0.261696,7.32701,1.59
615,2011-09-08,00:00:00.00,3.69056,7.45136,1.51
616,2011-09-09,00:00:00.00,0.496823,7.19691,1.41
617,2011-09-10,00:00:00.00,2.65476,6.81887,1.39
618,2011-09-11,00:00:00.00,1.88135,6.55146,1.36
619,2011-09-12,00:00:00.00,0.479988,6.36248,1.28
620,2011-09-13,00:00:00.00,0.699133,6.19957,1.21
621,2011-09-14,00:00:00.00,0.0885722,6.0616,1.17
622,2011-09-15,00:00:00.00,6.96421,5.9542,1.16
623,2011-09-16,00:00:00.00,1.25181,5.90691,1.16
624,2011-09-17,00:00:00.00,0.392171,5.97137,1.17
625,2011-09-18,00:00:00.00,4.1993e-308,6.03624,1.19
626,2011-09-19,00:00:00.00,0.00035049,5.93833,1.14
627,2011-09-20,00:00:00.00,25.6569,5.79708,1.27
628,2011-09-21,00:00:00.00,0.451884,5.97581,2.67
629,2011-09-22,00:00:00.00,0.189235,6.83577,4.48
630,2011-09-23,00:00:00.00,0.135701,7.69094,3.12
631,2011-09-24,00:00:00.00,17.6993,7.57473,3.73
632,2011-09-25,00:00:00.00,0.470639,7.12562,5.48
633,2011-09-26,00:00:00.00,0.0279037,7.28993,4.55
634,2011-09-27,00:00:00.00,16.905,7.73554,3.1
635,2011-09-28,00:00:00.00,0.592093,7.8454,2.74
636,2011-09-29,00:00:00.00,0.261466,7.99063,4.48
637,2011-09-30,00:00:00.00,5.52402,8.22377,4.56
638,2011-10-01,00:00:00.00,11.5815,8.05493,4.3
639,2011-10-02,00:00:00.00,3.42873,7.86599,8.96
640,2011-10-03,00:00:00.00,3.47561,8.13685,8.86
641,2011-10-04,00:00:00.00,7.45508,8.51046,5.55
642,2011-10-05,00:00:00.00,0.00512661,8.54503,5.68
643,2011-10-06,00:00:00.00,0.00136967,8.43032,5.04
644,2011-10-07,00:00:00.00,0.0137203,8.27269,3.99
645,2011-10-08,00:00:00.00,0.00705937,7.93245,3.12
646,2011-10-09,00:00:00.00,0.00972779,7.53513,2.48
647,2011-10-10,00:00:00.00,0.00862133,7.23933,2.11
648,2011-10-11,00:00:00.00,0.0106034,7.04313,1.9
649,2011-10-12,00:00:00.00,4.3536e-308,6.88966,1.67
650,2011-10-13,00:00:00.00,14.9656,6.79253,1.54
651,2011-10-14,00:00:00.00,3.56546,6.92419,2.13
652,2011-10-15,00:00:00.00,14.7802,7.53191,4.93
653,2011-10-16,00:00:00.00,3.24755,8.38804,8.76
654,2011-10-17,00:00:00.00,0.197174,9.05427,7.67
655,2011-10-18,00:00:00.00,0.0211876,9.2791,7.07
656,2011-10-19,00:00:00.00,1.55525,8.8726,6.68
657,2011-10-20,00:00:00.00,26.6312,8.28644,7.12
658,2011-10-21,00:00:00.00,20.9601,8.44407,38.2
659,2011-10-22,00:00:00.00,0.91949,10.1405,47.7
660,2011-10-23,00:00:00.00,0.0559061,12.6659,29.2
661,2011-10-24,00:00:00.00,0,13.6093,20
662,2011-10-25,00:00:00.00,2.22977,12.5018,14.7
663,2011-10-26,00:00:00.00,3.76172,11.0554,9.73
664,2011-10-27,00:00:00.00,2.23818,10.2658,7.05
665,2011-10-28,00:00:00.00,1.60349,10.0813,6.23
666,2011-10-29,00:00:00.00,0.175901,10.0437,5.72
667,2011-10-30,00:00:00.00,0.0466954,9.85741,5.05
668,2011-10-31,00:00:00.00,0.0268113,9.54398,4.66
669,2011-11-01,00:00:00.00,0.966425,9.21924,4.2
670,2011-11-02,00:00:00.00,0.0975,8.94345,3.81
671,2011-11-03,00:00:00.00,5.67345e-308,8.71654,3.48
672,2011-11-04,00:00:00.00,8.1195e-308,8.51575,3.24
673,2011-11-05,00:00:00.00,0.000192467,8.32818,3.07
674,2011-11-06,00:00:00.00,0.000120262,8.14899,2.89
675,2011-11-07,00:00:00.00,0.00035095,7.97777,2.72
676,2011-11-08,00:00:00.00,0.256809,7.81416,2.61
677,2011-11-09,00:00:00.00,0.254314,7.65775,2.51
678,2011-11-10,00:00:00.00,5.57333,7.52579,2.47
679,2011-11-11,00:00:00.00,0.0602694,7.48268,2.48
680,2011-11-12,00:00:00.00,0.0482256,7.59282,2.63
681,2011-11-13,00:00:00.00,0.00129829,7.68844,2.59
682,2011-11-14,00:00:00.00,0.0348612,7.54738,2.46
683,2011-11-15,00:00:00.00,11.6246,7.31873,2.45
684,2011-11-16,00:00:00.00,0.0720794,7.33516,3.06
685,2011-11-17,00:00:00.00,0.000517515,7.77924,3.98
686,2011-11-18,00:00:00.00,0.145961,8.21027,3.5
687,2011-11-19,00:00:00.00,0.0208343,8.0608,3.12
688,2011-11-20,00:00:00.00,0.0151993,7.58637,2.78
689,2011-11-21,00:00:00.00,0.00540767,7.21879,2.62
690,2011-11-22,00:00:00.00,0.000282006,7.01597,2.45
691,2011-11-23,00:00:00.00,14.578,6.93598,2.34
692,2011-11-24,00:00:00.00,8.87947,7.11858,10.3
693,2011-11-25,00:00:00.00,0.0121729,7.86322,14.2
694,2011-11-26,00:00:00.00,0.005642,8.86696,8.32
695,2011-11-27,00:00:00.00,0.0956592,9.19458,6.73
696,2011-11-28,00:00:00.00,23.1025,8.76599,9.54
697,2011-11-29,00:00:00.00,5.31078,8.65906,29
698,2011-11-30,00:00:00.00,63.6714,10.1145,66
699,2011-12-01,00:00:00.00,4.36287,13.6135,103
700,2011-12-02,00:00:00.00,4.19701e-308,19.5257,91.9
701,2011-12-03,00:00:00.00,3.15173,24.1132,67.3
702,2011-12-04,00:00:00.00,0.00152388,22.8402,41.4
703,2011-12-05,00:00:00.00,20.3458,19.4858,31.3
704,2011-12-06,00:00:00.00,20.7079,18.3754,60.2
705,2011-12-07,00:00:00.00,2.41983,20.3754,70.2
706,2011-12-08,00:00:00.00,0.0570826,24.1495,56.9
707,2011-12-09,00:00:00.00,0.00629398,25.4655,39.3
708,2011-12-10,00:00:00.00,3.18301,23.3638,25
709,2011-12-11,00:00:00.00,0.00332519,20.8066,17.2
710,2011-12-12,00:00:00.00,0.000877124,19.2017,12.1
711,2011-12-13,00:00:00.00,0,18.2044,9.26
712,2011-12-14,00:00:00.00,0.0103686,17.4397,7.81
713,2011-12-15,00:00:00.00,12.8795,16.8378,8.29
714,2011-12-16,00:00:00.00,10.9939,16.8577,31.8
715,2011-12-17,00:00:00.00,0.179471,18.2588,36.5
716,2011-12-18,00:00:00.00,1.99487,20.529,23.3
717,2011-12-19,00:00:00.00,0.595626,21.2388,18.3
718,2011-12-20,00:00:00.00,0.0191707,19.8421,14.1
719,2011-12-21,00:00:00.00,0.01209,18.154,10.9
720,2011-12-22,00:00:00.00,5.02181,17.0495,9.33
721,2011-12-23,00:00:00.00,1.75106,16.5213,9.73
722,2011-12-24,00:00:00.00,1.8485,16.579,11.4
723,2011-12-25,00:00:00.00,0.0105241,16.8057,11.2
724,2011-12-26,00:00:00.00,0.025384,16.5577,9.57
725,2011-12-27,00:00:00.00,0.024355,15.8214,8.28
726,2011-12-28,00:00:00.00,8.53785,15.1276,7.55
727,2011-12-29,00:00:00.00,1.04571,14.8647,9.07
728,2011-12-30,00:00:00.00,4.35857,15.1979,8.59
729,2011-12-31,00:00:00.00,9.65791,15.5507,9.69
730,2012-01-01,00:00:00.00,1.27408,15.5438,39.6
731,2012-01-02,00:00:00.00,6.13343,16.1447,35.3
732,2012-01-03,00:00:00.00,5.00274,17.7351,29.3
733,2012-01-04,00:00:00.00,8.07432,18.8971,22.6
734,2012-01-05,00:00:00.00,0.0630902,18.4958,16.7
735,2012-01-06,00:00:00.00,0.0178314,17.183,13.5
736,2012-01-07,00:00:00.00,0.0122785,16.0271,9.46
737,2012-01-08,00:00:00.00,0.00237028,15.3864,10.9
738,2012-01-09,00:00:00.00,0.00895034,15.4459,12.1
739,2012-01-10,00:00:00.00,0.0032558,16.4436,11.4
740,2012-01-11,00:00:00.00,0.000656364,17.2917,10.9
741,2012-01-12,00:00:00.00,1.43311,16.7766,8.86
742,2012-01-13,00:00:00.00,5.69625,15.7389,7.73
743,2012-01-14,00:00:00.00,5.20604,15.1994,9.13
744,2012-01-15,00:00:00.00,0.41509,15.2676,8.44
745,2012-01-16,00:00:00.00,0.00479593,15.3394,6.72
746,2012-01-17,00:00:00.00,3.58301,14.9028,7
747,2012-01-18,00:00:00.00,12.4919,14.4027,17.3
748,2012-01-19,00:00:00.00,0.144655,14.5031,33.6
749,2012-01-20,00:00:00.00,4.79371,15.4846,17.7
750,2012-01-21,00:00:00.00,2.21182,16.2773,12.2
751,2012-01-22,00:00:00.00,1.61837,15.79,10.1
752,2012-01-23,00:00:00.00,0.0123493,14.7848,9.07
753,2012-01-24,00:00:00.00,7.4695,14.1146,11.8
754,2012-01-25,00:00:00.00,0.111227,13.9344,27.5
755,2012-01-26,00:00:00.00,1.09371,14.2793,18.9
756,2012-01-27,00:00:00.00,3.72056,14.5785,16.4
757,2012-01-28,00:00:00.00,8.38933,14.2927,19.2
758,2012-01-29,00:00:00.00,2.16217,13.8805,23.6
759,2012-01-30,00:00:00.00,9.54667,13.817,15.9
760,2012-01-31,00:00:00.00,1.98751,13.8312,12.1
761,2012-02-01,00:00:00.00,0.0686955,13.5975,11.7
762,2012-02-02,00:00:00.00,0.0225595,13.4339,32.8
763,2012-02-03,00:00:00.00,0.0243541,14.3192,26.4
764,2012-02-04,00:00:00.00,0.00148933,17.4134,19.4
765,2012-02-05,00:00:00.00,0.00208086,20.283,16.2
766,2012-02-06,00:00:00.00,0.00247598,19.6655,12.1
767,2012-02-07,00:00:00.00,0.000995134,17.5455,9.38
768,2012-02-08,00:00:00.00,0.0257104,16.1542,8.01
769,2012-02-09,00:00:00.00,0.00016373,15.3816,6.95
770,2012-02-10,00:00:00.00,1.84377e-308,14.9307,5.94
771,2012-02-11,00:00:00.00,1.42958,14.5281,5.36
772,2012-02-12,00:00:00.00,6.95145,14.1484,5.03
773,2012-02-13,00:00:00.00,1.77087,13.7908,4.14
774,2012-02-14,00:00:00.00,0.0285457,13.4496,4.54
775,2012-02-15,00:00:00.00,0.886371,13.1326,4.93
776,2012-02-16,00:00:00.00,0.255147,12.8312,4.23
777,2012-02-17,00:00:00.00,7.38923,12.5796,4.55
778,2012-02-18,00:00:00.00,0.0120093,12.4836,6.94
779,2012-02-19,00:00:00.00,1.92955,12.6624,8.25
780,2012-02-20,00:00:00.00,0.158975,12.8056,7.59
781,2012-02-21,00:00:00.00,8.95935e-308,12.5497,6.43
782,2012-02-22,00:00:00.00,0.959124,12.1074,5.94
783,2012-02-23,00:00:00.00,2.16108,11.7379,5.9
784,2012-02-24,00:00:00.00,1.25345,11.5579,6.87
785,2012-02-25,00:00:00.00,4.94957,11.8304,9.1
786,2012-02-26,00:00:00.00,0.947094,12.8759,14.5
787,2012-02-27,00:00:00.00,0.170856,13.9119,10.7
788,2012-02-28,00:00:00.00,0.000448877,13.8179,9.26
789,2012-02-29,00:00:00.00,0.0279861,13.007,7.7
790,2012-03-01,00:00:00.00,2.25335,12.3016,6.74
791,2012-03-02,00:00:00.00,0.214164,11.8801,8.84
792,2012-03-03,00:00:00.00,10.8685,11.7395,11.7
793,2012-03-04,00:00:00.00,0.31256,12.12,27.8
794,2012-03-05,00:00:00.00,0.688109,13.4249,19.7
795,2012-03-06,00:00:00.00,0.0963552,14.562,13.9
796,2012-03-07,00:00:00.00,0.00432857,14.2442,10.5
797,2012-03-08,00:00:00.00,0,13.2464,7.56
798,2012-03-09,00:00:00.00,6.33215,12.5308,6.75
799,2012-03-10,00:00:00.00,0.536827,12.3005,7.11
800,2012-03-11,00:00:00.00,0.00451853,12.5154,6.74
801,2012-03-12,00:00:00.00,0,12.7113,5.94
802,2012-03-13,00:00:00.00,15.0375,12.5347,5.85
803,2012-03-14,00:00:00.00,3.35,12.5644,20.2
804,2012-03-15,00:00:00.00,0.0204789,13.5292,17.4
805,2012-03-16,00:00:00.00,3.6188,14.5823,12.6
806,2012-03-17,00:00:00.00,0.0213294,14.4663,10.5
807,2012-03-18,00:00:00.00,0.0117351,13.6856,8.53
808,2012-03-19,00:00:00.00,0,13.0252,7.21
809,2012-03-20,00:00:00.00,0.00109874,12.5403,6.34
810,2012-03-21,00:00:00.00,0.000159228,12.1577,5.61
811,2012-03-22,00:00:00.00,0.000351849,11.8257,5.07
812,2012-03-23,00:00:00.00,0.0220584,11.5351,4.64
813,2012-03-24,00:00:00.00,1.24751,11.2672,4.31
814,2012-03-25,00:00:00.00,2.72102,11.0155,4.1
815,2012-03-26,00:00:00.00,0.187378,10.7923,4.07
816,2012-03-27,00:00:00.00,0.0442921,10.6142,3.96
817,2012-03-28,00:00:00.00,0.00703061,10.4437,3.57
818,2012-03-29,00:00:00.00,0.0126576,10.233,3.34
819,2012-03-30,00:00:00.00,0.0295353,10.0032,3.21
820,2012-03-31,00:00:00.00,5.7175,9.8028,3.08
821,2012-04-01,00:00:00.00,0.00275635,9.6874,3.13
822,2012-04-02,00:00:00.00,0.0928853,9.70554,3.24
823,2012-04-03,00:00:00.00,0.00238772,9.71615,3.13
824,2012-04-04,00:00:00.00,0.241561,9.54048,2.98
825,2012-04-05,00:00:00.00,0.052479,9.26535,2.83
826,2012-04-06,00:00:00.00,0.00172742,9.02678,2.72
827,2012-04-07,00:00:00.00,0,8.84075,2.62
828,2012-04-08,00:00:00.00,2.554e-308,8.68168,2.51
829,2012-04-09,00:00:00.00,0.111538,8.52937,2.43
830,2012-04-10,00:00:00.00,0.0658723,8.3815,2.39
831,2012-04-11,00:00:00.00,0.975064,8.23719,2.38
832,2012-04-12,00:00:00.00,2.45448,8.09969,2.37
833,2012-04-13,00:00:00.00,0.00100153,7.97911,2.39
834,2012-04-14,00:00:00.00,0.00682882,7.88575,2.32
835,2012-04-15,00:00:00.00,0.44437,7.79404,2.26
836,2012-04-16,00:00:00.00,11.0578,7.70639,2.43
837,2012-04-17,00:00:00.00,0.0133423,7.76889,2.84
838,2012-04-18,00:00:00.00,0,8.14233,2.82
839,2012-04-19,00:00:00.00,0.00157362,8.48843,2.45
840,2012-04-20,00:00:00.00,1.68101,8.34661,2.28
841,2012-04-21,00:00:00.00,3.48784,7.93499,2.23
842,2012-04-22,00:00:00.00,2.92225,7.6294,2.28
843,2012-04-23,00:00:00.00,0.00530981,7.50244,2.29
844,2012-04-24,00:00:00.00,0.126316,7.46914,2.23
845,2012-04-25,00:00:00.00,0.531564,7.40293,2.13
846,2012-04-26,00:00:00.00,0.00157141,7.26556,2.06
847,2012-04-27,00:00:00.00,0.175029,7.1068,2.01
848,2012-04-28,00:00:00.00,0.00815195,6.96953,1.99
849,2012-04-29,00:00:00.00,0.00136561,6.85282,1.93
850,2012-04-30,00:00:00.00,0,6.74543,1.86
851,2012-05-01,00:00:00.00,14.0344,6.68783,1.89
852,2012-05-02,00:00:00.00,0.425541,6.84885,2.12
853,2012-05-03,00:00:00.00,0.273314,7.40071,2.62
854,2012-05-04,00:00:00.00,11.3632,7.93586,2.55
855,2012-05-05,00:00:00.00,7.00371,7.98951,3.63
856,2012-05-06,00:00:00.00,0.0147662,8.00633,5.24
857,2012-05-07,00:00:00.00,0.000117771,8.22612,3.97
858,2012-05-08,00:00:00.00,5.02913,8.19714,3.15
859,2012-05-09,00:00:00.00,8.23337,7.87012,2.88
860,2012-05-10,00:00:00.00,0.571808,7.67263,3.13
861,2012-05-11,00:00:00.00,0.00257059,7.79161,3.5
862,2012-05-12,00:00:00.00,0.000187622,7.89679,2.98
863,2012-05-13,00:00:00.00,1.63786,7.69731,2.6
864,2012-05-14,00:00:00.00,0.20275,7.36171,2.37
865,2012-05-15,00:00:00.00,0.0433798,7.10406,2.18
866,2012-05-16,00:00:00.00,0.0275508,6.93757,2.04
867,2012-05-17,00:00:00.00,1.09857,6.80896,1.91
868,2012-05-18,00:00:00.00,0,6.68575,1.81
869,2012-05-19,00:00:00.00,0.00663432,6.56549,1.74
870,2012-05-20,00:00:00.00,0.0012807,6.44861,1.68
871,2012-05-21,00:00:00.00,0.00905461,6.33461,1.6
872,2012-05-22,00:00:00.00,1.44636,6.22218,1.54
873,2012-05-23,00:00:00.00,0.572666,6.11591,1.51
874,2012-05-24,00:00:00.00,0.00644634,6.01474,1.53
875,2012-05-25,00:00:00.00,1.8946e-308,5.91121,1.52
876,2012-05-26,00:00:00.00,0.0753191,5.80794,1.42
877,2012-05-27,00:00:00.00,0.241947,5.70705,1.37
878,2012-05-28,00:00:00.00,7.35043,5.61673,1.4
879,2012-05-29,00:00:00.00,0.760282,5.57162,2.98
880,2012-05-30,00:00:00.00,2.47819,5.60648,2.87
881,2012-05-31,00:00:00.00,2.18216,5.64118,2.44
882,2012-06-01,00:00:00.00,0.0553496,5.5584,2.04
883,2012-06-02,00:00:00.00,27.7475,5.46713,1.76
884,2012-06-03,00:00:00.00,1.71191,5.71774,2.17
885,2012-06-04,00:00:00.00,4.6863,6.67923,3.21
886,2012-06-05,00:00:00.00,3.10833,7.66231,3.42
887,2012-06-06,00:00:00.00,0.0813096,7.58097,3.16
888,2012-06-07,00:00:00.00,0.000981412,6.84593,2.91
889,2012-06-08,00:00:00.00,0.00346385,6.26921,2.89
890,2012-06-09,00:00:00.00,0.0159135,5.98366,2.44
891,2012-06-10,00:00:00.00,2.98401,5.84374,2.01
892,2012-06-11,00:00:00.00,0.0497517,5.72439,1.81
893,2012-06-12,00:00:00.00,1.11483,5.61789,1.65
894,2012-06-13,00:00:00.00,2.33429,5.51644,1.53
895,2012-06-14,00:00:00.00,0,5.41738,1.44
896,2012-06-15,00:00:00.00,0.000878693,5.32153,1.35
897,2012-06-16,00:00:00.00,0.000553248,5.22824,1.23
898,2012-06-17,00:00:00.00,0.000565997,5.13722,1.17
899,2012-06-18,00:00:00.00,18.6079,5.08514,2.86
900,2012-06-19,00:00:00.00,0.0483785,5.20807,3.52
901,2012-06-20,00:00:00.00,0.00517499,5.64665,2.64
902,2012-06-21,00:00:00.00,0.0021175,6.07569,1.78
903,2012-06-22,00:00:00.00,21.3111,6.05445,1.47
904,2012-06-23,00:00:00.00,0.17748,5.90061,2.8
905,2012-06-24,00:00:00.00,0.0426784,6.1818,3.42
906,2012-06-25,00:00:00.00,0.817223,6.61916,1.8
907,2012-06-26,00:00:00.00,0.0409947,6.49753,1.38
908,2012-06-27,00:00:00.00,0.00311902,5.98406,1.27
909,2012-06-28,00:00:00.00,0.00116077,5.60559,1.11
910,2012-06-29,00:00:00.00,0.0668428,5.39025,1.03
911,2012-06-30,00:00:00.00,0.00290657,5.26046,0.958
912,2012-07-01,00:00:00.00,0.0155519,5.16104,0.884
913,2012-07-02,00:00:00.00,0.0349402,5.06058,0.825
914,2012-07-03,00:00:00.00,0.175552,4.96535,0.779
915,2012-07-04,00:00:00.00,11.147,4.88518,0.766
916,2012-07-05,00:00:00.00,0.329622,4.87689,0.793
917,2012-07-06,00:00:00.00,2.06889,4.99115,1.09
918,2012-07-07,00:00:00.00,4.85362e-308,5.10276,0.968
919,2012-07-08,00:00:00.00,2.7578e-308,5.02571,0.923
920,2012-07-09,00:00:00.00,0.01452,4.81946,0.84
921,2012-07-10,00:00:00.00,0.0582337,4.63154,0.822
922,2012-07-11,00:00:00.00,0.0156038,4.50623,0.767
923,2012-07-12,00:00:00.00,0.0100253,4.41759,0.696
924,2012-07-13,00:00:00.00,8.49855e-308,4.33799,0.649
925,2012-07-14,00:00:00.00,0.00906347,4.26131,0.595
926,2012-07-15,00:00:00.00,0.00197361,4.18613,0.574
927,2012-07-16,00:00:00.00,18.4157,4.14044,0.796
928,2012-07-17,00:00:00.00,0.692677,4.22209,0.668
929,2012-07-18,00:00:00.00,7.29545e-308,4.5294,0.864
930,2012-07-19,00:00:00.00,0.103199,4.82676,0.944
931,2012-07-20,00:00:00.00,10.5132,4.78122,0.852
932,2012-07-21,00:00:00.00,1.07809,4.54783,0.791
933,2012-07-22,00:00:00.00,0.00183307,4.4558,0.815
934,2012-07-23,00:00:00.00,0.0687261,4.47794,0.702
935,2012-07-24,00:00:00.00,0.00308417,4.39858,0.663
936,2012-07-25,00:00:00.00,0.00434393,4.21528,0.628
937,2012-07-26,00:00:00.00,1.5438,4.05038,0.569
938,2012-07-27,00:00:00.00,17.0985,3.96678,0.655
939,2012-07-28,00:00:00.00,7.91565,4.03556,0.765
940,2012-07-29,00:00:00.00,10.847,4.35798,3.31
941,2012-07-30,00:00:00.00,0.0143572,4.79974,2.25
942,2012-07-31,00:00:00.00,0.0342061,5.0368,1.59
943,2012-08-01,00:00:00.00,0.0118907,4.94742,1.24
944,2012-08-02,00:00:00.00,0.0487961,4.63884,1
945,2012-08-03,00:00:00.00,0.00397453,4.3216,0.868
946,2012-08-04,00:00:00.00,0.0311194,4.11497,0.757
947,2012-08-05,00:00:00.00,0.0540204,3.99964,0.718
948,2012-08-06,00:00:00.00,6.50452,3.92906,0.717
949,2012-08-07,00:00:00.00,0.0054484,3.88863,0.756
950,2012-08-08,00:00:00.00,2.20998e-308,3.88502,0.773
951,2012-08-09,00:00:00.00,0.0225611,3.88415,0.633
952,2012-08-10,00:00:00.00,5.88903,3.83522,0.65
953,2012-08-11,00:00:00.00,30.4327,3.80107,0.709
954,2012-08-12,00:00:00.00,6.36569,4.04173,0.999
955,2012-08-13,00:00:00.00,3.0394,4.76523,1.09
956,2012-08-14,00:00:00.00,0.750391,5.47407,1.11
957,2012-08-15,00:00:00.00,11.4954,5.49117,1.02
958,2012-08-16,00:00:00.00,0.0897122,5.04775,1.05
959,2012-08-17,00:00:00.00,0.480272,4.76568,1.22
960,2012-08-18,00:00:00.00,0.510915,4.71908,1.01
961,2012-08-19,00:00:00.00,0.0103677,4.60935,0.894
962,2012-08-20,00:00:00.00,0.0124057,4.391,0.84
963,2012-08-21,00:00:00.00,0.00357864,4.19891,0.765
964,2012-08-22,00:00:00.00,0.203069,4.07951,0.727
965,2012-08-23,00:00:00.00,0.21763,4.00227,0.718
966,2012-08-24,00:00:00.00,0,3.93498,0.7
967,2012-08-25,00:00:00.00,0,3.87398,0.647
968,2012-08-26,00:00:00.00,3.175e-308,3.81282,0.58
969,2012-08-27,00:00:00.00,0.00125157,3.75038,0.565
970,2012-08-28,00:00:00.00,3.05673,3.68986,0.562
971,2012-08-29,00:00:00.00,0.0544961,3.63062,0.556
972,2012-08-30,00:00:00.00,7.10921e-308,3.57337,0.592
973,2012-08-31,00:00:00.00,0,3.51784,0.575
974,2012-09-01,00:00:00.00,0,3.46388,0.554
975,2012-09-02,00:00:00.00,1.08313e-308,3.411,0.531
976,2012-09-03,00:00:00.00,0.00127586,3.35919,0.514
977,2012-09-04,00:00:00.00,0.00144076,3.30842,0.493
978,2012-09-05,00:00:00.00,28.3773,3.29538,0.766
979,2012-09-06,00:00:00.00,0.72206,3.45862,1.05
980,2012-09-07,00:00:00.00,0.128116,3.98433,1.2
981,2012-09-08,00:00:00.00,7.04948,4.53595,0.78
982,2012-09-09,00:00:00.00,23.6594,4.57847,0.862
983,2012-09-10,00:00:00.00,0.564615,4.45847,1.06
984,2012-09-11,00:00:00.00,0.320162,4.7224,1.22
985,2012-09-12,00:00:00.00,0.00464116,5.06795,0.96
986,2012-09-13,00:00:00.00,9.9045e-308,4.93859,0.782
987,2012-09-14,00:00:00.00,0.00115118,4.47187,0.686
988,2012-09-15,00:00:00.00,11.9002,4.10884,0.69
989,2012-09-16,00:00:00.00,0.00785044,4.02202,0.668
990,2012-09-17,00:00:00.00,0.00581691,4.18897,0.829
991,2012-09-18,00:00:00.00,0.137207,4.36872,0.752
992,2012-09-19,00:00:00.00,17.912,4.34539,0.748
993,2012-09-20,00:00:00.00,0.195299,4.29812,0.817
994,2012-09-21,00:00:00.00,2.1798,4.52919,1.03
995,2012-09-22,00:00:00.00,1.11768,4.8282,0.889
996,2012-09-23,00:00:00.00,3.23583,4.77043,0.906
997,2012-09-24,00:00:00.00,0.0582366,4.45101,0.828
998,2012-09-25,00:00:00.00,2.82143e-308,4.19317,0.806
999,2012-09-26,00:00:00.00,0.00420604,4.0706,0.77
1000,2012-09-27,00:00:00.00,0.000311682,3.9932,0.814
1001,2012-09-28,00:00:00.00,0.00413216,3.911,0.84
1002,2012-09-29,00:00:00.00,0.0155509,3.83737,0.771
1003,2012-09-30,00:00:00.00,0.0865868,3.77166,0.693
1004,2012-10-01,00:00:00.00,0.00428161,3.71209,0.664
1005,2012-10-02,00:00:00.00,0.349826,3.65678,0.65
1006,2012-10-03,00:00:00.00,0.598443,3.60267,0.654
1007,2012-10-04,00:00:00.00,0.593705,3.55011,0.645
1008,2012-10-05,00:00:00.00,0.293813,3.49901,0.618
1009,2012-10-06,00:00:00.00,7.5466,3.45838,0.638
1010,2012-10-07,00:00:00.00,0.270349,3.46293,0.654
1011,2012-10-08,00:00:00.00,0.01013,3.55004,0.695
1012,2012-10-09,00:00:00.00,0.0010058,3.64713,0.791
1013,2012-10-10,00:00:00.00,0.000898703,3.62074,0.732
1014,2012-10-11,00:00:00.00,3.73711,3.49073,0.7
1015,2012-10-12,00:00:00.00,0.275748,3.38114,0.673
1016,2012-10-13,00:00:00.00,2.33035,3.35324,0.694
1017,2012-10-14,00:00:00.00,11.3056,3.38313,0.713
1018,2012-10-15,00:00:00.00,5.79963,3.469,0.755
1019,2012-10-16,00:00:00.00,0.882893,3.68746,0.936
1020,2012-10-17,00:00:00.00,0.00338436,3.97457,1.08
1021,2012-10-18,00:00:00.00,5.42167,4.02621,0.981
1022,2012-10-19,00:00:00.00,4.19796,3.85594,0.912
1023,2012-10-20,00:00:00.00,6.20359,3.73726,0.885
1024,2012-10-21,00:00:00.00,5.34558,3.78155,0.969
1025,2012-10-22,00:00:00.00,0.104138,3.95514,1.06
1026,2012-10-23,00:00:00.00,0.931441,4.08684,1.11
1027,2012-10-24,00:00:00.00,8.13265,4.06456,1.11
1028,2012-10-25,00:00:00.00,0.434109,3.95262,1.09
1029,2012-10-26,00:00:00.00,0.0100619,3.92483,1.27
1030,2012-10-27,00:00:00.00,5.00428,3.97096,1.19
1031,2012-10-28,00:00:00.00,7.44866,3.95423,1.12
1032,2012-10-29,00:00:00.00,3.91293,3.96985,1.14
1033,2012-10-30,00:00:00.00,21.0087,4.18445,1.38
1034,2012-10-31,00:00:00.00,17.747,4.64392,5.23
1035,2012-11-01,00:00:00.00,8.89756,5.4627,9.78
1036,2012-11-02,00:00:00.00,1.50607,6.58992,9.93
1037,2012-11-03,00:00:00.00,8.01394,7.32175,7.26
1038,2012-11-04,00:00:00.00,6.22439,7.16517,5.27
1039,2012-11-05,00:00:00.00,0.260543,6.70164,6.66
1040,2012-11-06,00:00:00.00,0.0421575,6.47965,6.3
1041,2012-11-07,00:00:00.00,0.00502435,6.29645,4.38
1042,2012-11-08,00:00:00.00,0.00117096,5.97415,3.14
1043,2012-11-09,00:00:00.00,0.00742435,5.64816,2.5
1044,2012-11-10,00:00:00.00,0.63144,5.41899,2.14
1045,2012-11-11,00:00:00.00,0.178756,5.28435,1.91
1046,2012-11-12,00:00:00.00,0.0327758,5.19489,1.76
1047,2012-11-13,00:00:00.00,9.9819,5.13858,1.82
1048,2012-11-14,00:00:00.00,0.0513717,5.20228,2.12
1049,2012-11-15,00:00:00.00,0.000689646,5.47613,2.25
1050,2012-11-16,00:00:00.00,0.000838387,5.74327,2.12
1051,2012-11-17,00:00:00.00,0.00551212,5.68436,1.9
1052,2012-11-18,00:00:00.00,0.000138292,5.40301,1.74
1053,2012-11-19,00:00:00.00,0.000797102,5.15204,1.63
1054,2012-11-20,00:00:00.00,0.00345074,5.00607,1.56
1055,2012-11-21,00:00:00.00,0,4.92081,1.51
1056,2012-11-22,00:00:00.00,0.0154677,4.84914,1.48
1057,2012-11-23,00:00:00.00,0.0476386,4.78083,1.44
1058,2012-11-24,00:00:00.00,4.90962,4.72497,1.42
1059,2012-11-25,00:00:00.00,0.309075,4.72259,1.43
1060,2012-11-26,00:00:00.00,1.45049,4.81283,1.42
1061,2012-11-27,00:00:00.00,0.00319517,4.9008,1.35
1062,2012-11-28,00:00:00.00,0.000886066,4.84647,1.32
1063,2012-11-29,00:00:00.00,0.0110637,4.69435,1.26
1064,2012-11-30,00:00:00.00,0.00293067,4.55655,1.2
1065,2012-12-01,00:00:00.00,0.0710502,4.46687,1.18
1066,2012-12-02,00:00:00.00,0.00486789,4.40498,1.17
1067,2012-12-03,00:00:00.00,8.47772,4.37074,1.25
1068,2012-12-04,00:00:00.00,0.181437,4.43417,1.35
1069,2012-12-05,00:00:00.00,7.78539,4.68843,1.92
1070,2012-12-06,00:00:00.00,0.0883019,5.02374,2.52
1071,2012-12-07,00:00:00.00,0,5.24588,2.8
1072,2012-12-08,00:00:00.00,1.32457,5.2745,2.57
1073,2012-12-09,00:00:00.00,5.72935,5.10006,2.34
1074,2012-12-10,00:00:00.00,2.89748,4.91495,2.28
1075,2012-12-11,00:00:00.00,2.64109,4.9195,2.6
1076,2012-12-12,00:00:00.00,0.152403,5.03136,3.01
1077,2012-12-13,00:00:00.00,8.3531e-308,5.05318,2.82
1078,2012-12-14,00:00:00.00,0.00106325,4.94356,2.38
1079,2012-12-15,00:00:00.00,0.00025868,4.77891,2.11
1080,2012-12-16,00:00:00.00,1.04036,4.63846,1.9
1081,2012-12-17,00:00:00.00,6.82478,4.58583,2.03
1082,2012-12-18,00:00:00.00,0.051889,4.68952,2.93
1083,2012-12-19,00:00:00.00,0.204239,4.95679,3.57
1084,2012-12-20,00:00:00.00,0.370342,5.15627,3.07
1085,2012-12-21,00:00:00.00,16.8546,5.12009,3
1086,2012-12-22,00:00:00.00,5.25736,5.15303,11.1
1087,2012-12-23,00:00:00.00,0.543384,5.67675,14.5
1088,2012-12-24,00:00:00.00,0.002423,6.39832,10.2
1089,2012-12-25,00:00:00.00,1.08464,6.50114,7.88
1090,2012-12-26,00:00:00.00,0.000222318,5.99535,5.73
1091,2012-12-27,00:00:00.00,12.9508,5.52137,4.21
1092,2012-12-28,00:00:00.00,4.02295,5.26191,3.66
1093,2012-12-29,00:00:00.00,0.352922,5.13639,3.19
1094,2012-12-30,00:00:00.00,4.7963,5.06741,2.65
1095,2012-12-31,00:00:00.00,0.205284,5.00327,2.44
1096,2013-01-01,00:00:00.00,0.0428762,4.9436,2.36
1097,2013-01-02,00:00:00.00,0.713582,4.8837,2.28
1098,2013-01-03,00:00:00.00,0.0311575,4.82662,2.09
1099,2013-01-04,00:00:00.00,0.0444959,4.77022,1.93
1100,2013-01-05,00:00:00.00,0.00743567,4.7159,1.9
1101,2013-01-06,00:00:00.00,0.462657,4.66274,1.91
1102,2013-01-07,00:00:00.00,2.72009,4.61312,2.14
1103,2013-01-08,00:00:00.00,0.0294681,4.57378,2.19
1104,2013-01-09,00:00:00.00,0,4.55184,2.21
1105,2013-01-10,00:00:00.00,0.0407551,4.53039,2.25
1106,2013-01-11,00:00:00.00,0.00193452,4.48447,3.03
1107,2013-01-12,00:00:00.00,12.9672,4.45666,12.4
1108,2013-01-13,00:00:00.00,0.000267675,4.67389,47.1
1109,2013-01-14,00:00:00.00,25.4532,5.65987,75.2
1110,2013-01-15,00:00:00.00,0.293505,7.94741,69.4
1111,2013-01-16,00:00:00.00,0.00292206,10.5478,39.7
1112,2013-01-17,00:00:00.00,0.0163673,11.3321,26
1113,2013-01-18,00:00:00.00,0.153746,10.1212,15.9
1114,2013-01-19,00:00:00.00,0.0453235,8.55058,9.31
1115,2013-01-20,00:00:00.00,0.0685821,7.66014,6.46
1116,2013-01-21,00:00:00.00,0.374862,7.33655,5.05
1117,2013-01-22,00:00:00.00,0.454363,7.19039,3.72
1118,2013-01-23,00:00:00.00,0.433239,7.07227,2.61
1119,2013-01-24,00:00:00.00,0.841757,6.95259,2.26
1120,2013-01-25,00:00:00.00,2.83007,6.84181,2.18
1121,2013-01-26,00:00:00.00,5.26398,6.73327,2.14
1122,2013-01-27,00:00:00.00,1.17941,6.63061,2.11
1123,2013-01-28,00:00:00.00,0.274851,6.53066,2.15
1124,2013-01-29,00:00:00.00,12.8153,6.47357,2.59
1125,2013-01-30,00:00:00.00,25.9807,6.70319,20.8
1126,2013-01-31,00:00:00.00,5.66195,7.84173,85.9
1127,2013-02-01,00:00:00.00,1.64982,10.3018,65.8
1128,2013-02-02,00:00:00.00,2.17951,12.9708,42.2
1129,2013-02-03,00:00:00.00,3.61953,13.6605,25.2
1130,2013-02-04,00:00:00.00,1.14449,12.3344,15.4
1131,2013-02-05,00:00:00.00,0.834275,10.7809,9.55
1132,2013-02-06,00:00:00.00,0.253252,9.87648,6.39
1133,2013-02-07,00:00:00.00,0.113562,9.49265,4.49
1134,2013-02-08,00:00:00.00,0.969733,9.27182,3.25
1135,2013-02-09,00:00:00.00,20.6702,9.0869,2.51
1136,2013-02-10,00:00:00.00,0.0514415,8.94511,2.21
1137,2013-02-11,00:00:00.00,0.71915,8.88316,2.22
1138,2013-02-12,00:00:00.00,2.97087,8.82511,3.61
1139,2013-02-13,00:00:00.00,0.0280036,8.69631,8.01
1140,2013-02-14,00:00:00.00,0.00647943,8.56893,8.28
1141,2013-02-15,00:00:00.00,3.05856,8.46158,7.65
1142,2013-02-16,00:00:00.00,1.6458,8.30572,7.93
1143,2013-02-17,00:00:00.00,1.29738,8.1341,6.82
1144,2013-02-18,00:00:00.00,0.734518,7.98271,4.63
1145,2013-02-19,00:00:00.00,0.0880294,7.83647,3.49
1146,2013-02-20,00:00:00.00,16.242,7.71986,14
1147,2013-02-21,00:00:00.00,0.985845,7.74032,25.4
1148,2013-02-22,00:00:00.00,1.26219,7.9997,14.3
1149,2013-02-23,00:00:00.00,4.53218,8.2361,10.1
1150,2013-02-24,00:00:00.00,0.481811,8.10379,11.4
1151,2013-02-25,00:00:00.00,0.744453,7.76732,7.46
1152,2013-02-26,00:00:00.00,0.00709516,7.49885,5.97
1153,2013-02-27,00:00:00.00,7.57802,7.34506,5.67
1154,2013-02-28,00:00:00.00,8.83412,7.30831,19.7
1155,2013-03-01,00:00:00.00,1.69399,7.4527,46.5
1156,2013-03-02,00:00:00.00,0.0399669,7.73865,36.4
1157,2013-03-03,00:00:00.00,0.0204834,7.86133,21
1158,2013-03-04,00:00:00.00,0.227487,7.6597,12.6
1159,2013-03-05,00:00:00.00,0.134259,7.3488,8.1
1160,2013-03-06,00:00:00.00,0.00182605,7.1239,6.33
1161,2013-03-07,00:00:00.00,0.000302018,6.98686,7.35
1162,2013-03-08,00:00:00.00,0.142164,6.88446,10.3
1163,2013-03-09,00:00:00.00,0.0158052,6.78738,8.53
1164,2013-03-10,00:00:00.00,0.00177531,6.69265,10.3
1165,2013-03-11,00:00:00.00,0.038698,6.60015,16.4
1166,2013-03-12,00:00:00.00,17.7161,6.86316,29.5
1167,2013-03-13,00:00:00.00,1.58219,8.83256,51.9
1168,2013-03-14,00:00:00.00,2.54935,14.5667,46.5
1169,2013-03-15,00:00:00.00,0.182103,20.0842,35
1170,2013-03-16,00:00:00.00,1.39115,19.5001,20.7
1171,2013-03-17,00:00:00.00,2.79998,15.9093,14.5
1172,2013-03-18,00:00:00.00,0.132416,13.6434,10.7
1173,2013-03-19,00:00:00.00,1.78044,12.703,8.76
1174,2013-03-20,00:00:00.00,0.611648,12.2882,7.63
1175,2013-03-21,00:00:00.00,0.0361272,11.944,6.55
1176,2013-03-22,00:00:00.00,3.54989,11.6175,5.74
1177,2013-03-23,00:00:00.00,0.473071,11.3116,5.16
1178,2013-03-24,00:00:00.00,0.00538173,11.0223,4.67
1179,2013-03-25,00:00:00.00,0.00233053,10.7498,4.4
1180,2013-03-26,00:00:00.00,0.120552,10.4912,4.42
1181,2013-03-27,00:00:00.00,0.016519,10.2454,4.46
1182,2013-03-28,00:00:00.00,0.144631,10.0456,4.76
1183,2013-03-29,00:00:00.00,0.117813,10.0211,5.25
1184,2013-03-30,00:00:00.00,0.00549886,10.3247,5.64
1185,2013-03-31,00:00:00.00,0.000117496,10.6494,5.47
1186,2013-04-01,00:00:00.00,1.25095,10.5113,5.08
1187,2013-04-02,00:00:00.00,1.55141,10.0523,4.9
1188,2013-04-03,00:00:00.00,0.115781,9.63614,4.49
1189,2013-04-04,00:00:00.00,0.113387,9.35448,4.01
1190,2013-04-05,00:00:00.00,0.0103667,9.15258,3.65
1191,2013-04-06,00:00:00.00,0.00208817,8.97083,3.42
1192,2013-04-07,00:00:00.00,0.0327919,8.79707,3.25
1193,2013-04-08,00:00:00.00,0.0220196,8.6292,3.06
1194,2013-04-09,00:00:00.00,5.77241,8.48659,2.98
1195,2013-04-10,00:00:00.00,31.2018,8.57755,3.7
1196,2013-04-11,00:00:00.00,17.7085,9.59628,51.1
1197,2013-04-12,00:00:00.00,26.9309,12.5416,103
1198,2013-04-13,00:00:00.00,17.0428,16.8901,174
1199,2013-04-14,00:00:00.00,0.281109,20.9527,135
1200,2013-04-15,00:00:00.00,0.00730163,23.2728,59.1
1201,2013-04-16,00:00:00.00,0.101962,22.5843,33.2
1202,2013-04-17,00:00:00.00,1.79774,20.0054,20.6
1203,2013-04-18,00:00:00.00,6.66859,17.8245,14.8
1204,2013-04-19,00:00:00.00,9.13746,16.7675,21
1205,2013-04-20,00:00:00.00,9.267,16.7867,35.7
1206,2013-04-21,00:00:00.00,0.536112,17.5687,25
1207,2013-04-22,00:00:00.00,0.0042642,18.3106,18.9
1208,2013-04-23,00:00:00.00,3.74566e-308,18.1444,15.5
1209,2013-04-24,00:00:00.00,0.305365,17.0939,11
1210,2013-04-25,00:00:00.00,16.6945,16.071,9.66
1211,2013-04-26,00:00:00.00,3.66105,15.8997,16
1212,2013-04-27,00:00:00.00,9.5414e-308,16.9571,14.4
1213,2013-04-28,00:00:00.00,2.08314e-308,18.0183,11.7
1214,2013-04-29,00:00:00.00,8.60694,17.5921,9.48
1215,2013-04-30,00:00:00.00,0.896848,16.5577,8.76
1216,2013-05-01,00:00:00.00,0.174623,16.1278,9.01
1217,2013-05-02,00:00:00.00,0.00052673,15.9719,7.95
1218,2013-05-03,00:00:00.00,0,15.4016,6.86
1219,2013-05-04,00:00:00.00,0,14.6257,5.88
1220,2013-05-05,00:00:00.00,0,13.9925,5.12
1221,2013-05-06,00:00:00.00,8.62653e-308,13.4885,4.56
1222,2013-05-07,00:00:00.00,0,13.0518,4.16
1223,2013-05-08,00:00:00.00,0.00177562,12.645,3.79
1224,2013-05-09,00:00:00.00,1.14831,12.268,4.31
1225,2013-05-10,00:00:00.00,0.235555,11.9037,4.41
1226,2013-05-11,00:00:00.00,4.33406,11.5637,3.55
1227,2013-05-12,00:00:00.00,2.58555,11.272,3.48
1228,2013-05-13,00:00:00.00,1.50418,11.0516,3.38
1229,2013-05-14,00:00:00.00,0.041699,10.847,3.24
1230,2013-05-15,00:00:00.00,1.29905,10.5799,3.04
1231,2013-05-16,00:00:00.00,0.414118,10.2814,2.94
1232,2013-05-17,00:00:00.00,0.00952846,10.0049,2.88
1233,2013-05-18,00:00:00.00,8.3934e-308,9.75638,2.74
1234,2013-05-19,00:00:00.00,0.00476038,9.52468,2.65
1235,2013-05-20,00:00:00.00,0.0223187,9.30091,2.61
1236,2013-05-21,00:00:00.00,0.0177311,9.08444,2.54
1237,2013-05-22,00:00:00.00,0.0841004,8.87441,2.45
1238,2013-05-23,00:00:00.00,0.212904,8.67059,2.33
1239,2013-05-24,00:00:00.00,2.33875,8.47255,2.19
1240,2013-05-25,00:00:00.00,0.180252,8.28153,2.08
1241,2013-05-26,00:00:00.00,0.0160116,8.0991,2.02
1242,2013-05-27,00:00:00.00,0,7.92611,1.97
1243,2013-05-28,00:00:00.00,0.860543,7.76055,1.91
1244,2013-05-29,00:00:00.00,42.5971,7.76821,4.05
1245,2013-05-30,00:00:00.00,23.9142,8.66452,33.2
1246,2013-05-31,00:00:00.00,0.0281775,11.5941,36.7
1247,2013-06-01,00:00:00.00,3.91773,15.3703,20.6
1248,2013-06-02,00:00:00.00,5.78045,16.4381,17.5
1249,2013-06-03,00:00:00.00,5.04654,14.7066,16.7
1250,2013-06-04,00:00:00.00,0.000228647,12.8891,11.9
1251,2013-06-05,00:00:00.00,0.00144847,12.0108,9.61
1252,2013-06-06,00:00:00.00,0.000302691,11.582,7.11
1253,2013-06-07,00:00:00.00,1.21022,11.165,4.98
1254,2013-06-08,00:00:00.00,0.158522,10.7643,4.02
1255,2013-06-09,00:00:00.00,0.00614656,10.4068,3.69
1256,2013-06-10,00:00:00.00,0.744429,10.1069,3.3
1257,2013-06-11,00:00:00.00,16.6487,9.88618,3.01
1258,2013-06-12,00:00:00.00,0.451489,9.9647,3.32
1259,2013-06-13,00:00:00.00,0.277157,10.5703,3.76
1260,2013-06-14,00:00:00.00,16.3757,11.1824,5.08
1261,2013-06-15,00:00:00.00,0.0362614,11.2548,6.49
1262,2013-06-16,00:00:00.00,0.0179671,11.4184,5.15
1263,2013-06-17,00:00:00.00,4.45886,11.6602,3.86
1264,2013-06-18,00:00:00.00,4.06498,11.2745,3.26
1265,2013-06-19,00:00:00.00,0.718017,10.5593,2.91
1266,2013-06-20,00:00:00.00,0.00148808,10.0043,2.9
1267,2013-06-21,00:00:00.00,0.000965949,9.64171,2.65
1268,2013-06-22,00:00:00.00,8.11149e-308,9.3681,2.31
1269,2013-06-23,00:00:00.00,0.938729,9.11472,2.08
1270,2013-06-24,00:00:00.00,0.0632598,8.87508,1.94
1271,2013-06-25,00:00:00.00,0.116583,8.64651,1.81
1272,2013-06-26,00:00:00.00,1.38483,8.42707,1.7
1273,2013-06-27,00:00:00.00,3.28648,8.21571,1.62
1274,2013-06-28,00:00:00.00,6.49631,8.02162,1.6
1275,2013-06-29,00:00:00.00,17.7551,7.93078,1.75
1276,2013-06-30,00:00:00.00,0.0988751,8.17443,2.37
1277,2013-07-01,00:00:00.00,0.00247245,8.88434,3.05
1278,2013-07-02,00:00:00.00,0.678852,9.42893,2.66
1279,2013-07-03,00:00:00.00,0.106624,9.15476,2.25
1280,2013-07-04,00:00:00.00,2.80354,8.48444,1.99
1281,2013-07-05,00:00:00.00,6.05187,7.98626,1.79
1282,2013-07-06,00:00:00.00,14.6915,7.78076,4.74
1283,2013-07-07,00:00:00.00,8.77597,7.94102,8.16
1284,2013-07-08,00:00:00.00,1.05562,8.53803,5.28
1285,2013-07-09,00:00:00.00,11.2332,9.18076,4.33
1286,2013-07-10,00:00:00.00,2.64463,9.32311,10.9
1287,2013-07-11,00:00:00.00,4.99644,9.17043,13.4
1288,2013-07-12,00:00:00.00,0.0155643,8.99229,7.77
1289,2013-07-13,00:00:00.00,0.00836673,8.66183,5.93
1290,2013-07-14,00:00:00.00,4.47493e-308,8.25501,4.33
1291,2013-07-15,00:00:00.00,5.32312e-308,7.91599,3.22
1292,2013-07-16,00:00:00.00,0.060759,7.66286,2.6
1293,2013-07-17,00:00:00.00,0.0173877,7.46555,2.23
1294,2013-07-18,00:00:00.00,1.70675,7.28726,2
1295,2013-07-19,00:00:00.00,0.194079,7.11898,1.85
1296,2013-07-20,00:00:00.00,2.25228,6.95687,1.7
1297,2013-07-21,00:00:00.00,1.26534,6.80122,1.57
1298,2013-07-22,00:00:00.00,0.000235082,6.65148,1.48
1299,2013-07-23,00:00:00.00,0.0496709,6.50782,1.39
1300,2013-07-24,00:00:00.00,5.01305,6.37272,1.35
1301,2013-07-25,00:00:00.00,0.00755853,6.2585,1.35
1302,2013-07-26,00:00:00.00,0.0035896,6.17762,1.39
1303,2013-07-27,00:00:00.00,0.00214249,6.1028,1.29
1304,2013-07-28,00:00:00.00,5.37868,5.994,1.28
1305,2013-07-29,00:00:00.00,1.27316,5.87806,1.24
1306,2013-07-30,00:00:00.00,0.689665,5.80806,1.25
1307,2013-07-31,00:00:00.00,0.00380786,5.75338,1.24
1308,2013-08-01,00:00:00.00,17.912,5.68731,1.19
1309,2013-08-02,00:00:00.00,14.6681,5.79473,1.44
1310,2013-08-03,00:00:00.00,3.98268,6.41926,2.6
1311,2013-08-04,00:00:00.00,0.21856,7.36199,2.27
1312,2013-08-05,00:00:00.00,0.0269023,7.70942,1.75
1313,2013-08-06,00:00:00.00,0.00315275,7.21152,1.61
1314,2013-08-07,00:00:00.00,1.35243,6.54037,1.43
1315,2013-08-08,00:00:00.00,13.6985,6.15609,1.4
1316,2013-08-09,00:00:00.00,0.056045,6.12347,1.42
1317,2013-08-10,00:00:00.00,7.90027e-308,6.42202,1.47
1318,2013-08-11,00:00:00.00,0.0079077,6.70877,1.32
1319,2013-08-12,00:00:00.00,0.0980135,6.56694,1.27
1320,2013-08-13,00:00:00.00,0.52619,6.19121,1.23
1321,2013-08-14,00:00:00.00,0.815342,5.90588,1.16
1322,2013-08-15,00:00:00.00,2.21989,5.73174,1.17
1323,2013-08-16,00:00:00.00,0.00500062,5.60657,1.15
1324,2013-08-17,00:00:00.00,0.000116489,5.49643,1.12
1325,2013-08-18,00:00:00.00,0.0128902,5.39349,1.08
1326,2013-08-19,00:00:00.00,0.00924033,5.2914,1.09
1327,2013-08-20,00:00:00.00,2.8155e-308,5.1929,1.03
1328,2013-08-21,00:00:00.00,0.0123648,5.09573,0.967
1329,2013-08-22,00:00:00.00,0.00423603,5.00163,0.946
1330,2013-08-23,00:00:00.00,1.00856,4.9096,0.938
1331,2013-08-24,00:00:00.00,0.0832738,4.82035,0.916
1332,2013-08-25,00:00:00.00,0.000565096,4.73355,0.921
1333,2013-08-26,00:00:00.00,0.0137116,4.64945,0.864
1334,2013-08-27,00:00:00.00,0.935763,4.5677,0.85
1335,2013-08-28,00:00:00.00,2.06484,4.48816,0.839
1336,2013-08-29,00:00:00.00,29.8642,4.47119,1.38
1337,2013-08-30,00:00:00.00,0.0593935,4.73487,1.76
1338,2013-08-31,00:00:00.00,0.114173,5.50673,1.91
1339,2013-09-01,00:00:00.00,0.0550138,6.28174,1.42
1340,2013-09-02,00:00:00.00,0.115825,6.22206,1.19
1341,2013-09-03,00:00:00.00,0.106224,5.59198,1.08
1342,2013-09-04,00:00:00.00,0.866927,5.09437,1.02
1343,2013-09-05,00:00:00.00,0.0336407,4.83506,0.975
1344,2013-09-06,00:00:00.00,0,4.71219,0.94
1345,2013-09-07,00:00:00.00,0.000225046,4.62979,0.899
1346,2013-09-08,00:00:00.00,1.80519,4.54647,0.854
1347,2013-09-09,00:00:00.00,0.430884,4.46898,0.84
1348,2013-09-10,00:00:00.00,0.611544,4.39153,0.845
1349,2013-09-11,00:00:00.00,0.302255,4.31836,0.821
1350,2013-09-12,00:00:00.00,33.7958,4.31388,0.828
1351,2013-09-13,00:00:00.00,21.9717,4.67182,1.18
1352,2013-09-14,00:00:00.00,1.16352,5.83583,6.66
1353,2013-09-15,00:00:00.00,0.00328113,7.50608,9.07
1354,2013-09-16,00:00:00.00,1.46721,8.14706,8.59
1355,2013-09-17,00:00:00.00,0.707299,7.29872,5.25
1356,2013-09-18,00:00:00.00,0.0505198,6.26708,2.68
1357,2013-09-19,00:00:00.00,0.0382996,5.70842,1.98
1358,2013-09-20,00:00:00.00,0.0168777,5.47,1.68
1359,2013-09-21,00:00:00.00,51.8764,5.48094,1.88
1360,2013-09-22,00:00:00.00,40.1476,6.29579,18.1
1361,2013-09-23,00:00:00.00,1.48452,9.17914,46.9
1362,2013-09-24,00:00:00.00,0.159683,13.3509,58.7
1363,2013-09-25,00:00:00.00,4.99877e-308,15.0594,45.2
1364,2013-09-26,00:00:00.00,0,13.422,18.9
1365,2013-09-27,00:00:00.00,0,11.1541,10.7
1366,2013-09-28,00:00:00.00,0.00239438,9.79557,6.42
1367,2013-09-29,00:00:00.00,7.63125e-308,9.243,4.42
1368,2013-09-30,00:00:00.00,1.73727,8.95753,3.57
1369,2013-10-01,00:00:00.00,1.60039,8.7106,3.14
1370,2013-10-02,00:00:00.00,0.00281659,8.47576,2.88
1371,2013-10-03,00:00:00.00,0.00449429,8.25401,2.56
1372,2013-10-04,00:00:00.00,2.20513,8.04481,2.39
1373,2013-10-05,00:00:00.00,5.32613,7.85586,2.3
1374,2013-10-06,00:00:00.00,5.31426,7.74092,2.35
1375,2013-10-07,00:00:00.00,24.9002,7.87016,3.17
1376,2013-10-08,00:00:00.00,14.6016,8.56491,29
1377,2013-10-09,00:00:00.00,0.000211283,10.142,37.6
1378,2013-10-10,00:00:00.00,0,11.8797,20.5
1379,2013-10-11,00:00:00.00,0.00172973,12.2321,16.1
1380,2013-10-12,00:00:00.00,0.00156561,11.1839,11.4
1381,2013-10-13,00:00:00.00,0.0276205,9.99794,6.52
1382,2013-10-14,00:00:00.00,2.03324,9.29428,4.61
1383,2013-10-15,00:00:00.00,0.0461336,8.94692,3.83
1384,2013-10-16,00:00:00.00,0.0977456,8.71934,3.37
1385,2013-10-17,00:00:00.00,3.91327,8.52053,3.09
1386,2013-10-18,00:00:00.00,7.25999,8.38575,2.99
1387,2013-10-19,00:00:00.00,0.22136,8.43999,2.91
1388,2013-10-20,00:00:00.00,6.74203,8.71945,3.03
1389,2013-10-21,00:00:00.00,0.0283515,8.97022,3.06
1390,2013-10-22,00:00:00.00,4.86294,9.04326,3.25
1391,2013-10-23,00:00:00.00,0.00351897,9.00563,3.25
1392,2013-10-24,00:00:00.00,1.64523,8.87408,3.39
1393,2013-10-25,00:00:00.00,1.85157,8.67482,3.25
1394,2013-10-26,00:00:00.00,1.20129,8.41145,3.09
1395,2013-10-27,00:00:00.00,4.37412,8.1692,3.12
1396,2013-10-28,00:00:00.00,0.443819,8.0392,3.91
1397,2013-10-29,00:00:00.00,0.00950357,8.02893,5.68
1398,2013-10-30,00:00:00.00,0.0165796,8.01072,5.6
1399,2013-10-31,00:00:00.00,0.000131031,7.82596,4.33
1400,2013-11-01,00:00:00.00,31.6788,7.68597,4.53
1401,2013-11-02,00:00:00.00,1.37153,8.1816,24.9
1402,2013-11-03,00:00:00.00,6.45296,9.87391,25.6
1403,2013-11-04,00:00:00.00,0.000322793,11.5977,24.5
1404,2013-11-05,00:00:00.00,0.00017678,11.7438,20.1
1405,2013-11-06,00:00:00.00,0.0238558,10.8652,13.1
1406,2013-11-07,00:00:00.00,8.40135,9.97596,8.58
1407,2013-11-08,00:00:00.00,0.395891,9.52521,6.78
1408,2013-11-09,00:00:00.00,0.343284,9.63823,6.82
1409,2013-11-10,00:00:00.00,0.0730848,9.8288,6.48
1410,2013-11-11,00:00:00.00,0.141965,9.60929,6.13
1411,2013-11-12,00:00:00.00,7.15186,9.17436,5.32
1412,2013-11-13,00:00:00.00,6.39376,8.93575,5.21
1413,2013-11-14,00:00:00.00,0.134787,9.03572,5.72
1414,2013-11-15,00:00:00.00,0.000232571,9.22882,6.16
1415,2013-11-16,00:00:00.00,8.58688e-308,9.14065,7.02
1416,2013-11-17,00:00:00.00,0.00272875,8.87243,7.01
1417,2013-11-18,00:00:00.00,11.183,8.77814,6.55
1418,2013-11-19,00:00:00.00,0.0596285,8.99078,13.8
1419,2013-11-20,00:00:00.00,0.0592362,9.48237,10.6
1420,2013-11-21,00:00:00.00,0.00353768,9.83631,6.59
1421,2013-11-22,00:00:00.00,3.80373,9.5848,5.44
1422,2013-11-23,00:00:00.00,7.15161,9.12679,5.81
1423,2013-11-24,00:00:00.00,0.510766,9.07156,9.09
1424,2013-11-25,00:00:00.00,3.75443,9.43508,7.47
1425,2013-11-26,00:00:00.00,0.3399,9.65263,6.04
1426,2013-11-27,00:00:00.00,0.0250181,9.35941,5.13
1427,2013-11-28,00:00:00.00,12.5486,8.88847,4.53
1428,2013-11-29,00:00:00.00,3.53648,8.58898,4.25
1429,2013-11-30,00:00:00.00,0.0105331,8.50612,4.12
1430,2013-12-01,00:00:00.00,0,8.46919,4.12
1431,2013-12-02,00:00:00.00,0.0865866,8.31318,4.07
1432,2013-12-03,00:00:00.00,0.0925898,8.0914,4.31
1433,2013-12-04,00:00:00.00,0.149393,7.89754,4.73
1434,2013-12-05,00:00:00.00,1.6261,7.74725,5.23
1435,2013-12-06,00:00:00.00,1.31119,7.72299,6.22
1436,2013-12-07,00:00:00.00,0.00316788,8.14448,8.82
1437,2013-12-08,00:00:00.00,0.0207762,9.31856,15.7
1438,2013-12-09,00:00:00.00,0.134255,10.3558,19.3
1439,2013-12-10,00:00:00.00,0.49363,10.1467,12.7
1440,2013-12-11,00:00:00.00,0.0647102,9.27782,8.59
1441,2013-12-12,00:00:00.00,0.5847,8.63662,6.29
1442,2013-12-13,00:00:00.00,0.145305,8.32465,5.24
1443,2013-12-14,00:00:00.00,0.91531,8.16332,4.92
1444,2013-12-15,00:00:00.00,11.1299,8.02122,4.64
1445,2013-12-16,00:00:00.00,2.79393,7.88541,4.45
1446,2013-12-17,00:00:00.00,0.402254,7.75427,4.28
1447,2013-12-18,00:00:00.00,8.14113,7.62921,4.18
1448,2013-12-19,00:00:00.00,1.13053,7.50849,4.12
1449,2013-12-20,00:00:00.00,0.396288,7.39294,4.07
1450,2013-12-21,00:00:00.00,9.56726,7.31278,4.07
1451,2013-12-22,00:00:00.00,15.828,7.42407,5.06
1452,2013-12-23,00:00:00.00,13.16,8.0994,33.8
1453,2013-12-24,00:00:00.00,0.263616,9.59202,55.2
1454,2013-12-25,00:00:00.00,7.28412,11.5309,35.2
1455,2013-12-26,00:00:00.00,2.41169,12.5443,28
1456,2013-12-27,00:00:00.00,3.62356,11.833,21.7
1457,2013-12-28,00:00:00.00,2.14645,10.5478,15.2
1458,2013-12-29,00:00:00.00,0.000173979,9.72292,9.85
1459,2013-12-30,00:00:00.00,0.0944416,9.34275,7.78
1460,2013-12-31,00:00:00.00,0.110749,9.14608,6.65
1461,2014-01-01,00:00:00.00,2.6093,8.97026,5.13
1462,2014-01-02,00:00:00.00,1.71879,8.80386,3.92
1463,2014-01-03,00:00:00.00,3.70624,8.64355,3.27
1464,2014-01-04,00:00:00.00,0.0754085,8.49211,3.19
1465,2014-01-05,00:00:00.00,1.83948,8.34664,3.23
1466,2014-01-06,00:00:00.00,18.638,8.22342,3.27
1467,2014-01-07,00:00:00.00,6.06173,8.17533,3.2
1468,2014-01-08,00:00:00.00,0.239027,8.2579,3.09
1469,2014-01-09,00:00:00.00,0.0127694,8.32838,3.04
1470,2014-01-10,00:00:00.00,0.853247,8.20003,3.03
1471,2014-01-11,00:00:00.00,5.46936,7.97388,3.23
1472,2014-01-12,00:00:00.00,20.7384,7.91952,15.4
1473,2014-01-13,00:00:00.00,0.0688281,8.40605,54.9
1474,2014-01-14,00:00:00.00,0.033404,9.64646,54.1
1475,2014-01-15,00:00:00.00,0.181674,10.6673,53.9
1476,2014-01-16,00:00:00.00,0.227023,10.42,47.1
1477,2014-01-17,00:00:00.00,3.06926,9.54372,32.2
1478,2014-01-18,00:00:00.00,5.15546,8.91337,20.7
1479,2014-01-19,00:00:00.00,1.98782,8.62096,14.5
1480,2014-01-20,00:00:00.00,0.156544,8.49166,10.6
1481,2014-01-21,00:00:00.00,0.903434,8.37866,7.84
1482,2014-01-22,00:00:00.00,0.318696,8.24528,5.73
1483,2014-01-23,00:00:00.00,1.46268,8.10176,4.7
1484,2014-01-24,00:00:00.00,1.14389,7.96854,3.96
1485,2014-01-25,00:00:00.00,2.53267,7.8467,3.48
1486,2014-01-26,00:00:00.00,12.3424,7.73321,3.4
1487,2014-01-27,00:00:00.00,4.43143,7.62401,3.32
1488,2014-01-28,00:00:00.00,3.62122,7.51892,3.25
1489,2014-01-29,00:00:00.00,0.0414184,7.4172,3.2
1490,2014-01-30,00:00:00.00,0.0157745,7.31914,3.24
1491,2014-01-31,00:00:00.00,0.578858,7.22452,3.29
1492,2014-02-01,00:00:00.00,0.332375,7.13338,3.34
1493,2014-02-02,00:00:00.00,13.8355,7.05726,3.36
1494,2014-02-03,00:00:00.00,0.826994,7.03969,3.24
1495,2014-02-04,00:00:00.00,0.0189426,7.12401,3.11
1496,2014-02-05,00:00:00.00,1.72825,7.19721,2.97
1497,2014-02-06,00:00:00.00,16.8339,7.10847,2.84
1498,2014-02-07,00:00:00.00,0.427287,6.929,2.71
1499,2014-02-08,00:00:00.00,0.0267109,6.78058,2.58
1500,2014-02-09,00:00:00.00,2.2194,6.68026,2.47
1501,2014-02-10,00:00:00.00,4.61545,6.60284,2.37
1502,2014-02-11,00:00:00.00,1.15534,6.52975,2.26
1503,2014-02-12,00:00:00.00,0.177406,6.45876,2.15
1504,2014-02-13,00:00:00.00,0.00808484,6.38953,2.08
1505,2014-02-14,00:00:00.00,0.0240928,6.32219,2.06
1506,2014-02-15,00:00:00.00,1.35699,6.25651,2.04
1507,2014-02-16,00:00:00.00,0.226879,6.19237,2.02
1508,2014-02-17,00:00:00.00,0.392356,6.13191,2
1509,2014-02-18,00:00:00.00,5.24255,6.07443,2.06
1510,2014-02-19,00:00:00.00,5.55804,6.01543,2.14
1511,2014-02-20,00:00:00.00,0.0418637,5.95637,2.23
1512,2014-02-21,00:00:00.00,8.31311,5.91617,2.75
1513,2014-02-22,00:00:00.00,0.489936,5.95771,5.71
1514,2014-02-23,00:00:00.00,0,6.15207,12.6
1515,2014-02-24,00:00:00.00,0.023508,6.34797,23.3
1516,2014-02-25,00:00:00.00,0.158593,6.29033,24
1517,2014-02-26,00:00:00.00,0.184089,6.07483,19.8
1518,2014-02-27,00:00:00.00,0.119552,5.91316,15.8
1519,2014-02-28,00:00:00.00,0.587145,5.8131,12.8
1520,2014-03-01,00:00:00.00,0.0201349,5.74643,10.7
1521,2014-03-02,00:00:00.00,2.13554,5.69258,9.56
1522,2014-03-03,00:00:00.00,2.7932,5.63875,9.13
1523,2014-03-04,00:00:00.00,0.00363858,5.58746,8.32
1524,2014-03-05,00:00:00.00,0.0368643,5.53627,7.57
1525,2014-03-06,00:00:00.00,0.0052039,5.48696,7.37
1526,2014-03-07,00:00:00.00,4.84844e-308,5.43835,7.32
1527,2014-03-08,00:00:00.00,0,5.39089,6.96
1528,2014-03-09,00:00:00.00,0.00751935,5.34368,7.08
1529,2014-03-10,00:00:00.00,0.00723818,5.29685,7.18
1530,2014-03-11,00:00:00.00,0.012682,5.25016,7.2
1531,2014-03-12,00:00:00.00,0.0839518,5.20381,11.3
1532,2014-03-13,00:00:00.00,12.0669,5.15775,32.4
1533,2014-03-14,00:00:00.00,0.00252406,5.11189,40.9
1534,2014-03-15,00:00:00.00,0.0758625,5.06647,37
1535,2014-03-16,00:00:00.00,0.128248,5.02189,55
1536,2014-03-17,00:00:00.00,0.000985785,4.97823,69.3
1537,2014-03-18,00:00:00.00,0.000565434,4.93511,55.6
1538,2014-03-19,00:00:00.00,0.000501269,4.89263,42.7
1539,2014-03-20,00:00:00.00,4.00269,4.85882,50.6
1540,2014-03-21,00:00:00.00,0.496392,4.86207,85.5
1541,2014-03-22,00:00:00.00,0.0804292,4.93061,76.5
1542,2014-03-23,00:00:00.00,2.36937,4.9967,57.4
1543,2014-03-24,00:00:00.00,0.16744,4.96109,51.2
1544,2014-03-25,00:00:00.00,0.139547,4.85531,34.3
1545,2014-03-26,00:00:00.00,2.42361,4.75933,23.9
1546,2014-03-27,00:00:00.00,0.0283563,4.69688,14.2
1547,2014-03-28,00:00:00.00,4.23878,4.65346,9.78
1548,2014-03-29,00:00:00.00,2.57351,4.61672,13
1549,2014-03-30,00:00:00.00,0,4.59269,32.7
1550,2014-03-31,00:00:00.00,0,4.58982,25.2
1551,2014-04-01,00:00:00.00,0.000126952,4.58645,26.2
1552,2014-04-02,00:00:00.00,0.027242,4.70769,30.6
1553,2014-04-03,00:00:00.00,4.9021e-308,5.62225,32.6
1554,2014-04-04,00:00:00.00,0.321173,8.63998,27
1555,2014-04-05,00:00:00.00,8.78648,12.9872,22.9
1556,2014-04-06,00:00:00.00,0.14989,16.4874,28.3
1557,2014-04-07,00:00:00.00,0,21.0857,20.3
1558,2014-04-08,00:00:00.00,4.67557,26.4463,17.3
1559,2014-04-09,00:00:00.00,4.06103,31.0512,22.1
1560,2014-04-10,00:00:00.00,0.000320358,34.9171,20.7
1561,2014-04-11,00:00:00.00,1.33278,34.5998,15.9
1562,2014-04-12,00:00:00.00,0.00207949,30.5512,13.3
1563,2014-04-13,00:00:00.00,6.02906,26.6987,10
1564,2014-04-14,00:00:00.00,1.32812,24.3513,10.3
1565,2014-04-15,00:00:00.00,0.413937,23.2436,11.4
1566,2014-04-16,00:00:00.00,6.31669,22.4427,9.61
1567,2014-04-17,00:00:00.00,0.0113874,21.2962,8.84
1568,2014-04-18,00:00:00.00,5.11581e-308,20.1087,8.14
1569,2014-04-19,00:00:00.00,0.0464235,19.1235,7.45
1570,2014-04-20,00:00:00.00,0.000413729,18.3359,6.64
1571,2014-04-21,00:00:00.00,0.000192218,17.7094,5.75
1572,2014-04-22,00:00:00.00,0.00437101,17.1406,5.08
1573,2014-04-23,00:00:00.00,5.71062,16.5209,4.74
1574,2014-04-24,00:00:00.00,0.610869,16.0154,4.71
1575,2014-04-25,00:00:00.00,0.0054019,15.7949,4.52
1576,2014-04-26,00:00:00.00,5.98038,15.6161,4.17
1577,2014-04-27,00:00:00.00,0.213197,15.2559,4.31
1578,2014-04-28,00:00:00.00,1.9978e-308,15.0005,4.71
1579,2014-04-29,00:00:00.00,0.0105505,14.7921,4.29
1580,2014-04-30,00:00:00.00,22.7258,14.4553,7.93
1581,2014-05-01,00:00:00.00,9.84514,14.7155,41.4
1582,2014-05-02,00:00:00.00,0.918706,16.5904,31.1
1583,2014-05-03,00:00:00.00,1.88681,18.822,19.4
1584,2014-05-04,00:00:00.00,6.8221,18.9742,15.5
1585,2014-05-05,00:00:00.00,0.428749,17.6159,14.8
1586,2014-05-06,00:00:00.00,0.000512593,16.6142,12.2
1587,2014-05-07,00:00:00.00,0.000234164,16.1148,9.63
1588,2014-05-08,00:00:00.00,0.509917,15.5054,7.85
1589,2014-05-09,00:00:00.00,0.702478,14.8001,6.72
1590,2014-05-10,00:00:00.00,1.15382,14.2138,6.13
1591,2014-05-11,00:00:00.00,3.69409,13.7362,6.32
1592,2014-05-12,00:00:00.00,0.00109156,13.3241,5.93
1593,2014-05-13,00:00:00.00,7.15277,12.9792,5.1
1594,2014-05-14,00:00:00.00,7.57715,12.7773,5.22
1595,2014-05-15,00:00:00.00,8.66292,12.8826,7.55
1596,2014-05-16,00:00:00.00,25.0296,13.4605,66.7
1597,2014-05-17,00:00:00.00,0.000382891,14.7494,87.2
1598,2014-05-18,00:00:00.00,0.387138,16.938,33.7
1599,2014-05-19,00:00:00.00,0.0635945,18.309,22.8
1600,2014-05-20,00:00:00.00,0.0222598,17.365,14
1601,2014-05-21,00:00:00.00,5.13389,15.661,8.62
1602,2014-05-22,00:00:00.00,11.6595,14.6433,8.96
1603,2014-05-23,00:00:00.00,0.0256879,14.4728,10.7
1604,2014-05-24,00:00:00.00,0.278605,14.9473,11.5
1605,2014-05-25,00:00:00.00,0.0108344,15.2037,9.95
1606,2014-05-26,00:00:00.00,0.000152522,14.6612,6.81
1607,2014-05-27,00:00:00.00,7.01743e-308,13.8228,5.35
1608,2014-05-28,00:00:00.00,8.93676,13.1973,4.56
1609,2014-05-29,00:00:00.00,0.0201347,12.8793,4.39
1610,2014-05-30,00:00:00.00,0.00769147,12.8912,4.74
1611,2014-05-31,00:00:00.00,0.000403446,12.8838,3.99
1612,2014-06-01,00:00:00.00,1.9317e-308,12.5167,3.43
1613,2014-06-02,00:00:00.00,0.0102808,11.9808,3.07
1614,2014-06-03,00:00:00.00,6.56639,11.5261,2.86
1615,2014-06-04,00:00:00.00,1.15494,11.2218,2.99
1616,2014-06-05,00:00:00.00,0.00342175,11.0748,3.51
1617,2014-06-06,00:00:00.00,0.0480517,10.9327,3.09
1618,2014-06-07,00:00:00.00,0,10.6478,2.73
1619,2014-06-08,00:00:00.00,0,10.2892,2.46
1620,2014-06-09,00:00:00.00,1.73548,9.96704,2.29
1621,2014-06-10,00:00:00.00,0.000206954,9.69154,2.2
1622,2014-06-11,00:00:00.00,0.000929049,9.44436,2.14
1623,2014-06-12,00:00:00.00,4.70641,9.21167,2.04
1624,2014-06-13,00:00:00.00,1.74851,9.00167,2.11
1625,2014-06-14,00:00:00.00,2.03462,8.82458,2.35
1626,2014-06-15,00:00:00.00,0.00287144,8.65593,2.43
1627,2014-06-16,00:00:00.00,0.000132719,8.46018,2.2
1628,2014-06-17,00:00:00.00,0.0473491,8.25156,2.01
1629,2014-06-18,00:00:00.00,0.0211343,8.05398,1.84
1630,2014-06-19,00:00:00.00,12.1425,7.90213,1.75
1631,2014-06-20,00:00:00.00,0.627256,7.90793,1.79
1632,2014-06-21,00:00:00.00,0.0252205,8.18762,2
1633,2014-06-22,00:00:00.00,9.09027e-308,8.43769,1.85
1634,2014-06-23,00:00:00.00,8.529e-308,8.25515,1.74
1635,2014-06-24,00:00:00.00,5.6552,7.83891,1.6
1636,2014-06-25,00:00:00.00,11.4323,7.55298,1.68
1637,2014-06-26,00:00:00.00,0.0924624,7.55913,1.95
1638,2014-06-27,00:00:00.00,0.0440786,7.85062,2.07
1639,2014-06-28,00:00:00.00,0.0026563,8.05504,1.97
1640,2014-06-29,00:00:00.00,0.0565789,7.84651,1.81
1641,2014-06-30,00:00:00.00,13.6934,7.47441,1.65
1642,2014-07-01,00:00:00.00,0.310544,7.34741,1.63
1643,2014-07-02,00:00:00.00,2.10424,7.61791,1.88
1644,2014-07-03,00:00:00.00,0.059814,7.90238,1.87
1645,2014-07-04,00:00:00.00,0.529074,7.73095,1.68
1646,2014-07-05,00:00:00.00,2.29667e-308,7.30355,1.5
1647,2014-07-06,00:00:00.00,0,6.96118,1.38
1648,2014-07-07,00:00:00.00,0.00131226,6.75023,1.26
1649,2014-07-08,00:00:00.00,31.0712,6.69401,3.15
1650,2014-07-09,00:00:00.00,36.4812,7.20849,7.41
1651,2014-07-10,00:00:00.00,0.0962406,9.15076,23.9
1652,2014-07-11,00:00:00.00,0.017126,12.2164,16.6
1653,2014-07-12,00:00:00.00,0.000267709,13.7917,8.95
1654,2014-07-13,00:00:00.00,1.17979e-308,12.7043,5.34
1655,2014-07-14,00:00:00.00,2.94795,10.8904,3.42
1656,2014-07-15,00:00:00.00,1.18481,9.73566,2.68
1657,2014-07-16,00:00:00.00,1.70062,9.20985,2.29
1658,2014-07-17,00:00:00.00,0.770498,8.93606,2.06
1659,2014-07-18,00:00:00.00,0.0246282,8.68857,1.86
1660,2014-07-19,00:00:00.00,0.00461472,8.45764,1.68
1661,2014-07-20,00:00:00.00,3.98738,8.23375,1.54
1662,2014-07-21,00:00:00.00,1.4175,8.02532,1.5
1663,2014-07-22,00:00:00.00,1.1558e-308,7.82999,1.64
1664,2014-07-23,00:00:00.00,0,7.64579,1.51
1665,2014-07-24,00:00:00.00,1.48148,7.46036,1.4
1666,2014-07-25,00:00:00.00,4.89459e-308,7.27724,1.32
1667,2014-07-26,00:00:00.00,2.07678e-308,7.10124,1.25
1668,2014-07-27,00:00:00.00,0.10269,6.93455,1.19
1669,2014-07-28,00:00:00.00,10.6977,6.79743,1.17
1670,2014-07-29,00:00:00.00,5.20727,6.77568,1.31
1671,2014-07-30,00:00:00.00,0.238404,6.9716,1.46
1672,2014-07-31,00:00:00.00,0.139483,7.19914,1.41
1673,2014-08-01,00:00:00.00,2.40225,7.12248,1.39
1674,2014-08-02,00:00:00.00,1.34228,6.79584,1.33
1675,2014-08-03,00:00:00.00,1.24077,6.48035,1.26
1676,2014-08-04,00:00:00.00,0.0699968,6.26926,1.21
1677,2014-08-05,00:00:00.00,6.44463,6.13534,1.25
1678,2014-08-06,00:00:00.00,10.4031,6.07453,1.33
1679,2014-08-07,00:00:00.00,0.00383073,6.16417,1.47
1680,2014-08-08,00:00:00.00,0.00103004,6.42898,1.53
1681,2014-08-09,00:00:00.00,0.000397075,6.58118,1.28
1682,2014-08-10,00:00:00.00,4.6484e-308,6.3813,1.17
1683,2014-08-11,00:00:00.00,0,6.05534,1.08
1684,2014-08-12,00:00:00.00,17.9227,5.85487,1.06
1685,2014-08-13,00:00:00.00,3.87483,5.91205,1.12
1686,2014-08-14,00:00:00.00,0.0658999,6.37109,1.5
1687,2014-08-15,00:00:00.00,0.0705468,6.8382,1.36
1688,2014-08-16,00:00:00.00,2.32542e-308,6.71711,1.23
1689,2014-08-17,00:00:00.00,1.59087,6.23801,1.19
1690,2014-08-18,00:00:00.00,0.225886,5.87866,1.13
1691,2014-08-19,00:00:00.00,0.000334715,5.68083,1.11
1692,2014-08-20,00:00:00.00,5.73576,5.55398,1.07
1693,2014-08-21,00:00:00.00,8.28983,5.48926,1.06
1694,2014-08-22,00:00:00.00,0.666007,5.53683,1.07
1695,2014-08-23,00:00:00.00,0.00981282,5.68928,1.42
1696,2014-08-24,00:00:00.00,0.0334876,5.76671,1.29
1697,2014-08-25,00:00:00.00,0.0132875,5.63169,1.23
1698,2014-08-26,00:00:00.00,0.000528749,5.39374,1.11
1699,2014-08-27,00:00:00.00,0.213571,5.19424,1.04
1700,2014-08-28,00:00:00.00,0.000521247,5.0609,0.986
1701,2014-08-29,00:00:00.00,2.89449e-308,4.96135,0.923
1702,2014-08-30,00:00:00.00,0.000862475,4.87055,0.877
1703,2014-08-31,00:00:00.00,0.0040972,4.78292,0.844
1704,2014-09-01,00:00:00.00,0.30789,4.69773,0.841
1705,2014-09-02,00:00:00.00,21.933,4.65821,0.894
1706,2014-09-03,00:00:00.00,10.6767,4.83827,0.997
1707,2014-09-04,00:00:00.00,0.0871678,5.46636,1.58
1708,2014-09-05,00:00:00.00,0.584926,6.2577,1.52
1709,2014-09-06,00:00:00.00,48.4305,6.5842,1.44
1710,2014-09-07,00:00:00.00,7.63214,6.85066,6.01
1711,2014-09-08,00:00:00.00,0.000390217,8.28381,12.7
1712,2014-09-09,00:00:00.00,0.0147564,9.99846,7.25
1713,2014-09-10,00:00:00.00,0.119342,9.94399,4.97
1714,2014-09-11,00:00:00.00,49.3825,8.78315,3.96
1715,2014-09-12,00:00:00.00,2.21261,8.65081,17
1716,2014-09-13,00:00:00.00,1.74729,10.6506,21.8
1717,2014-09-14,00:00:00.00,8.09142,12.8501,13.3
1718,2014-09-15,00:00:00.00,0.00146796,12.671,15.6
1719,2014-09-16,00:00:00.00,2.99644,11.3986,10.7
1720,2014-09-17,00:00:00.00,0.450709,10.5519,6.22
1721,2014-09-18,00:00:00.00,0.000139971,9.98479,4.57
1722,2014-09-19,00:00:00.00,0.000293923,9.54564,3.59
1723,2014-09-20,00:00:00.00,0.000121099,9.15017,2.93
1724,2014-09-21,00:00:00.00,2.90861,8.84603,2.51
1725,2014-09-22,00:00:00.00,14.0646,8.6442,5.01
1726,2014-09-23,00:00:00.00,0.264427,8.70928,11.1
1727,2014-09-24,00:00:00.00,0.000798653,9.18909,7.31
1728,2014-09-25,00:00:00.00,0.00155904,9.61005,5.62
1729,2014-09-26,00:00:00.00,0.00322306,9.36744,3.93
1730,2014-09-27,00:00:00.00,0,8.77792,2.87
1731,2014-09-28,00:00:00.00,0.016167,8.31153,2.38
1732,2014-09-29,00:00:00.00,0.00808956,8.02457,2.11
1733,2014-09-30,00:00:00.00,0.104108,7.82236,1.92
1734,2014-10-01,00:00:00.00,18.4188,7.69824,1.88
1735,2014-10-02,00:00:00.00,0.042096,7.87272,2.05
1736,2014-10-03,00:00:00.00,0.0269704,8.58279,2.5
1737,2014-10-04,00:00:00.00,13.7015,9.27808,2.76
1738,2014-10-05,00:00:00.00,6.4897,9.34991,6.58
1739,2014-10-06,00:00:00.00,0.164524,9.43697,8.38
1740,2014-10-07,00:00:00.00,10.9939,9.84152,6.82
1741,2014-10-08,00:00:00.00,1.10398,10.0049,7.2
1742,2014-10-09,00:00:00.00,0.00688657,9.9791,7.02
1743,2014-10-10,00:00:00.00,0.020928,9.87961,6.78
1744,2014-10-11,00:00:00.00,0.00527073,9.46093,5.99
1745,2014-10-12,00:00:00.00,0.591198,8.9041,4.44
1746,2014-10-13,00:00:00.00,8.15507e-308,8.48652,3.49
1747,2014-10-14,00:00:00.00,3.86946,8.22541,3.06
1748,2014-10-15,00:00:00.00,9.68277,8.10462,2.9
1749,2014-10-16,00:00:00.00,5.28235,8.2262,6.17
1750,2014-10-17,00:00:00.00,1.00177,8.67887,11
1751,2014-10-18,00:00:00.00,0.989539,9.11633,8.54
1752,2014-10-19,00:00:00.00,7.62619,9.08055,7.75
1753,2014-10-20,00:00:00.00,0.273925,8.75783,7.08
1754,2014-10-21,00:00:00.00,2.34799,8.66093,6.21
1755,2014-10-22,00:00:00.00,2.43664,8.72401,5.91
1756,2014-10-23,00:00:00.00,0.00346861,8.5941,5.89
1757,2014-10-24,00:00:00.00,0.0111614,8.33574,5.19
1758,2014-10-25,00:00:00.00,0.0212153,8.08639,4.46
1759,2014-10-26,00:00:00.00,0.00939523,7.84217,3.91
1760,2014-10-27,00:00:00.00,0.000179598,7.62068,3.5
1761,2014-10-28,00:00:00.00,0.0908839,7.4346,3.18
1762,2014-10-29,00:00:00.00,2.95455,7.28371,2.96
1763,2014-10-30,00:00:00.00,0.70825,7.1725,2.86
1764,2014-10-31,00:00:00.00,0.256468,7.11394,2.79
1765,2014-11-01,00:00:00.00,7.63554,7.08075,2.71
1766,2014-11-02,00:00:00.00,1.31916,7.09725,2.91
1767,2014-11-03,00:00:00.00,0.0358942,7.28898,3.7
1768,2014-11-04,00:00:00.00,0.0769279,7.47178,3.38
1769,2014-11-05,00:00:00.00,3.33649,7.33901,3.1
1770,2014-11-06,00:00:00.00,0.0177055,7.0585,2.88
1771,2014-11-07,00:00:00.00,6.49076,6.93236,2.79
1772,2014-11-08,00:00:00.00,3.53588,7.00486,4.51
1773,2014-11-09,00:00:00.00,3.7743,7.2372,12.9
1774,2014-11-10,00:00:00.00,0.0473624,7.51003,10.1
1775,2014-11-11,00:00:00.00,0.0212385,7.597,7.42
1776,2014-11-12,00:00:00.00,0.0330546,7.42822,5.7
1777,2014-11-13,00:00:00.00,0.00455674,7.11666,4.7
1778,2014-11-14,00:00:00.00,0.171764,6.82807,3.98
1779,2014-11-15,00:00:00.00,0.259808,6.63704,3.49
1780,2014-11-16,00:00:00.00,0.00294307,6.50826,3.15
1781,2014-11-17,00:00:00.00,2.54542,6.40318,2.89
1782,2014-11-18,00:00:00.00,5.90944,6.3035,2.8
1783,2014-11-19,00:00:00.00,0.294355,6.20781,2.56
1784,2014-11-20,00:00:00.00,6.30751,6.11947,2.34
1785,2014-11-21,00:00:00.00,3.94445,6.03679,2.22
1786,2014-11-22,00:00:00.00,0.101973,5.95216,2.15
1787,2014-11-23,00:00:00.00,2.14297,5.87025,2.3
1788,2014-11-24,00:00:00.00,4.95552,5.81295,7.09
1789,2014-11-25,00:00:00.00,20.7794,5.97701,40.4
1790,2014-11-26,00:00:00.00,0.125562,7.01576,51.4
1791,2014-11-27,00:00:00.00,0.0902523,9.44635,27.3
1792,2014-11-28,00:00:00.00,2.51899,11.5035,24.2
1793,2014-11-29,00:00:00.00,0.769463,11.1685,16.3
1794,2014-11-30,00:00:00.00,0.388003,9.60979,9.83
1795,2014-12-01,00:00:00.00,0.419401,8.51258,7.28
1796,2014-12-02,00:00:00.00,0.0227909,8.05357,7
1797,2014-12-03,00:00:00.00,0.0994877,7.87222,6.48
1798,2014-12-04,00:00:00.00,0.236317,7.72523,5.68
1799,2014-12-05,00:00:00.00,0,7.58629,4.89
1800,2014-12-06,00:00:00.00,7.77284e-308,7.45337,4.28
1801,2014-12-07,00:00:00.00,6.5634e-308,7.3269,3.88
1802,2014-12-08,00:00:00.00,0,7.20449,3.57
1803,2014-12-09,00:00:00.00,0.00273825,7.08731,3.3
1804,2014-12-10,00:00:00.00,0.163715,6.97393,3.19
1805,2014-12-11,00:00:00.00,0.0329062,6.86513,3.1
1806,2014-12-12,00:00:00.00,6.35009e-308,6.75989,2.99
1807,2014-12-13,00:00:00.00,0.0240984,6.65865,2.86
1808,2014-12-14,00:00:00.00,0.240641,6.56156,2.78
1809,2014-12-15,00:00:00.00,0.342161,6.47435,2.68
1810,2014-12-16,00:00:00.00,0.195607,6.40806,2.66
1811,2014-12-17,00:00:00.00,7.53058,6.39139,2.71
1812,2014-12-18,00:00:00.00,2.37142,6.49646,3.11
1813,2014-12-19,00:00:00.00,0.227677,6.81034,4.85
1814,2014-12-20,00:00:00.00,0.0416686,7.10117,5.04
1815,2014-12-21,00:00:00.00,0.0203034,7.01666,4.74
1816,2014-12-22,00:00:00.00,0.000935706,6.69075,4.09
1817,2014-12-23,00:00:00.00,6.9831e-308,6.41995,3.62
1818,2014-12-24,00:00:00.00,0.44407,6.26753,3.34
1819,2014-12-25,00:00:00.00,18.4129,6.25014,3.95
1820,2014-12-26,00:00:00.00,0.559865,6.58745,22.6
1821,2014-12-27,00:00:00.00,0.000691191,7.55471,17.9
1822,2014-12-28,00:00:00.00,1.88722,8.46539,11.9
1823,2014-12-29,00:00:00.00,0.578091,8.37956,9.81
1824,2014-12-30,00:00:00.00,0.0839931,7.74404,7.19
1825,2014-12-31,00:00:00.00,0.0175395,7.27729,5.23
