time,date,hour,precip [mm/day],sub13 [m3/s],sub13 (observed) [m3/s]
0,2010-01-01,00:00:00.00,---,0,
1,2010-01-02,00:00:00.00,1.99418,0.00139164,0.7
2,2010-01-03,00:00:00.00,7.87134,0.00910487,0.6
3,2010-01-04,00:00:00.00,12.2712,0.0288838,0.54
4,2010-01-05,00:00:00.00,10.4848,0.0557256,0.48
5,2010-01-06,00:00:00.00,9.46519,0.0752491,0.44
6,2010-01-07,00:00:00.00,0.506178,0.0825165,0.41
7,2010-01-08,00:00:00.00,6.36622,0.0834006,0.38
8,2010-01-09,00:00:00.00,5.50037,0.0829105,0.36
9,2010-01-10,00:00:00.00,0.62418,0.0824206,0.335
10,2010-01-11,00:00:00.00,0.154851,0.0819423,0.32
11,2010-01-12,00:00:00.00,2.06231,0.0814865,0.305
12,2010-01-13,00:00:00.00,0.157935,0.0810535,0.29
13,2010-01-14,00:00:00.00,0.000171078,0.0806316,0.281
14,2010-01-15,00:00:00.00,0.00613473,0.0802062,0.275
15,2010-01-16,00:00:00.00,0.0162286,0.0797626,0.265
16,2010-01-17,00:00:00.00,0.00201177,0.0792867,0.26
17,2010-01-18,00:00:00.00,0.00070251,0.0787761,0.255
18,2010-01-19,00:00:00.00,0.0223302,0.0782466,0.252
19,2010-01-20,00:00:00.00,1.29481,0.0777197,0.249
20,2010-01-21,00:00:00.00,0.809001,0.0772136,0.246
21,2010-01-22,00:00:00.00,0.000389103,0.0767446,0.243
22,2010-01-23,00:00:00.00,0.0025793,0.0763052,0.24
23,2010-01-24,00:00:00.00,0.00200131,0.0758606,0.28
24,2010-01-25,00:00:00.00,8.22888,0.0823213,0.4
25,2010-01-26,00:00:00.00,5.32048,0.129959,5.81
26,2010-01-27,00:00:00.00,1.77996,0.265425,17
27,2010-01-28,00:00:00.00,0.53298,0.444372,18.6
28,2010-01-29,00:00:00.00,0.410075,0.494136,9.51
29,2010-01-30,00:00:00.00,0.0798312,0.352516,4.72
30,2010-01-31,00:00:00.00,0.0403692,0.181512,2.37
31,2010-02-01,00:00:00.00,0.2703,0.101646,1.6
32,2010-02-02,00:00:00.00,0.0105621,0.0856374,1.09
33,2010-02-03,00:00:00.00,1.90157,0.0852517,0.862
34,2010-02-04,00:00:00.00,0.414494,0.084839,0.73
35,2010-02-05,00:00:00.00,0.000674273,0.0843852,0.645
36,2010-02-06,00:00:00.00,2.0864e-308,0.0838938,0.544
37,2010-02-07,00:00:00.00,0.000449832,0.0833771,0.48
38,2010-02-08,00:00:00.00,0.00093276,0.0828559,0.42
39,2010-02-09,00:00:00.00,0.00649556,0.0823578,0.38
40,2010-02-10,00:00:00.00,5.65648,0.0818955,0.355
41,2010-02-11,00:00:00.00,7.88925,0.0814537,0.33
42,2010-02-12,00:00:00.00,0.581151,0.081024,0.31
43,2010-02-13,00:00:00.00,0.0337973,0.0806197,0.3
44,2010-02-14,00:00:00.00,0.0169757,0.0802292,0.29
45,2010-02-15,00:00:00.00,0.151888,0.079814,0.28
46,2010-02-16,00:00:00.00,0.392667,0.0793635,0.27
47,2010-02-17,00:00:00.00,2.70475,0.0788925,0.26
48,2010-02-18,00:00:00.00,0.790186,0.0784133,0.257
49,2010-02-19,00:00:00.00,0.00935097,0.0779331,0.255
50,2010-02-20,00:00:00.00,6.046e-308,0.0774535,0.253
51,2010-02-21,00:00:00.00,1.53096e-308,0.0769664,0.251
52,2010-02-22,00:00:00.00,4.6058e-308,0.0764622,0.249
53,2010-02-23,00:00:00.00,15.0577,0.0796742,0.247
54,2010-02-24,00:00:00.00,0.237336,0.0965777,0.245
55,2010-02-25,00:00:00.00,0.39775,0.129686,0.243
56,2010-02-26,00:00:00.00,3.9102,0.149498,0.241
57,2010-02-27,00:00:00.00,7.95244,0.131061,0.25
58,2010-02-28,00:00:00.00,3.06402,0.102498,0.26
59,2010-03-01,00:00:00.00,0.056814,0.0947426,0.27
60,2010-03-02,00:00:00.00,0.00338942,0.0987899,0.3
61,2010-03-03,00:00:00.00,0.000790924,0.0958536,0.32
62,2010-03-04,00:00:00.00,0.00140501,0.0858704,0.34
63,2010-03-05,00:00:00.00,0.000386548,0.0782639,0.37
64,2010-03-06,00:00:00.00,0.000198386,0.0753011,0.41
65,2010-03-07,00:00:00.00,0,0.0744717,0.46
66,2010-03-08,00:00:00.00,0,0.0739855,0.52
67,2010-03-09,00:00:00.00,0,0.0734832,0.65
68,2010-03-10,00:00:00.00,0.00213293,0.136136,1.1
69,2010-03-11,00:00:00.00,0.0115688,0.477914,3.63
70,2010-03-12,00:00:00.00,0.00105286,1.27316,14.4
71,2010-03-13,00:00:00.00,2.02646,2.05514,53.4
72,2010-03-14,00:00:00.00,9.30504,2.01169,63.2
73,2010-03-15,00:00:00.00,1.40963,1.27786,50.4
74,2010-03-16,00:00:00.00,0.0499142,0.683999,29.3
75,2010-03-17,00:00:00.00,6e-308,0.469626,12.4
76,2010-03-18,00:00:00.00,0,0.370383,6.92
77,2010-03-19,00:00:00.00,0,0.279164,4.58
78,2010-03-20,00:00:00.00,0.0010627,0.231939,3.32
79,2010-03-21,00:00:00.00,0.0992549,0.222235,2.44
80,2010-03-22,00:00:00.00,0.0470419,0.222773,1.82
81,2010-03-23,00:00:00.00,2.85846,0.225048,1.47
82,2010-03-24,00:00:00.00,0.016884,0.233541,1.28
83,2010-03-25,00:00:00.00,0.107439,0.249644,1.11
84,2010-03-26,00:00:00.00,0.0873183,0.260147,0.913
85,2010-03-27,00:00:00.00,0.000254359,0.253856,0.797
86,2010-03-28,00:00:00.00,0.0126195,0.241807,0.947
87,2010-03-29,00:00:00.00,7.76439,0.244161,0.916
88,2010-03-30,00:00:00.00,0.459338,0.282176,0.929
89,2010-03-31,00:00:00.00,0,0.359219,0.935
90,2010-04-01,00:00:00.00,0.00057376,0.407187,0.773
91,2010-04-02,00:00:00.00,0,0.370344,0.684
92,2010-04-03,00:00:00.00,0,0.30489,0.631
93,2010-04-04,00:00:00.00,0.208974,0.270866,0.586
94,2010-04-05,00:00:00.00,0.103058,0.264011,0.538
95,2010-04-06,00:00:00.00,1.83621,0.26459,0.497
96,2010-04-07,00:00:00.00,28.0966,0.29881,1.67
97,2010-04-08,00:00:00.00,13.9837,0.475455,8.74
98,2010-04-09,00:00:00.00,9.40966,0.88716,17.3
99,2010-04-10,00:00:00.00,0.0652961,1.29703,20.7
100,2010-04-11,00:00:00.00,0.101367,1.34265,8.67
101,2010-04-12,00:00:00.00,0.224797,1.06183,4.05
102,2010-04-13,00:00:00.00,0.299411,0.74582,2.68
103,2010-04-14,00:00:00.00,1.18367,0.568796,2
104,2010-04-15,00:00:00.00,0.0887714,0.514643,1.61
105,2010-04-16,00:00:00.00,5.05675e-308,0.50873,1.34
106,2010-04-17,00:00:00.00,0.494703,0.511892,1.28
107,2010-04-18,00:00:00.00,1.23869,0.514673,1.3
108,2010-04-19,00:00:00.00,0.786487,0.517222,1.08
109,2010-04-20,00:00:00.00,1.78258e-308,0.519962,0.924
110,2010-04-21,00:00:00.00,8.9129e-308,0.523,0.819
111,2010-04-22,00:00:00.00,0.000372442,0.525979,0.713
112,2010-04-23,00:00:00.00,0.0563319,0.528577,0.578
113,2010-04-24,00:00:00.00,0.0280847,0.530801,0.513
114,2010-04-25,00:00:00.00,1.90923,0.532859,0.461
115,2010-04-26,00:00:00.00,15.524,0.553034,0.563
116,2010-04-27,00:00:00.00,0.0826926,0.642583,0.894
117,2010-04-28,00:00:00.00,0.000123075,0.824862,0.927
118,2010-04-29,00:00:00.00,0.00120823,0.939543,0.675
119,2010-04-30,00:00:00.00,0.0642361,0.862736,0.532
120,2010-05-01,00:00:00.00,0.0312562,0.727694,0.463
121,2010-05-02,00:00:00.00,3.45724,0.657448,0.454
122,2010-05-03,00:00:00.00,14.4357,0.658659,0.532
123,2010-05-04,00:00:00.00,7.38017,0.740699,6.85
124,2010-05-05,00:00:00.00,0.414802,0.926188,11.6
125,2010-05-06,00:00:00.00,4.05256,1.08495,4.99
126,2010-05-07,00:00:00.00,0.0356384,1.06173,2.92
127,2010-05-08,00:00:00.00,20.1876,0.959953,2.65
128,2010-05-09,00:00:00.00,4.32074,0.996593,8.46
129,2010-05-10,00:00:00.00,0.290177,1.24626,10.7
130,2010-05-11,00:00:00.00,0.00259979,1.44027,5.44
131,2010-05-12,00:00:00.00,17.2448,1.37346,3.78
132,2010-05-13,00:00:00.00,0.42083,1.28996,10.2
133,2010-05-14,00:00:00.00,19.063,1.44846,9.36
134,2010-05-15,00:00:00.00,1.37686,1.71266,22.1
135,2010-05-16,00:00:00.00,1.81831e-308,1.91248,22.4
136,2010-05-17,00:00:00.00,0.00276884,1.9348,6.87
137,2010-05-18,00:00:00.00,0.0577416,1.73504,3.35
138,2010-05-19,00:00:00.00,1.52374,1.52324,2.22
139,2010-05-20,00:00:00.00,0.0235197,1.41797,1.66
140,2010-05-21,00:00:00.00,0.0113818,1.38888,1.27
141,2010-05-22,00:00:00.00,0.00163506,1.38042,1
142,2010-05-23,00:00:00.00,5.40835,1.37422,0.868
143,2010-05-24,00:00:00.00,0.0121553,1.37894,0.801
144,2010-05-25,00:00:00.00,0.02618,1.39981,0.748
145,2010-05-26,00:00:00.00,0.0118853,1.40929,0.629
146,2010-05-27,00:00:00.00,0.000634428,1.38802,0.551
147,2010-05-28,00:00:00.00,0.00460367,1.35807,0.495
148,2010-05-29,00:00:00.00,6.26449e-308,1.33637,0.452
149,2010-05-30,00:00:00.00,0,1.322,0.403
150,2010-05-31,00:00:00.00,9.2271e-308,1.30961,0.353
151,2010-06-01,00:00:00.00,7.25248,1.30127,0.328
152,2010-06-02,00:00:00.00,2.60189,1.30923,0.707
153,2010-06-03,00:00:00.00,15.6528,1.35816,0.764
154,2010-06-04,00:00:00.00,5.50413,1.46388,1.27
155,2010-06-05,00:00:00.00,1.23032,1.63767,2.68
156,2010-06-06,00:00:00.00,5.36198,1.7475,4.43
157,2010-06-07,00:00:00.00,24.4103,1.71516,9.9
158,2010-06-08,00:00:00.00,0.0257129,1.76539,20.7
159,2010-06-09,00:00:00.00,0.0098745,2.06141,11.3
160,2010-06-10,00:00:00.00,4.9961,2.25648,3.32
161,2010-06-11,00:00:00.00,0.125989,2.10537,2.02
162,2010-06-12,00:00:00.00,0.00795187,1.88154,1.44
163,2010-06-13,00:00:00.00,0.0517574,1.75797,1.03
164,2010-06-14,00:00:00.00,0.121966,1.70444,0.831
165,2010-06-15,00:00:00.00,0.000311915,1.67005,0.71
166,2010-06-16,00:00:00.00,0.0441759,1.6411,0.603
167,2010-06-17,00:00:00.00,1.61664,1.61708,0.51
168,2010-06-18,00:00:00.00,0.0113021,1.59464,0.43
169,2010-06-19,00:00:00.00,0.0434423,1.57259,0.375
170,2010-06-20,00:00:00.00,0.028727,1.55087,0.321
171,2010-06-21,00:00:00.00,0.00605791,1.52924,0.279
172,2010-06-22,00:00:00.00,0.000168675,1.50762,0.253
173,2010-06-23,00:00:00.00,3.30575,1.48615,0.226
174,2010-06-24,00:00:00.00,0.438095,1.46509,0.201
175,2010-06-25,00:00:00.00,1.15193,1.44465,0.19
176,2010-06-26,00:00:00.00,0.279601,1.42472,0.177
177,2010-06-27,00:00:00.00,0.18159,1.40503,0.165
178,2010-06-28,00:00:00.00,4.47759,1.38571,0.147
179,2010-06-29,00:00:00.00,0.0138632,1.36737,0.135
180,2010-06-30,00:00:00.00,0.0201176,1.3505,0.113
181,2010-07-01,00:00:00.00,0.0358274,1.33341,0.103
182,2010-07-02,00:00:00.00,0.0523057,1.31471,0.101
183,2010-07-03,00:00:00.00,0.0566234,1.29567,0.102
184,2010-07-04,00:00:00.00,0.0729599,1.27734,0.086
185,2010-07-05,00:00:00.00,0.105565,1.25966,0.074
186,2010-07-06,00:00:00.00,0.0505274,1.24223,0.063
187,2010-07-07,00:00:00.00,0.0265103,1.2249,0.051
188,2010-07-08,00:00:00.00,0.0987747,1.20768,0.043
189,2010-07-09,00:00:00.00,8.23803,1.19441,0.037
190,2010-07-10,00:00:00.00,7.49239,1.19996,0.036
191,2010-07-11,00:00:00.00,0.0635525,1.24108,0.034
192,2010-07-12,00:00:00.00,3.76873,1.28794,0.034
193,2010-07-13,00:00:00.00,24.2491,1.30491,0.245
194,2010-07-14,00:00:00.00,0.380563,1.3658,0.893
195,2010-07-15,00:00:00.00,0.0025916,1.56055,0.634
196,2010-07-16,00:00:00.00,14.6111,1.69647,0.328
197,2010-07-17,00:00:00.00,13.0874,1.65668,1.09
198,2010-07-18,00:00:00.00,9.9812,1.67573,0.975
199,2010-07-19,00:00:00.00,2.74189,1.81183,1.16
200,2010-07-20,00:00:00.00,2.66166,1.88053,3.28
201,2010-07-21,00:00:00.00,0.146428,1.78821,1.82
202,2010-07-22,00:00:00.00,0.0468284,1.62696,0.733
203,2010-07-23,00:00:00.00,4.72834,1.51278,0.379
204,2010-07-24,00:00:00.00,3.55517,1.46117,0.267
205,2010-07-25,00:00:00.00,2.54546,1.44098,0.207
206,2010-07-26,00:00:00.00,2.17881,1.42415,0.194
207,2010-07-27,00:00:00.00,0.0597156,1.40081,0.189
208,2010-07-28,00:00:00.00,0.101282,1.376,0.191
209,2010-07-29,00:00:00.00,1.19044,1.35342,0.146
210,2010-07-30,00:00:00.00,0.0621968,1.33273,0.107
211,2010-07-31,00:00:00.00,0.0951229,1.31278,0.085
212,2010-08-01,00:00:00.00,4.29667,1.29385,0.069
213,2010-08-02,00:00:00.00,0.21817,1.2778,0.06
214,2010-08-03,00:00:00.00,0.0393529,1.2657,0.053
215,2010-08-04,00:00:00.00,0.00863187,1.25165,0.051
216,2010-08-05,00:00:00.00,1.40763,1.23148,0.052
217,2010-08-06,00:00:00.00,1.10145,1.20979,0.066
218,2010-08-07,00:00:00.00,0.947431,1.19029,0.055
219,2010-08-08,00:00:00.00,0.00714885,1.17286,0.045
220,2010-08-09,00:00:00.00,0.0625196,1.1563,0.04
221,2010-08-10,00:00:00.00,2.44293,1.14007,0.038
222,2010-08-11,00:00:00.00,0,1.12412,0.034
223,2010-08-12,00:00:00.00,3.90335,1.10854,0.029
224,2010-08-13,00:00:00.00,0.469349,1.09338,0.03
225,2010-08-14,00:00:00.00,0.0127866,1.07865,0.026
226,2010-08-15,00:00:00.00,0.060604,1.06424,0.024
227,2010-08-16,00:00:00.00,0.344635,1.04996,0.023
228,2010-08-17,00:00:00.00,0.0426394,1.03578,0.02
229,2010-08-18,00:00:00.00,0.0191496,1.02178,0.021
230,2010-08-19,00:00:00.00,0.0692743,1.00804,0.021
231,2010-08-20,00:00:00.00,0.325113,0.994584,0.026
232,2010-08-21,00:00:00.00,0.00176708,0.9814,0.028
233,2010-08-22,00:00:00.00,4.15765,0.968943,0.03
234,2010-08-23,00:00:00.00,0.599192,0.958538,0.037
235,2010-08-24,00:00:00.00,0.378637,0.950882,0.037
236,2010-08-25,00:00:00.00,0.35096,0.941821,0.035
237,2010-08-26,00:00:00.00,1.04324,0.928318,0.038
238,2010-08-27,00:00:00.00,0.16088,0.913697,0.036
239,2010-08-28,00:00:00.00,0.0540339,0.900734,0.031
240,2010-08-29,00:00:00.00,0.0543937,0.889242,0.026
241,2010-08-30,00:00:00.00,0.0178001,0.878277,0.021
242,2010-08-31,00:00:00.00,0.182383,0.867464,0.014
243,2010-09-01,00:00:00.00,0.000867709,0.856793,0.01
244,2010-09-02,00:00:00.00,0.608883,0.846273,0.008
245,2010-09-03,00:00:00.00,3.94735,0.836293,0.006
246,2010-09-04,00:00:00.00,3.86609,0.828509,0.008
247,2010-09-05,00:00:00.00,0.215114,0.825098,0.006
248,2010-09-06,00:00:00.00,0.465373,0.823541,0.005
249,2010-09-07,00:00:00.00,0.641795,0.816304,0.005
250,2010-09-08,00:00:00.00,0.0129678,0.802326,0.004
251,2010-09-09,00:00:00.00,0.00150482,0.78801,0.003
252,2010-09-10,00:00:00.00,0.00840848,0.776698,0.002
253,2010-09-11,00:00:00.00,0.0702881,0.767402,0.001
254,2010-09-12,00:00:00.00,6.78156,0.761684,0.001
255,2010-09-13,00:00:00.00,0.108118,0.767616,0.001
256,2010-09-14,00:00:00.00,1.18208,0.789185,0.001
257,2010-09-15,00:00:00.00,0.000532951,0.79947,0
258,2010-09-16,00:00:00.00,0.00109132,0.778859,0
259,2010-09-17,00:00:00.00,17.71,0.760571,0.001
260,2010-09-18,00:00:00.00,0.00310444,0.795019,0.001
261,2010-09-19,00:00:00.00,3.8722,0.897089,0
262,2010-09-20,00:00:00.00,3.5e-308,0.963269,0
263,2010-09-21,00:00:00.00,0.0204687,0.919433,0
264,2010-09-22,00:00:00.00,0.0142811,0.83882,0
265,2010-09-23,00:00:00.00,4.30942,0.786095,0
266,2010-09-24,00:00:00.00,0.0361328,0.767651,0
267,2010-09-25,00:00:00.00,0.036937,0.768545,0
268,2010-09-26,00:00:00.00,0.290391,0.767684,0
269,2010-09-27,00:00:00.00,2.06559,0.754304,0
270,2010-09-28,00:00:00.00,0.637642,0.737435,0
271,2010-09-29,00:00:00.00,35.1172,0.751056,0.003
272,2010-09-30,00:00:00.00,0.250365,0.867402,0.008
273,2010-10-01,00:00:00.00,0.00114216,1.12121,0.007
274,2010-10-02,00:00:00.00,0.109851,1.27581,0.03
275,2010-10-03,00:00:00.00,19.8855,1.17486,0.05
276,2010-10-04,00:00:00.00,0.0437526,1.05962,0.065
277,2010-10-05,00:00:00.00,0.200188,1.11729,0.07
278,2010-10-06,00:00:00.00,0.732892,1.18839,0.04
279,2010-10-07,00:00:00.00,0.457262,1.11278,0.021
280,2010-10-08,00:00:00.00,0.00145772,0.991142,0.04
281,2010-10-09,00:00:00.00,0.000141342,0.922567,0.023
282,2010-10-10,00:00:00.00,0.0253854,0.899616,0.022
283,2010-10-11,00:00:00.00,0.0268235,0.889265,0.028
284,2010-10-12,00:00:00.00,3.66154,0.880664,0.02
285,2010-10-13,00:00:00.00,0.00143144,0.878397,0.015
286,2010-10-14,00:00:00.00,5.67431,0.888277,0.012
287,2010-10-15,00:00:00.00,28.9529,0.931764,0.14
288,2010-10-16,00:00:00.00,0.596179,1.0782,0.29
289,2010-10-17,00:00:00.00,0.000121008,1.34754,0.22
290,2010-10-18,00:00:00.00,0.000552584,1.48436,0.165
291,2010-10-19,00:00:00.00,0.00376793,1.3418,0.14
292,2010-10-20,00:00:00.00,0.0107332,1.13791,0.2
293,2010-10-21,00:00:00.00,3.64043,1.03175,0.16
294,2010-10-22,00:00:00.00,7.57411,1.01681,0.14
295,2010-10-23,00:00:00.00,0.215619,1.05893,0.12
296,2010-10-24,00:00:00.00,2.03805,1.12795,0.102
297,2010-10-25,00:00:00.00,1.23348,1.15172,0.093
298,2010-10-26,00:00:00.00,0.0741891,1.10578,0.084
299,2010-10-27,00:00:00.00,3.94746,1.04913,0.07
300,2010-10-28,00:00:00.00,0.115869,1.02268,0.06
301,2010-10-29,00:00:00.00,0.0406811,1.02705,0.045
302,2010-10-30,00:00:00.00,0.0403989,1.02908,0.03
303,2010-10-31,00:00:00.00,0.0231177,1.00803,0.03
304,2010-11-01,00:00:00.00,1.27546,0.981098,0.048
305,2010-11-02,00:00:00.00,0.0206607,0.963148,0.042
306,2010-11-03,00:00:00.00,1.97885e-308,0.953508,0.042
307,2010-11-04,00:00:00.00,0.0752874,0.944954,0.035
308,2010-11-05,00:00:00.00,9.13164,0.942066,0.038
309,2010-11-06,00:00:00.00,15.3857,0.984321,1.25
310,2010-11-07,00:00:00.00,3.93235,1.12941,1.25
311,2010-11-08,00:00:00.00,0.00118963,1.33235,0.76
312,2010-11-09,00:00:00.00,0,1.41071,1.3
313,2010-11-10,00:00:00.00,0,1.30531,1.6
314,2010-11-11,00:00:00.00,0.00156727,1.15621,0.85
315,2010-11-12,00:00:00.00,0.00353502,1.06828,0.55
316,2010-11-13,00:00:00.00,0.000614774,1.03578,0.4
317,2010-11-14,00:00:00.00,0.00031129,1.02233,0.28
318,2010-11-15,00:00:00.00,5.12137,1.01584,0.25
319,2010-11-16,00:00:00.00,0.000416137,1.0273,0.21
320,2010-11-17,00:00:00.00,10.1785,1.07372,0.18
321,2010-11-18,00:00:00.00,12.8,1.15628,3.5
322,2010-11-19,00:00:00.00,0.535948,1.30135,4
323,2010-11-20,00:00:00.00,0.00705005,1.46986,2.25
324,2010-11-21,00:00:00.00,0.00329815,1.49162,1.55
325,2010-11-22,00:00:00.00,0.122586,1.35202,0.921
326,2010-11-23,00:00:00.00,11.8109,1.2234,0.666
327,2010-11-24,00:00:00.00,2.47197,1.22017,0.731
328,2010-11-25,00:00:00.00,0.027461,1.34247,1.86
329,2010-11-26,00:00:00.00,18.0861,1.45847,1.75
330,2010-11-27,00:00:00.00,0.586247,1.51858,2.97
331,2010-11-28,00:00:00.00,0.0236188,1.64714,6.56
332,2010-11-29,00:00:00.00,0.00118348,1.72264,3.45
333,2010-11-30,00:00:00.00,0.000596853,1.60439,1.49
334,2010-12-01,00:00:00.00,21.6992,1.46988,1.66
335,2010-12-02,00:00:00.00,1.61189,1.52142,8.78
336,2010-12-03,00:00:00.00,0.314529,1.80065,10.5
337,2010-12-04,00:00:00.00,0.15649,1.98048,4.55
338,2010-12-05,00:00:00.00,4.71359,1.85335,2.19
339,2010-12-06,00:00:00.00,3.39155,1.6552,1.43
340,2010-12-07,00:00:00.00,0.858852,1.55545,1.08
341,2010-12-08,00:00:00.00,0.372738,1.52725,0.82
342,2010-12-09,00:00:00.00,0.145521,1.50372,0.63
343,2010-12-10,00:00:00.00,0.0590491,1.47491,0.52
344,2010-12-11,00:00:00.00,1.34007,1.45076,0.46
345,2010-12-12,00:00:00.00,0.0948404,1.43165,0.45
346,2010-12-13,00:00:00.00,22.1452,1.43058,0.455
347,2010-12-14,00:00:00.00,12.5694,1.49277,0.428
348,2010-12-15,00:00:00.00,11.185,1.64545,0.43
349,2010-12-16,00:00:00.00,0.0582249,1.73508,0.42
350,2010-12-17,00:00:00.00,0.0153417,1.65816,0.418
351,2010-12-18,00:00:00.00,0.050641,1.53949,0.415
352,2010-12-19,00:00:00.00,0.108931,1.46928,0.41
353,2010-12-20,00:00:00.00,0.259158,1.44086,0.405
354,2010-12-21,00:00:00.00,1.24228,1.42422,0.42
355,2010-12-22,00:00:00.00,0.0893471,1.40802,0.47
356,2010-12-23,00:00:00.00,0.545851,1.39225,0.5
357,2010-12-24,00:00:00.00,0.849666,1.37688,0.56
358,2010-12-25,00:00:00.00,0.392755,1.36188,0.55
359,2010-12-26,00:00:00.00,0.0102652,1.34726,0.54
360,2010-12-27,00:00:00.00,0.251533,1.333,0.535
361,2010-12-28,00:00:00.00,0.333216,1.31908,0.53
362,2010-12-29,00:00:00.00,0.0648673,1.30548,0.54
363,2010-12-30,00:00:00.00,0.000629193,1.29219,0.55
364,2010-12-31,00:00:00.00,0.263542,1.2792,0.58
365,2011-01-01,00:00:00.00,2.4372,1.26893,1.45
366,2011-01-02,00:00:00.00,13.062,1.34075,17.6
367,2011-01-03,00:00:00.00,0.0485353,1.71647,76.2
368,2011-01-04,00:00:00.00,0.555827,2.53207,41
369,2011-01-05,00:00:00.00,2.62648,3.02845,11.5
370,2011-01-06,00:00:00.00,0.183956,2.71375,5.38
371,2011-01-07,00:00:00.00,3.56645,2.21185,3.09
372,2011-01-08,00:00:00.00,1.54143,1.93948,2.02
373,2011-01-09,00:00:00.00,3.18167,1.85991,1.46
374,2011-01-10,00:00:00.00,4.70529,1.83336,1.1
375,2011-01-11,00:00:00.00,0.238671,1.80813,0.877
376,2011-01-12,00:00:00.00,11.6116,1.7841,0.746
377,2011-01-13,00:00:00.00,4.29033,1.7609,0.72
378,2011-01-14,00:00:00.00,1.55424,1.7384,0.685
379,2011-01-15,00:00:00.00,0.374238,1.71657,0.641
380,2011-01-16,00:00:00.00,5.50846,1.69537,0.624
381,2011-01-17,00:00:00.00,0.0259848,1.67477,0.629
382,2011-01-18,00:00:00.00,0.0183721,1.65476,0.607
383,2011-01-19,00:00:00.00,6.15885,1.6397,0.601
384,2011-01-20,00:00:00.00,0.215714,1.64252,0.804
385,2011-01-21,00:00:00.00,0.995398,1.67071,1.25
386,2011-01-22,00:00:00.00,0.52993,1.68188,1.42
387,2011-01-23,00:00:00.00,2.96678,1.64805,1.2
388,2011-01-24,00:00:00.00,4.43874,1.60341,1.15
389,2011-01-25,00:00:00.00,1.19811,1.57204,1.04
390,2011-01-26,00:00:00.00,0.170501,1.55219,0.886
391,2011-01-27,00:00:00.00,0.32115,1.53579,0.748
392,2011-01-28,00:00:00.00,2.16141,1.51973,0.672
393,2011-01-29,00:00:00.00,2.06903,1.50398,0.628
394,2011-01-30,00:00:00.00,7.11698,1.48853,0.603
395,2011-01-31,00:00:00.00,0.638865,1.47342,0.568
396,2011-02-01,00:00:00.00,0.296416,1.45864,0.528
397,2011-02-02,00:00:00.00,1.73989,1.44421,0.511
398,2011-02-03,00:00:00.00,17.1596,1.43015,0.485
399,2011-02-04,00:00:00.00,0.0318771,1.41643,0.503
400,2011-02-05,00:00:00.00,0,1.40299,0.667
401,2011-02-06,00:00:00.00,5.63164,1.38984,0.827
402,2011-02-07,00:00:00.00,1.00466,1.37697,0.831
403,2011-02-08,00:00:00.00,1.935,1.36437,0.739
404,2011-02-09,00:00:00.00,2.9558,1.35202,0.569
405,2011-02-10,00:00:00.00,0.00151436,1.33991,0.649
406,2011-02-11,00:00:00.00,0.00654265,1.32806,0.945
407,2011-02-12,00:00:00.00,0.131679,1.31649,1.11
408,2011-02-13,00:00:00.00,0.82095,1.30519,1.2
409,2011-02-14,00:00:00.00,3.63868,1.29558,0.968
410,2011-02-15,00:00:00.00,0.120457,1.2918,0.763
411,2011-02-16,00:00:00.00,0,1.29611,0.728
412,2011-02-17,00:00:00.00,0.161861,1.29491,0.892
413,2011-02-18,00:00:00.00,0.203533,1.27888,1.64
414,2011-02-19,00:00:00.00,0.0199675,1.30419,17.1
415,2011-02-20,00:00:00.00,0.000143355,1.51327,66
416,2011-02-21,00:00:00.00,8.61675,1.99277,55.7
417,2011-02-22,00:00:00.00,12.7707,2.29309,22.7
418,2011-02-23,00:00:00.00,0.00316545,2.10501,11.1
419,2011-02-24,00:00:00.00,0.0232388,1.79382,6.63
420,2011-02-25,00:00:00.00,4.23658,1.62288,3.91
421,2011-02-26,00:00:00.00,3.53326,1.57291,2.76
422,2011-02-27,00:00:00.00,6.08367,1.55638,2.01
423,2011-02-28,00:00:00.00,0.817868,1.54019,1.55
424,2011-03-01,00:00:00.00,11.6956,1.52868,4.67
425,2011-03-02,00:00:00.00,3.79143e-308,1.53478,12.5
426,2011-03-03,00:00:00.00,0.0257592,1.56589,11.1
427,2011-03-04,00:00:00.00,0.0430701,1.57995,5.69
428,2011-03-05,00:00:00.00,2.68615,1.55003,3.44
429,2011-03-06,00:00:00.00,24.8432,1.54254,17.7
430,2011-03-07,00:00:00.00,1.00891,1.66941,59.9
431,2011-03-08,00:00:00.00,0.00031162,1.97065,38.4
432,2011-03-09,00:00:00.00,0.0803479,2.14698,14.7
433,2011-03-10,00:00:00.00,12.2246,2.02829,7.46
434,2011-03-11,00:00:00.00,13.7302,1.90958,28.7
435,2011-03-12,00:00:00.00,17.199,2.05012,49.3
436,2011-03-13,00:00:00.00,0.06061,2.39456,24.7
437,2011-03-14,00:00:00.00,0.0564686,2.6402,10.8
438,2011-03-15,00:00:00.00,0.0131857,2.57903,9.09
439,2011-03-16,00:00:00.00,1.10053,2.33502,8.6
440,2011-03-17,00:00:00.00,2.50967,2.14151,15.7
441,2011-03-18,00:00:00.00,0.0357522,2.20301,40.7
442,2011-03-19,00:00:00.00,0.0547558,3.09522,37.8
443,2011-03-20,00:00:00.00,0.0191078,5.90184,21.4
444,2011-03-21,00:00:00.00,0.815117,9.57058,8.52
445,2011-03-22,00:00:00.00,17.6172,10.6205,11.6
446,2011-03-23,00:00:00.00,5.18059,9.50149,14.7
447,2011-03-24,00:00:00.00,10.9025,9.32337,8.64
448,2011-03-25,00:00:00.00,0.00837528,9.4497,7.5
449,2011-03-26,00:00:00.00,0.0606394,8.75232,6.1
450,2011-03-27,00:00:00.00,0.115387,7.88428,4.51
451,2011-03-28,00:00:00.00,0.000330957,7.21799,3.54
452,2011-03-29,00:00:00.00,0.00214301,6.78235,3.14
453,2011-03-30,00:00:00.00,0.00149299,6.45302,3.28
454,2011-03-31,00:00:00.00,0.0306952,6.16412,4.57
455,2011-04-01,00:00:00.00,0.0487731,5.9032,5.03
456,2011-04-02,00:00:00.00,0.0192529,5.66538,5.56
457,2011-04-03,00:00:00.00,0.375671,5.47967,4.92
458,2011-04-04,00:00:00.00,9.12997,5.46669,3.74
459,2011-04-05,00:00:00.00,4.65666,5.78635,5.41
460,2011-04-06,00:00:00.00,0.0529616,6.16519,9.27
461,2011-04-07,00:00:00.00,7.15774,6.18988,5.84
462,2011-04-08,00:00:00.00,7.5121e-308,5.95444,4.85
463,2011-04-09,00:00:00.00,0.00190785,5.77061,4.42
464,2011-04-10,00:00:00.00,0.0562911,5.60321,3.43
465,2011-04-11,00:00:00.00,0.0958216,5.33898,2.76
466,2011-04-12,00:00:00.00,1.16444,5.08456,2.41
467,2011-04-13,00:00:00.00,0.000132647,4.88037,1.98
468,2011-04-14,00:00:00.00,1.1363e-308,4.7165,1.49
469,2011-04-15,00:00:00.00,5.657e-308,4.57078,1.21
470,2011-04-16,00:00:00.00,0.0548047,4.43404,1.05
471,2011-04-17,00:00:00.00,10.395,4.33037,1.24
472,2011-04-18,00:00:00.00,1.51764,4.33659,1.37
473,2011-04-19,00:00:00.00,2.73404,4.51093,1.3
474,2011-04-20,00:00:00.00,5.84107,4.59571,1.05
475,2011-04-21,00:00:00.00,5.79302,4.49133,7.09
476,2011-04-22,00:00:00.00,0.000448871,4.47181,13.6
477,2011-04-23,00:00:00.00,2.58053,4.53829,6.09
478,2011-04-24,00:00:00.00,18.253,4.53323,11.6
479,2011-04-25,00:00:00.00,0.248524,4.60704,19.9
480,2011-04-26,00:00:00.00,5.06544,5.01337,7.36
481,2011-04-27,00:00:00.00,7.23867,5.27978,4.93
482,2011-04-28,00:00:00.00,13.2997,5.19906,7.19
483,2011-04-29,00:00:00.00,4.68745,5.25067,14.3
484,2011-04-30,00:00:00.00,2.16975,5.52707,13.1
485,2011-05-01,00:00:00.00,0.25477,5.62593,6.37
486,2011-05-02,00:00:00.00,5.1848,5.35669,4
487,2011-05-03,00:00:00.00,0.0353136,5.03268,3.23
488,2011-05-04,00:00:00.00,8.59888,4.87206,2.67
489,2011-05-05,00:00:00.00,0.337735,4.8586,3.13
490,2011-05-06,00:00:00.00,0.219456,4.94637,3.11
491,2011-05-07,00:00:00.00,8.07243,4.95339,2.27
492,2011-05-08,00:00:00.00,0.263112,4.83025,1.98
493,2011-05-09,00:00:00.00,0.005702,4.79882,2.08
494,2011-05-10,00:00:00.00,0.000227227,4.74491,1.51
495,2011-05-11,00:00:00.00,0.0310115,4.55613,1.19
496,2011-05-12,00:00:00.00,0.00880915,4.35219,1.01
497,2011-05-13,00:00:00.00,0.573641,4.19016,1.5
498,2011-05-14,00:00:00.00,0.36642,4.06481,1.6
499,2011-05-15,00:00:00.00,2.3543,3.95336,1.11
500,2011-05-16,00:00:00.00,16.3057,3.88648,1.96
501,2011-05-17,00:00:00.00,9.68647,4.00721,6.1
502,2011-05-18,00:00:00.00,5.40164,4.48693,4.8
503,2011-05-19,00:00:00.00,1.49891,4.97456,3.87
504,2011-05-20,00:00:00.00,4.25523,5.00482,3.51
505,2011-05-21,00:00:00.00,0.0158893,4.70532,2.75
506,2011-05-22,00:00:00.00,1.24992,4.39084,1.98
507,2011-05-23,00:00:00.00,2.58147,4.1805,1.62
508,2011-05-24,00:00:00.00,2.65934,4.02983,1.96
509,2011-05-25,00:00:00.00,0.113006,3.90657,1.71
510,2011-05-26,00:00:00.00,19.2015,3.84369,1.44
511,2011-05-27,00:00:00.00,10.1872,3.9959,8.58
512,2011-05-28,00:00:00.00,2.80339,4.53504,11.7
513,2011-05-29,00:00:00.00,1.80599,5.01092,6.3
514,2011-05-30,00:00:00.00,6.62397,4.92265,4
515,2011-05-31,00:00:00.00,0.113017,4.56692,3.08
516,2011-06-01,00:00:00.00,0.0236919,4.33001,2.93
517,2011-06-02,00:00:00.00,0.000657812,4.1956,1.97
518,2011-06-03,00:00:00.00,0.0136571,4.04629,1.27
519,2011-06-04,00:00:00.00,0.203108,3.89686,0.932
520,2011-06-05,00:00:00.00,0.1582,3.7696,0.738
521,2011-06-06,00:00:00.00,0.00427619,3.66228,0.648
522,2011-06-07,00:00:00.00,1.39112,3.56362,0.574
523,2011-06-08,00:00:00.00,7.76828,3.47694,1.71
524,2011-06-09,00:00:00.00,0.0299583,3.42598,16
525,2011-06-10,00:00:00.00,0.0347477,3.42689,6.15
526,2011-06-11,00:00:00.00,0.561317,3.39824,2.06
527,2011-06-12,00:00:00.00,0.170188,3.29276,1.24
528,2011-06-13,00:00:00.00,0.0598241,3.17436,0.965
529,2011-06-14,00:00:00.00,0,3.07715,0.752
530,2011-06-15,00:00:00.00,0.0223663,2.99859,0.595
531,2011-06-16,00:00:00.00,0.119081,2.92718,0.501
532,2011-06-17,00:00:00.00,7.68803,2.86639,0.447
533,2011-06-18,00:00:00.00,0.0266853,2.84043,0.427
534,2011-06-19,00:00:00.00,0.0165605,2.86557,0.691
535,2011-06-20,00:00:00.00,0.0338989,2.85948,0.507
536,2011-06-21,00:00:00.00,0.0526052,2.77234,0.397
537,2011-06-22,00:00:00.00,16.5844,2.69416,0.343
538,2011-06-23,00:00:00.00,41.1375,2.82015,1.96
539,2011-06-24,00:00:00.00,7.87592,3.47488,17
540,2011-06-25,00:00:00.00,5.45559,4.64496,28.2
541,2011-06-26,00:00:00.00,0.624057,5.2632,16.4
542,2011-06-27,00:00:00.00,0.0274482,4.87601,6.11
543,2011-06-28,00:00:00.00,0.469542,4.25361,2.71
544,2011-06-29,00:00:00.00,0.0376658,3.8356,1.53
545,2011-06-30,00:00:00.00,0.00740028,3.62976,1.06
546,2011-07-01,00:00:00.00,0,3.50616,0.794
547,2011-07-02,00:00:00.00,0.121314,3.40091,0.63
548,2011-07-03,00:00:00.00,17.0814,3.33203,0.542
549,2011-07-04,00:00:00.00,0.05406,3.38659,0.61
550,2011-07-05,00:00:00.00,0.0313258,3.62918,0.998
551,2011-07-06,00:00:00.00,0.101632,3.74882,0.673
552,2011-07-07,00:00:00.00,0.0340265,3.5644,0.465
553,2011-07-08,00:00:00.00,0.0424918,3.32298,0.375
554,2011-07-09,00:00:00.00,0.0193155,3.15486,0.315
555,2011-07-10,00:00:00.00,0.0310429,3.05057,0.273
556,2011-07-11,00:00:00.00,0.000967978,2.96662,0.233
557,2011-07-12,00:00:00.00,0.0483097,2.88629,0.203
558,2011-07-13,00:00:00.00,0,2.80923,0.178
559,2011-07-14,00:00:00.00,0.0436744,2.73523,0.158
560,2011-07-15,00:00:00.00,0.0316312,2.66427,0.142
561,2011-07-16,00:00:00.00,0.0455103,2.59637,0.13
562,2011-07-17,00:00:00.00,0.0913952,2.53138,0.114
563,2011-07-18,00:00:00.00,0.301938,2.46896,0.098
564,2011-07-19,00:00:00.00,7.23416,2.41344,0.091
565,2011-07-20,00:00:00.00,2.71599,2.37861,0.106
566,2011-07-21,00:00:00.00,0.0106328,2.37342,0.851
567,2011-07-22,00:00:00.00,0.120496,2.35201,0.404
568,2011-07-23,00:00:00.00,0.244408,2.28534,0.22
569,2011-07-24,00:00:00.00,3.17219,2.20937,0.148
570,2011-07-25,00:00:00.00,0.777883,2.14687,0.196
571,2011-07-26,00:00:00.00,0.119816,2.0967,0.292
572,2011-07-27,00:00:00.00,0.00391288,2.05136,0.17
573,2011-07-28,00:00:00.00,1.89263,2.00754,0.125
574,2011-07-29,00:00:00.00,15.5603,1.98195,0.121
575,2011-07-30,00:00:00.00,16.6614,2.04454,0.504
576,2011-07-31,00:00:00.00,0.0498594,2.28719,1.62
577,2011-08-01,00:00:00.00,1.33821,2.58005,0.6
578,2011-08-02,00:00:00.00,1.18012,2.61528,0.276
579,2011-08-03,00:00:00.00,0.616502,2.40274,0.174
580,2011-08-04,00:00:00.00,4.27373,2.19148,0.136
581,2011-08-05,00:00:00.00,0.0325133,2.07776,0.108
582,2011-08-06,00:00:00.00,0.00331792,2.02591,0.096
583,2011-08-07,00:00:00.00,3.8741,1.98664,0.086
584,2011-08-08,00:00:00.00,4.76766,1.9453,0.079
585,2011-08-09,00:00:00.00,0.019787,1.90902,0.354
586,2011-08-10,00:00:00.00,21.3228,1.90836,1.93
587,2011-08-11,00:00:00.00,0.191022,2.00969,3.14
588,2011-08-12,00:00:00.00,0.234032,2.25539,1.25
589,2011-08-13,00:00:00.00,0.163739,2.39172,0.474
590,2011-08-14,00:00:00.00,3.20874,2.25605,0.287
591,2011-08-15,00:00:00.00,5.22799,2.06234,0.193
592,2011-08-16,00:00:00.00,0.0436934,1.95404,0.148
593,2011-08-17,00:00:00.00,0.000151539,1.92467,0.122
594,2011-08-18,00:00:00.00,0.000251362,1.90399,0.111
595,2011-08-19,00:00:00.00,1.2146,1.85899,0.109
596,2011-08-20,00:00:00.00,0.331052,1.80886,0.094
597,2011-08-21,00:00:00.00,26.772,1.79936,0.12
598,2011-08-22,00:00:00.00,0.743951,1.92793,0.14
599,2011-08-23,00:00:00.00,0.0575413,2.25496,0.715
600,2011-08-24,00:00:00.00,0.00809836,2.44808,0.553
601,2011-08-25,00:00:00.00,29.0367,2.33174,0.33
602,2011-08-26,00:00:00.00,0.00145533,2.29226,0.313
603,2011-08-27,00:00:00.00,0.0221368,2.58756,1.38
604,2011-08-28,00:00:00.00,0.0013315,2.80065,0.807
605,2011-08-29,00:00:00.00,0.000924362,2.61512,0.385
606,2011-08-30,00:00:00.00,0.000300399,2.3353,0.234
607,2011-08-31,00:00:00.00,7.44946e-308,2.16631,0.153
608,2011-09-01,00:00:00.00,0.234919,2.09307,0.11
609,2011-09-02,00:00:00.00,4.13459,2.04834,0.096
610,2011-09-03,00:00:00.00,0,2.00937,0.083
611,2011-09-04,00:00:00.00,11.4367,1.98952,0.084
612,2011-09-05,00:00:00.00,7.79079,2.01998,0.145
613,2011-09-06,00:00:00.00,4.70069,2.13935,0.15
614,2011-09-07,00:00:00.00,0.278,2.26336,0.132
615,2011-09-08,00:00:00.00,4.34383,2.26464,0.126
616,2011-09-09,00:00:00.00,0.310605,2.16851,0.123
617,2011-09-10,00:00:00.00,0.594867,2.07309,0.115
618,2011-09-11,00:00:00.00,4.52692,2.0088,0.115
619,2011-09-12,00:00:00.00,0.391755,1.95921,0.112
620,2011-09-13,00:00:00.00,0.323574,1.93016,0.116
621,2011-09-14,00:00:00.00,0.177208,1.9021,0.105
622,2011-09-15,00:00:00.00,9.45461,1.86675,0.092
623,2011-09-16,00:00:00.00,0.221423,1.86915,0.074
624,2011-09-17,00:00:00.00,0.0367216,1.93895,0.062
625,2011-09-18,00:00:00.00,3.7199e-308,1.97389,0.054
626,2011-09-19,00:00:00.00,0.000557815,1.90421,0.068
627,2011-09-20,00:00:00.00,23.686,1.84121,0.171
628,2011-09-21,00:00:00.00,0.145804,1.93344,0.275
629,2011-09-22,00:00:00.00,0.373344,2.23834,0.94
630,2011-09-23,00:00:00.00,0.0959622,2.42241,0.699
631,2011-09-24,00:00:00.00,17.3204,2.29762,0.481
632,2011-09-25,00:00:00.00,0.339913,2.19005,0.535
633,2011-09-26,00:00:00.00,0.0102319,2.31383,0.847
634,2011-09-27,00:00:00.00,7.46306,2.42641,0.535
635,2011-09-28,00:00:00.00,0.952159,2.34432,0.366
636,2011-09-29,00:00:00.00,0.731003,2.25397,0.271
637,2011-09-30,00:00:00.00,4.96589,2.20187,0.202
638,2011-10-01,00:00:00.00,17.4536,2.16734,0.272
639,2011-10-02,00:00:00.00,3.49673,2.26536,2.26
640,2011-10-03,00:00:00.00,2.15279,2.53891,4.58
641,2011-10-04,00:00:00.00,9.07886,2.71259,1.99
642,2011-10-05,00:00:00.00,0.0178829,2.65049,1.11
643,2011-10-06,00:00:00.00,0.00830672,2.57967,1.31
644,2011-10-07,00:00:00.00,0.00740091,2.52067,0.893
645,2011-10-08,00:00:00.00,0.00276227,2.3981,0.599
646,2011-10-09,00:00:00.00,0.00401827,2.27351,0.438
647,2011-10-10,00:00:00.00,0.00291904,2.18933,0.338
648,2011-10-11,00:00:00.00,0.00173767,2.13713,0.267
649,2011-10-12,00:00:00.00,0,2.09462,0.227
650,2011-10-13,00:00:00.00,12.9984,2.07222,0.196
651,2011-10-14,00:00:00.00,0.366343,2.12571,0.166
652,2011-10-15,00:00:00.00,10.6061,2.30659,0.24
653,2011-10-16,00:00:00.00,3.21669,2.47767,0.64
654,2011-10-17,00:00:00.00,0.0603777,2.56011,0.93
655,2011-10-18,00:00:00.00,0.00361848,2.55348,0.679
656,2011-10-19,00:00:00.00,0.671196,2.42352,0.473
657,2011-10-20,00:00:00.00,32.6602,2.32631,0.675
658,2011-10-21,00:00:00.00,21.2316,2.54873,12.4
659,2011-10-22,00:00:00.00,0.375578,3.35469,26.3
660,2011-10-23,00:00:00.00,0.0217368,4.20827,18.7
661,2011-10-24,00:00:00.00,0,4.25665,6.21
662,2011-10-25,00:00:00.00,1.49266,3.71945,2.74
663,2011-10-26,00:00:00.00,4.67796,3.25623,1.65
664,2011-10-27,00:00:00.00,1.56532,3.06654,1.28
665,2011-10-28,00:00:00.00,1.15456,3.05423,1.22
666,2011-10-29,00:00:00.00,0.0413212,3.04133,1.12
667,2011-10-30,00:00:00.00,0.123619,2.95473,0.937
668,2011-10-31,00:00:00.00,0.00765249,2.84976,0.813
669,2011-11-01,00:00:00.00,1.60911,2.76353,0.752
670,2011-11-02,00:00:00.00,0.018201,2.70055,0.671
671,2011-11-03,00:00:00.00,0.000823661,2.65237,0.591
672,2011-11-04,00:00:00.00,0.0001426,2.60356,0.553
673,2011-11-05,00:00:00.00,0,2.54697,0.534
674,2011-11-06,00:00:00.00,4.582e-308,2.49032,0.486
675,2011-11-07,00:00:00.00,2.291e-308,2.4383,0.427
676,2011-11-08,00:00:00.00,0.0883682,2.3905,0.389
677,2011-11-09,00:00:00.00,0.15423,2.3452,0.37
678,2011-11-10,00:00:00.00,2.50089,2.30405,0.361
679,2011-11-11,00:00:00.00,0.314554,2.27427,0.361
680,2011-11-12,00:00:00.00,0.0494184,2.26043,0.361
681,2011-11-13,00:00:00.00,0.0148901,2.23836,0.365
682,2011-11-14,00:00:00.00,0.173924,2.1928,0.337
683,2011-11-15,00:00:00.00,11.7281,2.16284,0.339
684,2011-11-16,00:00:00.00,0.249959,2.22071,0.538
685,2011-11-17,00:00:00.00,0.000279978,2.40497,0.901
686,2011-11-18,00:00:00.00,0.1254,2.50934,0.691
687,2011-11-19,00:00:00.00,0.0471814,2.40446,0.517
688,2011-11-20,00:00:00.00,0.00749195,2.25286,0.424
689,2011-11-21,00:00:00.00,0.0179839,2.15699,0.381
690,2011-11-22,00:00:00.00,0.000817864,2.10926,0.349
691,2011-11-23,00:00:00.00,14.0628,2.09658,0.333
692,2011-11-24,00:00:00.00,8.28663,2.18472,2.18
693,2011-11-25,00:00:00.00,0.0536511,2.46338,5.43
694,2011-11-26,00:00:00.00,0.0267475,2.7517,2.85
695,2011-11-27,00:00:00.00,0.177437,2.75399,1.49
696,2011-11-28,00:00:00.00,22.2746,2.58491,2.2
697,2011-11-29,00:00:00.00,5.15442,2.62461,11.2
698,2011-11-30,00:00:00.00,63.1315,3.22136,30.3
699,2011-12-01,00:00:00.00,4.78716,4.39117,91.8
700,2011-12-02,00:00:00.00,0.000159947,6.24935,53.6
701,2011-12-03,00:00:00.00,3.71502,7.30796,22.2
702,2011-12-04,00:00:00.00,0.0239891,6.63124,10.2
703,2011-12-05,00:00:00.00,16.0695,5.729,8.39
704,2011-12-06,00:00:00.00,17.7722,5.46167,20.4
705,2011-12-07,00:00:00.00,1.76633,6.05865,39.8
706,2011-12-08,00:00:00.00,0.228003,6.9354,27.6
707,2011-12-09,00:00:00.00,6.5895e-308,7.02034,9.45
708,2011-12-10,00:00:00.00,4.11251,6.40093,4.62
709,2011-12-11,00:00:00.00,8.2218e-308,5.80617,3.21
710,2011-12-12,00:00:00.00,4.1109e-308,5.44281,2.23
711,2011-12-13,00:00:00.00,0,5.21896,1.69
712,2011-12-14,00:00:00.00,0.0485452,5.02922,1.43
713,2011-12-15,00:00:00.00,11.0404,4.88716,1.5
714,2011-12-16,00:00:00.00,6.64031,4.93349,6.59
715,2011-12-17,00:00:00.00,0.145634,5.35427,10.7
716,2011-12-18,00:00:00.00,2.51129,5.84771,5.5
717,2011-12-19,00:00:00.00,0.419064,5.83999,3.17
718,2011-12-20,00:00:00.00,0.053333,5.43199,2.21
719,2011-12-21,00:00:00.00,0.0287551,5.04327,1.82
720,2011-12-22,00:00:00.00,5.67592,4.80958,1.67
721,2011-12-23,00:00:00.00,1.62477,4.74068,1.63
722,2011-12-24,00:00:00.00,1.24018,4.84686,2.03
723,2011-12-25,00:00:00.00,0.000857814,4.95116,2.85
724,2011-12-26,00:00:00.00,0.000137105,4.8451,2.22
725,2011-12-27,00:00:00.00,0.0438549,4.61353,1.67
726,2011-12-28,00:00:00.00,6.58693,4.42588,1.47
727,2011-12-29,00:00:00.00,0.429391,4.37384,1.99
728,2011-12-30,00:00:00.00,2.15274,4.47507,2.68
729,2011-12-31,00:00:00.00,9.48501,4.52567,2.38
730,2012-01-01,00:00:00.00,1.67332,4.47789,14.6
731,2012-01-02,00:00:00.00,4.16246,4.58373,23.3
732,2012-01-03,00:00:00.00,1.72728,4.79346,10.2
733,2012-01-04,00:00:00.00,3.50023,5.022,5.02
734,2012-01-05,00:00:00.00,0.0517305,5.04721,3.17
735,2012-01-06,00:00:00.00,0.126174,4.76928,2.54
736,2012-01-07,00:00:00.00,0.0240089,4.48273,1.75
737,2012-01-08,00:00:00.00,0.000392602,4.30177,1.77
738,2012-01-09,00:00:00.00,0.00490052,4.23648,2.45
739,2012-01-10,00:00:00.00,0.000788683,4.26592,2.04
740,2012-01-11,00:00:00.00,2.32057e-308,4.25082,1.55
741,2012-01-12,00:00:00.00,0.929632,4.12566,1.32
742,2012-01-13,00:00:00.00,6.53051,4.01307,1.26
743,2012-01-14,00:00:00.00,4.72724,4.02383,2.31
744,2012-01-15,00:00:00.00,0.224134,4.17148,2.79
745,2012-01-16,00:00:00.00,0.00203268,4.21994,1.45
746,2012-01-17,00:00:00.00,1.88061,4.06873,1.38
747,2012-01-18,00:00:00.00,11.2004,3.92312,3
748,2012-01-19,00:00:00.00,0.0795627,3.95762,12.2
749,2012-01-20,00:00:00.00,3.51042,4.22534,5.72
750,2012-01-21,00:00:00.00,2.00867,4.36608,2.06
751,2012-01-22,00:00:00.00,1.38832,4.18982,1.68
752,2012-01-23,00:00:00.00,0.0371831,3.95954,1.52
753,2012-01-24,00:00:00.00,6.43292,3.82026,2.18
754,2012-01-25,00:00:00.00,0.0224434,3.8135,10.2
755,2012-01-26,00:00:00.00,0.547076,3.93368,7.26
756,2012-01-27,00:00:00.00,3.40998,3.98509,3.47
757,2012-01-28,00:00:00.00,7.27659,3.8799,4.6
758,2012-01-29,00:00:00.00,0.639478,3.79537,10.4
759,2012-01-30,00:00:00.00,9.44224,3.80909,6.35
760,2012-01-31,00:00:00.00,1.0687,3.8135,3.36
761,2012-02-01,00:00:00.00,0.0770726,3.74947,2.88
762,2012-02-02,00:00:00.00,0.0573908,3.74509,9.48
763,2012-02-03,00:00:00.00,0.0646826,4.09696,12
764,2012-02-04,00:00:00.00,0.000393962,5.07688,5.81
765,2012-02-05,00:00:00.00,7.9102e-308,5.67421,3.66
766,2012-02-06,00:00:00.00,0.000906914,5.29466,2.9
767,2012-02-07,00:00:00.00,0.000146772,4.74472,2.22
768,2012-02-08,00:00:00.00,0.0675364,4.4052,1.82
769,2012-02-09,00:00:00.00,0.00201755,4.24779,1.49
770,2012-02-10,00:00:00.00,0.000290318,4.14485,1.26
771,2012-02-11,00:00:00.00,1.99102,4.04784,1.12
772,2012-02-12,00:00:00.00,8.60938,3.95627,0.923
773,2012-02-13,00:00:00.00,1.81184,3.86973,0.856
774,2012-02-14,00:00:00.00,0.0350252,3.78783,0.78
775,2012-02-15,00:00:00.00,0.771496,3.71008,0.824
776,2012-02-16,00:00:00.00,0.165745,3.63605,0.791
777,2012-02-17,00:00:00.00,8.47925,3.58153,0.941
778,2012-02-18,00:00:00.00,0.00840051,3.59577,2.45
779,2012-02-19,00:00:00.00,1.23188,3.71399,3.71
780,2012-02-20,00:00:00.00,0.0785046,3.76551,3.01
781,2012-02-21,00:00:00.00,1.63527e-308,3.65185,1.93
782,2012-02-22,00:00:00.00,0.872708,3.50801,1.55
783,2012-02-23,00:00:00.00,2.12068,3.40567,1.66
784,2012-02-24,00:00:00.00,2.19354,3.38158,2.44
785,2012-02-25,00:00:00.00,5.50376,3.5378,3.56
786,2012-02-26,00:00:00.00,0.295066,3.95932,6.2
787,2012-02-27,00:00:00.00,0.0618431,4.2483,4.21
788,2012-02-28,00:00:00.00,0.00451717,4.1074,2.33
789,2012-02-29,00:00:00.00,0.0222124,3.82346,1.8
790,2012-03-01,00:00:00.00,3.93763,3.62494,1.6
791,2012-03-02,00:00:00.00,0.464491,3.55988,2.62
792,2012-03-03,00:00:00.00,9.55448,3.66297,4.71
793,2012-03-04,00:00:00.00,0.185534,3.97593,8.06
794,2012-03-05,00:00:00.00,0.5312,4.32657,7.53
795,2012-03-06,00:00:00.00,0.28694,4.36158,3.46
796,2012-03-07,00:00:00.00,0.00143752,4.10176,2.01
797,2012-03-08,00:00:00.00,0,3.84679,1.59
798,2012-03-09,00:00:00.00,5.1396,3.70499,1.51
799,2012-03-10,00:00:00.00,0.385349,3.67378,1.54
800,2012-03-11,00:00:00.00,1.31494e-308,3.73167,1.39
801,2012-03-12,00:00:00.00,0,3.74309,1.14
802,2012-03-13,00:00:00.00,16.4289,3.68134,1.1
803,2012-03-14,00:00:00.00,0.81118,3.77765,3.87
804,2012-03-15,00:00:00.00,0.00132888,4.18681,6.39
805,2012-03-16,00:00:00.00,1.02383,4.42997,3.36
806,2012-03-17,00:00:00.00,0.425255,4.21522,2.91
807,2012-03-18,00:00:00.00,0.0665971,3.91474,3.76
808,2012-03-19,00:00:00.00,0,3.71887,2.83
809,2012-03-20,00:00:00.00,5.3477e-308,3.61327,1.95
810,2012-03-21,00:00:00.00,0,3.53433,1.54
811,2012-03-22,00:00:00.00,0,3.45802,1.29
812,2012-03-23,00:00:00.00,0.0119803,3.38422,1.12
813,2012-03-24,00:00:00.00,0.771895,3.31281,1
814,2012-03-25,00:00:00.00,1.17973,3.24381,0.927
815,2012-03-26,00:00:00.00,0.331893,3.17763,0.874
816,2012-03-27,00:00:00.00,0.00818592,3.11461,0.808
817,2012-03-28,00:00:00.00,0.00381089,3.0545,0.687
818,2012-03-29,00:00:00.00,0.00261536,2.9968,0.611
819,2012-03-30,00:00:00.00,0.0796697,2.94113,0.594
820,2012-03-31,00:00:00.00,5.33899,2.89294,0.568
821,2012-04-01,00:00:00.00,0.00512541,2.86983,0.549
822,2012-04-02,00:00:00.00,0.151748,2.88375,0.557
823,2012-04-03,00:00:00.00,0.0274176,2.87567,0.542
824,2012-04-04,00:00:00.00,0.402159,2.80973,0.491
825,2012-04-05,00:00:00.00,0.0306948,2.73242,0.451
826,2012-04-06,00:00:00.00,0.0192568,2.67064,0.413
827,2012-04-07,00:00:00.00,0,2.62248,0.394
828,2012-04-08,00:00:00.00,0,2.57901,0.367
829,2012-04-09,00:00:00.00,0.0198325,2.53678,0.348
830,2012-04-10,00:00:00.00,0.0774086,2.49558,0.338
831,2012-04-11,00:00:00.00,0.767961,2.45524,0.337
832,2012-04-12,00:00:00.00,2.70274,2.41739,0.336
833,2012-04-13,00:00:00.00,0.0110039,2.38684,0.336
834,2012-04-14,00:00:00.00,2.13117e-308,2.3665,0.337
835,2012-04-15,00:00:00.00,0.116248,2.34123,0.322
836,2012-04-16,00:00:00.00,12.4937,2.32099,0.339
837,2012-04-17,00:00:00.00,0.0121135,2.37671,0.389
838,2012-04-18,00:00:00.00,0,2.55547,0.455
839,2012-04-19,00:00:00.00,0.00199398,2.65691,0.385
840,2012-04-20,00:00:00.00,2.03135,2.5534,0.323
841,2012-04-21,00:00:00.00,6.95227,2.4132,0.299
842,2012-04-22,00:00:00.00,1.53322,2.36174,0.317
843,2012-04-23,00:00:00.00,0.0123441,2.40881,0.335
844,2012-04-24,00:00:00.00,0.0795098,2.43385,0.339
845,2012-04-25,00:00:00.00,0.276196,2.36936,0.314
846,2012-04-26,00:00:00.00,0.000542499,2.28494,0.283
847,2012-04-27,00:00:00.00,0.16505,2.2241,0.265
848,2012-04-28,00:00:00.00,0,2.18377,0.246
849,2012-04-29,00:00:00.00,0,2.14961,0.228
850,2012-04-30,00:00:00.00,0,2.11628,0.218
851,2012-05-01,00:00:00.00,13.8095,2.10548,0.215
852,2012-05-02,00:00:00.00,0.609224,2.18239,0.227
853,2012-05-03,00:00:00.00,0.00216715,2.38991,0.282
854,2012-05-04,00:00:00.00,10.8151,2.52239,0.332
855,2012-05-05,00:00:00.00,8.08349,2.49015,2.23
856,2012-05-06,00:00:00.00,0.0428393,2.52414,3.94
857,2012-05-07,00:00:00.00,0.000130762,2.61887,1.82
858,2012-05-08,00:00:00.00,7.64096,2.59472,1.02
859,2012-05-09,00:00:00.00,6.91096,2.49813,1.01
860,2012-05-10,00:00:00.00,0.567996,2.49836,2.15
861,2012-05-11,00:00:00.00,0.0390974,2.56427,2.35
862,2012-05-12,00:00:00.00,0.000434159,2.54031,1.36
863,2012-05-13,00:00:00.00,2.49997,2.4258,0.871
864,2012-05-14,00:00:00.00,0.160156,2.31777,0.671
865,2012-05-15,00:00:00.00,0.0116881,2.2501,0.57
866,2012-05-16,00:00:00.00,0.189013,2.20576,0.506
867,2012-05-17,00:00:00.00,1.98906,2.16673,0.448
868,2012-05-18,00:00:00.00,0,2.12842,0.395
869,2012-05-19,00:00:00.00,0.00213379,2.09128,0.35
870,2012-05-20,00:00:00.00,0.000409082,2.0553,0.306
871,2012-05-21,00:00:00.00,0.0250495,2.01996,0.286
872,2012-05-22,00:00:00.00,2.43506,1.98495,0.259
873,2012-05-23,00:00:00.00,0.418632,1.95044,0.244
874,2012-05-24,00:00:00.00,0.000888191,1.91693,0.233
875,2012-05-25,00:00:00.00,0.00027426,1.88454,0.223
876,2012-05-26,00:00:00.00,0.0425614,1.85284,0.211
877,2012-05-27,00:00:00.00,0.340122,1.82148,0.186
878,2012-05-28,00:00:00.00,10.9181,1.801,0.285
879,2012-05-29,00:00:00.00,0.278829,1.82289,0.661
880,2012-05-30,00:00:00.00,0.0483767,1.90629,0.72
881,2012-05-31,00:00:00.00,1.62034,1.94799,0.461
882,2012-06-01,00:00:00.00,0.193333,1.88078,0.333
883,2012-06-02,00:00:00.00,19.0241,1.81219,0.326
884,2012-06-03,00:00:00.00,2.989,1.87121,0.531
885,2012-06-04,00:00:00.00,3.29403,2.10008,0.865
886,2012-06-05,00:00:00.00,0.477517,2.23831,0.685
887,2012-06-06,00:00:00.00,0.0573455,2.12095,0.519
888,2012-06-07,00:00:00.00,0.000386223,1.943,0.404
889,2012-06-08,00:00:00.00,0.000485382,1.83485,0.324
890,2012-06-09,00:00:00.00,0.0091266,1.78688,0.271
891,2012-06-10,00:00:00.00,3.43139,1.75578,0.243
892,2012-06-11,00:00:00.00,0.0368316,1.72535,0.213
893,2012-06-12,00:00:00.00,0.432244,1.69581,0.188
894,2012-06-13,00:00:00.00,4.93953,1.66838,0.172
895,2012-06-14,00:00:00.00,0,1.64682,0.154
896,2012-06-15,00:00:00.00,0,1.63358,0.135
897,2012-06-16,00:00:00.00,0,1.61592,0.116
898,2012-06-17,00:00:00.00,0.000540752,1.58507,0.101
899,2012-06-18,00:00:00.00,20.0253,1.57244,0.092
900,2012-06-19,00:00:00.00,0.080844,1.6486,0.394
901,2012-06-20,00:00:00.00,0.0594464,1.8519,0.842
902,2012-06-21,00:00:00.00,0.020611,1.97049,0.468
903,2012-06-22,00:00:00.00,20.2193,1.88578,0.291
904,2012-06-23,00:00:00.00,0.342702,1.83161,0.543
905,2012-06-24,00:00:00.00,0.0488152,1.96641,4.09
906,2012-06-25,00:00:00.00,0.299023,2.06885,1.52
907,2012-06-26,00:00:00.00,0.0259508,1.95959,0.505
908,2012-06-27,00:00:00.00,0.0345886,1.79591,0.316
909,2012-06-28,00:00:00.00,0.0130887,1.69556,0.237
910,2012-06-29,00:00:00.00,0.120982,1.64992,0.183
911,2012-06-30,00:00:00.00,0.00353255,1.61976,0.14
912,2012-07-01,00:00:00.00,0.0522969,1.59023,0.111
913,2012-07-02,00:00:00.00,0.00999958,1.56131,0.088
914,2012-07-03,00:00:00.00,0.0389258,1.53306,0.071
915,2012-07-04,00:00:00.00,9.49784,1.51115,0.062
916,2012-07-05,00:00:00.00,0.240272,1.51219,0.057
917,2012-07-06,00:00:00.00,1.91517,1.54563,0.051
918,2012-07-07,00:00:00.00,9.23865e-308,1.55742,0.044
919,2012-07-08,00:00:00.00,4.61933e-308,1.51145,0.04
920,2012-07-09,00:00:00.00,0.0303478,1.45128,0.037
921,2012-07-10,00:00:00.00,0.335339,1.40825,0.035
922,2012-07-11,00:00:00.00,0.0250587,1.38014,0.032
923,2012-07-12,00:00:00.00,0.0369682,1.35662,0.029
924,2012-07-13,00:00:00.00,0.000832636,1.33373,0.024
925,2012-07-14,00:00:00.00,0.151504,1.3114,0.02
926,2012-07-15,00:00:00.00,0.0213076,1.28957,0.02
927,2012-07-16,00:00:00.00,27.4054,1.29212,0.027
928,2012-07-17,00:00:00.00,0.738537,1.38935,0.033
929,2012-07-18,00:00:00.00,0,1.62264,0.026
930,2012-07-19,00:00:00.00,0.189868,1.76081,0.021
931,2012-07-20,00:00:00.00,17.4781,1.66121,0.029
932,2012-07-21,00:00:00.00,0.317625,1.55652,0.027
933,2012-07-22,00:00:00.00,0.00170851,1.61071,0.019
934,2012-07-23,00:00:00.00,7.6202e-308,1.66894,0.017
935,2012-07-24,00:00:00.00,0.00638545,1.58786,0.014
936,2012-07-25,00:00:00.00,0.0149505,1.46754,0.012
937,2012-07-26,00:00:00.00,3.77189,1.39303,0.015
938,2012-07-27,00:00:00.00,16.6015,1.37143,0.031
939,2012-07-28,00:00:00.00,5.02582,1.41464,0.029
940,2012-07-29,00:00:00.00,13.5752,1.54863,0.028
941,2012-07-30,00:00:00.00,0.0450358,1.6803,0.203
942,2012-07-31,00:00:00.00,0.0044544,1.73051,0.361
943,2012-08-01,00:00:00.00,0.0143749,1.68963,0.183
944,2012-08-02,00:00:00.00,0.111875,1.57228,0.102
945,2012-08-03,00:00:00.00,0.00252662,1.46492,0.069
946,2012-08-04,00:00:00.00,0.140802,1.40332,0.052
947,2012-08-05,00:00:00.00,0.724212,1.37128,0.04
948,2012-08-06,00:00:00.00,7.71815,1.3515,0.037
949,2012-08-07,00:00:00.00,0.0373008,1.34779,0.027
950,2012-08-08,00:00:00.00,0.00702098,1.3665,0.022
951,2012-08-09,00:00:00.00,0.0197285,1.37032,0.018
952,2012-08-10,00:00:00.00,8.78655,1.33917,0.018
953,2012-08-11,00:00:00.00,30.6274,1.34823,0.061
954,2012-08-12,00:00:00.00,7.28089,1.52096,0.059
955,2012-08-13,00:00:00.00,0.735176,1.87348,0.071
956,2012-08-14,00:00:00.00,0.503647,2.08125,0.101
957,2012-08-15,00:00:00.00,14.5653,1.95335,0.107
958,2012-08-16,00:00:00.00,0.041171,1.76749,0.088
959,2012-08-17,00:00:00.00,0.0972795,1.75169,0.111
960,2012-08-18,00:00:00.00,0.0418075,1.77793,0.137
961,2012-08-19,00:00:00.00,0.0262263,1.69701,0.099
962,2012-08-20,00:00:00.00,0.0529304,1.58512,0.07
963,2012-08-21,00:00:00.00,0.0178752,1.51371,0.051
964,2012-08-22,00:00:00.00,0.158572,1.4773,0.041
965,2012-08-23,00:00:00.00,0.20189,1.45104,0.033
966,2012-08-24,00:00:00.00,0,1.42554,0.025
967,2012-08-25,00:00:00.00,0,1.40073,0.019
968,2012-08-26,00:00:00.00,0,1.37658,0.015
969,2012-08-27,00:00:00.00,0.00286228,1.35301,0.013
970,2012-08-28,00:00:00.00,3.7403,1.33038,0.011
971,2012-08-29,00:00:00.00,0.0928409,1.30968,0.011
972,2012-08-30,00:00:00.00,3.757e-308,1.29154,0.009
973,2012-08-31,00:00:00.00,0,1.27284,0.008
974,2012-09-01,00:00:00.00,0.00202552,1.2513,0.007
975,2012-09-02,00:00:00.00,0.00101787,1.22929,0.006
976,2012-09-03,00:00:00.00,0.00582991,1.20869,0.006
977,2012-09-04,00:00:00.00,0.00835991,1.18939,0.005
978,2012-09-05,00:00:00.00,12.3483,1.17947,0.014
979,2012-09-06,00:00:00.00,0.736005,1.20392,0.019
980,2012-09-07,00:00:00.00,0.0507174,1.27635,0.012
981,2012-09-08,00:00:00.00,8.20065,1.31998,0.01
982,2012-09-09,00:00:00.00,24.0213,1.31455,0.029
983,2012-09-10,00:00:00.00,0.636925,1.39861,0.036
984,2012-09-11,00:00:00.00,0.618647,1.61393,0.031
985,2012-09-12,00:00:00.00,0.0362329,1.71467,0.07
986,2012-09-13,00:00:00.00,4.1508e-308,1.57764,0.054
987,2012-09-14,00:00:00.00,0.0271963,1.39678,0.036
988,2012-09-15,00:00:00.00,15.0627,1.31097,0.031
989,2012-09-16,00:00:00.00,0.000291084,1.3401,0.027
990,2012-09-17,00:00:00.00,0.0230647,1.46007,0.021
991,2012-09-18,00:00:00.00,0.023331,1.52761,0.017
992,2012-09-19,00:00:00.00,6.29431,1.46032,0.016
993,2012-09-20,00:00:00.00,0.426197,1.37427,0.012
994,2012-09-21,00:00:00.00,0.763477,1.35323,0.01
995,2012-09-22,00:00:00.00,0.856027,1.35127,0.011
996,2012-09-23,00:00:00.00,2.17819,1.31563,0.011
997,2012-09-24,00:00:00.00,0.332856,1.26982,0.01
998,2012-09-25,00:00:00.00,0,1.23853,0.009
999,2012-09-26,00:00:00.00,0.0198341,1.21831,0.008
1000,2012-09-27,00:00:00.00,0.00502693,1.19981,0.007
1001,2012-09-28,00:00:00.00,0.00470986,1.1812,0.007
1002,2012-09-29,00:00:00.00,0.0784493,1.16347,0.006
1003,2012-09-30,00:00:00.00,0.022708,1.1466,0.006
1004,2012-10-01,00:00:00.00,0.0205285,1.13028,0.006
1005,2012-10-02,00:00:00.00,0.608602,1.11436,0.005
1006,2012-10-03,00:00:00.00,0.498541,1.09886,0.007
1007,2012-10-04,00:00:00.00,0.495954,1.08375,0.009
1008,2012-10-05,00:00:00.00,0.399027,1.06904,0.009
1009,2012-10-06,00:00:00.00,6.16206,1.05884,0.01
1010,2012-10-07,00:00:00.00,0.0338881,1.06517,0.006
1011,2012-10-08,00:00:00.00,0.00608804,1.09421,0.004
1012,2012-10-09,00:00:00.00,5.572e-308,1.10733,0.003
1013,2012-10-10,00:00:00.00,0.00040669,1.0775,0.002
1014,2012-10-11,00:00:00.00,3.82713,1.03849,0.003
1015,2012-10-12,00:00:00.00,0.364674,1.02169,0.002
1016,2012-10-13,00:00:00.00,3.93149,1.03094,0.002
1017,2012-10-14,00:00:00.00,10.6258,1.05332,0.003
1018,2012-10-15,00:00:00.00,5.36977,1.10386,0.004
1019,2012-10-16,00:00:00.00,0.932455,1.20016,0.003
1020,2012-10-17,00:00:00.00,0.00139422,1.26265,0.003
1021,2012-10-18,00:00:00.00,4.69799,1.22181,0.004
1022,2012-10-19,00:00:00.00,3.08755,1.1432,0.004
1023,2012-10-20,00:00:00.00,4.74728,1.11597,0.003
1024,2012-10-21,00:00:00.00,4.09294,1.13858,0.004
1025,2012-10-22,00:00:00.00,0.224574,1.16958,0.003
1026,2012-10-23,00:00:00.00,2.25204,1.18246,0.003
1027,2012-10-24,00:00:00.00,7.93071,1.16438,0.007
1028,2012-10-25,00:00:00.00,0.244724,1.15011,0.013
1029,2012-10-26,00:00:00.00,0.00101073,1.17816,0.029
1030,2012-10-27,00:00:00.00,3.6042,1.19494,0.051
1031,2012-10-28,00:00:00.00,2.19989,1.16176,0.069
1032,2012-10-29,00:00:00.00,1.75097,1.13281,0.056
1033,2012-10-30,00:00:00.00,19.9947,1.14827,0.059
1034,2012-10-31,00:00:00.00,27.7128,1.27241,0.662
1035,2012-11-01,00:00:00.00,13.3532,1.64409,3.81
1036,2012-11-02,00:00:00.00,1.05008,2.1877,5.39
1037,2012-11-03,00:00:00.00,5.75267,2.49042,3.94
1038,2012-11-04,00:00:00.00,8.92477,2.35853,1.9
1039,2012-11-05,00:00:00.00,1.23406,2.10919,1.51
1040,2012-11-06,00:00:00.00,0.1415,2.0133,2.59
1041,2012-11-07,00:00:00.00,0.00837743,1.96212,1.59
1042,2012-11-08,00:00:00.00,0.00560304,1.84751,0.895
1043,2012-11-09,00:00:00.00,0.0140405,1.73259,0.601
1044,2012-11-10,00:00:00.00,0.968315,1.66538,0.444
1045,2012-11-11,00:00:00.00,0.248409,1.63282,0.341
1046,2012-11-12,00:00:00.00,0.188285,1.61111,0.261
1047,2012-11-13,00:00:00.00,11.0518,1.60426,0.243
1048,2012-11-14,00:00:00.00,0.139889,1.65404,0.427
1049,2012-11-15,00:00:00.00,0.00152933,1.78878,0.754
1050,2012-11-16,00:00:00.00,9.6421e-308,1.86527,0.729
1051,2012-11-17,00:00:00.00,0.00338293,1.78766,0.497
1052,2012-11-18,00:00:00.00,0.000732509,1.67258,0.369
1053,2012-11-19,00:00:00.00,0.00518771,1.60168,0.292
1054,2012-11-20,00:00:00.00,0.0056987,1.56891,0.248
1055,2012-11-21,00:00:00.00,0,1.54704,0.21
1056,2012-11-22,00:00:00.00,0.0210603,1.52579,0.187
1057,2012-11-23,00:00:00.00,0.122687,1.5051,0.181
1058,2012-11-24,00:00:00.00,5.49676,1.49174,0.188
1059,2012-11-25,00:00:00.00,0.190131,1.50559,0.179
1060,2012-11-26,00:00:00.00,1.49825,1.55804,0.185
1061,2012-11-27,00:00:00.00,5.7764e-308,1.58416,0.186
1062,2012-11-28,00:00:00.00,6.9e-308,1.5405,0.181
1063,2012-11-29,00:00:00.00,0.00833091,1.47959,0.163
1064,2012-11-30,00:00:00.00,0.00293713,1.43932,0.149
1065,2012-12-01,00:00:00.00,0.108542,1.41687,0.136
1066,2012-12-02,00:00:00.00,0.00587958,1.39962,0.128
1067,2012-12-03,00:00:00.00,7.59593,1.39262,0.13
1068,2012-12-04,00:00:00.00,0.192824,1.42468,0.14
1069,2012-12-05,00:00:00.00,7.86177,1.52244,0.155
1070,2012-12-06,00:00:00.00,0.0182188,1.62205,0.223
1071,2012-12-07,00:00:00.00,0.0024288,1.67728,0.341
1072,2012-12-08,00:00:00.00,2.09233,1.66771,0.444
1073,2012-12-09,00:00:00.00,6.05911,1.59538,0.39
1074,2012-12-10,00:00:00.00,3.20837,1.5614,0.371
1075,2012-12-11,00:00:00.00,2.90204,1.60701,0.491
1076,2012-12-12,00:00:00.00,0.28119,1.65166,0.768
1077,2012-12-13,00:00:00.00,4.37634e-308,1.63385,0.952
1078,2012-12-14,00:00:00.00,9.43738e-308,1.57711,0.671
1079,2012-12-15,00:00:00.00,0.00119964,1.51616,0.487
1080,2012-12-16,00:00:00.00,1.96397,1.47751,0.393
1081,2012-12-17,00:00:00.00,6.13665,1.4825,0.425
1082,2012-12-18,00:00:00.00,0.0539196,1.55645,0.599
1083,2012-12-19,00:00:00.00,0.120044,1.66568,1.05
1084,2012-12-20,00:00:00.00,0.414884,1.69239,0.934
1085,2012-12-21,00:00:00.00,11.7726,1.63084,0.744
1086,2012-12-22,00:00:00.00,5.47564,1.63436,3.31
1087,2012-12-23,00:00:00.00,0.418126,1.80075,7.16
1088,2012-12-24,00:00:00.00,0.000635,1.95901,5.49
1089,2012-12-25,00:00:00.00,1.27788,1.91673,2.56
1090,2012-12-26,00:00:00.00,0.0257552,1.76616,1.42
1091,2012-12-27,00:00:00.00,13.3013,1.65225,0.978
1092,2012-12-28,00:00:00.00,3.65005,1.60128,0.782
1093,2012-12-29,00:00:00.00,0.456292,1.579,0.719
1094,2012-12-30,00:00:00.00,5.45422,1.56248,0.633
1095,2012-12-31,00:00:00.00,0.0113162,1.54579,0.594
1096,2013-01-01,00:00:00.00,0.0156449,1.52773,0.537
1097,2013-01-02,00:00:00.00,0.286553,1.50964,0.515
1098,2013-01-03,00:00:00.00,0.0360072,1.49247,0.489
1099,2013-01-04,00:00:00.00,0.0583784,1.47615,0.446
1100,2013-01-05,00:00:00.00,0.00393527,1.46037,0.435
1101,2013-01-06,00:00:00.00,0.815473,1.44497,0.424
1102,2013-01-07,00:00:00.00,3.97277,1.43195,0.414
1103,2013-01-08,00:00:00.00,0.100512,1.42718,0.408
1104,2013-01-09,00:00:00.00,0,1.43395,0.404
1105,2013-01-10,00:00:00.00,0.198955,1.43312,0.438
1106,2013-01-11,00:00:00.00,0.006677,1.41173,0.664
1107,2013-01-12,00:00:00.00,13.667,1.40488,5.32
1108,2013-01-13,00:00:00.00,0.00428486,1.52706,25.8
1109,2013-01-14,00:00:00.00,21.4405,1.98942,48.2
1110,2013-01-15,00:00:00.00,0.189774,2.81544,50.2
1111,2013-01-16,00:00:00.00,0.00528175,3.49012,25.7
1112,2013-01-17,00:00:00.00,0.0173313,3.44848,7.95
1113,2013-01-18,00:00:00.00,0.150145,2.92491,3.64
1114,2013-01-19,00:00:00.00,0.107101,2.49431,2.04
1115,2013-01-20,00:00:00.00,0.0737054,2.30476,1.53
1116,2013-01-21,00:00:00.00,0.131188,2.24215,1.2
1117,2013-01-22,00:00:00.00,0.563512,2.2065,0.911
1118,2013-01-23,00:00:00.00,0.134121,2.17215,0.764
1119,2013-01-24,00:00:00.00,0.838043,2.13915,0.562
1120,2013-01-25,00:00:00.00,4.30125,2.10747,0.47
1121,2013-01-26,00:00:00.00,3.6218,2.07703,0.412
1122,2013-01-27,00:00:00.00,1.10166,2.04766,0.376
1123,2013-01-28,00:00:00.00,0.607081,2.01924,0.357
1124,2013-01-29,00:00:00.00,11.7374,2.00893,0.354
1125,2013-01-30,00:00:00.00,23.9887,2.11411,4.21
1126,2013-01-31,00:00:00.00,6.73236,2.55285,45.5
1127,2013-02-01,00:00:00.00,0.799819,3.39383,48.1
1128,2013-02-02,00:00:00.00,0.999176,4.13823,19.9
1129,2013-02-03,00:00:00.00,5.54236,4.14908,7.87
1130,2013-02-04,00:00:00.00,0.800886,3.62934,4.58
1131,2013-02-05,00:00:00.00,0.772503,3.18251,2.94
1132,2013-02-06,00:00:00.00,0.440728,2.96906,1.54
1133,2013-02-07,00:00:00.00,0.10743,2.88351,1.04
1134,2013-02-08,00:00:00.00,1.29174,2.82679,0.825
1135,2013-02-09,00:00:00.00,15.155,2.77598,0.718
1136,2013-02-10,00:00:00.00,0.0795723,2.74106,0.659
1137,2013-02-11,00:00:00.00,0.705069,2.72855,0.593
1138,2013-02-12,00:00:00.00,0.750937,2.70413,0.801
1139,2013-02-13,00:00:00.00,0.00175472,2.647,2.32
1140,2013-02-14,00:00:00.00,0.000200485,2.58422,4.03
1141,2013-02-15,00:00:00.00,2.16785,2.53161,2.66
1142,2013-02-16,00:00:00.00,2.52235,2.48797,2.5
1143,2013-02-17,00:00:00.00,2.85769,2.44808,2.64
1144,2013-02-18,00:00:00.00,2.07684,2.40973,1.61
1145,2013-02-19,00:00:00.00,0.0887849,2.37265,1.15
1146,2013-02-20,00:00:00.00,14.6416,2.34923,3.57
1147,2013-02-21,00:00:00.00,0.294415,2.37692,11.8
1148,2013-02-22,00:00:00.00,0.573917,2.48006,8.99
1149,2013-02-23,00:00:00.00,3.46203,2.53299,3.5
1150,2013-02-24,00:00:00.00,0.708127,2.45737,1.78
1151,2013-02-25,00:00:00.00,0.988486,2.35365,1.31
1152,2013-02-26,00:00:00.00,0.000346903,2.28391,1.06
1153,2013-02-27,00:00:00.00,10.9354,2.25191,1.24
1154,2013-02-28,00:00:00.00,8.5987,2.27032,7.33
1155,2013-03-01,00:00:00.00,1.37346,2.37303,27.2
1156,2013-03-02,00:00:00.00,0.0908929,2.49343,26
1157,2013-03-03,00:00:00.00,0.062126,2.4935,10.8
1158,2013-03-04,00:00:00.00,0.682645,2.38619,4.5
1159,2013-03-05,00:00:00.00,0.135686,2.28191,2.7
1160,2013-03-06,00:00:00.00,0.00309629,2.22038,2.02
1161,2013-03-07,00:00:00.00,0.000123149,2.18454,2.98
1162,2013-03-08,00:00:00.00,0.202094,2.15488,4.51
1163,2013-03-09,00:00:00.00,0.00972966,2.12594,4.26
1164,2013-03-10,00:00:00.00,0.00301457,2.09768,4.45
1165,2013-03-11,00:00:00.00,0.0919225,2.07009,7.18
1166,2013-03-12,00:00:00.00,12.8552,2.1917,13.3
1167,2013-03-13,00:00:00.00,1.57866,2.93482,24.2
1168,2013-03-14,00:00:00.00,1.5863,4.77979,17.9
1169,2013-03-15,00:00:00.00,0.00498779,5.96674,7.18
1170,2013-03-16,00:00:00.00,1.91704,5.35731,4.1
1171,2013-03-17,00:00:00.00,2.52303,4.39411,3.11
1172,2013-03-18,00:00:00.00,0.0537285,3.8441,2.39
1173,2013-03-19,00:00:00.00,0.517967,3.65098,1.93
1174,2013-03-20,00:00:00.00,0.12307,3.55948,1.78
1175,2013-03-21,00:00:00.00,0.0129467,3.4729,1.48
1176,2013-03-22,00:00:00.00,2.42966,3.39082,1.18
1177,2013-03-23,00:00:00.00,0.286987,3.31294,1.04
1178,2013-03-24,00:00:00.00,0.000478646,3.23895,0.899
1179,2013-03-25,00:00:00.00,5.09788e-308,3.1685,0.831
1180,2013-03-26,00:00:00.00,0.065235,3.10119,0.848
1181,2013-03-27,00:00:00.00,0.00675253,3.03674,0.874
1182,2013-03-28,00:00:00.00,0.391834,2.99161,0.889
1183,2013-03-29,00:00:00.00,0.152347,3.01658,1.01
1184,2013-03-30,00:00:00.00,4.37061e-308,3.14678,1.09
1185,2013-03-31,00:00:00.00,0.00448721,3.20841,1.07
1186,2013-04-01,00:00:00.00,1.16461,3.09772,1
1187,2013-04-02,00:00:00.00,0.774031,2.95286,0.956
1188,2013-04-03,00:00:00.00,0.00125164,2.8514,0.863
1189,2013-04-04,00:00:00.00,0.00272086,2.78779,0.728
1190,2013-04-05,00:00:00.00,0.00136213,2.73602,0.623
1191,2013-04-06,00:00:00.00,0.00138303,2.68608,0.572
1192,2013-04-07,00:00:00.00,0.116744,2.63778,0.552
1193,2013-04-08,00:00:00.00,0.0854627,2.59105,0.518
1194,2013-04-09,00:00:00.00,5.53669,2.55355,0.507
1195,2013-04-10,00:00:00.00,31.6075,2.61585,0.617
1196,2013-04-11,00:00:00.00,20.5227,3.05111,17.6
1197,2013-04-12,00:00:00.00,25.7092,4.17734,57.9
1198,2013-04-13,00:00:00.00,15.5059,5.59138,55.2
1199,2013-04-14,00:00:00.00,0.436008,6.68124,46.9
1200,2013-04-15,00:00:00.00,0.00163962,7.10175,18
1201,2013-04-16,00:00:00.00,0.0936086,6.6441,7.06
1202,2013-04-17,00:00:00.00,1.71513,5.83405,4.39
1203,2013-04-18,00:00:00.00,10.0098,5.27196,3.2
1204,2013-04-19,00:00:00.00,11.286,5.1076,4.61
1205,2013-04-20,00:00:00.00,9.56845,5.37974,18.2
1206,2013-04-21,00:00:00.00,0.38622,5.85503,20.9
1207,2013-04-22,00:00:00.00,0.0153056,6.10745,7.3
1208,2013-04-23,00:00:00.00,0,5.91567,3.91
1209,2013-04-24,00:00:00.00,0.962068,5.47733,2.91
1210,2013-04-25,00:00:00.00,20.1948,5.16901,3.21
1211,2013-04-26,00:00:00.00,2.17263,5.22626,9.97
1212,2013-04-27,00:00:00.00,0,5.74908,8.42
1213,2013-04-28,00:00:00.00,0,6.03217,4.82
1214,2013-04-29,00:00:00.00,9.14657,5.7145,3.42
1215,2013-04-30,00:00:00.00,1.66594,5.3828,3.94
1216,2013-05-01,00:00:00.00,0.39662,5.32279,6.18
1217,2013-05-02,00:00:00.00,0,5.27905,4.33
1218,2013-05-03,00:00:00.00,0,5.04711,2.95
1219,2013-05-04,00:00:00.00,0,4.78742,2.02
1220,2013-05-05,00:00:00.00,0,4.58128,1.54
1221,2013-05-06,00:00:00.00,0,4.42223,1.29
1222,2013-05-07,00:00:00.00,0,4.28214,1.07
1223,2013-05-08,00:00:00.00,0.0339951,4.1499,0.881
1224,2013-05-09,00:00:00.00,0.390521,4.02478,0.777
1225,2013-05-10,00:00:00.00,0.281559,3.90623,0.71
1226,2013-05-11,00:00:00.00,1.86771,3.79386,0.665
1227,2013-05-12,00:00:00.00,1.32555,3.68757,0.628
1228,2013-05-13,00:00:00.00,0.566443,3.58758,0.602
1229,2013-05-14,00:00:00.00,0.0290594,3.49381,0.542
1230,2013-05-15,00:00:00.00,0.729342,3.40533,0.467
1231,2013-05-16,00:00:00.00,1.17704,3.3211,0.437
1232,2013-05-17,00:00:00.00,1.58e-308,3.24049,0.427
1233,2013-05-18,00:00:00.00,0.000284208,3.16308,0.409
1234,2013-05-19,00:00:00.00,0.0315583,3.08842,0.364
1235,2013-05-20,00:00:00.00,0.0952202,3.01619,0.334
1236,2013-05-21,00:00:00.00,0.021346,2.94623,0.311
1237,2013-05-22,00:00:00.00,0.0406112,2.87835,0.288
1238,2013-05-23,00:00:00.00,0.672321,2.81242,0.291
1239,2013-05-24,00:00:00.00,3.32262,2.74952,0.283
1240,2013-05-25,00:00:00.00,0.25286,2.69313,0.28
1241,2013-05-26,00:00:00.00,0.0404511,2.64587,0.272
1242,2013-05-27,00:00:00.00,0,2.59754,0.259
1243,2013-05-28,00:00:00.00,0.611094,2.54116,0.234
1244,2013-05-29,00:00:00.00,37.0239,2.55366,0.459
1245,2013-05-30,00:00:00.00,12.3143,2.87282,8.14
1246,2013-05-31,00:00:00.00,0.236971,3.73337,13.7
1247,2013-06-01,00:00:00.00,3.53847,4.42029,6.37
1248,2013-06-02,00:00:00.00,2.63678,4.25417,2.51
1249,2013-06-03,00:00:00.00,1.03359,3.72632,1.83
1250,2013-06-04,00:00:00.00,0.00401839,3.3427,1.44
1251,2013-06-05,00:00:00.00,0.0275757,3.16497,1.07
1252,2013-06-06,00:00:00.00,0.00540995,3.07319,0.748
1253,2013-06-07,00:00:00.00,0.110965,2.99546,0.6
1254,2013-06-08,00:00:00.00,0.0948485,2.92073,0.525
1255,2013-06-09,00:00:00.00,0.0105774,2.84891,0.483
1256,2013-06-10,00:00:00.00,0.994695,2.77995,0.435
1257,2013-06-11,00:00:00.00,11.3667,2.72898,0.379
1258,2013-06-12,00:00:00.00,0.30402,2.74195,0.367
1259,2013-06-13,00:00:00.00,0.540452,2.84969,0.413
1260,2013-06-14,00:00:00.00,16.748,2.92308,0.446
1261,2013-06-15,00:00:00.00,0.0288528,2.95029,0.551
1262,2013-06-16,00:00:00.00,0.040069,3.11371,0.549
1263,2013-06-17,00:00:00.00,3.86402,3.20205,0.424
1264,2013-06-18,00:00:00.00,3.26939,3.03885,0.358
1265,2013-06-19,00:00:00.00,1.22508,2.82742,0.32
1266,2013-06-20,00:00:00.00,0.00241671,2.68827,0.303
1267,2013-06-21,00:00:00.00,0.00115973,2.61111,0.282
1268,2013-06-22,00:00:00.00,0,2.55199,0.239
1269,2013-06-23,00:00:00.00,0.68405,2.49425,0.207
1270,2013-06-24,00:00:00.00,0.195402,2.43796,0.188
1271,2013-06-25,00:00:00.00,0.761379,2.38329,0.167
1272,2013-06-26,00:00:00.00,1.8092,2.33033,0.149
1273,2013-06-27,00:00:00.00,2.78738,2.27921,0.141
1274,2013-06-28,00:00:00.00,6.35862,2.23345,0.146
1275,2013-06-29,00:00:00.00,16.8475,2.22545,0.151
1276,2013-06-30,00:00:00.00,0.0449145,2.32929,0.153
1277,2013-07-01,00:00:00.00,0.00120482,2.55762,0.353
1278,2013-07-02,00:00:00.00,0.30839,2.65969,0.452
1279,2013-07-03,00:00:00.00,0.0774113,2.51696,0.315
1280,2013-07-04,00:00:00.00,8.88413,2.33846,0.261
1281,2013-07-05,00:00:00.00,4.916,2.26241,0.228
1282,2013-07-06,00:00:00.00,17.0331,2.31612,0.24
1283,2013-07-07,00:00:00.00,10.856,2.46178,3.08
1284,2013-07-08,00:00:00.00,1.13336,2.70713,6.41
1285,2013-07-09,00:00:00.00,16.9867,2.92715,3.56
1286,2013-07-10,00:00:00.00,0.848722,2.97654,5.62
1287,2013-07-11,00:00:00.00,3.18107,3.01712,10.9
1288,2013-07-12,00:00:00.00,0.0016003,2.99791,5.85
1289,2013-07-13,00:00:00.00,0.00196801,2.81101,1.53
1290,2013-07-14,00:00:00.00,0.00069947,2.61248,0.795
1291,2013-07-15,00:00:00.00,0,2.48517,0.535
1292,2013-07-16,00:00:00.00,0.0852681,2.41304,0.398
1293,2013-07-17,00:00:00.00,0.139257,2.35727,0.311
1294,2013-07-18,00:00:00.00,0.270367,2.30323,0.262
1295,2013-07-19,00:00:00.00,0.617807,2.25092,0.222
1296,2013-07-20,00:00:00.00,0.491392,2.20033,0.182
1297,2013-07-21,00:00:00.00,0.729184,2.15147,0.144
1298,2013-07-22,00:00:00.00,0.000202506,2.10434,0.117
1299,2013-07-23,00:00:00.00,0.013044,2.05893,0.097
1300,2013-07-24,00:00:00.00,4.2182,2.01559,0.089
1301,2013-07-25,00:00:00.00,0.00520337,1.97567,0.086
1302,2013-07-26,00:00:00.00,0.000113766,1.94012,0.098
1303,2013-07-27,00:00:00.00,0.00470704,1.90437,0.17
1304,2013-07-28,00:00:00.00,10.2392,1.87462,0.143
1305,2013-07-29,00:00:00.00,0.71457,1.88243,0.125
1306,2013-07-30,00:00:00.00,1.57162,1.94738,0.11
1307,2013-07-31,00:00:00.00,0.0362783,1.97621,0.127
1308,2013-08-01,00:00:00.00,31.5658,1.94917,0.146
1309,2013-08-02,00:00:00.00,6.91529,2.06973,0.191
1310,2013-08-03,00:00:00.00,3.31668,2.48925,0.644
1311,2013-08-04,00:00:00.00,0.0234437,2.79442,0.469
1312,2013-08-05,00:00:00.00,0.0112951,2.64283,0.268
1313,2013-08-06,00:00:00.00,2.884e-308,2.33467,0.186
1314,2013-08-07,00:00:00.00,1.68169,2.1314,0.15
1315,2013-08-08,00:00:00.00,16.2934,2.06358,0.129
1316,2013-08-09,00:00:00.00,0.107684,2.11537,0.114
1317,2013-08-10,00:00:00.00,4.1857e-308,2.2881,0.156
1318,2013-08-11,00:00:00.00,0.00243286,2.38138,0.239
1319,2013-08-12,00:00:00.00,0.0438514,2.27026,0.171
1320,2013-08-13,00:00:00.00,0.157575,2.11304,0.127
1321,2013-08-14,00:00:00.00,0.861738,2.01092,0.101
1322,2013-08-15,00:00:00.00,2.72725,1.95664,0.085
1323,2013-08-16,00:00:00.00,0.000322912,1.91674,0.07
1324,2013-08-17,00:00:00.00,0.00131038,1.87859,0.061
1325,2013-08-18,00:00:00.00,0.00471856,1.84183,0.057
1326,2013-08-19,00:00:00.00,0.0027538,1.80602,0.051
1327,2013-08-20,00:00:00.00,0.000118343,1.77102,0.048
1328,2013-08-21,00:00:00.00,0.00538602,1.73692,0.045
1329,2013-08-22,00:00:00.00,0.0032704,1.70377,0.041
1330,2013-08-23,00:00:00.00,0.541411,1.67155,0.036
1331,2013-08-24,00:00:00.00,0.0156838,1.64026,0.038
1332,2013-08-25,00:00:00.00,0.0040683,1.60992,0.037
1333,2013-08-26,00:00:00.00,0.0032803,1.58051,0.033
1334,2013-08-27,00:00:00.00,1.87975,1.55196,0.027
1335,2013-08-28,00:00:00.00,3.91534,1.5245,0.027
1336,2013-08-29,00:00:00.00,33.8318,1.53778,0.062
1337,2013-08-30,00:00:00.00,0.00286647,1.70797,0.283
1338,2013-08-31,00:00:00.00,0.511534,2.10816,0.711
1339,2013-09-01,00:00:00.00,0.0283155,2.34827,0.338
1340,2013-09-02,00:00:00.00,0.118452,2.1713,0.203
1341,2013-09-03,00:00:00.00,0.161274,1.89455,0.146
1342,2013-09-04,00:00:00.00,0.217329,1.73457,0.106
1343,2013-09-05,00:00:00.00,0.0291517,1.67499,0.081
1344,2013-09-06,00:00:00.00,2.7298e-308,1.64364,0.064
1345,2013-09-07,00:00:00.00,3.00608e-308,1.6133,0.057
1346,2013-09-08,00:00:00.00,2.48218,1.58392,0.05
1347,2013-09-09,00:00:00.00,0.21849,1.55555,0.046
1348,2013-09-10,00:00:00.00,0.476145,1.52822,0.043
1349,2013-09-11,00:00:00.00,0.230878,1.50182,0.038
1350,2013-09-12,00:00:00.00,29.1546,1.50821,0.043
1351,2013-09-13,00:00:00.00,2.13569,1.64253,0.072
1352,2013-09-14,00:00:00.00,5.44137,1.96933,1.92
1353,2013-09-15,00:00:00.00,0.00113819,2.18386,1.44
1354,2013-09-16,00:00:00.00,2.42569,2.08157,0.571
1355,2013-09-17,00:00:00.00,1.04277,1.87939,0.338
1356,2013-09-18,00:00:00.00,0.0579813,1.73008,0.215
1357,2013-09-19,00:00:00.00,0.0902561,1.65304,0.159
1358,2013-09-20,00:00:00.00,0.0440714,1.61084,0.125
1359,2013-09-21,00:00:00.00,57.4112,1.6569,0.131
1360,2013-09-22,00:00:00.00,24.8823,2.05589,1.57
1361,2013-09-23,00:00:00.00,2.44762,3.11548,13.8
1362,2013-09-24,00:00:00.00,0.368848,4.11227,17.6
1363,2013-09-25,00:00:00.00,0.000403116,4.0765,5.01
1364,2013-09-26,00:00:00.00,0,3.40767,1.53
1365,2013-09-27,00:00:00.00,1.21644e-308,2.867,0.894
1366,2013-09-28,00:00:00.00,0.0299365,2.62719,0.688
1367,2013-09-29,00:00:00.00,0.000147327,2.53611,0.544
1368,2013-09-30,00:00:00.00,4.01893,2.4774,0.39
1369,2013-10-01,00:00:00.00,1.35692,2.43409,0.326
1370,2013-10-02,00:00:00.00,0.0382234,2.41147,0.3
1371,2013-10-03,00:00:00.00,0.0664678,2.37905,0.285
1372,2013-10-04,00:00:00.00,2.77804,2.31866,0.268
1373,2013-10-05,00:00:00.00,6.38834,2.26389,0.264
1374,2013-10-06,00:00:00.00,6.00399,2.25842,0.237
1375,2013-10-07,00:00:00.00,17.4378,2.35156,0.24
1376,2013-10-08,00:00:00.00,6.66404,2.56751,1.7
1377,2013-10-09,00:00:00.00,0.00289449,2.88888,10.1
1378,2013-10-10,00:00:00.00,0,3.07343,8.13
1379,2013-10-11,00:00:00.00,0,2.93704,2.28
1380,2013-10-12,00:00:00.00,0.0187388,2.67491,1.18
1381,2013-10-13,00:00:00.00,0.150687,2.48506,0.851
1382,2013-10-14,00:00:00.00,0.736571,2.38781,0.634
1383,2013-10-15,00:00:00.00,0.03888,2.33065,0.507
1384,2013-10-16,00:00:00.00,0.152692,2.28142,0.433
1385,2013-10-17,00:00:00.00,3.14018,2.23673,0.383
1386,2013-10-18,00:00:00.00,6.5611,2.21266,0.362
1387,2013-10-19,00:00:00.00,0.0668266,2.24062,0.379
1388,2013-10-20,00:00:00.00,6.82189,2.32327,0.414
1389,2013-10-21,00:00:00.00,0.0254466,2.38491,0.442
1390,2013-10-22,00:00:00.00,4.5769,2.41292,0.435
1391,2013-10-23,00:00:00.00,0.0134001,2.40968,0.428
1392,2013-10-24,00:00:00.00,0.813073,2.3686,0.418
1393,2013-10-25,00:00:00.00,0.90424,2.30468,0.423
1394,2013-10-26,00:00:00.00,0.110634,2.21562,0.396
1395,2013-10-27,00:00:00.00,2.90229,2.14084,0.351
1396,2013-10-28,00:00:00.00,0.10939,2.10176,0.318
1397,2013-10-29,00:00:00.00,0.00259024,2.09563,0.335
1398,2013-10-30,00:00:00.00,0.012493,2.08143,0.338
1399,2013-10-31,00:00:00.00,9.72e-308,2.03564,0.35
1400,2013-11-01,00:00:00.00,28.1019,2.03036,0.452
1401,2013-11-02,00:00:00.00,1.79885,2.22525,8.73
1402,2013-11-03,00:00:00.00,8.52414,2.73907,17
1403,2013-11-04,00:00:00.00,0.00653168,3.12642,12.8
1404,2013-11-05,00:00:00.00,0.00295941,3.09111,5.96
1405,2013-11-06,00:00:00.00,0.0505449,2.86918,2.86
1406,2013-11-07,00:00:00.00,6.06047,2.63215,1.79
1407,2013-11-08,00:00:00.00,0.0845149,2.5168,1.43
1408,2013-11-09,00:00:00.00,0.0528731,2.53227,1.27
1409,2013-11-10,00:00:00.00,0.396683,2.54359,1.11
1410,2013-11-11,00:00:00.00,0.240256,2.46628,0.982
1411,2013-11-12,00:00:00.00,8.61719,2.38057,0.836
1412,2013-11-13,00:00:00.00,4.12761,2.37095,0.763
1413,2013-11-14,00:00:00.00,0.00313231,2.46286,0.831
1414,2013-11-15,00:00:00.00,0.000175398,2.52534,0.97
1415,2013-11-16,00:00:00.00,0,2.46071,1.57
1416,2013-11-17,00:00:00.00,0.00765572,2.3588,2.36
1417,2013-11-18,00:00:00.00,17.2833,2.33128,2.12
1418,2013-11-19,00:00:00.00,0.0416548,2.45907,10
1419,2013-11-20,00:00:00.00,0.0279483,2.77585,15.1
1420,2013-11-21,00:00:00.00,0.00260145,2.95371,5.92
1421,2013-11-22,00:00:00.00,3.37789,2.79853,2.5
1422,2013-11-23,00:00:00.00,7.92057,2.61074,2.14
1423,2013-11-24,00:00:00.00,0.0102523,2.60622,4.49
1424,2013-11-25,00:00:00.00,0.151863,2.74677,4.03
1425,2013-11-26,00:00:00.00,0.263621,2.79003,2.09
1426,2013-11-27,00:00:00.00,0.0232135,2.66496,1.39
1427,2013-11-28,00:00:00.00,8.87569,2.52378,1.12
1428,2013-11-29,00:00:00.00,1.21919,2.44528,0.892
1429,2013-11-30,00:00:00.00,0.0717086,2.41971,0.763
1430,2013-12-01,00:00:00.00,0.000239915,2.39531,0.667
1431,2013-12-02,00:00:00.00,0.34304,2.34799,0.636
1432,2013-12-03,00:00:00.00,0.403284,2.29667,0.667
1433,2013-12-04,00:00:00.00,0.922565,2.25298,0.736
1434,2013-12-05,00:00:00.00,1.27127,2.21705,0.843
1435,2013-12-06,00:00:00.00,0.968309,2.20881,1.02
1436,2013-12-07,00:00:00.00,0,2.29144,1.63
1437,2013-12-08,00:00:00.00,0.0385351,2.49656,1.18
1438,2013-12-09,00:00:00.00,0.223555,2.60617,0.787
1439,2013-12-10,00:00:00.00,0.57393,2.49496,0.692
1440,2013-12-11,00:00:00.00,0.0925425,2.33795,0.543
1441,2013-12-12,00:00:00.00,0.886074,2.24084,0.443
1442,2013-12-13,00:00:00.00,0.23236,2.19417,0.382
1443,2013-12-14,00:00:00.00,0.733356,2.16204,0.351
1444,2013-12-15,00:00:00.00,9.10099,2.13107,0.331
1445,2013-12-16,00:00:00.00,2.87824,2.10118,0.32
1446,2013-12-17,00:00:00.00,0.516256,2.07229,0.312
1447,2013-12-18,00:00:00.00,8.99926,2.04435,0.308
1448,2013-12-19,00:00:00.00,0.680798,2.01732,0.306
1449,2013-12-20,00:00:00.00,0.403039,1.99117,0.306
1450,2013-12-21,00:00:00.00,8.57506,1.97756,0.311
1451,2013-12-22,00:00:00.00,14.3884,2.02607,0.419
1452,2013-12-23,00:00:00.00,13.2633,2.21868,7.13
1453,2013-12-24,00:00:00.00,0.25759,2.51536,26
1454,2013-12-25,00:00:00.00,6.37017,2.72543,18.9
1455,2013-12-26,00:00:00.00,3.00183,2.68787,6.07
1456,2013-12-27,00:00:00.00,3.57704,2.4812,3.81
1457,2013-12-28,00:00:00.00,1.89668,2.30604,2.49
1458,2013-12-29,00:00:00.00,0,2.21737,1.68
1459,2013-12-30,00:00:00.00,0.442688,2.17631,1.22
1460,2013-12-31,00:00:00.00,0.124809,2.1464,0.906
1461,2014-01-01,00:00:00.00,3.02642,2.11744,0.714
1462,2014-01-02,00:00:00.00,1.37355,2.08948,0.574
1463,2014-01-03,00:00:00.00,3.02337,2.06249,0.482
1464,2014-01-04,00:00:00.00,0.737419,2.03642,0.416
1465,2014-01-05,00:00:00.00,3.64003,2.01122,0.38
1466,2014-01-06,00:00:00.00,23.9707,1.99372,0.363
1467,2014-01-07,00:00:00.00,6.74726,2.00431,0.346
1468,2014-01-08,00:00:00.00,0.298909,2.05554,0.331
1469,2014-01-09,00:00:00.00,0.0749195,2.07961,0.327
1470,2014-01-10,00:00:00.00,0.931595,2.03308,0.33
1471,2014-01-11,00:00:00.00,5.18627,1.97419,0.346
1472,2014-01-12,00:00:00.00,18.3264,1.9795,1.97
1473,2014-01-13,00:00:00.00,0.0419448,2.14234,15.9
1474,2014-01-14,00:00:00.00,0.00206299,2.47349,33.9
1475,2014-01-15,00:00:00.00,0.344031,2.64454,30.7
1476,2014-01-16,00:00:00.00,0.0435438,2.49249,21.8
1477,2014-01-17,00:00:00.00,4.62513,2.27892,11.4
1478,2014-01-18,00:00:00.00,3.11839,2.15766,5.63
1479,2014-01-19,00:00:00.00,1.88134,2.111,3.43
1480,2014-01-20,00:00:00.00,0.682161,2.08504,2.4
1481,2014-01-21,00:00:00.00,0.978305,2.05977,1.84
1482,2014-01-22,00:00:00.00,1.03263,2.03476,1.26
1483,2014-01-23,00:00:00.00,1.38778,2.01034,0.904
1484,2014-01-24,00:00:00.00,1.25637,1.98681,0.77
1485,2014-01-25,00:00:00.00,2.1276,1.96417,0.676
1486,2014-01-26,00:00:00.00,12.7227,1.94228,0.6
1487,2014-01-27,00:00:00.00,4.33846,1.92103,0.538
1488,2014-01-28,00:00:00.00,3.35539,1.90033,0.491
1489,2014-01-29,00:00:00.00,0.0300924,1.88016,0.458
1490,2014-01-30,00:00:00.00,0.0466719,1.86054,0.437
1491,2014-01-31,00:00:00.00,0.504843,1.84151,0.423
1492,2014-02-01,00:00:00.00,0.221331,1.82301,0.411
1493,2014-02-02,00:00:00.00,13.1973,1.80946,0.398
1494,2014-02-03,00:00:00.00,0.668847,1.81419,0.386
1495,2014-02-04,00:00:00.00,0.0280469,1.84526,0.375
1496,2014-02-05,00:00:00.00,1.67263,1.85854,0.363
1497,2014-02-06,00:00:00.00,18.1087,1.82524,0.354
1498,2014-02-07,00:00:00.00,0.34499,1.78089,0.35
1499,2014-02-08,00:00:00.00,0.0323454,1.74983,0.345
1500,2014-02-09,00:00:00.00,2.45157,1.73031,0.341
1501,2014-02-10,00:00:00.00,3.88565,1.71428,0.337
1502,2014-02-11,00:00:00.00,1.44017,1.69867,0.333
1503,2014-02-12,00:00:00.00,0.182204,1.68341,0.33
1504,2014-02-13,00:00:00.00,0.000616613,1.66846,0.326
1505,2014-02-14,00:00:00.00,0.122355,1.65383,0.323
1506,2014-02-15,00:00:00.00,1.42844,1.63951,0.319
1507,2014-02-16,00:00:00.00,0.386152,1.62541,0.317
1508,2014-02-17,00:00:00.00,0.400532,1.6115,0.318
1509,2014-02-18,00:00:00.00,6.77761,1.59783,0.319
1510,2014-02-19,00:00:00.00,6.70894,1.58443,0.321
1511,2014-02-20,00:00:00.00,0.0898365,1.5713,0.325
1512,2014-02-21,00:00:00.00,6.57695,1.56408,0.338
1513,2014-02-22,00:00:00.00,0.395968,1.57947,0.396
1514,2014-02-23,00:00:00.00,0.000190218,1.62725,0.972
1515,2014-02-24,00:00:00.00,0.00691014,1.65258,4.81
1516,2014-02-25,00:00:00.00,0.0581395,1.61881,7.22
1517,2014-02-26,00:00:00.00,0.120052,1.57029,6.45
1518,2014-02-27,00:00:00.00,0.159218,1.53884,4.64
1519,2014-02-28,00:00:00.00,0.968015,1.52222,2.93
1520,2014-03-01,00:00:00.00,0.0537471,1.50991,1.73
1521,2014-03-02,00:00:00.00,3.51269,1.49792,1.23
1522,2014-03-03,00:00:00.00,3.28541,1.48621,1
1523,2014-03-04,00:00:00.00,0.000802234,1.47469,0.844
1524,2014-03-05,00:00:00.00,0.035747,1.46337,0.728
1525,2014-03-06,00:00:00.00,0.00646836,1.4523,0.638
1526,2014-03-07,00:00:00.00,0.000692199,1.44143,0.57
1527,2014-03-08,00:00:00.00,0,1.43067,0.524
1528,2014-03-09,00:00:00.00,0.00820035,1.41992,0.493
1529,2014-03-10,00:00:00.00,0.0345583,1.40917,0.477
1530,2014-03-11,00:00:00.00,0.06145,1.39844,0.474
1531,2014-03-12,00:00:00.00,0.152534,1.38775,0.68
1532,2014-03-13,00:00:00.00,12.8438,1.37708,3.28
1533,2014-03-14,00:00:00.00,0.00157902,1.36643,8.17
1534,2014-03-15,00:00:00.00,0.240941,1.35591,7.68
1535,2014-03-16,00:00:00.00,0.329205,1.34561,10
1536,2014-03-17,00:00:00.00,0.00163973,1.33548,15.2
1537,2014-03-18,00:00:00.00,0.00240058,1.32543,17.4
1538,2014-03-19,00:00:00.00,0.00182795,1.31552,13
1539,2014-03-20,00:00:00.00,4.11695,1.30974,13.1
1540,2014-03-21,00:00:00.00,0.220092,1.32272,29
1541,2014-03-22,00:00:00.00,0.175876,1.36994,42.8
1542,2014-03-23,00:00:00.00,3.42157,1.41963,33.8
1543,2014-03-24,00:00:00.00,0.173182,1.41873,26.4
1544,2014-03-25,00:00:00.00,0.0520096,1.37874,12.1
1545,2014-03-26,00:00:00.00,2.16939,1.34002,6.56
1546,2014-03-27,00:00:00.00,0.0498158,1.31431,4.18
1547,2014-03-28,00:00:00.00,2.91327,1.29784,3.1
1548,2014-03-29,00:00:00.00,2.51237,1.28687,4.77
1549,2014-03-30,00:00:00.00,0,1.28208,16.1
1550,2014-03-31,00:00:00.00,0,1.28386,13.6
1551,2014-04-01,00:00:00.00,0.00220866,1.28148,11.1
1552,2014-04-02,00:00:00.00,0.0172812,1.34971,14.9
1553,2014-04-03,00:00:00.00,0.000116239,1.78056,17.3
1554,2014-04-04,00:00:00.00,0.241596,2.91416,12.5
1555,2014-04-05,00:00:00.00,7.26616,4.18965,7.77
1556,2014-04-06,00:00:00.00,0.0668222,5.12209,11.8
1557,2014-04-07,00:00:00.00,0,6.64172,9.95
1558,2014-04-08,00:00:00.00,5.20803,8.33834,6.04
1559,2014-04-09,00:00:00.00,4.49891,10.2693,9.48
1560,2014-04-10,00:00:00.00,0.000268082,12.2931,11.7
1561,2014-04-11,00:00:00.00,0.582791,12.2572,6.48
1562,2014-04-12,00:00:00.00,3.98472e-308,10.6288,4.21
1563,2014-04-13,00:00:00.00,6.86068,9.17022,3.13
1564,2014-04-14,00:00:00.00,0.924298,8.35713,2.84
1565,2014-04-15,00:00:00.00,0.153535,8.03219,3.5
1566,2014-04-16,00:00:00.00,5.71618,7.73884,2.71
1567,2014-04-17,00:00:00.00,0.0132595,7.2969,2.02
1568,2014-04-18,00:00:00.00,0.000224962,6.87106,1.82
1569,2014-04-19,00:00:00.00,0.13295,6.51665,1.72
1570,2014-04-20,00:00:00.00,0.00105945,6.23079,1.41
1571,2014-04-21,00:00:00.00,0.00019011,5.99509,1.16
1572,2014-04-22,00:00:00.00,0.00107531,5.77185,1.02
1573,2014-04-23,00:00:00.00,5.61407,5.55553,0.966
1574,2014-04-24,00:00:00.00,0.720121,5.40073,0.934
1575,2014-04-25,00:00:00.00,0.00148313,5.34177,0.886
1576,2014-04-26,00:00:00.00,5.62856,5.25853,0.794
1577,2014-04-27,00:00:00.00,0.092927,5.11412,0.791
1578,2014-04-28,00:00:00.00,0,5.03423,0.927
1579,2014-04-29,00:00:00.00,0.0124417,4.9364,0.816
1580,2014-04-30,00:00:00.00,22.9617,4.81692,1.22
1581,2014-05-01,00:00:00.00,5.70811,4.98011,14.2
1582,2014-05-02,00:00:00.00,0.746123,5.67586,19.6
1583,2014-05-03,00:00:00.00,1.97161,6.15808,7.82
1584,2014-05-04,00:00:00.00,6.87851,5.88919,4.19
1585,2014-05-05,00:00:00.00,1.06006,5.46119,3.6
1586,2014-05-06,00:00:00.00,9.11502e-308,5.26527,3.5
1587,2014-05-07,00:00:00.00,4.48426e-308,5.1541,2.46
1588,2014-05-08,00:00:00.00,0.643274,4.94809,1.77
1589,2014-05-09,00:00:00.00,0.479799,4.73001,1.42
1590,2014-05-10,00:00:00.00,1.31702,4.55085,1.26
1591,2014-05-11,00:00:00.00,4.27039,4.40877,1.14
1592,2014-05-12,00:00:00.00,8.68829e-308,4.29358,1.01
1593,2014-05-13,00:00:00.00,5.99562,4.21071,0.863
1594,2014-05-14,00:00:00.00,7.34232,4.15752,0.869
1595,2014-05-15,00:00:00.00,10.0004,4.18138,1.05
1596,2014-05-16,00:00:00.00,23.3941,4.392,8.63
1597,2014-05-17,00:00:00.00,8.877e-308,4.91677,33.8
1598,2014-05-18,00:00:00.00,0.0276723,5.68725,16.8
1599,2014-05-19,00:00:00.00,0.0902556,5.93192,4.77
1600,2014-05-20,00:00:00.00,0.0509257,5.46317,2.85
1601,2014-05-21,00:00:00.00,5.263,4.9553,1.9
1602,2014-05-22,00:00:00.00,10.8889,4.68787,3.05
1603,2014-05-23,00:00:00.00,0.0760171,4.69185,5.77
1604,2014-05-24,00:00:00.00,0.244719,4.86024,2.79
1605,2014-05-25,00:00:00.00,0.000300136,4.87442,1.65
1606,2014-05-26,00:00:00.00,0.000207576,4.64575,1.23
1607,2014-05-27,00:00:00.00,9.8676e-308,4.39368,0.973
1608,2014-05-28,00:00:00.00,5.93707,4.21102,0.835
1609,2014-05-29,00:00:00.00,0.00296745,4.0986,0.761
1610,2014-05-30,00:00:00.00,0.000272089,4.03467,0.793
1611,2014-05-31,00:00:00.00,0.00527442,3.9566,0.663
1612,2014-06-01,00:00:00.00,0,3.83459,0.561
1613,2014-06-02,00:00:00.00,0.025159,3.70782,0.49
1614,2014-06-03,00:00:00.00,3.61718,3.59575,0.439
1615,2014-06-04,00:00:00.00,0.0103672,3.49719,0.406
1616,2014-06-05,00:00:00.00,0.0105582,3.40606,0.379
1617,2014-06-06,00:00:00.00,0.0190844,3.31923,0.351
1618,2014-06-07,00:00:00.00,0,3.23562,0.312
1619,2014-06-08,00:00:00.00,0,3.15507,0.29
1620,2014-06-09,00:00:00.00,1.05518,3.07757,0.281
1621,2014-06-10,00:00:00.00,0.0187667,3.00296,0.262
1622,2014-06-11,00:00:00.00,0.00177902,2.93124,0.234
1623,2014-06-12,00:00:00.00,4.47268,2.8631,0.247
1624,2014-06-13,00:00:00.00,3.58203,2.8008,0.261
1625,2014-06-14,00:00:00.00,1.0329,2.74638,0.28
1626,2014-06-15,00:00:00.00,1.0149e-308,2.69241,0.312
1627,2014-06-16,00:00:00.00,0,2.63325,0.285
1628,2014-06-17,00:00:00.00,0.0285188,2.57384,0.255
1629,2014-06-18,00:00:00.00,0.0356278,2.51728,0.222
1630,2014-06-19,00:00:00.00,15.9166,2.48628,0.198
1631,2014-06-20,00:00:00.00,0.753469,2.54942,0.194
1632,2014-06-21,00:00:00.00,0.116616,2.75387,0.193
1633,2014-06-22,00:00:00.00,0.000781621,2.86403,0.564
1634,2014-06-23,00:00:00.00,1.42864e-308,2.73433,0.57
1635,2014-06-24,00:00:00.00,5.78604,2.55572,0.447
1636,2014-06-25,00:00:00.00,18.5199,2.476,0.376
1637,2014-06-26,00:00:00.00,0.0445375,2.57602,0.363
1638,2014-06-27,00:00:00.00,0.000496292,2.85113,0.477
1639,2014-06-28,00:00:00.00,0.0463437,2.98621,0.465
1640,2014-06-29,00:00:00.00,0.0535319,2.82518,0.395
1641,2014-06-30,00:00:00.00,17.1248,2.63241,0.327
1642,2014-07-01,00:00:00.00,0.620329,2.61534,0.262
1643,2014-07-02,00:00:00.00,4.66681,2.81002,0.256
1644,2014-07-03,00:00:00.00,0.103072,2.92313,0.439
1645,2014-07-04,00:00:00.00,0.441327,2.7864,0.454
1646,2014-07-05,00:00:00.00,0.00056051,2.59724,0.358
1647,2014-07-06,00:00:00.00,0,2.47188,0.29
1648,2014-07-07,00:00:00.00,0.0242224,2.4017,0.24
1649,2014-07-08,00:00:00.00,28.9538,2.39259,0.331
1650,2014-07-09,00:00:00.00,30.7061,2.6195,2.39
1651,2014-07-10,00:00:00.00,0.0265233,3.35845,13.1
1652,2014-07-11,00:00:00.00,0.00891891,4.27284,16.5
1653,2014-07-12,00:00:00.00,0.000300207,4.46155,4.49
1654,2014-07-13,00:00:00.00,0,3.94362,1.4
1655,2014-07-14,00:00:00.00,3.30911,3.42621,0.854
1656,2014-07-15,00:00:00.00,0.801881,3.15304,0.614
1657,2014-07-16,00:00:00.00,4.85992,3.0343,0.487
1658,2014-07-17,00:00:00.00,0.357477,2.96337,0.399
1659,2014-07-18,00:00:00.00,0.00517803,2.91209,0.341
1660,2014-07-19,00:00:00.00,0.000280476,2.85412,0.294
1661,2014-07-20,00:00:00.00,2.32013,2.77355,0.234
1662,2014-07-21,00:00:00.00,0.56523,2.69042,0.206
1663,2014-07-22,00:00:00.00,0,2.61649,0.181
1664,2014-07-23,00:00:00.00,2.407e-308,2.55079,0.17
1665,2014-07-24,00:00:00.00,0.267017,2.48888,0.145
1666,2014-07-25,00:00:00.00,4.62766e-308,2.42903,0.134
1667,2014-07-26,00:00:00.00,0.000187012,2.37135,0.117
1668,2014-07-27,00:00:00.00,0.0654358,2.31594,0.096
1669,2014-07-28,00:00:00.00,18.9022,2.28802,0.087
1670,2014-07-29,00:00:00.00,3.59589,2.36429,0.094
1671,2014-07-30,00:00:00.00,1.05908,2.59742,0.118
1672,2014-07-31,00:00:00.00,0.0235699,2.72947,0.335
1673,2014-08-01,00:00:00.00,2.07487,2.59478,0.277
1674,2014-08-02,00:00:00.00,1.51252,2.39833,0.186
1675,2014-08-03,00:00:00.00,0.8008,2.27039,0.135
1676,2014-08-04,00:00:00.00,0.00103821,2.20366,0.111
1677,2014-08-05,00:00:00.00,3.25944,2.15553,0.099
1678,2014-08-06,00:00:00.00,9.86535,2.1191,0.12
1679,2014-08-07,00:00:00.00,0.00256561,2.12376,0.151
1680,2014-08-08,00:00:00.00,2.826e-308,2.18789,0.249
1681,2014-08-09,00:00:00.00,0,2.21302,0.193
1682,2014-08-10,00:00:00.00,0,2.13695,0.138
1683,2014-08-11,00:00:00.00,0,2.03833,0.105
1684,2014-08-12,00:00:00.00,24.5137,1.99993,0.115
1685,2014-08-13,00:00:00.00,2.84131,2.11533,0.194
1686,2014-08-14,00:00:00.00,0.0519029,2.43313,0.229
1687,2014-08-15,00:00:00.00,0.0179274,2.61874,0.318
1688,2014-08-16,00:00:00.00,0.000138194,2.46208,0.229
1689,2014-08-17,00:00:00.00,1.70639,2.22783,0.159
1690,2014-08-18,00:00:00.00,0.217606,2.08461,0.12
1691,2014-08-19,00:00:00.00,0.000233611,2.02021,0.094
1692,2014-08-20,00:00:00.00,6.58928,1.98311,0.085
1693,2014-08-21,00:00:00.00,9.17022,1.97404,0.075
1694,2014-08-22,00:00:00.00,0.280433,2.02698,0.064
1695,2014-08-23,00:00:00.00,0.0110338,2.11325,0.063
1696,2014-08-24,00:00:00.00,0.153924,2.11863,0.081
1697,2014-08-25,00:00:00.00,0.000132582,2.02411,0.086
1698,2014-08-26,00:00:00.00,0,1.92193,0.08
1699,2014-08-27,00:00:00.00,0.174687,1.85541,0.067
1700,2014-08-28,00:00:00.00,7.58837e-308,1.81352,0.056
1701,2014-08-29,00:00:00.00,0,1.77837,0.05
1702,2014-08-30,00:00:00.00,0.000218299,1.74433,0.044
1703,2014-08-31,00:00:00.00,4.47416e-308,1.71141,0.041
1704,2014-09-01,00:00:00.00,0.85311,1.67951,0.042
1705,2014-09-02,00:00:00.00,19.1897,1.66969,0.062
1706,2014-09-03,00:00:00.00,4.82424,1.74686,0.144
1707,2014-09-04,00:00:00.00,0.0582546,1.95646,0.405
1708,2014-09-05,00:00:00.00,0.426699,2.09374,0.315
1709,2014-09-06,00:00:00.00,55.8802,2.07961,0.213
1710,2014-09-07,00:00:00.00,8.77291,2.32123,6.67
1711,2014-09-08,00:00:00.00,0.000556658,3.17632,23
1712,2014-09-09,00:00:00.00,0.000283441,3.82457,12
1713,2014-09-10,00:00:00.00,0.108701,3.55995,1.92
1714,2014-09-11,00:00:00.00,42.771,3.06162,1.44
1715,2014-09-12,00:00:00.00,0.405119,3.07814,17.4
1716,2014-09-13,00:00:00.00,3.93903,3.82639,40.2
1717,2014-09-14,00:00:00.00,9.5595,4.35322,17.6
1718,2014-09-15,00:00:00.00,0.012405,4.13552,10.4
1719,2014-09-16,00:00:00.00,4.62605,3.84376,5.9
1720,2014-09-17,00:00:00.00,0.241856,3.66351,2.59
1721,2014-09-18,00:00:00.00,8.565e-308,3.50865,1.47
1722,2014-09-19,00:00:00.00,0,3.3578,0.9
1723,2014-09-20,00:00:00.00,0,3.20514,0.578
1724,2014-09-21,00:00:00.00,5.14565,3.08735,0.425
1725,2014-09-22,00:00:00.00,14.8862,3.04372,1.84
1726,2014-09-23,00:00:00.00,0.409498,3.15631,11.1
1727,2014-09-24,00:00:00.00,0.00379717,3.41959,8.83
1728,2014-09-25,00:00:00.00,0.00423843,3.51523,2.89
1729,2014-09-26,00:00:00.00,0.012107,3.32107,1.22
1730,2014-09-27,00:00:00.00,0,3.08662,0.782
1731,2014-09-28,00:00:00.00,0.070121,2.93244,0.544
1732,2014-09-29,00:00:00.00,0.0350656,2.84121,0.418
1733,2014-09-30,00:00:00.00,0.145963,2.76893,0.381
1734,2014-10-01,00:00:00.00,13.6846,2.7231,0.338
1735,2014-10-02,00:00:00.00,0.121128,2.77354,1.32
1736,2014-10-03,00:00:00.00,0.150614,2.96821,1.31
1737,2014-10-04,00:00:00.00,9.35198,3.08237,0.886
1738,2014-10-05,00:00:00.00,6.2176,3.02508,2.7
1739,2014-10-06,00:00:00.00,0.0645042,3.04669,6.28
1740,2014-10-07,00:00:00.00,5.5874,3.13545,4.24
1741,2014-10-08,00:00:00.00,0.520966,3.11757,1.92
1742,2014-10-09,00:00:00.00,0,3.0321,1.34
1743,2014-10-10,00:00:00.00,0.0039146,2.93097,1.04
1744,2014-10-11,00:00:00.00,0.00246848,2.80531,0.784
1745,2014-10-12,00:00:00.00,0.524788,2.69432,0.642
1746,2014-10-13,00:00:00.00,0.00195478,2.61164,0.526
1747,2014-10-14,00:00:00.00,2.88525,2.55079,0.474
1748,2014-10-15,00:00:00.00,6.47298,2.51388,0.49
1749,2014-10-16,00:00:00.00,3.91188,2.53021,1.14
1750,2014-10-17,00:00:00.00,1.31442,2.6096,5.11
1751,2014-10-18,00:00:00.00,0.64037,2.65956,4.15
1752,2014-10-19,00:00:00.00,6.68738,2.61019,2.19
1753,2014-10-20,00:00:00.00,0.127945,2.54736,2.37
1754,2014-10-21,00:00:00.00,2.46534,2.56867,3.08
1755,2014-10-22,00:00:00.00,2.35721,2.59011,2.49
1756,2014-10-23,00:00:00.00,0.00707729,2.53999,2.25
1757,2014-10-24,00:00:00.00,0.0172272,2.47361,1.9
1758,2014-10-25,00:00:00.00,0.0204855,2.40562,1.38
1759,2014-10-26,00:00:00.00,0.00680619,2.33646,1.09
1760,2014-10-27,00:00:00.00,1.8892e-308,2.27603,0.896
1761,2014-10-28,00:00:00.00,0.123422,2.22724,0.761
1762,2014-10-29,00:00:00.00,2.97367,2.18853,0.684
1763,2014-10-30,00:00:00.00,0.331671,2.16319,0.687
1764,2014-10-31,00:00:00.00,0.0950333,2.15488,0.779
1765,2014-11-01,00:00:00.00,11.142,2.1558,0.847
1766,2014-11-02,00:00:00.00,1.87707,2.20599,2.06
1767,2014-11-03,00:00:00.00,0.00249107,2.36576,3.16
1768,2014-11-04,00:00:00.00,0.041813,2.46341,2.05
1769,2014-11-05,00:00:00.00,2.25711,2.37128,1.48
1770,2014-11-06,00:00:00.00,0.0165055,2.23495,1.22
1771,2014-11-07,00:00:00.00,7.6529,2.17241,1.06
1772,2014-11-08,00:00:00.00,4.01153,2.20391,1.13
1773,2014-11-09,00:00:00.00,3.32154,2.32837,2.67
1774,2014-11-10,00:00:00.00,0.0227569,2.44709,4.81
1775,2014-11-11,00:00:00.00,0.0748444,2.44767,3.63
1776,2014-11-12,00:00:00.00,0.073398,2.35249,2.49
1777,2014-11-13,00:00:00.00,0.00157825,2.23554,1.71
1778,2014-11-14,00:00:00.00,0.238004,2.15226,1.35
1779,2014-11-15,00:00:00.00,0.112587,2.1019,0.983
1780,2014-11-16,00:00:00.00,0.00217163,2.06624,0.766
1781,2014-11-17,00:00:00.00,2.40954,2.03458,0.686
1782,2014-11-18,00:00:00.00,4.32042,2.00409,0.64
1783,2014-11-19,00:00:00.00,0.101479,1.97474,0.591
1784,2014-11-20,00:00:00.00,3.80868,1.94646,0.504
1785,2014-11-21,00:00:00.00,2.02536,1.91914,0.477
1786,2014-11-22,00:00:00.00,0.282649,1.89267,0.438
1787,2014-11-23,00:00:00.00,2.28019,1.86823,0.387
1788,2014-11-24,00:00:00.00,5.1145,1.85684,1.08
1789,2014-11-25,00:00:00.00,17.0714,1.93915,14.3
1790,2014-11-26,00:00:00.00,0.143984,2.29003,32.2
1791,2014-11-27,00:00:00.00,0.0843593,2.95514,17.4
1792,2014-11-28,00:00:00.00,2.12498,3.3037,4.8
1793,2014-11-29,00:00:00.00,0.825022,3.0201,2.91
1794,2014-11-30,00:00:00.00,0.358654,2.62359,1.85
1795,2014-12-01,00:00:00.00,0.821733,2.40534,1.44
1796,2014-12-02,00:00:00.00,0.0307368,2.32815,1.4
1797,2014-12-03,00:00:00.00,0.00685373,2.28946,1.2
1798,2014-12-04,00:00:00.00,0.579566,2.25272,1.03
1799,2014-12-05,00:00:00.00,0.000562332,2.2177,0.876
1800,2014-12-06,00:00:00.00,0.000462134,2.18404,0.726
1801,2014-12-07,00:00:00.00,0.00180391,2.15152,0.642
1802,2014-12-08,00:00:00.00,0.000680784,2.12007,0.58
1803,2014-12-09,00:00:00.00,0.0172854,2.08962,0.505
1804,2014-12-10,00:00:00.00,0.417827,2.06185,0.512
1805,2014-12-11,00:00:00.00,0.0293644,2.04183,0.495
1806,2014-12-12,00:00:00.00,0.000435689,2.03265,0.467
1807,2014-12-13,00:00:00.00,0.0112866,2.01748,0.477
1808,2014-12-14,00:00:00.00,0.171873,1.98557,0.414
1809,2014-12-15,00:00:00.00,0.317385,1.95039,0.367
1810,2014-12-16,00:00:00.00,0.157587,1.9208,0.362
1811,2014-12-17,00:00:00.00,8.24253,1.91029,0.391
1812,2014-12-18,00:00:00.00,2.1595,1.95959,0.562
1813,2014-12-19,00:00:00.00,0.22399,2.09803,1.84
1814,2014-12-20,00:00:00.00,0.11726,2.18657,1.8
1815,2014-12-21,00:00:00.00,0.0480411,2.12149,1.19
1816,2014-12-22,00:00:00.00,0.00126693,2.0086,0.913
1817,2014-12-23,00:00:00.00,0.000451845,1.93329,0.795
1818,2014-12-24,00:00:00.00,0.624464,1.89663,0.742
1819,2014-12-25,00:00:00.00,21.3713,1.91316,1.16
1820,2014-12-26,00:00:00.00,0.791914,2.09298,10.6
1821,2014-12-27,00:00:00.00,0.00165744,2.52154,14.6
1822,2014-12-28,00:00:00.00,1.44908,2.79233,6.38
1823,2014-12-29,00:00:00.00,0.284537,2.63713,3.57
1824,2014-12-30,00:00:00.00,0.0411904,2.38576,2.63
1825,2014-12-31,00:00:00.00,0.0020859,2.23904,1.88
