time,date,hour,precip [mm/day],sub16 [m3/s],sub16 (observed) [m3/s]
0,2010-01-01,00:00:00.00,---,0,
1,2010-01-02,00:00:00.00,3.91212,0.000498563,16
2,2010-01-03,00:00:00.00,0.20475,0.00303635,17
3,2010-01-04,00:00:00.00,0.506222,0.00561701,16
4,2010-01-05,00:00:00.00,0.200691,0.00592567,18
5,2010-01-06,00:00:00.00,1.58187,0.00542541,21
6,2010-01-07,00:00:00.00,0.0658264,0.00487528,24
7,2010-01-08,00:00:00.00,1.17281,0.00431893,21.5
8,2010-01-09,00:00:00.00,3.30462,0.00379458,20
9,2010-01-10,00:00:00.00,0.0114949,0.00335415,18.5
10,2010-01-11,00:00:00.00,0.0140338,0.00302275,17
11,2010-01-12,00:00:00.00,3.46454,0.00274,16
12,2010-01-13,00:00:00.00,0.148174,0.00246359,15
13,2010-01-14,00:00:00.00,0.00425814,0.0022017,14
14,2010-01-15,00:00:00.00,0.033936,0.00192804,13
15,2010-01-16,00:00:00.00,0.144658,0.00162407,12
16,2010-01-17,00:00:00.00,0.0387741,0.00132849,11.5
17,2010-01-18,00:00:00.00,0.0133939,0.00107705,11
18,2010-01-19,00:00:00.00,0.0132323,0.000864122,10.5
19,2010-01-20,00:00:00.00,0.785516,0.000684297,9.8
20,2010-01-21,00:00:00.00,0.145947,0.000548315,9.3
21,2010-01-22,00:00:00.00,0.00132272,0.00044509,8.9
22,2010-01-23,00:00:00.00,0.00236847,0.000356742,8.5
23,2010-01-24,00:00:00.00,0.00804496,0.000275202,8.1
24,2010-01-25,00:00:00.00,6.83801,0.0601675,7.7
25,2010-01-26,00:00:00.00,8.21333,1.60756,11
26,2010-01-27,00:00:00.00,2.73414,6.55072,18
27,2010-01-28,00:00:00.00,2.62291,6.73113,36
28,2010-01-29,00:00:00.00,3.54593,1.79765,25
29,2010-01-30,00:00:00.00,1.04228,0.128104,17
30,2010-01-31,00:00:00.00,0.014235,0.111739,14.5
31,2010-02-01,00:00:00.00,4.04125,0.102723,13
32,2010-02-02,00:00:00.00,0.559243,0.0937245,11.5
33,2010-02-03,00:00:00.00,2.52138,0.0832198,10
34,2010-02-04,00:00:00.00,1.31328,0.0723215,8.7
35,2010-02-05,00:00:00.00,0.0508149,0.0618283,8
36,2010-02-06,00:00:00.00,0.00180221,0.0521381,7.2
37,2010-02-07,00:00:00.00,0.00177823,0.0437146,6.5
38,2010-02-08,00:00:00.00,0.00146688,0.037374,6
39,2010-02-09,00:00:00.00,0.000187825,0.0328855,5.5
40,2010-02-10,00:00:00.00,1.37199,0.0289625,5.2
41,2010-02-11,00:00:00.00,2.47188,0.0250875,4.9
42,2010-02-12,00:00:00.00,0.00114391,0.0212041,4.7
43,2010-02-13,00:00:00.00,0.390207,0.0176717,4.5
44,2010-02-14,00:00:00.00,0.333206,0.0147148,4.3
45,2010-02-15,00:00:00.00,0.494307,0.0121624,4.15
46,2010-02-16,00:00:00.00,0.601587,0.00988001,4.01
47,2010-02-17,00:00:00.00,0.696589,0.00782978,3.95
48,2010-02-18,00:00:00.00,0.0971172,0.00610636,3.9
49,2010-02-19,00:00:00.00,0.0677406,0.00465639,3.85
50,2010-02-20,00:00:00.00,0.0257461,0.00340621,3.8
51,2010-02-21,00:00:00.00,0.00268817,0.00237565,3.75
52,2010-02-22,00:00:00.00,0.000359545,0.00156604,3.73
53,2010-02-23,00:00:00.00,13.4309,0.00118888,3.7
54,2010-02-24,00:00:00.00,1.08252,0.00168165,3.67
55,2010-02-25,00:00:00.00,0.24875,0.00153669,3.64
56,2010-02-26,00:00:00.00,3.25909,0.000618803,3.61
57,2010-02-27,00:00:00.00,6.2355,0.008252,3.58
58,2010-02-28,00:00:00.00,0.934983,0.0382609,3.55
59,2010-03-01,00:00:00.00,0.0248449,0.040426,3.52
60,2010-03-02,00:00:00.00,0.000522904,0.0104196,3.5
61,2010-03-03,00:00:00.00,0.000788376,0.000367921,3.48
62,2010-03-04,00:00:00.00,0.000513821,0.00036793,3.46
63,2010-03-05,00:00:00.00,0.000266108,0.000367933,3.44
64,2010-03-06,00:00:00.00,0.000145807,0.000367933,3.42
65,2010-03-07,00:00:00.00,0,0.000367929,3.4
66,2010-03-08,00:00:00.00,0,0.000367924,3.38
67,2010-03-09,00:00:00.00,0,0.000367918,3.36
68,2010-03-10,00:00:00.00,0.000263553,2.67684,5
69,2010-03-11,00:00:00.00,0.0581234,12.6196,8
70,2010-03-12,00:00:00.00,0.0268154,13.37,13
71,2010-03-13,00:00:00.00,2.31842,3.54243,22
72,2010-03-14,00:00:00.00,15.4321,1.413,54
73,2010-03-15,00:00:00.00,6.21608,5.72435,110
74,2010-03-16,00:00:00.00,0.370135,7.40161,161
75,2010-03-17,00:00:00.00,5.5586e-308,3.58872,69.1
76,2010-03-18,00:00:00.00,0.000362607,0.666331,41.5
77,2010-03-19,00:00:00.00,0.000179723,0.084135,31.1
78,2010-03-20,00:00:00.00,0.000859798,0.0503774,25.5
79,2010-03-21,00:00:00.00,0.200181,0.0328474,21.6
80,2010-03-22,00:00:00.00,0.255289,0.0281832,18
81,2010-03-23,00:00:00.00,4.6025,0.0995037,15.1
82,2010-03-24,00:00:00.00,0.732695,0.388933,14.1
83,2010-03-25,00:00:00.00,0.00459092,0.411635,12.8
84,2010-03-26,00:00:00.00,0.00119063,0.123003,11.6
85,2010-03-27,00:00:00.00,0.000351217,0.0297815,10.2
86,2010-03-28,00:00:00.00,0.00101964,0.0297778,9.16
87,2010-03-29,00:00:00.00,6.13029,0.101283,8.34
88,2010-03-30,00:00:00.00,1.26182,0.402805,8.98
89,2010-03-31,00:00:00.00,4.6015e-308,0.427707,9.2
90,2010-04-01,00:00:00.00,1.60033e-308,0.127045,8.8
91,2010-04-02,00:00:00.00,0.00993944,0.0314895,8.07
92,2010-04-03,00:00:00.00,0.000237152,0.0314804,7.79
93,2010-04-04,00:00:00.00,0.197992,0.0314696,7.17
94,2010-04-05,00:00:00.00,0.323607,0.0314579,6.7
95,2010-04-06,00:00:00.00,0.117595,0.0314461,6.23
96,2010-04-07,00:00:00.00,16.9005,0.3156,7.98
97,2010-04-08,00:00:00.00,10.7071,1.86092,11.4
98,2010-04-09,00:00:00.00,16.7641,4.75335,24.1
99,2010-04-10,00:00:00.00,0.214632,8.0185,48.8
100,2010-04-11,00:00:00.00,0.377846,6.32741,37.9
101,2010-04-12,00:00:00.00,0.0013446,1.56195,23.7
102,2010-04-13,00:00:00.00,0,0.109139,17.7
103,2010-04-14,00:00:00.00,0,0.0968145,14
104,2010-04-15,00:00:00.00,4.41638e-308,0.0967922,11.4
105,2010-04-16,00:00:00.00,2.20819e-308,0.0967392,9.89
106,2010-04-17,00:00:00.00,0.223202,0.096671,8.72
107,2010-04-18,00:00:00.00,0.763615,0.0965967,7.94
108,2010-04-19,00:00:00.00,0.135462,0.0965206,7.28
109,2010-04-20,00:00:00.00,1.0976e-308,0.096444,6.68
110,2010-04-21,00:00:00.00,0.00264629,0.0963669,6.23
111,2010-04-22,00:00:00.00,0.000440931,0.0962897,5.81
112,2010-04-23,00:00:00.00,0.000263,0.0962125,5.23
113,2010-04-24,00:00:00.00,0,0.0961354,5.14
114,2010-04-25,00:00:00.00,0.00607022,0.0960583,4.94
115,2010-04-26,00:00:00.00,15.3056,0.231396,5.04
116,2010-04-27,00:00:00.00,0.0496536,0.82374,5.5
117,2010-04-28,00:00:00.00,0.000555558,0.871194,5.3
118,2010-04-29,00:00:00.00,1.41167e-308,0.283125,5.06
119,2010-04-30,00:00:00.00,0.00838443,0.104528,4.65
120,2010-05-01,00:00:00.00,0.00509342,0.104443,4.36
121,2010-05-02,00:00:00.00,2.15645,0.104355,4.32
122,2010-05-03,00:00:00.00,0.979666,0.104267,4.23
123,2010-05-04,00:00:00.00,10.4655,0.140366,4.35
124,2010-05-05,00:00:00.00,0.10155,0.369716,4.45
125,2010-05-06,00:00:00.00,9.95025,0.541653,8.09
126,2010-05-07,00:00:00.00,0.00575001,0.843604,7.9
127,2010-05-08,00:00:00.00,24.3182,2.03402,6.54
128,2010-05-09,00:00:00.00,6.2267,6.38767,9.83
129,2010-05-10,00:00:00.00,0.0845941,7.75304,47.6
130,2010-05-11,00:00:00.00,6.49663e-308,3.32126,32.5
131,2010-05-12,00:00:00.00,6.1829,0.822317,19.6
132,2010-05-13,00:00:00.00,0.156758,1.23913,14.1
133,2010-05-14,00:00:00.00,12.3997,1.90248,11.6
134,2010-05-15,00:00:00.00,0.321434,3.32921,12
135,2010-05-16,00:00:00.00,7.52861e-308,3.22262,19.8
136,2010-05-17,00:00:00.00,0.000749337,1.04608,19.2
137,2010-05-18,00:00:00.00,0.000387734,0.344287,12.4
138,2010-05-19,00:00:00.00,0.0554549,0.343671,9.41
139,2010-05-20,00:00:00.00,0.000146892,0.343023,7.56
140,2010-05-21,00:00:00.00,0.000918882,0.342366,6.46
141,2010-05-22,00:00:00.00,0.0193062,0.341708,5.66
142,2010-05-23,00:00:00.00,4.45323,0.34109,5.31
143,2010-05-24,00:00:00.00,0.0215532,0.34055,5.2
144,2010-05-25,00:00:00.00,0.000339994,0.339973,4.94
145,2010-05-26,00:00:00.00,0.000181806,0.339322,4.61
146,2010-05-27,00:00:00.00,2.478e-308,0.338673,4.26
147,2010-05-28,00:00:00.00,0.00106208,0.338026,3.92
148,2010-05-29,00:00:00.00,0.115098,0.337381,3.73
149,2010-05-30,00:00:00.00,0.107642,0.336738,3.51
150,2010-05-31,00:00:00.00,0.00178181,0.336097,3.34
151,2010-06-01,00:00:00.00,3.42502,0.335459,3.35
152,2010-06-02,00:00:00.00,5.06109,0.334825,4.02
153,2010-06-03,00:00:00.00,17.1884,0.428205,3.66
154,2010-06-04,00:00:00.00,12.9771,1.43219,4.31
155,2010-06-05,00:00:00.00,7.56825,3.38262,6.35
156,2010-06-06,00:00:00.00,1.30386,3.84937,10.9
157,2010-06-07,00:00:00.00,24.2768,3.68719,18.2
158,2010-06-08,00:00:00.00,0.00043037,8.03814,22.1
159,2010-06-09,00:00:00.00,0.00196692,8.21853,22.5
160,2010-06-10,00:00:00.00,16.4233,3.31739,14.1
161,2010-06-11,00:00:00.00,0.104511,4.3318,12.7
162,2010-06-12,00:00:00.00,0.016886,4.58943,14
163,2010-06-13,00:00:00.00,1.37154,1.86894,17.7
164,2010-06-14,00:00:00.00,0.682115,1.04487,11.2
165,2010-06-15,00:00:00.00,0.270908,1.0405,8.66
166,2010-06-16,00:00:00.00,4.0931e-308,1.0361,6.98
167,2010-06-17,00:00:00.00,12.7765,1.03953,6.8
168,2010-06-18,00:00:00.00,0.0168709,1.3866,7.03
169,2010-06-19,00:00:00.00,0.0118165,1.39784,6.26
170,2010-06-20,00:00:00.00,0.165565,1.06533,5.49
171,2010-06-21,00:00:00.00,0.0166428,1.06073,4.88
172,2010-06-22,00:00:00.00,0,1.05617,4.53
173,2010-06-23,00:00:00.00,12.0219,1.05537,4.42
174,2010-06-24,00:00:00.00,0.125073,1.12309,4.77
175,2010-06-25,00:00:00.00,6.06458,1.12748,4.91
176,2010-06-26,00:00:00.00,0.00405846,1.06628,4.57
177,2010-06-27,00:00:00.00,4.35893,1.06477,4.32
178,2010-06-28,00:00:00.00,23.2531,1.66648,7.29
179,2010-06-29,00:00:00.00,0.401549,4.34557,5.8
180,2010-06-30,00:00:00.00,0.0807712,4.61013,28.2
181,2010-07-01,00:00:00.00,0.00180256,2.06137,22.5
182,2010-07-02,00:00:00.00,0.0125194,1.31997,11.5
183,2010-07-03,00:00:00.00,0.00059859,1.31337,7.28
184,2010-07-04,00:00:00.00,0,1.30678,5.42
185,2010-07-05,00:00:00.00,5.9457e-308,1.30023,4.5
186,2010-07-06,00:00:00.00,0.000446405,1.29374,3.95
187,2010-07-07,00:00:00.00,9.33482e-308,1.28731,3.59
188,2010-07-08,00:00:00.00,0.364289,1.28093,3.31
189,2010-07-09,00:00:00.00,2.06541,1.2746,3.15
190,2010-07-10,00:00:00.00,22.3913,1.43009,3.39
191,2010-07-11,00:00:00.00,0.000808503,2.56212,3.51
192,2010-07-12,00:00:00.00,1.33616,2.68838,3.66
193,2010-07-13,00:00:00.00,14.3402,1.78616,3.84
194,2010-07-14,00:00:00.00,0.257641,2.75393,3.81
195,2010-07-15,00:00:00.00,0.0026292,2.88725,3.48
196,2010-07-16,00:00:00.00,1.0752,1.76229,3.24
197,2010-07-17,00:00:00.00,16.5498,1.68249,4.17
198,2010-07-18,00:00:00.00,0.43377,2.87537,6.44
199,2010-07-19,00:00:00.00,1.82165,3.01482,5.81
200,2010-07-20,00:00:00.00,4.70624,1.89312,4.69
201,2010-07-21,00:00:00.00,0.040754,1.66707,4.43
202,2010-07-22,00:00:00.00,0.893823,1.65999,4.11
203,2010-07-23,00:00:00.00,0.580934,1.65013,3.84
204,2010-07-24,00:00:00.00,21.5375,1.95726,4.3
205,2010-07-25,00:00:00.00,12.7268,4.38286,5.69
206,2010-07-26,00:00:00.00,0.23001,6.87585,19
207,2010-07-27,00:00:00.00,0.000171062,5.18228,12.6
208,2010-07-28,00:00:00.00,0.0119502,2.65232,7.63
209,2010-07-29,00:00:00.00,13.1383,2.21812,7.08
210,2010-07-30,00:00:00.00,0.000614428,3.07667,8.38
211,2010-07-31,00:00:00.00,6.46283e-308,3.18708,6.57
212,2010-08-01,00:00:00.00,0.725963,2.38818,4.98
213,2010-08-02,00:00:00.00,0.499886,2.3059,4.54
214,2010-08-03,00:00:00.00,0.140101,2.28846,4.22
215,2010-08-04,00:00:00.00,0.0148587,2.27122,3.91
216,2010-08-05,00:00:00.00,0.0836466,2.2542,3.72
217,2010-08-06,00:00:00.00,0.18334,2.2374,3.58
218,2010-08-07,00:00:00.00,0.301875,2.22082,3.37
219,2010-08-08,00:00:00.00,0.219037,2.20445,3.17
220,2010-08-09,00:00:00.00,3.68054,2.18828,3.07
221,2010-08-10,00:00:00.00,7.88996,2.17306,3.29
222,2010-08-11,00:00:00.00,0.072236,2.1595,4.54
223,2010-08-12,00:00:00.00,0.00587956,2.14536,3.81
224,2010-08-13,00:00:00.00,0.00955979,2.12994,3.46
225,2010-08-14,00:00:00.00,0.00374642,2.11471,3.28
226,2010-08-15,00:00:00.00,0.00755131,2.09967,3.1
227,2010-08-16,00:00:00.00,0.522851,2.08481,3.02
228,2010-08-17,00:00:00.00,0.00174042,2.07014,3.05
229,2010-08-18,00:00:00.00,0.000453633,2.05564,3.03
230,2010-08-19,00:00:00.00,0.00343168,2.04132,2.89
231,2010-08-20,00:00:00.00,0.31821,2.02717,2.77
232,2010-08-21,00:00:00.00,0.0776049,2.01319,2.64
233,2010-08-22,00:00:00.00,11.5414,2.00271,2.85
234,2010-08-23,00:00:00.00,3.80932,1.99948,3.84
235,2010-08-24,00:00:00.00,1.3917,1.99399,3.53
236,2010-08-25,00:00:00.00,0.061353,1.98145,3.17
237,2010-08-26,00:00:00.00,0.00855384,1.96803,3
238,2010-08-27,00:00:00.00,0.00869179,1.95475,2.87
239,2010-08-28,00:00:00.00,0.0027871,1.94163,2.71
240,2010-08-29,00:00:00.00,0.00133603,1.92865,2.6
241,2010-08-30,00:00:00.00,0,1.91583,2.51
242,2010-08-31,00:00:00.00,0.000233662,1.90315,2.45
243,2010-09-01,00:00:00.00,0.000256427,1.89062,2.33
244,2010-09-02,00:00:00.00,0.312667,1.87822,2.36
245,2010-09-03,00:00:00.00,5.68981,1.86612,2.28
246,2010-09-04,00:00:00.00,12.2532,1.86393,2.65
247,2010-09-05,00:00:00.00,11.6197,2.39547,4.81
248,2010-09-06,00:00:00.00,1.36386,3.71159,4.69
249,2010-09-07,00:00:00.00,0.654963,3.47806,3.98
250,2010-09-08,00:00:00.00,0.260606,2.25996,3.86
251,2010-09-09,00:00:00.00,4.10849,2.06111,3.43
252,2010-09-10,00:00:00.00,1.30927,2.06015,3.13
253,2010-09-11,00:00:00.00,0.0227906,2.05483,2.96
254,2010-09-12,00:00:00.00,3.57053,2.0428,2.85
255,2010-09-13,00:00:00.00,2.4557,2.03485,2.88
256,2010-09-14,00:00:00.00,1.2089,2.02499,2.91
257,2010-09-15,00:00:00.00,0.0119286,2.01123,2.77
258,2010-09-16,00:00:00.00,0.0193644,1.99754,2.62
259,2010-09-17,00:00:00.00,23.1204,2.64151,3.45
260,2010-09-18,00:00:00.00,0.0571812,5.7865,4.63
261,2010-09-19,00:00:00.00,0.497308,6.17201,4.61
262,2010-09-20,00:00:00.00,0.00115367,3.26679,4.29
263,2010-09-21,00:00:00.00,0.0360911,2.46086,3.62
264,2010-09-22,00:00:00.00,1.30577,2.44197,3.23
265,2010-09-23,00:00:00.00,2.57341,2.42318,3.22
266,2010-09-24,00:00:00.00,0.0715248,2.40476,3.12
267,2010-09-25,00:00:00.00,0.13507,2.38637,2.96
268,2010-09-26,00:00:00.00,1.93682,2.36791,3.01
269,2010-09-27,00:00:00.00,0.0131228,2.34967,2.93
270,2010-09-28,00:00:00.00,4.38557,2.33459,2.95
271,2010-09-29,00:00:00.00,32.1484,4.02131,3.95
272,2010-09-30,00:00:00.00,0.103728,10.7611,6.65
273,2010-10-01,00:00:00.00,0.00403763,11.5287,12.3
274,2010-10-02,00:00:00.00,0.157999,5.42362,9
275,2010-10-03,00:00:00.00,7.69944,3.63233,6.9
276,2010-10-04,00:00:00.00,0.335549,4.58151,5.8
277,2010-10-05,00:00:00.00,0.710533,4.66266,5.12
278,2010-10-06,00:00:00.00,4.90986,3.82645,5.11
279,2010-10-07,00:00:00.00,3.66135,4.22913,5.96
280,2010-10-08,00:00:00.00,0.254289,4.53689,5.78
281,2010-10-09,00:00:00.00,0.00824017,4.18678,5.36
282,2010-10-10,00:00:00.00,0.000501365,3.91324,4.76
283,2010-10-11,00:00:00.00,0.00588196,3.87122,4.27
284,2010-10-12,00:00:00.00,3.69563,3.83901,4.1
285,2010-10-13,00:00:00.00,0,3.82644,4.37
286,2010-10-14,00:00:00.00,3.6884,3.81557,4.1
287,2010-10-15,00:00:00.00,19.0856,4.84608,7.9
288,2010-10-16,00:00:00.00,0.0193953,8.91757,11.4
289,2010-10-17,00:00:00.00,3.3618e-308,9.25582,9.42
290,2010-10-18,00:00:00.00,0.00155423,5.67276,7.19
291,2010-10-19,00:00:00.00,0.0430752,4.75387,5.81
292,2010-10-20,00:00:00.00,0.0802569,4.6957,5.16
293,2010-10-21,00:00:00.00,3.64577,4.65516,4.75
294,2010-10-22,00:00:00.00,7.54222,4.89456,5.23
295,2010-10-23,00:00:00.00,1.28772,5.95871,5.45
296,2010-10-24,00:00:00.00,5.39415,6.16127,5.5
297,2010-10-25,00:00:00.00,4.95019,6.19646,5.85
298,2010-10-26,00:00:00.00,0.139355,6.92077,5.84
299,2010-10-27,00:00:00.00,10.5579,6.79385,8.51
300,2010-10-28,00:00:00.00,0.0725813,8.29425,11.3
301,2010-10-29,00:00:00.00,1.87519,8.40194,10.4
302,2010-10-30,00:00:00.00,0.463151,6.46137,10.9
303,2010-10-31,00:00:00.00,0.0368337,6.07615,8.56
304,2010-11-01,00:00:00.00,0.0127006,5.99072,6.69
305,2010-11-02,00:00:00.00,0.00192532,5.90547,5.68
306,2010-11-03,00:00:00.00,0.00517459,5.82097,5.43
307,2010-11-04,00:00:00.00,2.32023,5.7502,4.87
308,2010-11-05,00:00:00.00,0.342294,5.70568,4.68
309,2010-11-06,00:00:00.00,1.47332,5.65342,4.73
310,2010-11-07,00:00:00.00,0.0163909,5.58478,4.54
311,2010-11-08,00:00:00.00,0.000641745,5.51387,4.37
312,2010-11-09,00:00:00.00,0.000711752,5.43698,4.27
313,2010-11-10,00:00:00.00,0.000882178,5.36139,4.12
314,2010-11-11,00:00:00.00,0.000459181,5.28718,3.97
315,2010-11-12,00:00:00.00,0.000215217,5.21442,3.8
316,2010-11-13,00:00:00.00,0.000515251,5.14315,3.77
317,2010-11-14,00:00:00.00,0.190407,5.07338,3.76
318,2010-11-15,00:00:00.00,1.60277,5.00791,3.82
319,2010-11-16,00:00:00.00,0.00836103,4.94942,3.74
320,2010-11-17,00:00:00.00,10.7609,4.95773,3.75
321,2010-11-18,00:00:00.00,8.13294,6.36216,5.43
322,2010-11-19,00:00:00.00,1.49644,8.2831,6.8
323,2010-11-20,00:00:00.00,0.0425079,7.43381,7.81
324,2010-11-21,00:00:00.00,0.000962122,5.81969,7.22
325,2010-11-22,00:00:00.00,0.255839,5.57012,6.35
326,2010-11-23,00:00:00.00,7.89486,5.59395,5.95
327,2010-11-24,00:00:00.00,7.28699,7.51839,9.15
328,2010-11-25,00:00:00.00,0.0292919,9.83717,11.3
329,2010-11-26,00:00:00.00,10.0052,9.11936,12.5
330,2010-11-27,00:00:00.00,2.8021,8.96445,14.2
331,2010-11-28,00:00:00.00,2.36262,8.67536,14.8
332,2010-11-29,00:00:00.00,0.0805117,7.23095,13.9
333,2010-11-30,00:00:00.00,0.0440968,7.04031,11.3
334,2010-12-01,00:00:00.00,19.1329,8.98062,10.6
335,2010-12-02,00:00:00.00,6.59957,18.1546,22.2
336,2010-12-03,00:00:00.00,1.80925,20.5477,52.9
337,2010-12-04,00:00:00.00,0.921931,13.1805,33.6
338,2010-12-05,00:00:00.00,0.286284,10.4908,20.8
339,2010-12-06,00:00:00.00,2.34318,10.2742,16
340,2010-12-07,00:00:00.00,9.45265,10.0627,13.3
341,2010-12-08,00:00:00.00,4.71731,9.85634,11.3
342,2010-12-09,00:00:00.00,3.9531,9.65544,14.8
343,2010-12-10,00:00:00.00,0.687069,9.46012,18.3
344,2010-12-11,00:00:00.00,1.86608,9.27054,17.2
345,2010-12-12,00:00:00.00,0.45768,9.08682,12.8
346,2010-12-13,00:00:00.00,18.385,9.05074,9.33
347,2010-12-14,00:00:00.00,1.00983,10.1669,10.7
348,2010-12-15,00:00:00.00,1.38256,10.2731,12
349,2010-12-16,00:00:00.00,3.27403,9.22649,13.4
350,2010-12-17,00:00:00.00,2.59321,9.04684,16
351,2010-12-18,00:00:00.00,2.03279,8.87191,15
352,2010-12-19,00:00:00.00,0.645999,8.70164,14
353,2010-12-20,00:00:00.00,0.694964,8.53607,13
354,2010-12-21,00:00:00.00,0.450654,8.37514,12.5
355,2010-12-22,00:00:00.00,0.289478,8.21867,12
356,2010-12-23,00:00:00.00,0.0543777,8.06652,11.5
357,2010-12-24,00:00:00.00,0.0221628,7.9186,11
358,2010-12-25,00:00:00.00,0.0238808,7.7748,10.5
359,2010-12-26,00:00:00.00,0.000721863,7.63501,10
360,2010-12-27,00:00:00.00,0.0310002,7.49917,9.5
361,2010-12-28,00:00:00.00,0.0454237,7.3672,9.1
362,2010-12-29,00:00:00.00,0.261344,7.23894,8.7
363,2010-12-30,00:00:00.00,0.153116,7.11423,8.4
364,2010-12-31,00:00:00.00,0.323024,6.99294,8.2
365,2011-01-01,00:00:00.00,2.36443,6.88873,14
366,2011-01-02,00:00:00.00,12.161,11.0721,15.7
367,2011-01-03,00:00:00.00,0.74112,27.8856,58.6
368,2011-01-04,00:00:00.00,1.51753,31.0463,110
369,2011-01-05,00:00:00.00,8.85803,17.7282,29.3
370,2011-01-06,00:00:00.00,0.909708,13.7084,15.3
371,2011-01-07,00:00:00.00,5.08544,13.4073,11.9
372,2011-01-08,00:00:00.00,1.31649,13.0653,10.5
373,2011-01-09,00:00:00.00,0.216273,12.736,9.5
374,2011-01-10,00:00:00.00,0.583021,12.4191,9.18
375,2011-01-11,00:00:00.00,0.155078,12.1142,8.82
376,2011-01-12,00:00:00.00,5.55658,11.8207,8.88
377,2011-01-13,00:00:00.00,5.0537,11.5382,8.94
378,2011-01-14,00:00:00.00,0.869307,11.2662,8.61
379,2011-01-15,00:00:00.00,1.04089,11.0041,8.36
380,2011-01-16,00:00:00.00,11.1373,10.7516,8.24
381,2011-01-17,00:00:00.00,0.650946,10.508,8.02
382,2011-01-18,00:00:00.00,0.0610159,10.2732,7.74
383,2011-01-19,00:00:00.00,1.02527,10.047,7.58
384,2011-01-20,00:00:00.00,0.656574,9.82904,7.62
385,2011-01-21,00:00:00.00,2.82288,9.61869,7.9
386,2011-01-22,00:00:00.00,5.97482,9.4156,7.88
387,2011-01-23,00:00:00.00,3.69831,9.21953,7.6
388,2011-01-24,00:00:00.00,0.41814,9.0303,7.56
389,2011-01-25,00:00:00.00,1.96736,8.84771,7.71
390,2011-01-26,00:00:00.00,0.490391,8.67138,7.68
391,2011-01-27,00:00:00.00,0.272058,8.50074,7.6
392,2011-01-28,00:00:00.00,2.07133,8.33541,7.52
393,2011-01-29,00:00:00.00,1.41871,8.1752,7.44
394,2011-01-30,00:00:00.00,2.71638,8.01997,7.36
395,2011-01-31,00:00:00.00,0.469351,7.86957,7.28
396,2011-02-01,00:00:00.00,0.0301564,7.72387,7.17
397,2011-02-02,00:00:00.00,1.29842,7.58273,7.94
398,2011-02-03,00:00:00.00,15.2954,7.44595,8.6
399,2011-02-04,00:00:00.00,0.032387,7.3133,7.9
400,2011-02-05,00:00:00.00,0.0100962,7.18463,7.58
401,2011-02-06,00:00:00.00,7.67851,7.05979,8.1
402,2011-02-07,00:00:00.00,1.78679,6.93861,7.7
403,2011-02-08,00:00:00.00,0.711685,6.82091,6.76
404,2011-02-09,00:00:00.00,0.253985,6.70655,6.44
405,2011-02-10,00:00:00.00,0.375593,6.59545,6.58
406,2011-02-11,00:00:00.00,0.185799,6.4875,6.65
407,2011-02-12,00:00:00.00,1.84374,6.38258,6.59
408,2011-02-13,00:00:00.00,5.12727,6.28057,6.65
409,2011-02-14,00:00:00.00,2.21282,6.18134,6.99
410,2011-02-15,00:00:00.00,0.0813794,6.08479,7.04
411,2011-02-16,00:00:00.00,1.32591e-308,5.99081,6.48
412,2011-02-17,00:00:00.00,0.275437,5.89931,6.07
413,2011-02-18,00:00:00.00,0.423283,5.81018,7.26
414,2011-02-19,00:00:00.00,0.233008,6.1552,10.8
415,2011-02-20,00:00:00.00,0.742909,9.1596,23
416,2011-02-21,00:00:00.00,5.21154,9.68261,61.9
417,2011-02-22,00:00:00.00,4.01383,7.08797,51.9
418,2011-02-23,00:00:00.00,0.00581269,6.53561,27.2
419,2011-02-24,00:00:00.00,0.00563175,6.43629,18.3
420,2011-02-25,00:00:00.00,2.8235,6.33863,16.2
421,2011-02-26,00:00:00.00,0.991713,6.24259,14.3
422,2011-02-27,00:00:00.00,8.78495,6.1482,11.4
423,2011-02-28,00:00:00.00,2.81897,6.05565,10.5
424,2011-03-01,00:00:00.00,16.7935,6.00201,11.7
425,2011-03-02,00:00:00.00,0.0105411,6.02351,15.4
426,2011-03-03,00:00:00.00,0.0870007,6.00796,17.8
427,2011-03-04,00:00:00.00,0.0203749,5.91926,16.7
428,2011-03-05,00:00:00.00,4.78837,5.8484,13.7
429,2011-03-06,00:00:00.00,30.6022,9.97566,19.7
430,2011-03-07,00:00:00.00,2.58173,26.0842,67.8
431,2011-03-08,00:00:00.00,0,28.8488,94.3
432,2011-03-09,00:00:00.00,5.36192e-308,15.7974,43.5
433,2011-03-10,00:00:00.00,12.9678,11.9514,28.1
434,2011-03-11,00:00:00.00,13.6199,13.9228,40.2
435,2011-03-12,00:00:00.00,14.1175,18.6899,109
436,2011-03-13,00:00:00.00,1.35401,20.4451,126
437,2011-03-14,00:00:00.00,0.393978,17.1816,57.1
438,2011-03-15,00:00:00.00,0.00898787,14.7631,31.6
439,2011-03-16,00:00:00.00,1.75822,14.3482,23.8
440,2011-03-17,00:00:00.00,4.568,14.0208,26.5
441,2011-03-18,00:00:00.00,0.0139483,19.6045,63.2
442,2011-03-19,00:00:00.00,0.329824,48.1414,108
443,2011-03-20,00:00:00.00,0.0223039,73.2166,151
444,2011-03-21,00:00:00.00,1.28332,60.9597,77.9
445,2011-03-22,00:00:00.00,6.72313,44.1697,35.7
446,2011-03-23,00:00:00.00,0.824392,41.8824,35.2
447,2011-03-24,00:00:00.00,23.4953,41.8824,35.2
448,2011-03-25,00:00:00.00,0.0836999,41.0859,24.4
449,2011-03-26,00:00:00.00,0.00737282,39.057,18.8
450,2011-03-27,00:00:00.00,2.36193e-308,36.7163,17.2
451,2011-03-28,00:00:00.00,3.7874e-308,34.6068,15.6
452,2011-03-29,00:00:00.00,0.000402756,32.6977,14.2
453,2011-03-30,00:00:00.00,0.00519082,30.9628,12.9
454,2011-03-31,00:00:00.00,0.205278,29.3802,12.4
455,2011-04-01,00:00:00.00,0.285801,27.9317,13.5
456,2011-04-02,00:00:00.00,0.000319074,27.0696,16.2
457,2011-04-03,00:00:00.00,0.00784153,29.8894,25.4
458,2011-04-04,00:00:00.00,4.50644,38.1487,29
459,2011-04-05,00:00:00.00,18.1357,50.9058,25.6
460,2011-04-06,00:00:00.00,0.240141,65.3134,64
461,2011-04-07,00:00:00.00,0.902416,59.646,53.7
462,2011-04-08,00:00:00.00,0.0410594,44.4702,25.5
463,2011-04-09,00:00:00.00,0.000237553,41.8824,19.1
464,2011-04-10,00:00:00.00,2.45491e-308,41.8824,17
465,2011-04-11,00:00:00.00,3.74526,41.8824,15.7
466,2011-04-12,00:00:00.00,0.124623,41.8824,15.6
467,2011-04-13,00:00:00.00,0.00179974,41.8824,15.5
468,2011-04-14,00:00:00.00,1.7472e-308,41.4422,14.2
469,2011-04-15,00:00:00.00,1.49012e-308,39.706,12.1
470,2011-04-16,00:00:00.00,0.000448107,37.252,10.5
471,2011-04-17,00:00:00.00,20.9788,35.7251,10.6
472,2011-04-18,00:00:00.00,2.93839,36.3363,12.5
473,2011-04-19,00:00:00.00,0.119218,35.7611,14.7
474,2011-04-20,00:00:00.00,5.18104,33.4524,15.4
475,2011-04-21,00:00:00.00,17.9643,33.3238,18.7
476,2011-04-22,00:00:00.00,0.397945,38.1882,43.3
477,2011-04-23,00:00:00.00,0.353118,38.5263,31.5
478,2011-04-24,00:00:00.00,13.6199,34.4109,23.2
479,2011-04-25,00:00:00.00,0.268883,35.7185,35.8
480,2011-04-26,00:00:00.00,4.93564,35.4396,25.4
481,2011-04-27,00:00:00.00,7.7633,33.3746,20.4
482,2011-04-28,00:00:00.00,13.0163,34.0767,20.8
483,2011-04-29,00:00:00.00,6.9301,37.3984,35.4
484,2011-04-30,00:00:00.00,0.395555,38.0062,56.2
485,2011-05-01,00:00:00.00,0.0404756,34.8533,32.4
486,2011-05-02,00:00:00.00,5.27525,32.6701,20.5
487,2011-05-03,00:00:00.00,0.697447,31.2971,18
488,2011-05-04,00:00:00.00,6.36229,30.1097,16.7
489,2011-05-05,00:00:00.00,0.0386345,29.1505,16.1
490,2011-05-06,00:00:00.00,0.00302955,28.0864,14.8
491,2011-05-07,00:00:00.00,10.3438,27.0067,13.4
492,2011-05-08,00:00:00.00,0.100677,26.5216,13.5
493,2011-05-09,00:00:00.00,0.00139949,25.8174,14.6
494,2011-05-10,00:00:00.00,0.000292008,24.6585,12.1
495,2011-05-11,00:00:00.00,0.244695,23.5851,10.3
496,2011-05-12,00:00:00.00,0.0290472,22.5904,9.27
497,2011-05-13,00:00:00.00,0.00794777,21.6669,8.32
498,2011-05-14,00:00:00.00,12.5626,20.892,7.93
499,2011-05-15,00:00:00.00,20.2837,20.904,10
500,2011-05-16,00:00:00.00,12.8265,25.4324,20.5
501,2011-05-17,00:00:00.00,5.7862,30.5343,29
502,2011-05-18,00:00:00.00,2.53975,28.9455,28.2
503,2011-05-19,00:00:00.00,13.3288,25.9922,20.1
504,2011-05-20,00:00:00.00,8.71767,28.7082,32.3
505,2011-05-21,00:00:00.00,0.000889417,31.0996,78.6
506,2011-05-22,00:00:00.00,0.00767791,28.4793,39.8
507,2011-05-23,00:00:00.00,1.88389,26.0218,20.6
508,2011-05-24,00:00:00.00,9.26816,24.9972,17.1
509,2011-05-25,00:00:00.00,0.0521519,24.3427,16.5
510,2011-05-26,00:00:00.00,12.8362,23.8968,26.9
511,2011-05-27,00:00:00.00,9.03026,24.5365,21.8
512,2011-05-28,00:00:00.00,0.949825,25.329,23.8
513,2011-05-29,00:00:00.00,0.718302,24.353,22.4
514,2011-05-30,00:00:00.00,12.2125,23.2371,18.2
515,2011-05-31,00:00:00.00,8.32963,23.7196,20.1
516,2011-06-01,00:00:00.00,1.158e-308,23.9962,27.4
517,2011-06-02,00:00:00.00,1.15534e-308,23.0327,18.2
518,2011-06-03,00:00:00.00,0.00877127,22.0111,14
519,2011-06-04,00:00:00.00,0.000341756,21.1296,11.1
520,2011-06-05,00:00:00.00,12.9736,20.4318,10.1
521,2011-06-06,00:00:00.00,0.0409222,20.0236,11.3
522,2011-06-07,00:00:00.00,0.00248737,19.5187,10.1
523,2011-06-08,00:00:00.00,13.4629,18.9392,9.3
524,2011-06-09,00:00:00.00,1.17819,18.6634,8.52
525,2011-06-10,00:00:00.00,0.344,18.2695,7.58
526,2011-06-11,00:00:00.00,0.0574716,17.632,6.71
527,2011-06-12,00:00:00.00,0.0205094,17.0319,6.25
528,2011-06-13,00:00:00.00,0.0736657,16.4667,5.99
529,2011-06-14,00:00:00.00,0.00567767,15.9337,5.7
530,2011-06-15,00:00:00.00,3.99184e-308,15.4303,5.58
531,2011-06-16,00:00:00.00,0.000134699,14.9543,5.25
532,2011-06-17,00:00:00.00,0.0838406,14.5035,4.97
533,2011-06-18,00:00:00.00,0.0193053,14.0761,4.85
534,2011-06-19,00:00:00.00,2.7625e-308,13.6704,4.61
535,2011-06-20,00:00:00.00,7.879e-308,13.2848,4.4
536,2011-06-21,00:00:00.00,0.0264264,12.9179,4.14
537,2011-06-22,00:00:00.00,0.667518,12.5686,4
538,2011-06-23,00:00:00.00,21.519,12.3521,4.25
539,2011-06-24,00:00:00.00,8.133,12.7247,6.24
540,2011-06-25,00:00:00.00,5.91708,13.1887,7.24
541,2011-06-26,00:00:00.00,1.06221,12.9233,10.4
542,2011-06-27,00:00:00.00,0.0635162,12.4476,9.31
543,2011-06-28,00:00:00.00,0.0035118,12.1236,7.68
544,2011-06-29,00:00:00.00,0.972736,11.8117,6.5
545,2011-06-30,00:00:00.00,0.0822963,11.513,5.79
546,2011-07-01,00:00:00.00,0,11.2271,6.66
547,2011-07-02,00:00:00.00,0,10.9535,5.44
548,2011-07-03,00:00:00.00,10.5175,10.7067,4.82
549,2011-07-04,00:00:00.00,9.3161e-308,10.5004,4.54
550,2011-07-05,00:00:00.00,1.94674e-308,10.287,4.14
551,2011-07-06,00:00:00.00,0.00973839,10.0521,3.9
552,2011-07-07,00:00:00.00,0.0470608,9.82631,3.71
553,2011-07-08,00:00:00.00,0.0322563,9.60931,3.5
554,2011-07-09,00:00:00.00,0.00340617,9.40058,3.5
555,2011-07-10,00:00:00.00,0.000909484,9.19969,3.35
556,2011-07-11,00:00:00.00,0.0269226,9.00621,3.21
557,2011-07-12,00:00:00.00,0.192294,8.81976,3.1
558,2011-07-13,00:00:00.00,0.0356998,8.63998,2.97
559,2011-07-14,00:00:00.00,4.0156e-308,8.46654,2.79
560,2011-07-15,00:00:00.00,0.000312257,8.2991,2.66
561,2011-07-16,00:00:00.00,0.000976681,8.1374,2.53
562,2011-07-17,00:00:00.00,0.00112161,7.98113,2.45
563,2011-07-18,00:00:00.00,0,7.83006,2.41
564,2011-07-19,00:00:00.00,0.924703,7.68393,2.38
565,2011-07-20,00:00:00.00,0.0100666,7.54251,2.34
566,2011-07-21,00:00:00.00,0.00464119,7.40559,2.26
567,2011-07-22,00:00:00.00,2.84882e-308,7.27297,2.2
568,2011-07-23,00:00:00.00,0.182758,7.14446,2.12
569,2011-07-24,00:00:00.00,0.108142,7.01988,2.07
570,2011-07-25,00:00:00.00,1.51115,6.89905,2.31
571,2011-07-26,00:00:00.00,0.903906,6.78181,2.39
572,2011-07-27,00:00:00.00,0.00371134,6.66803,2.13
573,2011-07-28,00:00:00.00,0.0160575,6.55754,2.15
574,2011-07-29,00:00:00.00,6.83353,6.45053,2.41
575,2011-07-30,00:00:00.00,13.0434,6.36959,3.49
576,2011-07-31,00:00:00.00,0.000388383,6.33498,3.89
577,2011-08-01,00:00:00.00,1.11811,6.27837,3.27
578,2011-08-02,00:00:00.00,0.195837,6.17896,2.96
579,2011-08-03,00:00:00.00,0.0472743,6.08221,2.65
580,2011-08-04,00:00:00.00,4.62048,5.98856,2.67
581,2011-08-05,00:00:00.00,6.295e-308,5.89836,2.77
582,2011-08-06,00:00:00.00,0.0289183,5.81006,2.59
583,2011-08-07,00:00:00.00,1.59385,5.72312,2.49
584,2011-08-08,00:00:00.00,6.66219,5.63965,2.55
585,2011-08-09,00:00:00.00,0.200644,5.56071,2.49
586,2011-08-10,00:00:00.00,20.1034,5.56771,3.43
587,2011-08-11,00:00:00.00,1.51987,6.61304,4.19
588,2011-08-12,00:00:00.00,0.273888,6.70281,4.12
589,2011-08-13,00:00:00.00,0.0190818,5.74976,3.63
590,2011-08-14,00:00:00.00,0.0145139,5.66488,3.07
591,2011-08-15,00:00:00.00,12.2742,5.62237,2.99
592,2011-08-16,00:00:00.00,0.132826,5.77009,3.43
593,2011-08-17,00:00:00.00,0.0221578,5.76837,4.14
594,2011-08-18,00:00:00.00,0.478688,5.57752,3.15
595,2011-08-19,00:00:00.00,0.00644856,5.49663,2.82
596,2011-08-20,00:00:00.00,0.0201916,5.41771,2.62
597,2011-08-21,00:00:00.00,11.4708,5.35855,2.35
598,2011-08-22,00:00:00.00,10.7981,5.4111,2.39
599,2011-08-23,00:00:00.00,0.206479,6.06659,2.41
600,2011-08-24,00:00:00.00,0.0233662,6.08395,2.34
601,2011-08-25,00:00:00.00,24.3695,6.26192,2.47
602,2011-08-26,00:00:00.00,0.770978,10.4946,3.64
603,2011-08-27,00:00:00.00,0.0367778,11.1919,4.04
604,2011-08-28,00:00:00.00,0.0556208,7.55738,3.55
605,2011-08-29,00:00:00.00,0.0100832,6.65962,2.92
606,2011-08-30,00:00:00.00,0.0155187,6.55003,2.52
607,2011-08-31,00:00:00.00,0.02793,6.44315,2.45
608,2011-09-01,00:00:00.00,1.00102,6.33913,2.34
609,2011-09-02,00:00:00.00,5.05248,6.24088,2.47
610,2011-09-03,00:00:00.00,0.0148293,6.15104,2.36
611,2011-09-04,00:00:00.00,4.03721,6.06143,2.32
612,2011-09-05,00:00:00.00,10.8139,5.9988,2.52
613,2011-09-06,00:00:00.00,0.154323,5.99465,3
614,2011-09-07,00:00:00.00,0.0252097,5.96058,2.87
615,2011-09-08,00:00:00.00,1.92344,5.87002,2.8
616,2011-09-09,00:00:00.00,0.369515,5.78171,2.77
617,2011-09-10,00:00:00.00,0.000851668,5.69561,2.57
618,2011-09-11,00:00:00.00,0.0469324,5.61167,2.4
619,2011-09-12,00:00:00.00,0.277129,5.52984,2.25
620,2011-09-13,00:00:00.00,0.837922,5.45007,2.15
621,2011-09-14,00:00:00.00,0.0567403,5.37228,2.13
622,2011-09-15,00:00:00.00,5.65442,5.29881,2.11
623,2011-09-16,00:00:00.00,1.8955,5.23185,2.15
624,2011-09-17,00:00:00.00,0.139963,5.16412,2.08
625,2011-09-18,00:00:00.00,0.00556197,5.09331,2.02
626,2011-09-19,00:00:00.00,0.00167911,5.02418,1.97
627,2011-09-20,00:00:00.00,23.5433,5.21952,2.21
628,2011-09-21,00:00:00.00,0.256073,7.48805,3.41
629,2011-09-22,00:00:00.00,4.47684,7.99327,3.64
630,2011-09-23,00:00:00.00,0.0146095,6.07053,4.03
631,2011-09-24,00:00:00.00,12.9705,5.97098,3.37
632,2011-09-25,00:00:00.00,0.139043,8.03437,3.14
633,2011-09-26,00:00:00.00,0.160082,8.23853,2.94
634,2011-09-27,00:00:00.00,10.5466,6.53757,3.02
635,2011-09-28,00:00:00.00,16.4662,9.00073,3.79
636,2011-09-29,00:00:00.00,3.14584,14.1016,4.54
637,2011-09-30,00:00:00.00,4.33259,13.8043,4.58
638,2011-10-01,00:00:00.00,5.56798,10.4268,4.65
639,2011-10-02,00:00:00.00,0.131314,10.268,4.92
640,2011-10-03,00:00:00.00,5.79507,9.96894,4.15
641,2011-10-04,00:00:00.00,5.13954,10.2505,3.92
642,2011-10-05,00:00:00.00,0.0238332,11.2656,4.44
643,2011-10-06,00:00:00.00,0.0098275,10.4805,4.46
644,2011-10-07,00:00:00.00,0.0210052,9.57481,3.95
645,2011-10-08,00:00:00.00,0.00998159,9.37431,3.39
646,2011-10-09,00:00:00.00,0.000471724,9.17819,3.08
647,2011-10-10,00:00:00.00,0,8.98743,3.2
648,2011-10-11,00:00:00.00,0.039058,8.80259,2.81
649,2011-10-12,00:00:00.00,0.0254395,8.62386,2.67
650,2011-10-13,00:00:00.00,10.9135,8.52044,2.75
651,2011-10-14,00:00:00.00,3.14538,8.70603,3.16
652,2011-10-15,00:00:00.00,31.419,11.3618,5.26
653,2011-10-16,00:00:00.00,8.13807,21.7955,8.74
654,2011-10-17,00:00:00.00,3.0808,26.4839,11
655,2011-10-18,00:00:00.00,0.0206043,19.219,14.9
656,2011-10-19,00:00:00.00,0.657212,14.7206,12.7
657,2011-10-20,00:00:00.00,13.148,14.4422,9.66
658,2011-10-21,00:00:00.00,24.8471,20.9931,12.7
659,2011-10-22,00:00:00.00,1.64727,32.9694,25.7
660,2011-10-23,00:00:00.00,0.202605,31.9205,28.8
661,2011-10-24,00:00:00.00,0.0053631,23.3157,16.7
662,2011-10-25,00:00:00.00,4.09138,21.1549,12.7
663,2011-10-26,00:00:00.00,9.65515,21.2129,10.1
664,2011-10-27,00:00:00.00,3.92565,23.746,9.32
665,2011-10-28,00:00:00.00,0.850244,24.5462,10.7
666,2011-10-29,00:00:00.00,0.182331,22.3861,16.9
667,2011-10-30,00:00:00.00,0.0695888,21.2163,12.9
668,2011-10-31,00:00:00.00,0.00511163,20.4218,10
669,2011-11-01,00:00:00.00,0.0718134,19.6717,8.51
670,2011-11-02,00:00:00.00,0.0197197,18.9636,7.38
671,2011-11-03,00:00:00.00,0,18.2952,6.65
672,2011-11-04,00:00:00.00,0.0036874,17.664,6.12
673,2011-11-05,00:00:00.00,0.00726451,17.0679,5.7
674,2011-11-06,00:00:00.00,0.000721548,16.505,5.37
675,2011-11-07,00:00:00.00,8.47e-308,15.9731,5.09
676,2011-11-08,00:00:00.00,0.0732475,15.4698,4.8
677,2011-11-09,00:00:00.00,0.425852,14.9933,4.61
678,2011-11-10,00:00:00.00,5.37787,14.5932,4.65
679,2011-11-11,00:00:00.00,0.982627,14.3169,4.79
680,2011-11-12,00:00:00.00,0.968073,14.0075,4.61
681,2011-11-13,00:00:00.00,0.000164122,13.6119,4.49
682,2011-11-14,00:00:00.00,0.338016,13.2323,4.38
683,2011-11-15,00:00:00.00,11.4095,13.068,4.91
684,2011-11-16,00:00:00.00,0.0665884,13.9822,5.47
685,2011-11-17,00:00:00.00,0.0113246,14.0211,6.05
686,2011-11-18,00:00:00.00,0.486559,12.9907,6
687,2011-11-19,00:00:00.00,0.0358685,12.6463,5.51
688,2011-11-20,00:00:00.00,0.0977554,12.3165,5.15
689,2011-11-21,00:00:00.00,0.44468,12.0006,4.92
690,2011-11-22,00:00:00.00,0.000543227,11.6979,4.65
691,2011-11-23,00:00:00.00,8.32655,11.4474,4.47
692,2011-11-24,00:00:00.00,8.39017,11.3868,6.29
693,2011-11-25,00:00:00.00,0.0064303,12.337,7.65
694,2011-11-26,00:00:00.00,0.000659243,14.0466,7.08
695,2011-11-27,00:00:00.00,0.196506,13.4947,6.68
696,2011-11-28,00:00:00.00,18.3491,12.917,7.03
697,2011-11-29,00:00:00.00,3.84577,18.6534,10.2
698,2011-11-30,00:00:00.00,49.2407,27.8324,26.2
699,2011-12-01,00:00:00.00,3.66264,48.2968,89.2
700,2011-12-02,00:00:00.00,0.000983196,52.9029,136
701,2011-12-03,00:00:00.00,1.2658,35.8841,66.4
702,2011-12-04,00:00:00.00,0.560112,29.7639,27
703,2011-12-05,00:00:00.00,18.8481,29.7337,19.9
704,2011-12-06,00:00:00.00,12.9215,39.2676,30.2
705,2011-12-07,00:00:00.00,3.23878,48.1448,86.2
706,2011-12-08,00:00:00.00,0.089487,42.8199,64.7
707,2011-12-09,00:00:00.00,0.395046,36.3744,34.7
708,2011-12-10,00:00:00.00,3.26194,34.3438,21.7
709,2011-12-11,00:00:00.00,0.090743,32.5027,16.8
710,2011-12-12,00:00:00.00,0.000856937,30.8266,14.1
711,2011-12-13,00:00:00.00,0,29.2933,11.9
712,2011-12-14,00:00:00.00,2.827e-308,27.8855,10.7
713,2011-12-15,00:00:00.00,12.1712,27.6623,10
714,2011-12-16,00:00:00.00,13.7672,35.1974,13.4
715,2011-12-17,00:00:00.00,1.51181,43.2311,58.9
716,2011-12-18,00:00:00.00,0.401898,39.1151,57.6
717,2011-12-19,00:00:00.00,1.86129,33.1478,25.5
718,2011-12-20,00:00:00.00,0.110215,31.4234,17.8
719,2011-12-21,00:00:00.00,0.0779236,29.8455,15
720,2011-12-22,00:00:00.00,6.87556,28.6991,14.4
721,2011-12-23,00:00:00.00,0.749294,28.5673,14.4
722,2011-12-24,00:00:00.00,0.54933,28.7939,17.6
723,2011-12-25,00:00:00.00,0.0284762,27.9881,17.9
724,2011-12-26,00:00:00.00,0.478828,26.6015,15
725,2011-12-27,00:00:00.00,0.237133,25.4194,12.6
726,2011-12-28,00:00:00.00,8.62275,24.5506,11.5
727,2011-12-29,00:00:00.00,0.700969,24.1909,10.9
728,2011-12-30,00:00:00.00,4.62165,23.6335,9.63
729,2011-12-31,00:00:00.00,8.13859,22.9258,9.33
730,2012-01-01,00:00:00.00,3.00596,24.7392,12.5
731,2012-01-02,00:00:00.00,10.433,31.8398,20.7
732,2012-01-03,00:00:00.00,4.35075,36.355,45.4
733,2012-01-04,00:00:00.00,0.894938,32.0937,60
734,2012-01-05,00:00:00.00,0.0700761,27.7406,24.7
735,2012-01-06,00:00:00.00,0.00807187,26.4811,18.3
736,2012-01-07,00:00:00.00,0.000965106,25.3137,15.9
737,2012-01-08,00:00:00.00,0.022939,24.4969,14
738,2012-01-09,00:00:00.00,0.0229979,24.2674,13.6
739,2012-01-10,00:00:00.00,0.00215918,23.7889,14.2
740,2012-01-11,00:00:00.00,0.00396471,22.8149,13.7
741,2012-01-12,00:00:00.00,0.160892,21.9049,12.2
742,2012-01-13,00:00:00.00,4.88962,21.1967,11.6
743,2012-01-14,00:00:00.00,2.24949,20.8152,13.1
744,2012-01-15,00:00:00.00,0.606815,20.3185,24.2
745,2012-01-16,00:00:00.00,0.00347664,19.5749,15.2
746,2012-01-17,00:00:00.00,3.19054,18.8831,9.81
747,2012-01-18,00:00:00.00,9.13179,18.5299,10.3
748,2012-01-19,00:00:00.00,0.642082,19.3622,13.2
749,2012-01-20,00:00:00.00,6.71509,19.2935,15.7
750,2012-01-21,00:00:00.00,1.59837,18.063,15.7
751,2012-01-22,00:00:00.00,1.44278,17.4629,11.6
752,2012-01-23,00:00:00.00,0.00066126,16.8954,9.61
753,2012-01-24,00:00:00.00,6.1974,16.5395,9.99
754,2012-01-25,00:00:00.00,0.231842,16.6874,14.3
755,2012-01-26,00:00:00.00,0.645696,16.5323,23.1
756,2012-01-27,00:00:00.00,2.25999,15.902,16.2
757,2012-01-28,00:00:00.00,7.98591,15.5115,13.6
758,2012-01-29,00:00:00.00,4.25644,15.3275,13.4
759,2012-01-30,00:00:00.00,5.86517,15.0741,13.1
760,2012-01-31,00:00:00.00,5.42927,14.6486,11.4
761,2012-02-01,00:00:00.00,0.50994,14.2322,9.8
762,2012-02-02,00:00:00.00,0.0046339,14.5156,13.7
763,2012-02-03,00:00:00.00,2.83249e-308,19.204,50.4
764,2012-02-04,00:00:00.00,0.0150884,20.1992,33.7
765,2012-02-05,00:00:00.00,0.0308048,16.3567,19.1
766,2012-02-06,00:00:00.00,0.00128889,15.4859,15.6
767,2012-02-07,00:00:00.00,0.0123845,15.0268,13.9
768,2012-02-08,00:00:00.00,0.0380463,14.5878,13.1
769,2012-02-09,00:00:00.00,8.9804e-308,14.1685,12.4
770,2012-02-10,00:00:00.00,0,13.7683,11.3
771,2012-02-11,00:00:00.00,1.64188,13.386,9.8
772,2012-02-12,00:00:00.00,6.78195,13.0209,8.74
773,2012-02-13,00:00:00.00,2.87423,12.6721,7.64
774,2012-02-14,00:00:00.00,0.00821389,12.3388,6.72
775,2012-02-15,00:00:00.00,0.309755,12.0199,6.55
776,2012-02-16,00:00:00.00,0.198905,11.7146,6.6
777,2012-02-17,00:00:00.00,2.78413,11.4305,6.63
778,2012-02-18,00:00:00.00,0.370858,11.1746,6.65
779,2012-02-19,00:00:00.00,6.06266,10.9313,6.57
780,2012-02-20,00:00:00.00,0.0690851,10.7014,6.38
781,2012-02-21,00:00:00.00,1.49657e-308,10.471,6.11
782,2012-02-22,00:00:00.00,1.88281,10.2303,5.91
783,2012-02-23,00:00:00.00,0.41021,9.999,6.85
784,2012-02-24,00:00:00.00,0.304285,9.77651,9.12
785,2012-02-25,00:00:00.00,11.2363,9.59827,13.2
786,2012-02-26,00:00:00.00,1.28161,9.4977,14.9
787,2012-02-27,00:00:00.00,0.0051514,9.36563,12.7
788,2012-02-28,00:00:00.00,0.00830898,9.16786,10.1
789,2012-02-29,00:00:00.00,0.0554564,8.97689,9.81
790,2012-03-01,00:00:00.00,0.13479,8.79247,10.4
791,2012-03-02,00:00:00.00,0.0236275,8.61436,11.7
792,2012-03-03,00:00:00.00,6.72567,8.47234,13.7
793,2012-03-04,00:00:00.00,5.49016,8.4875,21.5
794,2012-03-05,00:00:00.00,0.8381,9.14103,57.1
795,2012-03-06,00:00:00.00,0.0252533,9.15843,29.5
796,2012-03-07,00:00:00.00,0.0481981,8.50877,16.9
797,2012-03-08,00:00:00.00,0,8.34444,13.9
798,2012-03-09,00:00:00.00,8.20041,13.0942,14
799,2012-03-10,00:00:00.00,2.76455,33.2575,53.7
800,2012-03-11,00:00:00.00,0.185194,37.65,34.8
801,2012-03-12,00:00:00.00,0.000135541,22.1462,17.6
802,2012-03-13,00:00:00.00,5.63193,17.5555,14.9
803,2012-03-14,00:00:00.00,5.73161,18.7957,20.9
804,2012-03-15,00:00:00.00,0.0275926,19.7937,44.7
805,2012-03-16,00:00:00.00,1.76426,18.6796,26.9
806,2012-03-17,00:00:00.00,0.145257,17.5384,18.1
807,2012-03-18,00:00:00.00,0.00423139,16.959,15.2
808,2012-03-19,00:00:00.00,0.0969882,16.4058,13.5
809,2012-03-20,00:00:00.00,0.0167717,15.8799,11.9
810,2012-03-21,00:00:00.00,0.00201123,15.3811,10.8
811,2012-03-22,00:00:00.00,0.00018459,14.9084,9.74
812,2012-03-23,00:00:00.00,0.0574174,14.4603,8.93
813,2012-03-24,00:00:00.00,0.0400053,14.0352,8.18
814,2012-03-25,00:00:00.00,4.14315,13.6378,7.71
815,2012-03-26,00:00:00.00,0.0877462,13.2723,7.95
816,2012-03-27,00:00:00.00,0.00407757,12.9183,7.28
817,2012-03-28,00:00:00.00,0.00410165,12.5689,6.69
818,2012-03-29,00:00:00.00,0.18009,12.2358,6.38
819,2012-03-30,00:00:00.00,0.276855,11.9179,6.1
820,2012-03-31,00:00:00.00,0.754131,11.6143,5.98
821,2012-04-01,00:00:00.00,0.0169588,11.324,5.9
822,2012-04-02,00:00:00.00,2.83936,11.0472,5.9
823,2012-04-03,00:00:00.00,0.0131063,10.784,5.7
824,2012-04-04,00:00:00.00,0.0224741,10.5308,5.68
825,2012-04-05,00:00:00.00,0.00529597,10.286,5.55
826,2012-04-06,00:00:00.00,0.00140609,10.051,5.34
827,2012-04-07,00:00:00.00,0,9.82533,5.14
828,2012-04-08,00:00:00.00,0,9.60837,4.96
829,2012-04-09,00:00:00.00,0.120997,9.39968,4.76
830,2012-04-10,00:00:00.00,0.0774594,9.19882,4.77
831,2012-04-11,00:00:00.00,0.488821,9.00537,4.67
832,2012-04-12,00:00:00.00,0.0774146,8.81895,4.6
833,2012-04-13,00:00:00.00,0.000345662,8.6392,4.54
834,2012-04-14,00:00:00.00,0.000586889,8.46578,4.51
835,2012-04-15,00:00:00.00,0.744165,8.29838,4.46
836,2012-04-16,00:00:00.00,3.97308,8.13676,4.49
837,2012-04-17,00:00:00.00,0.00709298,7.98073,4.64
838,2012-04-18,00:00:00.00,0.00171518,7.82981,4.54
839,2012-04-19,00:00:00.00,0.000390762,7.68368,4.37
840,2012-04-20,00:00:00.00,0.0540665,7.54227,4.31
841,2012-04-21,00:00:00.00,1.8426,7.40536,4.29
842,2012-04-22,00:00:00.00,5.92205,7.2743,4.64
843,2012-04-23,00:00:00.00,0.00352797,7.15032,4.64
844,2012-04-24,00:00:00.00,2.09461,7.02859,4.62
845,2012-04-25,00:00:00.00,1.15398,6.90751,4.65
846,2012-04-26,00:00:00.00,0.0811874,6.79003,4.68
847,2012-04-27,00:00:00.00,1.2313,6.676,4.49
848,2012-04-28,00:00:00.00,0.339765,6.56529,4.38
849,2012-04-29,00:00:00.00,1.94509e-308,6.45775,4.24
850,2012-04-30,00:00:00.00,0.168936,6.35326,4.16
851,2012-05-01,00:00:00.00,10.6061,6.26635,4.19
852,2012-05-02,00:00:00.00,0.260826,6.21081,4.43
853,2012-05-03,00:00:00.00,0.0860798,6.14219,4.5
854,2012-05-04,00:00:00.00,8.04006,6.06052,4.59
855,2012-05-05,00:00:00.00,5.77666,6.02115,5.21
856,2012-05-06,00:00:00.00,0.0144821,5.99352,5.28
857,2012-05-07,00:00:00.00,3.81928e-308,5.92664,4.92
858,2012-05-08,00:00:00.00,0.840848,5.83688,5.14
859,2012-05-09,00:00:00.00,6.39249,5.75821,5.35
860,2012-05-10,00:00:00.00,4.00626,5.70321,5.3
861,2012-05-11,00:00:00.00,0.000620865,5.64892,5.04
862,2012-05-12,00:00:00.00,0.00779017,5.57443,4.68
863,2012-05-13,00:00:00.00,0.834012,5.49363,4.24
864,2012-05-14,00:00:00.00,0.281745,5.4148,4.04
865,2012-05-15,00:00:00.00,0.000607805,5.3379,3.85
866,2012-05-16,00:00:00.00,7.69388e-308,5.26288,3.66
867,2012-05-17,00:00:00.00,1.97091,5.18968,3.53
868,2012-05-18,00:00:00.00,0.000247358,5.11824,3.66
869,2012-05-19,00:00:00.00,0.000137074,5.04851,3.45
870,2012-05-20,00:00:00.00,0.000377053,4.98042,3.27
871,2012-05-21,00:00:00.00,3.35467e-308,4.91392,3.16
872,2012-05-22,00:00:00.00,0.608319,4.84895,3.03
873,2012-05-23,00:00:00.00,0.0499967,4.78547,2.92
874,2012-05-24,00:00:00.00,0.0104563,4.72343,2.86
875,2012-05-25,00:00:00.00,0.0137116,4.66278,2.92
876,2012-05-26,00:00:00.00,0.140928,4.60348,2.91
877,2012-05-27,00:00:00.00,3.9297e-308,4.54548,3.07
878,2012-05-28,00:00:00.00,1.71483,4.48875,2.76
879,2012-05-29,00:00:00.00,0.0441032,4.43324,2.7
880,2012-05-30,00:00:00.00,3.00471,4.37892,2.72
881,2012-05-31,00:00:00.00,0.0037336,4.32575,2.63
882,2012-06-01,00:00:00.00,0.00854635,4.2737,2.55
883,2012-06-02,00:00:00.00,44.34,6.02046,3.49
884,2012-06-03,00:00:00.00,4.73209,14.0072,6.84
885,2012-06-04,00:00:00.00,5.51342,16.1439,9.19
886,2012-06-05,00:00:00.00,1.85849,9.85423,11.5
887,2012-06-06,00:00:00.00,0.0226651,7.2346,8.84
888,2012-06-07,00:00:00.00,7.81917,6.8335,7.14
889,2012-06-08,00:00:00.00,0.0214505,7.14613,7.78
890,2012-06-09,00:00:00.00,0.744694,7.15462,6.61
891,2012-06-10,00:00:00.00,8.48491,6.83567,5.66
892,2012-06-11,00:00:00.00,0,6.82913,5.59
893,2012-06-12,00:00:00.00,1.09261,6.78639,5.38
894,2012-06-13,00:00:00.00,3.84563,6.67288,6.25
895,2012-06-14,00:00:00.00,0.0117243,6.56245,5.84
896,2012-06-15,00:00:00.00,0,6.4551,4.83
897,2012-06-16,00:00:00.00,0.0119371,6.35071,4.24
898,2012-06-17,00:00:00.00,0.000723079,6.24922,3.87
899,2012-06-18,00:00:00.00,4.43642,6.15058,3.68
900,2012-06-19,00:00:00.00,0.376038,6.05473,3.77
901,2012-06-20,00:00:00.00,0.0254305,5.96142,3.52
902,2012-06-21,00:00:00.00,0.000154611,5.8705,3.22
903,2012-06-22,00:00:00.00,8.06847,5.78304,3.15
904,2012-06-23,00:00:00.00,0.593632,5.69996,3.55
905,2012-06-24,00:00:00.00,0.00113425,5.61795,3.1
906,2012-06-25,00:00:00.00,1.36735,5.53595,2.81
907,2012-06-26,00:00:00.00,0.119581,5.45602,2.88
908,2012-06-27,00:00:00.00,4.70495e-308,5.37809,2.74
909,2012-06-28,00:00:00.00,0.0114671,5.30208,2.61
910,2012-06-29,00:00:00.00,0.00147976,5.22793,2.57
911,2012-06-30,00:00:00.00,0.00125807,5.15558,2.44
912,2012-07-01,00:00:00.00,0.000674665,5.08496,2.34
913,2012-07-02,00:00:00.00,7.1291e-308,5.01601,2.24
914,2012-07-03,00:00:00.00,0,4.94868,2.16
915,2012-07-04,00:00:00.00,0.920761,4.88291,2.13
916,2012-07-05,00:00:00.00,0.1934,4.81866,2.3
917,2012-07-06,00:00:00.00,0.00425698,4.75586,2.18
918,2012-07-07,00:00:00.00,0.0011385,4.69449,2.07
919,2012-07-08,00:00:00.00,0.00239419,4.63448,1.95
920,2012-07-09,00:00:00.00,0.0180246,4.57581,1.87
921,2012-07-10,00:00:00.00,0.00362461,4.51841,1.81
922,2012-07-11,00:00:00.00,0.000524502,4.46227,1.77
923,2012-07-12,00:00:00.00,0.000158371,4.40732,1.65
924,2012-07-13,00:00:00.00,6.57902e-308,4.35355,1.69
925,2012-07-14,00:00:00.00,0.196744,4.30092,1.64
926,2012-07-15,00:00:00.00,0.127877,4.24939,1.83
927,2012-07-16,00:00:00.00,2.37075,4.19892,1.86
928,2012-07-17,00:00:00.00,0.997521,4.14949,1.87
929,2012-07-18,00:00:00.00,0.751052,4.10107,1.84
930,2012-07-19,00:00:00.00,0.364154,4.05362,2.21
931,2012-07-20,00:00:00.00,0.94736,4.00713,2
932,2012-07-21,00:00:00.00,1.62889,3.96156,2.13
933,2012-07-22,00:00:00.00,0.000310465,3.91688,1.94
934,2012-07-23,00:00:00.00,0.574259,3.87308,1.87
935,2012-07-24,00:00:00.00,0.162237,3.83012,1.84
936,2012-07-25,00:00:00.00,0.017598,3.78799,1.78
937,2012-07-26,00:00:00.00,7.68383,3.74719,1.78
938,2012-07-27,00:00:00.00,22.074,3.84959,2.46
939,2012-07-28,00:00:00.00,3.37934,5.42056,2.9
940,2012-07-29,00:00:00.00,0.415818,5.65481,3.16
941,2012-07-30,00:00:00.00,0.00106388,4.23994,2.77
942,2012-07-31,00:00:00.00,0,4.01648,2.42
943,2012-08-01,00:00:00.00,0.795229,3.9709,2.19
944,2012-08-02,00:00:00.00,0.0217998,3.92608,2.09
945,2012-08-03,00:00:00.00,0.0227955,3.88211,1.91
946,2012-08-04,00:00:00.00,0.0373272,3.83898,1.88
947,2012-08-05,00:00:00.00,1.4068,3.79668,1.84
948,2012-08-06,00:00:00.00,4.13839,3.7552,1.96
949,2012-08-07,00:00:00.00,0.0396152,3.71456,1.99
950,2012-08-08,00:00:00.00,0,3.67466,1.75
951,2012-08-09,00:00:00.00,0.62764,3.63545,1.71
952,2012-08-10,00:00:00.00,13.2621,3.60772,1.82
953,2012-08-11,00:00:00.00,20.045,4.31056,2.38
954,2012-08-12,00:00:00.00,9.41427,7.66286,2.98
955,2012-08-13,00:00:00.00,1.67971,9.70776,3.38
956,2012-08-14,00:00:00.00,0.180422,7.01955,2.99
957,2012-08-15,00:00:00.00,7.99841,4.84158,3.08
958,2012-08-16,00:00:00.00,0.237953,5.19713,3.11
959,2012-08-17,00:00:00.00,0.717413,5.22833,2.74
960,2012-08-18,00:00:00.00,2.9377,4.78704,2.55
961,2012-08-19,00:00:00.00,0.0498842,4.72578,2.33
962,2012-08-20,00:00:00.00,0.0375536,4.66553,2.25
963,2012-08-21,00:00:00.00,0.00133771,4.60632,2.11
964,2012-08-22,00:00:00.00,0.000278286,4.5483,2
965,2012-08-23,00:00:00.00,5.3713e-308,4.49152,1.89
966,2012-08-24,00:00:00.00,0,4.43596,1.81
967,2012-08-25,00:00:00.00,0,4.38158,1.75
968,2012-08-26,00:00:00.00,0,4.32835,1.71
969,2012-08-27,00:00:00.00,0.0165171,4.27625,1.64
970,2012-08-28,00:00:00.00,6.24096,4.22589,1.7
971,2012-08-29,00:00:00.00,0.0272355,4.17786,1.76
972,2012-08-30,00:00:00.00,0.000756805,4.13016,1.7
973,2012-08-31,00:00:00.00,0,4.08213,1.68
974,2012-09-01,00:00:00.00,0.011199,4.03507,1.61
975,2012-09-02,00:00:00.00,0.005681,3.98894,1.59
976,2012-09-03,00:00:00.00,0.00147089,3.94373,1.59
977,2012-09-04,00:00:00.00,0.0176489,3.8994,1.54
978,2012-09-05,00:00:00.00,15.5493,3.87695,1.64
979,2012-09-06,00:00:00.00,0.311985,3.92958,1.95
980,2012-09-07,00:00:00.00,0.159714,3.92826,2.16
981,2012-09-08,00:00:00.00,4.06785,3.85457,2.58
982,2012-09-09,00:00:00.00,26.5532,4.84438,3.13
983,2012-09-10,00:00:00.00,0.917129,9.55305,3.18
984,2012-09-11,00:00:00.00,0.0089284,10.2034,2.99
985,2012-09-12,00:00:00.00,0.0196776,6.06083,2.72
986,2012-09-13,00:00:00.00,0,4.93517,2.52
987,2012-09-14,00:00:00.00,0,4.87085,2.29
988,2012-09-15,00:00:00.00,11.731,4.86574,2.31
989,2012-09-16,00:00:00.00,0.14507,5.55992,2.49
990,2012-09-17,00:00:00.00,0.0449574,5.61291,2.39
991,2012-09-18,00:00:00.00,0.000275712,4.96558,2.27
992,2012-09-19,00:00:00.00,28.2066,6.11781,3.35
993,2012-09-20,00:00:00.00,0.727453,11.8719,4.08
994,2012-09-21,00:00:00.00,3.21911,12.9035,3.34
995,2012-09-22,00:00:00.00,1.32573,8.02323,3.32
996,2012-09-23,00:00:00.00,9.96641,6.84855,3.76
997,2012-09-24,00:00:00.00,2.50404,8.82297,3.64
998,2012-09-25,00:00:00.00,0.986294,9.32661,3.16
999,2012-09-26,00:00:00.00,7.39787e-308,7.64031,2.78
1000,2012-09-27,00:00:00.00,0.0238211,7.19599,2.56
1001,2012-09-28,00:00:00.00,0.105847,7.07542,2.46
1002,2012-09-29,00:00:00.00,0.000183942,6.95597,2.44
1003,2012-09-30,00:00:00.00,5.9247,6.87505,2.37
1004,2012-10-01,00:00:00.00,4.64786,6.90209,2.57
1005,2012-10-02,00:00:00.00,0.0235771,6.96402,2.79
1006,2012-10-03,00:00:00.00,0.120903,6.9151,2.84
1007,2012-10-04,00:00:00.00,1.40923,6.7959,2.67
1008,2012-10-05,00:00:00.00,0.0917321,6.68319,2.55
1009,2012-10-06,00:00:00.00,6.72357,6.61032,2.5
1010,2012-10-07,00:00:00.00,0.847088,6.61325,2.65
1011,2012-10-08,00:00:00.00,0.578246,6.5798,2.71
1012,2012-10-09,00:00:00.00,0.166481,6.47382,2.58
1013,2012-10-10,00:00:00.00,0.133052,6.37025,2.46
1014,2012-10-11,00:00:00.00,4.40567,6.28885,2.5
1015,2012-10-12,00:00:00.00,1.94084,6.25335,2.52
1016,2012-10-13,00:00:00.00,1.26785,6.20929,2.53
1017,2012-10-14,00:00:00.00,12.3406,6.26043,2.59
1018,2012-10-15,00:00:00.00,15.8928,9.425,3.35
1019,2012-10-16,00:00:00.00,1.86476,14.6599,4.48
1020,2012-10-17,00:00:00.00,0.224021,13.4992,5.02
1021,2012-10-18,00:00:00.00,3.20716,9.29031,6
1022,2012-10-19,00:00:00.00,0.575184,8.40621,5.42
1023,2012-10-20,00:00:00.00,4.06327,8.39345,4.46
1024,2012-10-21,00:00:00.00,7.42104,9.03677,4.22
1025,2012-10-22,00:00:00.00,0.08917,10.7303,4.14
1026,2012-10-23,00:00:00.00,0.524714,10.3956,3.89
1027,2012-10-24,00:00:00.00,25.5986,10.7664,4.57
1028,2012-10-25,00:00:00.00,1.01994,19.1549,6.45
1029,2012-10-26,00:00:00.00,0.128412,20.8144,12.5
1030,2012-10-27,00:00:00.00,6.73915,14.2787,10.7
1031,2012-10-28,00:00:00.00,15.956,15.3488,8.88
1032,2012-10-29,00:00:00.00,7.20144,22.1662,13.5
1033,2012-10-30,00:00:00.00,15.9985,26.4356,15.2
1034,2012-10-31,00:00:00.00,7.87211,29.8972,19.6
1035,2012-11-01,00:00:00.00,7.5297,32.1443,28.4
1036,2012-11-02,00:00:00.00,1.51302,29.6806,22.9
1037,2012-11-03,00:00:00.00,1.10205,26.3445,19.7
1038,2012-11-04,00:00:00.00,0.0146904,23.8367,16.4
1039,2012-11-05,00:00:00.00,0.010197,22.8848,12
1040,2012-11-06,00:00:00.00,0.0080111,21.9863,9.46
1041,2012-11-07,00:00:00.00,0.0129521,21.1417,8.11
1042,2012-11-08,00:00:00.00,0.000499368,20.3474,6.93
1043,2012-11-09,00:00:00.00,0.00183548,19.5999,6.41
1044,2012-11-10,00:00:00.00,0.058762,18.8961,5.72
1045,2012-11-11,00:00:00.00,0.122926,18.2329,5.29
1046,2012-11-12,00:00:00.00,0.0196481,17.607,4.98
1047,2012-11-13,00:00:00.00,11.1325,17.3107,4.96
1048,2012-11-14,00:00:00.00,0.0871103,18.4125,5.29
1049,2012-11-15,00:00:00.00,0.00126846,18.4227,5.63
1050,2012-11-16,00:00:00.00,0.000161706,17.0555,5.47
1051,2012-11-17,00:00:00.00,0.000323922,16.5037,5.09
1052,2012-11-18,00:00:00.00,0.00735425,15.9801,4.96
1053,2012-11-19,00:00:00.00,0.0244779,15.483,5.08
1054,2012-11-20,00:00:00.00,0.293756,15.011,4.97
1055,2012-11-21,00:00:00.00,0.014839,14.5627,4.55
1056,2012-11-22,00:00:00.00,0.0616234,14.1367,4.31
1057,2012-11-23,00:00:00.00,0.13721,13.7312,4.22
1058,2012-11-24,00:00:00.00,5.26816,13.4149,4.42
1059,2012-11-25,00:00:00.00,2.39423,13.2558,4.26
1060,2012-11-26,00:00:00.00,0.690711,13.0451,4.27
1061,2012-11-27,00:00:00.00,0.134611,12.7042,4.23
1062,2012-11-28,00:00:00.00,0.0115716,12.3701,4.15
1063,2012-11-29,00:00:00.00,0.444555,12.0505,4.06
1064,2012-11-30,00:00:00.00,0.0106463,11.7447,4.01
1065,2012-12-01,00:00:00.00,1.1098,11.4518,4.03
1066,2012-12-02,00:00:00.00,0.50176,11.1712,4.06
1067,2012-12-03,00:00:00.00,17.2528,11.6035,4.66
1068,2012-12-04,00:00:00.00,0.336731,16.1863,10.9
1069,2012-12-05,00:00:00.00,7.98594,17.9317,19.5
1070,2012-12-06,00:00:00.00,0.136346,16.0125,17.3
1071,2012-12-07,00:00:00.00,0.000834078,15.0785,15.2
1072,2012-12-08,00:00:00.00,1.02289,13.6217,12.5
1073,2012-12-09,00:00:00.00,4.23821,13.3892,10
1074,2012-12-10,00:00:00.00,3.93733,13.3741,8.91
1075,2012-12-11,00:00:00.00,3.55789,13.3296,9.3
1076,2012-12-12,00:00:00.00,0.543874,13.1904,10.7
1077,2012-12-13,00:00:00.00,0.0707649,12.9719,10.7
1078,2012-12-14,00:00:00.00,0.000132875,12.6444,9.83
1079,2012-12-15,00:00:00.00,1.83626e-308,12.4824,8.34
1080,2012-12-16,00:00:00.00,0.748957,13.0525,7.31
1081,2012-12-17,00:00:00.00,9.28804,13.5218,7.03
1082,2012-12-18,00:00:00.00,0.420189,15.2128,7.49
1083,2012-12-19,00:00:00.00,0.174414,15.2818,9.37
1084,2012-12-20,00:00:00.00,0.10941,13.3821,12.7
1085,2012-12-21,00:00:00.00,11.0137,13.3915,10.4
1086,2012-12-22,00:00:00.00,4.2551,16.5155,11
1087,2012-12-23,00:00:00.00,0.323588,18.315,15.9
1088,2012-12-24,00:00:00.00,0.0486129,15.9279,16.7
1089,2012-12-25,00:00:00.00,0.0943131,14.478,13
1090,2012-12-26,00:00:00.00,0.0173339,14.0813,10
1091,2012-12-27,00:00:00.00,6.11385,13.7004,8.4
1092,2012-12-28,00:00:00.00,3.87168,13.335,7.44
1093,2012-12-29,00:00:00.00,0.429846,12.9844,8.17
1094,2012-12-30,00:00:00.00,4.60287,12.6482,7.82
1095,2012-12-31,00:00:00.00,0.370346,12.3254,6.33
1096,2013-01-01,00:00:00.00,0.179674,12.0156,5.85
1097,2013-01-02,00:00:00.00,0.210324,11.718,5.5
1098,2013-01-03,00:00:00.00,0.161999,11.4322,5.26
1099,2013-01-04,00:00:00.00,0.37518,11.1578,5.1
1100,2013-01-05,00:00:00.00,0.0447885,10.894,4.97
1101,2013-01-06,00:00:00.00,0.999198,10.6404,4.83
1102,2013-01-07,00:00:00.00,6.4845,10.4263,4.73
1103,2013-01-08,00:00:00.00,0.0680242,10.2793,4.65
1104,2013-01-09,00:00:00.00,0,10.1088,4.58
1105,2013-01-10,00:00:00.00,0.00237216,9.8862,4.53
1106,2013-01-11,00:00:00.00,0.000856857,9.67133,4.43
1107,2013-01-12,00:00:00.00,13.2606,9.68346,4.47
1108,2013-01-13,00:00:00.00,0.00914072,14.2006,5.93
1109,2013-01-14,00:00:00.00,18.6059,25.7829,39.4
1110,2013-01-15,00:00:00.00,0.110091,33.475,83.7
1111,2013-01-16,00:00:00.00,0.0114187,27.2795,81.1
1112,2013-01-17,00:00:00.00,0.0741871,19.424,28.4
1113,2013-01-18,00:00:00.00,1.73522,17.973,17.7
1114,2013-01-19,00:00:00.00,0.536081,17.3877,13.1
1115,2013-01-20,00:00:00.00,0.452727,16.832,9.89
1116,2013-01-21,00:00:00.00,2.80452,16.3044,7.82
1117,2013-01-22,00:00:00.00,1.65675,15.8031,6.24
1118,2013-01-23,00:00:00.00,2.78074,15.3269,5.31
1119,2013-01-24,00:00:00.00,1.60423,14.8748,4.89
1120,2013-01-25,00:00:00.00,0.1381,14.4453,4.66
1121,2013-01-26,00:00:00.00,2.0804,14.0366,4.49
1122,2013-01-27,00:00:00.00,0.202157,13.6471,4.41
1123,2013-01-28,00:00:00.00,0.183803,13.2753,4.4
1124,2013-01-29,00:00:00.00,11.3745,13.0812,4.42
1125,2013-01-30,00:00:00.00,28.3421,19.4256,6.12
1126,2013-01-31,00:00:00.00,7.5347,41.3063,28.8
1127,2013-02-01,00:00:00.00,5.44763,48.3266,99.4
1128,2013-02-02,00:00:00.00,9.03789,33.5165,115
1129,2013-02-03,00:00:00.00,3.04878,26.6028,31.8
1130,2013-02-04,00:00:00.00,1.70599,25.4335,17.7
1131,2013-02-05,00:00:00.00,0.818229,24.3489,14.2
1132,2013-02-06,00:00:00.00,0.552468,23.3402,12.3
1133,2013-02-07,00:00:00.00,1.03281,22.4,10.7
1134,2013-02-08,00:00:00.00,3.82018,21.5214,9.16
1135,2013-02-09,00:00:00.00,28.1036,20.6986,8.04
1136,2013-02-10,00:00:00.00,0.280378,19.9269,7.29
1137,2013-02-11,00:00:00.00,0.031372,19.2022,7.05
1138,2013-02-12,00:00:00.00,3.05743,18.5685,7.3
1139,2013-02-13,00:00:00.00,0.285293,18.0651,7.84
1140,2013-02-14,00:00:00.00,0.0463586,17.5443,8.46
1141,2013-02-15,00:00:00.00,3.77233,16.9611,8.65
1142,2013-02-16,00:00:00.00,1.43595,16.4107,8.27
1143,2013-02-17,00:00:00.00,2.02925,15.89,7.57
1144,2013-02-18,00:00:00.00,0.0928311,15.3963,7.01
1145,2013-02-19,00:00:00.00,0.0573508,14.9284,6.63
1146,2013-02-20,00:00:00.00,9.3072,14.5375,6.43
1147,2013-02-21,00:00:00.00,1.10835,14.2707,6.34
1148,2013-02-22,00:00:00.00,0.104297,13.9655,6.3
1149,2013-02-23,00:00:00.00,1.41743,13.5717,6.25
1150,2013-02-24,00:00:00.00,0.871105,13.1963,6.16
1151,2013-02-25,00:00:00.00,1.75797,12.8379,6.07
1152,2013-02-26,00:00:00.00,0.000765561,12.4955,5.99
1153,2013-02-27,00:00:00.00,5.47667,12.1799,5.93
1154,2013-02-28,00:00:00.00,10.8072,11.9593,5.88
1155,2013-03-01,00:00:00.00,3.53496,11.8602,5.82
1156,2013-03-02,00:00:00.00,0.0156841,11.7017,5.76
1157,2013-03-03,00:00:00.00,0.0978997,11.4283,5.71
1158,2013-03-04,00:00:00.00,0.117404,11.1508,5.68
1159,2013-03-05,00:00:00.00,0.0280196,10.8843,5.65
1160,2013-03-06,00:00:00.00,0.000262491,10.6281,5.62
1161,2013-03-07,00:00:00.00,0.233996,10.3818,5.59
1162,2013-03-08,00:00:00.00,3.22431,10.148,5.59
1163,2013-03-09,00:00:00.00,0.00762614,9.92927,5.62
1164,2013-03-10,00:00:00.00,0.000902303,9.7157,5.66
1165,2013-03-11,00:00:00.00,0.000163877,11.8356,6.68
1166,2013-03-12,00:00:00.00,19.2962,31.6804,19.4
1167,2013-03-13,00:00:00.00,2.04412,69.5617,74.6
1168,2013-03-14,00:00:00.00,3.63567,70.3808,153
1169,2013-03-15,00:00:00.00,0.418216,43.9296,116
1170,2013-03-16,00:00:00.00,0.929292,35.8716,50
1171,2013-03-17,00:00:00.00,0.924438,33.8641,31.6
1172,2013-03-18,00:00:00.00,0.0701894,32.039,22.6
1173,2013-03-19,00:00:00.00,2.22988,30.3748,18.3
1174,2013-03-20,00:00:00.00,5.04462,28.8527,16
1175,2013-03-21,00:00:00.00,1.46396,27.4573,14.5
1176,2013-03-22,00:00:00.00,0.74175,26.1744,12.5
1177,2013-03-23,00:00:00.00,0.531679,24.9913,11.4
1178,2013-03-24,00:00:00.00,0.0162926,23.8975,10.7
1179,2013-03-25,00:00:00.00,1.41107e-308,22.8838,10.6
1180,2013-03-26,00:00:00.00,0.000263692,21.9424,10.7
1181,2013-03-27,00:00:00.00,0.000138788,21.0662,12.4
1182,2013-03-28,00:00:00.00,0.0668673,20.2494,16.2
1183,2013-03-29,00:00:00.00,0.150953,19.7141,26
1184,2013-03-30,00:00:00.00,0,19.7279,39.7
1185,2013-03-31,00:00:00.00,7.09675e-308,19.4698,57.3
1186,2013-04-01,00:00:00.00,1.02707,18.718,59.1
1187,2013-04-02,00:00:00.00,1.05766,18.0599,49.8
1188,2013-04-03,00:00:00.00,0.264269,17.4398,39.3
1189,2013-04-04,00:00:00.00,0.322383,16.8548,22.9
1190,2013-04-05,00:00:00.00,0,16.3023,17.3
1191,2013-04-06,00:00:00.00,0.000924093,15.7802,15
1192,2013-04-07,00:00:00.00,0.0484517,15.2861,16.2
1193,2013-04-08,00:00:00.00,0.432055,14.8184,15.4
1194,2013-04-09,00:00:00.00,9.71939,14.4701,14.8
1195,2013-04-10,00:00:00.00,29.574,16.8029,19.7
1196,2013-04-11,00:00:00.00,15.6936,27.7708,54.3
1197,2013-04-12,00:00:00.00,10.3179,36.2179,123
1198,2013-04-13,00:00:00.00,16.7204,32.8605,121
1199,2013-04-14,00:00:00.00,2.40311,33.0804,107
1200,2013-04-15,00:00:00.00,0.233393,37.0971,95.8
1201,2013-04-16,00:00:00.00,0.0152231,33.5854,41.8
1202,2013-04-17,00:00:00.00,1.12894,28.844,26.8
1203,2013-04-18,00:00:00.00,7.61299,27.7068,20.4
1204,2013-04-19,00:00:00.00,14.7867,28.2267,19
1205,2013-04-20,00:00:00.00,10.4539,32.7695,33.1
1206,2013-04-21,00:00:00.00,0.727823,35.9348,75.4
1207,2013-04-22,00:00:00.00,0.0177552,32.8652,38.5
1208,2013-04-23,00:00:00.00,0.00162055,29.4885,21.9
1209,2013-04-24,00:00:00.00,0.10282,28.0447,17.5
1210,2013-04-25,00:00:00.00,9.7752,26.9999,15.5
1211,2013-04-26,00:00:00.00,3.45696,26.6628,14.6
1212,2013-04-27,00:00:00.00,0.00897231,26.1832,14.8
1213,2013-04-28,00:00:00.00,0.000384164,25.1185,15.2
1214,2013-04-29,00:00:00.00,8.35235,24.1891,14.2
1215,2013-04-30,00:00:00.00,2.0243,23.6626,14.9
1216,2013-05-01,00:00:00.00,0.0778491,23.0061,15
1217,2013-05-02,00:00:00.00,0.035774,22.0602,13.7
1218,2013-05-03,00:00:00.00,0.00759015,21.1765,12.1
1219,2013-05-04,00:00:00.00,2.36801e-308,20.3517,10.7
1220,2013-05-05,00:00:00.00,0,19.5815,9.62
1221,2013-05-06,00:00:00.00,0.000444525,18.8611,8.8
1222,2013-05-07,00:00:00.00,2.20889e-308,18.186,8.12
1223,2013-05-08,00:00:00.00,6.07856e-308,17.5525,7.5
1224,2013-05-09,00:00:00.00,0.632221,16.9568,7.04
1225,2013-05-10,00:00:00.00,0.20521,16.3958,6.73
1226,2013-05-11,00:00:00.00,18.3073,15.9856,6.56
1227,2013-05-12,00:00:00.00,2.42719,15.8335,7.28
1228,2013-05-13,00:00:00.00,1.42361,15.5736,7.35
1229,2013-05-14,00:00:00.00,0.217309,15.0942,8.35
1230,2013-05-15,00:00:00.00,0.231556,14.6388,7.64
1231,2013-05-16,00:00:00.00,0.563391,14.2057,6.96
1232,2013-05-17,00:00:00.00,0,13.794,6.42
1233,2013-05-18,00:00:00.00,0.000516153,13.4025,5.96
1234,2013-05-19,00:00:00.00,0.000855318,13.03,5.72
1235,2013-05-20,00:00:00.00,0.00696353,12.6754,5.43
1236,2013-05-21,00:00:00.00,5.01196,12.338,5.23
1237,2013-05-22,00:00:00.00,8.05876,12.0272,5.33
1238,2013-05-23,00:00:00.00,1.7715,11.7484,5.39
1239,2013-05-24,00:00:00.00,2.75012,11.471,14.5
1240,2013-05-25,00:00:00.00,0.671173,11.1869,12.6
1241,2013-05-26,00:00:00.00,0.00242488,10.915,8.78
1242,2013-05-27,00:00:00.00,0,10.6544,7.03
1243,2013-05-28,00:00:00.00,0.0445856,10.4046,6.12
1244,2013-05-29,00:00:00.00,32.0684,10.7855,6.5
1245,2013-05-30,00:00:00.00,7.25476,15.3606,11
1246,2013-05-31,00:00:00.00,4.94499,17.4886,14.6
1247,2013-06-01,00:00:00.00,11.2481,14.3466,16.9
1248,2013-06-02,00:00:00.00,2.63015,14.5719,13.2
1249,2013-06-03,00:00:00.00,11.5107,15.2253,19.4
1250,2013-06-04,00:00:00.00,0.000407569,15.7491,29.5
1251,2013-06-05,00:00:00.00,0,15.5868,21.9
1252,2013-06-06,00:00:00.00,0,13.9289,13.8
1253,2013-06-07,00:00:00.00,4.35014,13.548,10.1
1254,2013-06-08,00:00:00.00,0.436235,13.2106,8.6
1255,2013-06-09,00:00:00.00,0.0117896,12.8752,7.71
1256,2013-06-10,00:00:00.00,0.000485698,12.5283,7
1257,2013-06-11,00:00:00.00,27.0116,12.5968,6.74
1258,2013-06-12,00:00:00.00,6.26873,16.2684,7.52
1259,2013-06-13,00:00:00.00,0.865933,17.8153,18.9
1260,2013-06-14,00:00:00.00,9.36685,15.0548,23.4
1261,2013-06-15,00:00:00.00,0.000848906,14.4805,15.6
1262,2013-06-16,00:00:00.00,0.000139096,14.3838,12.5
1263,2013-06-17,00:00:00.00,8.39485,13.8574,9.9
1264,2013-06-18,00:00:00.00,0.386814,13.6703,8.91
1265,2013-06-19,00:00:00.00,0.0114214,13.4229,8.34
1266,2013-06-20,00:00:00.00,0.000481655,13.0504,7.26
1267,2013-06-21,00:00:00.00,9.73236e-308,12.695,6.35
1268,2013-06-22,00:00:00.00,2.74015e-308,12.3561,5.67
1269,2013-06-23,00:00:00.00,4.56528,12.0328,5.2
1270,2013-06-24,00:00:00.00,0.578031,11.7242,4.99
1271,2013-06-25,00:00:00.00,0.00306928,11.4291,4.84
1272,2013-06-26,00:00:00.00,5.5863,11.1472,4.83
1273,2013-06-27,00:00:00.00,0.148153,10.8781,4.71
1274,2013-06-28,00:00:00.00,0.37645,10.6198,4.66
1275,2013-06-29,00:00:00.00,41.2754,11.8201,5.07
1276,2013-06-30,00:00:00.00,0.0253756,19.0758,16.6
1277,2013-07-01,00:00:00.00,0.0204194,20.5423,91
1278,2013-07-02,00:00:00.00,0.0422337,14.7362,49.2
1279,2013-07-03,00:00:00.00,0.0126531,13.2067,16.1
1280,2013-07-04,00:00:00.00,2.03294,12.8441,11.3
1281,2013-07-05,00:00:00.00,6.89395,12.5117,8.97
1282,2013-07-06,00:00:00.00,15.8946,12.3902,8.86
1283,2013-07-07,00:00:00.00,2.11543,13.1636,14.3
1284,2013-07-08,00:00:00.00,10.5548,13.3087,10.9
1285,2013-07-09,00:00:00.00,6.01299,13.1596,9.03
1286,2013-07-10,00:00:00.00,1.13238,13.2307,10.4
1287,2013-07-11,00:00:00.00,3.75781,12.6867,11.2
1288,2013-07-12,00:00:00.00,0.0163288,12.3539,9.12
1289,2013-07-13,00:00:00.00,0,12.0335,7.94
1290,2013-07-14,00:00:00.00,0,11.7255,6.96
1291,2013-07-15,00:00:00.00,0.00187557,11.4305,6.16
1292,2013-07-16,00:00:00.00,0.0291231,11.1482,5.41
1293,2013-07-17,00:00:00.00,0.0145416,10.8779,4.87
1294,2013-07-18,00:00:00.00,0.0152227,10.6188,4.49
1295,2013-07-19,00:00:00.00,0.0051537,10.3705,4.16
1296,2013-07-20,00:00:00.00,13.6385,10.1528,4.03
1297,2013-07-21,00:00:00.00,5.2256,9.99219,5.96
1298,2013-07-22,00:00:00.00,0.00218989,9.83219,5.92
1299,2013-07-23,00:00:00.00,0.00149189,9.63013,5.15
1300,2013-07-24,00:00:00.00,0.720036,9.42071,4.65
1301,2013-07-25,00:00:00.00,0.0533314,9.21909,4.37
1302,2013-07-26,00:00:00.00,0.000275133,9.02491,4.11
1303,2013-07-27,00:00:00.00,0.000135555,8.83779,3.84
1304,2013-07-28,00:00:00.00,14.4515,8.69382,3.93
1305,2013-07-29,00:00:00.00,1.49384,8.62705,5.66
1306,2013-07-30,00:00:00.00,0.418005,8.52646,5.58
1307,2013-07-31,00:00:00.00,0.0238344,8.35735,4.84
1308,2013-08-01,00:00:00.00,13.9075,8.26419,4.55
1309,2013-08-02,00:00:00.00,24.4884,10.2203,6.38
1310,2013-08-03,00:00:00.00,9.25958,16.8448,8.27
1311,2013-08-04,00:00:00.00,0.0704371,19.393,11.2
1312,2013-08-05,00:00:00.00,0.000146918,14.4388,12
1313,2013-08-06,00:00:00.00,7.35285e-308,11.4523,7.84
1314,2013-08-07,00:00:00.00,0.216087,11.172,6.15
1315,2013-08-08,00:00:00.00,10.1968,10.9687,5.48
1316,2013-08-09,00:00:00.00,0.00433323,10.9062,5.37
1317,2013-08-10,00:00:00.00,0.0403881,10.7795,5.23
1318,2013-08-11,00:00:00.00,0.00697956,10.5252,5.19
1319,2013-08-12,00:00:00.00,0.00136899,10.2808,4.83
1320,2013-08-13,00:00:00.00,0.987149,10.0461,4.62
1321,2013-08-14,00:00:00.00,0.211846,9.82057,4.64
1322,2013-08-15,00:00:00.00,0.00752458,9.6038,4.51
1323,2013-08-16,00:00:00.00,0.00336196,9.39529,4.29
1324,2013-08-17,00:00:00.00,4.3895e-308,9.19459,4.14
1325,2013-08-18,00:00:00.00,0.00205607,9.0013,4.07
1326,2013-08-19,00:00:00.00,0.000308516,8.81503,3.95
1327,2013-08-20,00:00:00.00,0.0163273,8.63541,3.88
1328,2013-08-21,00:00:00.00,0,8.46213,3.75
1329,2013-08-22,00:00:00.00,0.0372257,8.29485,3.63
1330,2013-08-23,00:00:00.00,2.10213,8.13328,3.59
1331,2013-08-24,00:00:00.00,0.0329338,7.97716,3.47
1332,2013-08-25,00:00:00.00,0.00444294,7.82622,3.35
1333,2013-08-26,00:00:00.00,0.140666,7.68021,3.28
1334,2013-08-27,00:00:00.00,2.2695,7.53891,3.3
1335,2013-08-28,00:00:00.00,0.150111,7.40211,3.57
1336,2013-08-29,00:00:00.00,0.897107,7.2696,3.49
1337,2013-08-30,00:00:00.00,0.0294786,7.14119,3.55
1338,2013-08-31,00:00:00.00,8.24861,7.01864,3.5
1339,2013-09-01,00:00:00.00,0.167675,6.90358,3.76
1340,2013-09-02,00:00:00.00,5.02559,6.79208,4.22
1341,2013-09-03,00:00:00.00,1.58172,6.68412,4.26
1342,2013-09-04,00:00:00.00,0.752179,6.57724,5.09
1343,2013-09-05,00:00:00.00,0.143612,6.46937,4.45
1344,2013-09-06,00:00:00.00,0.000128481,6.36455,3.98
1345,2013-09-07,00:00:00.00,0.000239338,6.26267,3.44
1346,2013-09-08,00:00:00.00,10.3887,6.17728,3.41
1347,2013-09-09,00:00:00.00,0.0248217,6.12124,3.49
1348,2013-09-10,00:00:00.00,0.0486638,6.05309,3.26
1349,2013-09-11,00:00:00.00,0.188589,5.9598,3.22
1350,2013-09-12,00:00:00.00,9.32911,5.88519,3.28
1351,2013-09-13,00:00:00.00,7.73538,5.87723,4.4
1352,2013-09-14,00:00:00.00,0.243184,5.94402,4.36
1353,2013-09-15,00:00:00.00,0.0109768,5.9199,3.88
1354,2013-09-16,00:00:00.00,1.48249,5.80594,3.65
1355,2013-09-17,00:00:00.00,0.15449,5.71961,3.5
1356,2013-09-18,00:00:00.00,0.0350421,5.63531,3.29
1357,2013-09-19,00:00:00.00,0.00059869,5.55301,3.2
1358,2013-09-20,00:00:00.00,0.201942,5.47272,3.17
1359,2013-09-21,00:00:00.00,37.1721,7.01072,3.14
1360,2013-09-22,00:00:00.00,40.1471,18.8253,7.9
1361,2013-09-23,00:00:00.00,0.111042,36.684,67.5
1362,2013-09-24,00:00:00.00,0.000153099,33.195,49.6
1363,2013-09-25,00:00:00.00,0.0127031,18.5185,19.4
1364,2013-09-26,00:00:00.00,9.84286e-308,14.7325,12.4
1365,2013-09-27,00:00:00.00,0.000554053,14.3006,9.12
1366,2013-09-28,00:00:00.00,0.00302969,13.8871,7.31
1367,2013-09-29,00:00:00.00,0.0187649,13.4924,6.26
1368,2013-09-30,00:00:00.00,0.880649,13.1163,5.57
1369,2013-10-01,00:00:00.00,2.03216,12.758,5.19
1370,2013-10-02,00:00:00.00,0.0424763,12.4164,4.94
1371,2013-10-03,00:00:00.00,0.000275612,12.0905,4.65
1372,2013-10-04,00:00:00.00,1.83616,11.7792,4.38
1373,2013-10-05,00:00:00.00,14.5616,11.5977,4.89
1374,2013-10-06,00:00:00.00,2.06614,11.8129,7.04
1375,2013-10-07,00:00:00.00,25.5668,13.5051,11.6
1376,2013-10-08,00:00:00.00,15.6637,22.1792,17.7
1377,2013-10-09,00:00:00.00,0.0346327,29.7367,69.7
1378,2013-10-10,00:00:00.00,0.00237914,24.555,48.5
1379,2013-10-11,00:00:00.00,0.131709,18.3884,20.4
1380,2013-10-12,00:00:00.00,0.00838317,17.4374,14.7
1381,2013-10-13,00:00:00.00,0.0465185,16.8582,11.4
1382,2013-10-14,00:00:00.00,5.15171,16.3767,9.58
1383,2013-10-15,00:00:00.00,0.0568722,16.0544,8.61
1384,2013-10-16,00:00:00.00,1.96376,15.6887,7.74
1385,2013-10-17,00:00:00.00,6.33604,15.3251,7.51
1386,2013-10-18,00:00:00.00,10.7112,15.7148,7.35
1387,2013-10-19,00:00:00.00,0.447064,17.6548,8.77
1388,2013-10-20,00:00:00.00,10.3483,18.1206,16.7
1389,2013-10-21,00:00:00.00,0.129315,18.6653,19.1
1390,2013-10-22,00:00:00.00,11.7308,19.476,17.7
1391,2013-10-23,00:00:00.00,0.721424,20.7326,17.7
1392,2013-10-24,00:00:00.00,4.3186,20.7193,20.6
1393,2013-10-25,00:00:00.00,4.64779,18.8603,18.9
1394,2013-10-26,00:00:00.00,4.41036,19.5432,22.7
1395,2013-10-27,00:00:00.00,16.9601,22.1841,42.9
1396,2013-10-28,00:00:00.00,1.67429,28.5002,50
1397,2013-10-29,00:00:00.00,0.0103399,28.7208,55.1
1398,2013-10-30,00:00:00.00,0.0764592,23.5933,28
1399,2013-10-31,00:00:00.00,0.0460536,22.0566,18.3
1400,2013-11-01,00:00:00.00,38.3419,25.0071,16.7
1401,2013-11-02,00:00:00.00,5.95447,42.2313,57.6
1402,2013-11-03,00:00:00.00,2.4336,49.5096,114
1403,2013-11-04,00:00:00.00,0.000460372,38.3601,72.5
1404,2013-11-05,00:00:00.00,2.32592e-308,32.8769,27
1405,2013-11-06,00:00:00.00,0.17104,31.1693,18.9
1406,2013-11-07,00:00:00.00,14.8318,30.5069,15.8
1407,2013-11-08,00:00:00.00,1.97843,34.0542,16.9
1408,2013-11-09,00:00:00.00,2.88768,34.6284,24
1409,2013-11-10,00:00:00.00,0.746553,31.2639,21
1410,2013-11-11,00:00:00.00,1.02136,29.9986,19
1411,2013-11-12,00:00:00.00,3.28644,28.7684,18.3
1412,2013-11-13,00:00:00.00,0.599466,27.8849,16.5
1413,2013-11-14,00:00:00.00,0.434153,26.8888,17.7
1414,2013-11-15,00:00:00.00,0.000280611,25.6877,15.3
1415,2013-11-16,00:00:00.00,2.51267e-308,24.5799,12.8
1416,2013-11-17,00:00:00.00,0.028527,23.5647,11.3
1417,2013-11-18,00:00:00.00,12.4189,23.1816,10.8
1418,2013-11-19,00:00:00.00,1.90826,25.7234,10.9
1419,2013-11-20,00:00:00.00,0.155073,26.0905,27.5
1420,2013-11-21,00:00:00.00,0.000771716,23.5267,22.1
1421,2013-11-22,00:00:00.00,1.91266,22.6292,14.9
1422,2013-11-23,00:00:00.00,5.91695,22.1427,12.6
1423,2013-11-24,00:00:00.00,2.52376,22.2127,11.9
1424,2013-11-25,00:00:00.00,1.44881,21.8533,12.5
1425,2013-11-26,00:00:00.00,1.27821,20.9429,11.2
1426,2013-11-27,00:00:00.00,0.540441,20.1657,9.44
1427,2013-11-28,00:00:00.00,0.206937,19.4351,9.01
1428,2013-11-29,00:00:00.00,0.474448,18.7475,7.47
1429,2013-11-30,00:00:00.00,0.0401877,18.0997,6.89
1430,2013-12-01,00:00:00.00,0.0134475,17.4886,6.57
1431,2013-12-02,00:00:00.00,0.260973,16.9114,6.87
1432,2013-12-03,00:00:00.00,0.0249156,16.3654,6.43
1433,2013-12-04,00:00:00.00,0.455853,15.8484,6.5
1434,2013-12-05,00:00:00.00,2.4448,15.3839,6.67
1435,2013-12-06,00:00:00.00,1.97615,15.2765,7.15
1436,2013-12-07,00:00:00.00,0.0185066,16.7974,8.53
1437,2013-12-08,00:00:00.00,0.18584,16.898,15.8
1438,2013-12-09,00:00:00.00,0.333259,15.3516,10.6
1439,2013-12-10,00:00:00.00,3.00787,14.9031,7.85
1440,2013-12-11,00:00:00.00,2.54968,14.4834,7.14
1441,2013-12-12,00:00:00.00,4.50122,14.0805,6.89
1442,2013-12-13,00:00:00.00,3.15671,13.6896,6.81
1443,2013-12-14,00:00:00.00,2.9555,13.3166,6.64
1444,2013-12-15,00:00:00.00,12.2501,12.9604,6.94
1445,2013-12-16,00:00:00.00,4.33727,12.6199,6.89
1446,2013-12-17,00:00:00.00,5.51247,12.2942,6.7
1447,2013-12-18,00:00:00.00,4.75903,11.9824,6.76
1448,2013-12-19,00:00:00.00,1.16103,11.6838,6.79
1449,2013-12-20,00:00:00.00,0.381345,11.3974,6.7
1450,2013-12-21,00:00:00.00,11.977,11.2543,6.82
1451,2013-12-22,00:00:00.00,8.85718,12.5198,7.39
1452,2013-12-23,00:00:00.00,12.5328,15.5093,13.6
1453,2013-12-24,00:00:00.00,0.739089,17.0826,36.7
1454,2013-12-25,00:00:00.00,0.987407,15.0991,39.2
1455,2013-12-26,00:00:00.00,2.78417,13.0952,18.5
1456,2013-12-27,00:00:00.00,3.22469,12.7646,13.2
1457,2013-12-28,00:00:00.00,0.581577,12.4463,11.5
1458,2013-12-29,00:00:00.00,0.0125959,12.1394,10.3
1459,2013-12-30,00:00:00.00,0.0981654,11.8432,9.43
1460,2013-12-31,00:00:00.00,0.49756,11.5574,8.6
1461,2014-01-01,00:00:00.00,2.25499,11.2824,7.76
1462,2014-01-02,00:00:00.00,0.522575,11.0181,7.01
1463,2014-01-03,00:00:00.00,2.08073,10.764,6.43
1464,2014-01-04,00:00:00.00,0.027069,10.5199,6.05
1465,2014-01-05,00:00:00.00,1.66384,10.2852,5.69
1466,2014-01-06,00:00:00.00,18.9996,10.0967,5.22
1467,2014-01-07,00:00:00.00,10.502,9.98941,4.85
1468,2014-01-08,00:00:00.00,1.04306,9.84944,4.63
1469,2014-01-09,00:00:00.00,0.493579,9.64121,4.41
1470,2014-01-10,00:00:00.00,0.502662,9.44051,4.09
1471,2014-01-11,00:00:00.00,3.90463,9.25979,4.77
1472,2014-01-12,00:00:00.00,22.2243,10.5652,10.7
1473,2014-01-13,00:00:00.00,0.349655,17.1992,36.5
1474,2014-01-14,00:00:00.00,0.15278,18.3527,41.4
1475,2014-01-15,00:00:00.00,0.0329673,13.0016,39.7
1476,2014-01-16,00:00:00.00,1.07205,11.6065,45.8
1477,2014-01-17,00:00:00.00,2.40924,11.3373,33.8
1478,2014-01-18,00:00:00.00,4.6532,11.0771,23.3
1479,2014-01-19,00:00:00.00,2.36968,10.8261,17.4
1480,2014-01-20,00:00:00.00,1.71851,10.584,14.2
1481,2014-01-21,00:00:00.00,1.30084,10.35,11.7
1482,2014-01-22,00:00:00.00,0.00377164,10.1241,9.83
1483,2014-01-23,00:00:00.00,0.521594,9.90644,8.99
1484,2014-01-24,00:00:00.00,0.672671,9.69691,8.51
1485,2014-01-25,00:00:00.00,5.40332,9.495,8.25
1486,2014-01-26,00:00:00.00,9.74369,9.30014,8.01
1487,2014-01-27,00:00:00.00,4.20956,9.11172,7.81
1488,2014-01-28,00:00:00.00,4.32211,8.92941,7.63
1489,2014-01-29,00:00:00.00,0.173636,8.75311,7.43
1490,2014-01-30,00:00:00.00,0.0956599,8.5827,7.24
1491,2014-01-31,00:00:00.00,1.44245,8.41793,7.1
1492,2014-02-01,00:00:00.00,1.45545,8.25824,6.95
1493,2014-02-02,00:00:00.00,17.4406,8.13144,6.81
1494,2014-02-03,00:00:00.00,1.40239,8.06431,6.7
1495,2014-02-04,00:00:00.00,0.0252021,7.97159,6.65
1496,2014-02-05,00:00:00.00,1.68985,7.82618,6.64
1497,2014-02-06,00:00:00.00,14.2047,7.68491,6.63
1498,2014-02-07,00:00:00.00,1.48427,7.54766,6.56
1499,2014-02-08,00:00:00.00,0.311948,7.4144,6.54
1500,2014-02-09,00:00:00.00,0.810532,7.28505,6.58
1501,2014-02-10,00:00:00.00,2.93928,7.15947,6.58
1502,2014-02-11,00:00:00.00,0.572027,7.03747,6.6
1503,2014-02-12,00:00:00.00,0.0802043,6.91888,6.62
1504,2014-02-13,00:00:00.00,0.00551486,6.80363,6.68
1505,2014-02-14,00:00:00.00,0.00312846,6.69156,6.64
1506,2014-02-15,00:00:00.00,0.53646,6.58245,6.59
1507,2014-02-16,00:00:00.00,1.05249,6.47616,6.56
1508,2014-02-17,00:00:00.00,1.35466,6.37265,6.55
1509,2014-02-18,00:00:00.00,2.95351,6.27189,6.54
1510,2014-02-19,00:00:00.00,7.76774,6.17378,6.53
1511,2014-02-20,00:00:00.00,0.0110962,6.07815,6.62
1512,2014-02-21,00:00:00.00,6.88942,5.99736,6.88
1513,2014-02-22,00:00:00.00,4.5645,5.9543,7.27
1514,2014-02-23,00:00:00.00,1.84834e-308,5.92192,7.66
1515,2014-02-24,00:00:00.00,0.435218,5.85515,8.23
1516,2014-02-25,00:00:00.00,0.959491,5.76841,8.94
1517,2014-02-26,00:00:00.00,1.55929,5.68372,9.67
1518,2014-02-27,00:00:00.00,0.509129,5.60107,10.3
1519,2014-02-28,00:00:00.00,2.79399,5.52043,10.5
1520,2014-03-01,00:00:00.00,0.0241133,5.44179,10.3
1521,2014-03-02,00:00:00.00,4.04835,5.36507,9.81
1522,2014-03-03,00:00:00.00,3.05397,5.29015,9.23
1523,2014-03-04,00:00:00.00,0.00256657,5.217,8.66
1524,2014-03-05,00:00:00.00,2.13435,5.1456,8.24
1525,2014-03-06,00:00:00.00,0.355889,5.07585,7.69
1526,2014-03-07,00:00:00.00,0.0388924,5.00768,7.25
1527,2014-03-08,00:00:00.00,0,4.94101,6.93
1528,2014-03-09,00:00:00.00,0.00751591,4.87579,6.71
1529,2014-03-10,00:00:00.00,0.0114065,4.81196,6.54
1530,2014-03-11,00:00:00.00,0.00148904,4.74952,6.38
1531,2014-03-12,00:00:00.00,0.0314313,4.92999,6.3
1532,2014-03-13,00:00:00.00,15.4787,7.07722,6.37
1533,2014-03-14,00:00:00.00,0.00531958,7.43411,6.68
1534,2014-03-15,00:00:00.00,0.0534508,5.53909,7.21
1535,2014-03-16,00:00:00.00,0.276378,5.18907,7.76
1536,2014-03-17,00:00:00.00,0.0115964,5.1214,8.56
1537,2014-03-18,00:00:00.00,3.53134e-308,5.05472,9.88
1538,2014-03-19,00:00:00.00,0.00361586,4.98918,11
1539,2014-03-20,00:00:00.00,3.23446,4.93176,12.1
1540,2014-03-21,00:00:00.00,0.588261,4.88939,16.7
1541,2014-03-22,00:00:00.00,0.0740511,4.84071,24.1
1542,2014-03-23,00:00:00.00,4.64536,4.77882,25.1
1543,2014-03-24,00:00:00.00,0.032139,4.7181,21.9
1544,2014-03-25,00:00:00.00,0.577187,4.6586,19.6
1545,2014-03-26,00:00:00.00,0.501603,4.60023,18
1546,2014-03-27,00:00:00.00,0.00114293,4.54297,16.9
1547,2014-03-28,00:00:00.00,3.70661,4.48681,16.1
1548,2014-03-29,00:00:00.00,3.95964,4.4392,19
1549,2014-03-30,00:00:00.00,0.00542878,4.40727,41.3
1550,2014-03-31,00:00:00.00,0,4.3686,84.5
1551,2014-04-01,00:00:00.00,0,4.31598,56.2
1552,2014-04-02,00:00:00.00,0.0595402,4.98058,77.3
1553,2014-04-03,00:00:00.00,0.00285438,8.79101,103
1554,2014-04-04,00:00:00.00,0.00990728,9.38383,119
1555,2014-04-05,00:00:00.00,8.15575,6.12087,106
1556,2014-04-06,00:00:00.00,0.734669,6.3018,86.8
1557,2014-04-07,00:00:00.00,0.000236825,6.38396,93
1558,2014-04-08,00:00:00.00,5.33961,8.88916,80.4
1559,2014-04-09,00:00:00.00,3.81642,27.3215,102
1560,2014-04-10,00:00:00.00,0.00113699,50.8559,118
1561,2014-04-11,00:00:00.00,0.27407,68.4051,115
1562,2014-04-12,00:00:00.00,0.0329618,84.2892,85.3
1563,2014-04-13,00:00:00.00,10.3877,83.9144,76.1
1564,2014-04-14,00:00:00.00,2.80542,62.2944,52
1565,2014-04-15,00:00:00.00,4.95148,44.8544,84.8
1566,2014-04-16,00:00:00.00,10.8521,41.8824,67.4
1567,2014-04-17,00:00:00.00,0.000347243,41.8824,47.6
1568,2014-04-18,00:00:00.00,0.0012617,41.8824,33.1
1569,2014-04-19,00:00:00.00,0.404883,41.8824,28.1
1570,2014-04-20,00:00:00.00,0.00187252,41.8824,22.7
1571,2014-04-21,00:00:00.00,0,41.8824,18.6
1572,2014-04-22,00:00:00.00,0.00173842,41.8824,15.8
1573,2014-04-23,00:00:00.00,5.33606,41.8824,14.3
1574,2014-04-24,00:00:00.00,0.0124786,41.8824,13
1575,2014-04-25,00:00:00.00,0.00278443,41.8824,11.8
1576,2014-04-26,00:00:00.00,6.73658,41.8824,11
1577,2014-04-27,00:00:00.00,0.186493,41.8824,10.8
1578,2014-04-28,00:00:00.00,0.000372854,41.8824,10.4
1579,2014-04-29,00:00:00.00,0.022716,41.8824,9.73
1580,2014-04-30,00:00:00.00,26.0218,41.8824,11.4
1581,2014-05-01,00:00:00.00,7.87942,43.9925,24.1
1582,2014-05-02,00:00:00.00,1.09227,44.3771,44.5
1583,2014-05-03,00:00:00.00,3.11403,42.267,31.8
1584,2014-05-04,00:00:00.00,5.64193,41.8824,24.7
1585,2014-05-05,00:00:00.00,0.0554481,41.8824,21
1586,2014-05-06,00:00:00.00,1.25296e-308,41.8824,21.5
1587,2014-05-07,00:00:00.00,0.00046129,41.0771,17.7
1588,2014-05-08,00:00:00.00,0.00773938,39.0178,13.8
1589,2014-05-09,00:00:00.00,0.967928,36.6404,11.9
1590,2014-05-10,00:00:00.00,1.89721,34.5057,10.5
1591,2014-05-11,00:00:00.00,0.0334857,32.5808,9.62
1592,2014-05-12,00:00:00.00,0.000582582,30.8376,8.98
1593,2014-05-13,00:00:00.00,0.268365,29.2527,8.38
1594,2014-05-14,00:00:00.00,15.4021,27.9482,8.11
1595,2014-05-15,00:00:00.00,13.3936,27.4042,9.18
1596,2014-05-16,00:00:00.00,10.5178,28.6896,19
1597,2014-05-17,00:00:00.00,0.0388619,30.0401,37.9
1598,2014-05-18,00:00:00.00,0.035285,28.6903,33.3
1599,2014-05-19,00:00:00.00,0.0140036,26.6352,19.2
1600,2014-05-20,00:00:00.00,0.00194675,25.4128,14
1601,2014-05-21,00:00:00.00,14.4594,24.5767,12
1602,2014-05-22,00:00:00.00,6.80668,24.6656,15.8
1603,2014-05-23,00:00:00.00,0.730704,24.5966,19.2
1604,2014-05-24,00:00:00.00,0.00887748,23.6756,15.3
1605,2014-05-25,00:00:00.00,0.00202623,22.681,12.2
1606,2014-05-26,00:00:00.00,7.62654e-308,21.7534,10.4
1607,2014-05-27,00:00:00.00,2.35165e-308,20.8891,9.02
1608,2014-05-28,00:00:00.00,0.0274598,20.0831,8.02
1609,2014-05-29,00:00:00.00,0.00612064,19.3302,7.31
1610,2014-05-30,00:00:00.00,0.00127853,18.6257,6.77
1611,2014-05-31,00:00:00.00,0.000989884,17.9653,6.35
1612,2014-06-01,00:00:00.00,0.00121121,17.345,5.96
1613,2014-06-02,00:00:00.00,0,16.7615,5.57
1614,2014-06-03,00:00:00.00,3.96167,16.2118,5.34
1615,2014-06-04,00:00:00.00,6.82882,15.6944,6.38
1616,2014-06-05,00:00:00.00,0.000700712,15.2083,6.08
1617,2014-06-06,00:00:00.00,0.000324445,14.7468,5.48
1618,2014-06-07,00:00:00.00,0.0031062,14.3069,5.08
1619,2014-06-08,00:00:00.00,0.0012223,13.8895,4.75
1620,2014-06-09,00:00:00.00,2.45754,13.4931,4.63
1621,2014-06-10,00:00:00.00,0.0126584,13.1162,4.85
1622,2014-06-11,00:00:00.00,0.000259244,12.7574,4.56
1623,2014-06-12,00:00:00.00,3.32349,12.4156,4.44
1624,2014-06-13,00:00:00.00,4.95279,12.0895,4.62
1625,2014-06-14,00:00:00.00,2.59955,11.7784,4.58
1626,2014-06-15,00:00:00.00,0.000227661,11.481,4.9
1627,2014-06-16,00:00:00.00,2.91463e-308,11.1965,6.55
1628,2014-06-17,00:00:00.00,0.270755,10.9241,5.46
1629,2014-06-18,00:00:00.00,6.91027,10.6637,5.01
1630,2014-06-19,00:00:00.00,3.10564,10.4152,4.67
1631,2014-06-20,00:00:00.00,0.0262812,10.1762,4.43
1632,2014-06-21,00:00:00.00,4.53e-308,9.94557,4.16
1633,2014-06-22,00:00:00.00,0.00170863,9.72396,4.01
1634,2014-06-23,00:00:00.00,0.0530138,9.51088,3.84
1635,2014-06-24,00:00:00.00,4.45943,9.30587,3.94
1636,2014-06-25,00:00:00.00,22.3926,9.22344,4.5
1637,2014-06-26,00:00:00.00,0.0516929,9.86553,5.02
1638,2014-06-27,00:00:00.00,1.27737,9.89792,6.75
1639,2014-06-28,00:00:00.00,0.00296871,9.20791,7.48
1640,2014-06-29,00:00:00.00,0.00127575,9.01445,6.02
1641,2014-06-30,00:00:00.00,6.52101,8.83256,4.94
1642,2014-07-01,00:00:00.00,0.00921124,8.66649,4.41
1643,2014-07-02,00:00:00.00,0.681916,8.5015,4.15
1644,2014-07-03,00:00:00.00,1.99153,8.33287,3.95
1645,2014-07-04,00:00:00.00,1.08079,8.17002,3.98
1646,2014-07-05,00:00:00.00,0.00537041,8.01267,4.03
1647,2014-07-06,00:00:00.00,0.00179364,7.86055,3.84
1648,2014-07-07,00:00:00.00,0.00418381,7.71343,3.72
1649,2014-07-08,00:00:00.00,31.402,7.97729,6.53
1650,2014-07-09,00:00:00.00,24.394,13.3486,20.2
1651,2014-07-10,00:00:00.00,0.0609765,21.8869,29.6
1652,2014-07-11,00:00:00.00,0.034682,19.9463,38.8
1653,2014-07-12,00:00:00.00,0.00954807,13.1425,18.6
1654,2014-07-13,00:00:00.00,0.00546493,11.6342,11
1655,2014-07-14,00:00:00.00,3.70953,11.3437,8.25
1656,2014-07-15,00:00:00.00,0.260021,11.0653,7.05
1657,2014-07-16,00:00:00.00,2.86619,10.7986,6.49
1658,2014-07-17,00:00:00.00,0.876388,10.5429,10.3
1659,2014-07-18,00:00:00.00,0.000382919,10.2977,7.46
1660,2014-07-19,00:00:00.00,0.0527829,10.0622,6.07
1661,2014-07-20,00:00:00.00,0.958543,9.83606,5.47
1662,2014-07-21,00:00:00.00,1.59643,9.61869,5.27
1663,2014-07-22,00:00:00.00,0.067951,9.40961,4.92
1664,2014-07-23,00:00:00.00,0.000303433,9.20838,4.59
1665,2014-07-24,00:00:00.00,3.29094,9.01458,4.5
1666,2014-07-25,00:00:00.00,4.74901e-308,8.82783,4.12
1667,2014-07-26,00:00:00.00,0.00568102,8.64777,3.88
1668,2014-07-27,00:00:00.00,0.103786,8.47405,3.74
1669,2014-07-28,00:00:00.00,14.3941,8.3288,3.76
1670,2014-07-29,00:00:00.00,40.1605,10.9032,11.6
1671,2014-07-30,00:00:00.00,1.55735,21.5858,19.1
1672,2014-07-31,00:00:00.00,2.47512,23.403,24.2
1673,2014-08-01,00:00:00.00,1.27141,14.8917,13.1
1674,2014-08-02,00:00:00.00,0.181235,12.4483,9.4
1675,2014-08-03,00:00:00.00,0.267137,12.1263,10.3
1676,2014-08-04,00:00:00.00,0.109423,11.815,10.8
1677,2014-08-05,00:00:00.00,0.122855,11.5164,18.9
1678,2014-08-06,00:00:00.00,2.55454,11.2304,14.4
1679,2014-08-07,00:00:00.00,0.0608531,10.9567,8.65
1680,2014-08-08,00:00:00.00,0,10.6944,6.75
1681,2014-08-09,00:00:00.00,0.00590442,10.4429,5.88
1682,2014-08-10,00:00:00.00,0.037381,10.2017,5.14
1683,2014-08-11,00:00:00.00,0.0333717,9.97002,4.69
1684,2014-08-12,00:00:00.00,17.8596,9.81713,4.52
1685,2014-08-13,00:00:00.00,8.059,9.97828,4.98
1686,2014-08-14,00:00:00.00,0.0222092,10.242,4.99
1687,2014-08-15,00:00:00.00,0.0332289,10.0557,5.68
1688,2014-08-16,00:00:00.00,0.0269344,9.69864,5.41
1689,2014-08-17,00:00:00.00,2.57069,9.48715,4.79
1690,2014-08-18,00:00:00.00,0.0851695,9.28331,4.55
1691,2014-08-19,00:00:00.00,0.0731435,9.08691,4.3
1692,2014-08-20,00:00:00.00,0.50683,8.89759,4.16
1693,2014-08-21,00:00:00.00,10.138,8.7375,4.07
1694,2014-08-22,00:00:00.00,0.63398,8.62729,4.18
1695,2014-08-23,00:00:00.00,0.0114946,8.49861,4.11
1696,2014-08-24,00:00:00.00,0.0113205,8.3302,4.2
1697,2014-08-25,00:00:00.00,0.0296063,8.16747,3.98
1698,2014-08-26,00:00:00.00,0.035375,8.01021,3.73
1699,2014-08-27,00:00:00.00,0.00779813,7.85818,3.57
1700,2014-08-28,00:00:00.00,0.000964891,7.71113,3.48
1701,2014-08-29,00:00:00.00,0,7.56884,3.34
1702,2014-08-30,00:00:00.00,0.0275973,7.43109,3.22
1703,2014-08-31,00:00:00.00,0.0125015,7.29768,3.14
1704,2014-09-01,00:00:00.00,0.123464,7.1684,3.06
1705,2014-09-02,00:00:00.00,2.30615,7.04309,3.05
1706,2014-09-03,00:00:00.00,13.2306,6.94013,3.31
1707,2014-09-04,00:00:00.00,0.286159,6.87692,3.52
1708,2014-09-05,00:00:00.00,0,6.79708,3.88
1709,2014-09-06,00:00:00.00,36.5347,8.25682,3.87
1710,2014-09-07,00:00:00.00,12.6449,16.7328,6.59
1711,2014-09-08,00:00:00.00,0.0636836,22.171,31
1712,2014-09-09,00:00:00.00,0.184558,16.0959,31.6
1713,2014-09-10,00:00:00.00,0.361345,11.1677,13.3
1714,2014-09-11,00:00:00.00,46.3682,14.4137,8.79
1715,2014-09-12,00:00:00.00,4.94916,30.6099,35.9
1716,2014-09-13,00:00:00.00,0.0268597,35.4014,90.8
1717,2014-09-14,00:00:00.00,3.06999,23.4558,49.2
1718,2014-09-15,00:00:00.00,0.0131938,19.0465,19.4
1719,2014-09-16,00:00:00.00,2.26195,18.4736,13.7
1720,2014-09-17,00:00:00.00,0.222851,17.8445,11
1721,2014-09-18,00:00:00.00,0.0118926,17.2467,9.23
1722,2014-09-19,00:00:00.00,0.0123245,16.6758,7.9
1723,2014-09-20,00:00:00.00,0.0117842,16.1343,6.86
1724,2014-09-21,00:00:00.00,1.67375,15.6215,6.23
1725,2014-09-22,00:00:00.00,7.3792,15.2031,6.06
1726,2014-09-23,00:00:00.00,0.073992,14.9385,10.6
1727,2014-09-24,00:00:00.00,0.0100691,14.6215,17.5
1728,2014-09-25,00:00:00.00,0.0241379,14.1897,11.7
1729,2014-09-26,00:00:00.00,0.0230345,13.779,8.67
1730,2014-09-27,00:00:00.00,0.0406673,13.3884,7.21
1731,2014-09-28,00:00:00.00,0,13.0167,6.28
1732,2014-09-29,00:00:00.00,0,12.6627,5.73
1733,2014-09-30,00:00:00.00,0.0433057,12.3252,5.27
1734,2014-10-01,00:00:00.00,12.9923,12.069,5.5
1735,2014-10-02,00:00:00.00,0.0163207,11.954,5.89
1736,2014-10-03,00:00:00.00,0.0461438,11.7792,5.81
1737,2014-10-04,00:00:00.00,15.0695,11.6811,6.11
1738,2014-10-05,00:00:00.00,7.32118,13.4243,8
1739,2014-10-06,00:00:00.00,0.31718,15.0605,21.1
1740,2014-10-07,00:00:00.00,9.3614,14.04,26.3
1741,2014-10-08,00:00:00.00,0.888721,14.3427,18.5
1742,2014-10-09,00:00:00.00,0.0160685,14.4303,21.7
1743,2014-10-10,00:00:00.00,0.0114788,13.0722,19.9
1744,2014-10-11,00:00:00.00,0.0040601,12.7264,12.7
1745,2014-10-12,00:00:00.00,0.00890855,12.3929,9.74
1746,2014-10-13,00:00:00.00,0.0252516,12.0723,8.2
1747,2014-10-14,00:00:00.00,0.844359,11.7645,7.26
1748,2014-10-15,00:00:00.00,8.65191,11.5649,6.97
1749,2014-10-16,00:00:00.00,7.72898,11.9862,7
1750,2014-10-17,00:00:00.00,3.95572,13.1007,11.2
1751,2014-10-18,00:00:00.00,3.64253,13.2317,19.3
1752,2014-10-19,00:00:00.00,2.61208,12.5295,17.9
1753,2014-10-20,00:00:00.00,0.0874031,12.2693,14.3
1754,2014-10-21,00:00:00.00,3.29777,12.1038,13.1
1755,2014-10-22,00:00:00.00,6.99017,12.1463,11.1
1756,2014-10-23,00:00:00.00,0.0052494,13.2792,10.5
1757,2014-10-24,00:00:00.00,0.000372691,13.3195,11.3
1758,2014-10-25,00:00:00.00,0.00152859,12.2083,10.5
1759,2014-10-26,00:00:00.00,0.00205803,11.9028,9.15
1760,2014-10-27,00:00:00.00,0.00435073,11.6073,8.09
1761,2014-10-28,00:00:00.00,0.492902,11.3223,7.37
1762,2014-10-29,00:00:00.00,4.20696,11.0883,6.93
1763,2014-10-30,00:00:00.00,0.31403,10.9426,6.66
1764,2014-10-31,00:00:00.00,0.162786,10.7635,6.36
1765,2014-11-01,00:00:00.00,5.80957,10.5882,6.3
1766,2014-11-02,00:00:00.00,0.99682,10.5697,6.45
1767,2014-11-03,00:00:00.00,0.0150245,10.4786,6.54
1768,2014-11-04,00:00:00.00,3.22055e-308,10.2423,6.58
1769,2014-11-05,00:00:00.00,5.98633,10.0954,6.78
1770,2014-11-06,00:00:00.00,0.256507,10.1275,6.87
1771,2014-11-07,00:00:00.00,3.25006,10.1117,7.06
1772,2014-11-08,00:00:00.00,1.24509,10.0154,7.2
1773,2014-11-09,00:00:00.00,5.13842,9.98745,7.55
1774,2014-11-10,00:00:00.00,0.536338,10.1736,7.74
1775,2014-11-11,00:00:00.00,0.195071,10.137,7.82
1776,2014-11-12,00:00:00.00,0.432007,9.8,7.91
1777,2014-11-13,00:00:00.00,0.420116,9.59541,7.77
1778,2014-11-14,00:00:00.00,3.38111,9.39898,7.29
1779,2014-11-15,00:00:00.00,5.31122,9.21626,6.81
1780,2014-11-16,00:00:00.00,1.72111,9.04458,6.4
1781,2014-11-17,00:00:00.00,2.78535,8.87141,6.1
1782,2014-11-18,00:00:00.00,10.9148,8.69706,5.92
1783,2014-11-19,00:00:00.00,3.19558,8.52832,5.56
1784,2014-11-20,00:00:00.00,10.9332,8.36482,5.61
1785,2014-11-21,00:00:00.00,7.31105,8.20617,6.95
1786,2014-11-22,00:00:00.00,1.98661,8.0522,6.31
1787,2014-11-23,00:00:00.00,3.65997,7.91408,5.64
1788,2014-11-24,00:00:00.00,1.72348,7.81469,6.24
1789,2014-11-25,00:00:00.00,29.0355,15.9061,49
1790,2014-11-26,00:00:00.00,0.117362,48.5322,130
1791,2014-11-27,00:00:00.00,0.250419,56.1526,182
1792,2014-11-28,00:00:00.00,3.31992,31.9229,44.2
1793,2014-11-29,00:00:00.00,0.774702,24.0634,25.8
1794,2014-11-30,00:00:00.00,0.143607,23.0828,19.2
1795,2014-12-01,00:00:00.00,0.0460938,22.1654,15.7
1796,2014-12-02,00:00:00.00,0.0703818,21.3051,14.2
1797,2014-12-03,00:00:00.00,0.734237,20.4981,13.2
1798,2014-12-04,00:00:00.00,1.26117,19.7413,11.6
1799,2014-12-05,00:00:00.00,0.118549,19.0309,10.4
1800,2014-12-06,00:00:00.00,0.00171232,18.3628,9.48
1801,2014-12-07,00:00:00.00,0.00340852,17.733,8.59
1802,2014-12-08,00:00:00.00,0.00704388,17.1387,7.58
1803,2014-12-09,00:00:00.00,0.00355076,16.5774,6.63
1804,2014-12-10,00:00:00.00,0.0720678,16.0466,6.15
1805,2014-12-11,00:00:00.00,0.119282,15.544,5.93
1806,2014-12-12,00:00:00.00,0.823351,15.0678,5.33
1807,2014-12-13,00:00:00.00,0.081216,14.6161,5.02
1808,2014-12-14,00:00:00.00,0.168666,14.1871,5.88
1809,2014-12-15,00:00:00.00,0.289821,13.9078,6.76
1810,2014-12-16,00:00:00.00,0.191624,13.8983,6.49
1811,2014-12-17,00:00:00.00,6.19294,13.8966,6.6
1812,2014-12-18,00:00:00.00,1.94637,14.009,7.35
1813,2014-12-19,00:00:00.00,0.145332,13.9534,11.5
1814,2014-12-20,00:00:00.00,0.00178516,13.537,16.8
1815,2014-12-21,00:00:00.00,0.00702387,13.1737,11.9
1816,2014-12-22,00:00:00.00,0.0118839,12.8258,8.72
1817,2014-12-23,00:00:00.00,6.31e-308,12.4924,8.08
1818,2014-12-24,00:00:00.00,0.306717,12.1727,7.55
1819,2014-12-25,00:00:00.00,19.9507,12.8241,7.83
1820,2014-12-26,00:00:00.00,0.688983,18.4139,18.1
1821,2014-12-27,00:00:00.00,0.0090071,19.6911,69.3
1822,2014-12-28,00:00:00.00,1.91188,15.2624,36.1
1823,2014-12-29,00:00:00.00,0.836838,14.2431,21.3
1824,2014-12-30,00:00:00.00,0.0596458,13.9585,16.7
1825,2014-12-31,00:00:00.00,0.473238,13.5874,13.9
