time,date,hour,precip [mm/day],sub14 [m3/s],sub14 (observed) [m3/s]
0,2010-01-01,00:00:00.00,---,0,
1,2010-01-02,00:00:00.00,4.8619,0.00168945,1.95
2,2010-01-03,00:00:00.00,0.847194,0.0110543,1.86
3,2010-01-04,00:00:00.00,0.945926,0.0350735,1.79
4,2010-01-05,00:00:00.00,0.190817,0.067685,1.72
5,2010-01-06,00:00:00.00,2.53678,0.0914391,1.66
6,2010-01-07,00:00:00.00,0.0478634,0.100333,1.6
7,2010-01-08,00:00:00.00,3.78705,0.101478,1.55
8,2010-01-09,00:00:00.00,4.9234,0.100939,1.5
9,2010-01-10,00:00:00.00,0.0102265,0.100385,1.46
10,2010-01-11,00:00:00.00,0.0205032,0.0998376,1.42
11,2010-01-12,00:00:00.00,1.15216,0.0993193,1.38
12,2010-01-13,00:00:00.00,0.0492422,0.0988305,1.35
13,2010-01-14,00:00:00.00,0.00300296,0.0983518,1.32
14,2010-01-15,00:00:00.00,0.066205,0.0978641,1.29
15,2010-01-16,00:00:00.00,0.157222,0.0973508,1.26
16,2010-01-17,00:00:00.00,0.0164859,0.096797,1.24
17,2010-01-18,00:00:00.00,0.00838503,0.0962036,1.22
18,2010-01-19,00:00:00.00,0.0477531,0.0955878,1.2
19,2010-01-20,00:00:00.00,0.370412,0.0949639,1.18
20,2010-01-21,00:00:00.00,0.225892,0.0943412,1.17
21,2010-01-22,00:00:00.00,0,0.093734,1.16
22,2010-01-23,00:00:00.00,0.000290869,0.0931511,1.15
23,2010-01-24,00:00:00.00,0.00266282,0.0925837,1.14
24,2010-01-25,00:00:00.00,8.3836,0.100431,1.28
25,2010-01-26,00:00:00.00,6.83265,0.169348,8.97
26,2010-01-27,00:00:00.00,3.28336,0.385545,9.83
27,2010-01-28,00:00:00.00,1.82275,0.702711,4.45
28,2010-01-29,00:00:00.00,3.15568,0.823813,2.96
29,2010-01-30,00:00:00.00,1.83121,0.596038,2.57
30,2010-01-31,00:00:00.00,0.0383869,0.290817,2.37
31,2010-02-01,00:00:00.00,2.63907,0.142279,2.2
32,2010-02-02,00:00:00.00,0.612645,0.111532,2.04
33,2010-02-03,00:00:00.00,2.66636,0.110989,1.93
34,2010-02-04,00:00:00.00,1.38216,0.110493,1.83
35,2010-02-05,00:00:00.00,0.0339269,0.109945,1.75
36,2010-02-06,00:00:00.00,0,0.10935,1.68
37,2010-02-07,00:00:00.00,0.00105885,0.108725,1.61
38,2010-02-08,00:00:00.00,0.00054373,0.108098,1.56
39,2010-02-09,00:00:00.00,0,0.107507,1.51
40,2010-02-10,00:00:00.00,2.14598,0.106972,1.47
41,2010-02-11,00:00:00.00,4.04435,0.106471,1.43
42,2010-02-12,00:00:00.00,0.00193835,0.105965,1.39
43,2010-02-13,00:00:00.00,0.238339,0.105432,1.36
44,2010-02-14,00:00:00.00,0.979686,0.104882,1.33
45,2010-02-15,00:00:00.00,0.971323,0.104331,1.3
46,2010-02-16,00:00:00.00,0.299916,0.103786,1.27
47,2010-02-17,00:00:00.00,0.900009,0.103235,1.24
48,2010-02-18,00:00:00.00,0.311818,0.102673,1.22
49,2010-02-19,00:00:00.00,0.0216432,0.102102,1.2
50,2010-02-20,00:00:00.00,0.00694627,0.101521,1.18
51,2010-02-21,00:00:00.00,0.00686721,0.100925,1.16
52,2010-02-22,00:00:00.00,3.95329e-308,0.100312,1.14
53,2010-02-23,00:00:00.00,16.004,0.101274,1.12
54,2010-02-24,00:00:00.00,0.864966,0.108052,1.11
55,2010-02-25,00:00:00.00,0.0861293,0.121741,1.1
56,2010-02-26,00:00:00.00,1.56083,0.129865,1.09
57,2010-02-27,00:00:00.00,4.63844,0.121707,1.08
58,2010-02-28,00:00:00.00,1.291,0.10867,1.07
59,2010-03-01,00:00:00.00,0.0605585,0.103381,1.06
60,2010-03-02,00:00:00.00,0.000135237,0.102895,1.06
61,2010-03-03,00:00:00.00,0.00023333,0.101207,1.1
62,2010-03-04,00:00:00.00,0.00231505,0.0984552,1.18
63,2010-03-05,00:00:00.00,6.13523e-308,0.0967045,1.3
64,2010-03-06,00:00:00.00,2.35586e-308,0.0958635,1.42
65,2010-03-07,00:00:00.00,0,0.0952826,1.53
66,2010-03-08,00:00:00.00,0,0.0947113,1.82
67,2010-03-09,00:00:00.00,0,0.0941385,2.54
68,2010-03-10,00:00:00.00,0.00897372,0.155974,4.82
69,2010-03-11,00:00:00.00,0.0344018,0.449782,8.19
70,2010-03-12,00:00:00.00,0.0024457,1.02744,12.5
71,2010-03-13,00:00:00.00,1.58147,1.392,15.7
72,2010-03-14,00:00:00.00,18.9861,1.11621,16.7
73,2010-03-15,00:00:00.00,5.1119,0.687451,31.6
74,2010-03-16,00:00:00.00,0.20646,0.643823,27.9
75,2010-03-17,00:00:00.00,9.7724e-308,0.767698,15.1
76,2010-03-18,00:00:00.00,9.269e-308,0.67301,9.95
77,2010-03-19,00:00:00.00,0,0.423747,7.64
78,2010-03-20,00:00:00.00,4.88534e-308,0.255327,6.03
79,2010-03-21,00:00:00.00,0.207474,0.202026,4.79
80,2010-03-22,00:00:00.00,0.264117,0.195629,3.9
81,2010-03-23,00:00:00.00,4.35671,0.199053,3.5
82,2010-03-24,00:00:00.00,0.277494,0.215629,3.59
83,2010-03-25,00:00:00.00,0.0140542,0.24813,3.15
84,2010-03-26,00:00:00.00,0.0285656,0.268287,2.76
85,2010-03-27,00:00:00.00,0.000722431,0.251877,2.39
86,2010-03-28,00:00:00.00,0.000521564,0.222811,2.02
87,2010-03-29,00:00:00.00,8.28322,0.217399,2.01
88,2010-03-30,00:00:00.00,0.654187,0.25985,2.54
89,2010-03-31,00:00:00.00,0,0.349295,2.39
90,2010-04-01,00:00:00.00,3.276e-308,0.404263,2.22
91,2010-04-02,00:00:00.00,0.000386705,0.358274,2
92,2010-04-03,00:00:00.00,0,0.277651,1.84
93,2010-04-04,00:00:00.00,0.243026,0.235343,1.72
94,2010-04-05,00:00:00.00,0.471975,0.226128,1.76
95,2010-04-06,00:00:00.00,0.0400255,0.225965,1.58
96,2010-04-07,00:00:00.00,22.8787,0.255882,2.98
97,2010-04-08,00:00:00.00,14.0503,0.41544,5.88
98,2010-04-09,00:00:00.00,21.4001,0.813007,23.5
99,2010-04-10,00:00:00.00,0.31756,1.30547,29.5
100,2010-04-11,00:00:00.00,0.042919,1.56942,13
101,2010-04-12,00:00:00.00,0.00415252,1.42429,7.48
102,2010-04-13,00:00:00.00,0,1.00083,5.22
103,2010-04-14,00:00:00.00,0.287162,0.640859,3.99
104,2010-04-15,00:00:00.00,0.000386251,0.491972,3.2
105,2010-04-16,00:00:00.00,0.000588376,0.465462,2.84
106,2010-04-17,00:00:00.00,0.30268,0.467873,2.7
107,2010-04-18,00:00:00.00,0.839065,0.470062,2.35
108,2010-04-19,00:00:00.00,0.00487385,0.47216,2.04
109,2010-04-20,00:00:00.00,5.7271e-308,0.474445,1.81
110,2010-04-21,00:00:00.00,5.39013e-308,0.476927,1.75
111,2010-04-22,00:00:00.00,0.00147192,0.479315,1.73
112,2010-04-23,00:00:00.00,0.000528645,0.48141,1.61
113,2010-04-24,00:00:00.00,0.000254151,0.483254,1.46
114,2010-04-25,00:00:00.00,0.0304847,0.484989,1.38
115,2010-04-26,00:00:00.00,14.9844,0.506533,1.55
116,2010-04-27,00:00:00.00,0.0349449,0.603316,1.69
117,2010-04-28,00:00:00.00,0,0.798438,1.43
118,2010-04-29,00:00:00.00,0,0.920374,1.29
119,2010-04-30,00:00:00.00,0.0155652,0.832913,1.26
120,2010-05-01,00:00:00.00,0.00157069,0.679681,1.21
121,2010-05-02,00:00:00.00,3.23658,0.600105,1.19
122,2010-05-03,00:00:00.00,0.0659621,0.584096,1.2
123,2010-05-04,00:00:00.00,7.49832,0.592024,1.24
124,2010-05-05,00:00:00.00,0.233036,0.624455,1.21
125,2010-05-06,00:00:00.00,9.34759,0.69829,1.16
126,2010-05-07,00:00:00.00,0.00377475,0.784583,1.36
127,2010-05-08,00:00:00.00,18.6655,0.877897,1.24
128,2010-05-09,00:00:00.00,4.9182,1.0209,3.15
129,2010-05-10,00:00:00.00,0.0288589,1.24194,2.72
130,2010-05-11,00:00:00.00,0.000748281,1.3778,1.97
131,2010-05-12,00:00:00.00,11.8408,1.27275,1.74
132,2010-05-13,00:00:00.00,0.125431,1.12805,2.38
133,2010-05-14,00:00:00.00,15.9941,1.18162,2.47
134,2010-05-15,00:00:00.00,2.3769,1.36435,6.34
135,2010-05-16,00:00:00.00,0,1.53977,4.22
136,2010-05-17,00:00:00.00,0.00389547,1.57649,2.85
137,2010-05-18,00:00:00.00,0.00211566,1.41411,2.22
138,2010-05-19,00:00:00.00,0.0344675,1.22708,1.91
139,2010-05-20,00:00:00.00,0.000303926,1.13473,1.68
140,2010-05-21,00:00:00.00,6.398e-308,1.11257,1.48
141,2010-05-22,00:00:00.00,0.00208396,1.10932,1.27
142,2010-05-23,00:00:00.00,7.64014,1.11259,1.39
143,2010-05-24,00:00:00.00,0.00692547,1.14275,1.59
144,2010-05-25,00:00:00.00,2.17207e-308,1.21028,1.37
145,2010-05-26,00:00:00.00,6.20968e-308,1.25102,1.24
146,2010-05-27,00:00:00.00,2.56182e-308,1.21808,1.11
147,2010-05-28,00:00:00.00,0.00227224,1.16378,1.05
148,2010-05-29,00:00:00.00,0.634402,1.132,0.983
149,2010-05-30,00:00:00.00,0.00229126,1.11985,0.931
150,2010-05-31,00:00:00.00,0.000375003,1.11302,0.864
151,2010-06-01,00:00:00.00,6.92752,1.11001,1.12
152,2010-06-02,00:00:00.00,12.7302,1.13616,2
153,2010-06-03,00:00:00.00,10.6287,1.24903,1.57
154,2010-06-04,00:00:00.00,15.8501,1.48764,4.05
155,2010-06-05,00:00:00.00,6.76242,1.78057,6.85
156,2010-06-06,00:00:00.00,6.10936,2.01411,3.87
157,2010-06-07,00:00:00.00,27.1296,2.11181,19.9
158,2010-06-08,00:00:00.00,0,2.194,19.9
159,2010-06-09,00:00:00.00,0,2.49048,7.54
160,2010-06-10,00:00:00.00,10.2576,2.67224,4.92
161,2010-06-11,00:00:00.00,0.0732242,2.48885,5.01
162,2010-06-12,00:00:00.00,0.0012526,2.30075,4.18
163,2010-06-13,00:00:00.00,0.34336,2.21393,3.08
164,2010-06-14,00:00:00.00,0.302358,2.10846,2.57
165,2010-06-15,00:00:00.00,0.0189559,2.00023,2.19
166,2010-06-16,00:00:00.00,0,1.93199,1.77
167,2010-06-17,00:00:00.00,13.9225,1.918,1.77
168,2010-06-18,00:00:00.00,0,1.99105,1.75
169,2010-06-19,00:00:00.00,0.0195448,2.17674,1.44
170,2010-06-20,00:00:00.00,0.135476,2.28472,1.33
171,2010-06-21,00:00:00.00,0.00027999,2.18776,1.28
172,2010-06-22,00:00:00.00,5.55805e-308,2.03962,1.15
173,2010-06-23,00:00:00.00,11.7615,1.96301,1.11
174,2010-06-24,00:00:00.00,1.85561,1.99215,1.15
175,2010-06-25,00:00:00.00,0.604013,2.11629,1.08
176,2010-06-26,00:00:00.00,0.00295925,2.18485,0.985
177,2010-06-27,00:00:00.00,0.380479,2.10646,0.909
178,2010-06-28,00:00:00.00,13.6855,2.00891,0.934
179,2010-06-29,00:00:00.00,0.118734,2.02165,1.08
180,2010-06-30,00:00:00.00,0.0067509,2.17024,0.993
181,2010-07-01,00:00:00.00,0,2.25942,0.822
182,2010-07-02,00:00:00.00,0.0002961,2.16695,0.742
183,2010-07-03,00:00:00.00,0,2.02983,0.76
184,2010-07-04,00:00:00.00,0,1.94398,0.729
185,2010-07-05,00:00:00.00,0,1.90237,0.637
186,2010-07-06,00:00:00.00,0.000526527,1.87308,0.6
187,2010-07-07,00:00:00.00,0.000273551,1.84404,0.573
188,2010-07-08,00:00:00.00,0.0914586,1.81527,0.898
189,2010-07-09,00:00:00.00,0.0554559,1.78682,1.18
190,2010-07-10,00:00:00.00,17.528,1.78027,0.785
191,2010-07-11,00:00:00.00,0.000423816,1.8591,0.81
192,2010-07-12,00:00:00.00,0.17221,2.06106,1.46
193,2010-07-13,00:00:00.00,15.554,2.19691,2.61
194,2010-07-14,00:00:00.00,0.126599,2.18328,1.47
195,2010-07-15,00:00:00.00,0.00661447,2.22313,1.06
196,2010-07-16,00:00:00.00,0.0501296,2.25088,0.819
197,2010-07-17,00:00:00.00,14.4282,2.15046,1.35
198,2010-07-18,00:00:00.00,1.10968,2.08246,1.29
199,2010-07-19,00:00:00.00,2.01052,2.16784,1.64
200,2010-07-20,00:00:00.00,6.91474,2.24016,1.64
201,2010-07-21,00:00:00.00,0.278024,2.17037,1.2
202,2010-07-22,00:00:00.00,0.577661,2.08583,0.988
203,2010-07-23,00:00:00.00,0.564548,2.03167,0.823
204,2010-07-24,00:00:00.00,13.7946,1.9855,0.812
205,2010-07-25,00:00:00.00,8.54829,2.00782,1.67
206,2010-07-26,00:00:00.00,0.101968,2.16282,2.75
207,2010-07-27,00:00:00.00,0.00780896,2.3099,1.59
208,2010-07-28,00:00:00.00,0.0115099,2.26905,1.08
209,2010-07-29,00:00:00.00,18.31,2.13676,7.12
210,2010-07-30,00:00:00.00,0,2.12654,51.8
211,2010-07-31,00:00:00.00,2.6203e-308,2.3153,19
212,2010-08-01,00:00:00.00,0.377753,2.43734,6.04
213,2010-08-02,00:00:00.00,0.502579,2.31439,3.76
214,2010-08-03,00:00:00.00,0.107089,2.13118,2.51
215,2010-08-04,00:00:00.00,0.0328156,2.01822,1.92
216,2010-08-05,00:00:00.00,0.109075,1.96585,1.61
217,2010-08-06,00:00:00.00,0.964473,1.93067,1.41
218,2010-08-07,00:00:00.00,0.0260402,1.89633,1.23
219,2010-08-08,00:00:00.00,0.0512833,1.86296,1.1
220,2010-08-09,00:00:00.00,0.909364,1.8306,1.02
221,2010-08-10,00:00:00.00,8.1688,1.80544,1.05
222,2010-08-11,00:00:00.00,0.194808,1.80586,1.16
223,2010-08-12,00:00:00.00,1.68434e-308,1.84222,1.07
224,2010-08-13,00:00:00.00,0.000684508,1.85442,0.96
225,2010-08-14,00:00:00.00,0,1.80219,0.881
226,2010-08-15,00:00:00.00,0.333071,1.73404,0.893
227,2010-08-16,00:00:00.00,0.439486,1.68508,0.99
228,2010-08-17,00:00:00.00,0.000832905,1.65284,0.855
229,2010-08-18,00:00:00.00,0.0166943,1.62572,0.742
230,2010-08-19,00:00:00.00,0.0528676,1.5993,0.704
231,2010-08-20,00:00:00.00,0.0188337,1.57354,0.688
232,2010-08-21,00:00:00.00,0.00120834,1.54841,0.66
233,2010-08-22,00:00:00.00,15.3765,1.53913,0.69
234,2010-08-23,00:00:00.00,3.39494,1.59022,1.02
235,2010-08-24,00:00:00.00,0.783111,1.72667,0.917
236,2010-08-25,00:00:00.00,0.054583,1.80356,0.79
237,2010-08-26,00:00:00.00,0.00260355,1.72172,0.733
238,2010-08-27,00:00:00.00,0.00990142,1.59901,0.681
239,2010-08-28,00:00:00.00,0,1.52368,0.616
240,2010-08-29,00:00:00.00,0,1.48929,0.58
241,2010-08-30,00:00:00.00,0,1.46652,0.547
242,2010-08-31,00:00:00.00,0,1.44426,0.582
243,2010-09-01,00:00:00.00,0,1.42243,0.578
244,2010-09-02,00:00:00.00,0.0461111,1.40103,0.519
245,2010-09-03,00:00:00.00,4.59692,1.38147,0.495
246,2010-09-04,00:00:00.00,18.0347,1.38579,1.3
247,2010-09-05,00:00:00.00,3.58466,1.46974,2.05
248,2010-09-06,00:00:00.00,0.825792,1.65305,1.18
249,2010-09-07,00:00:00.00,0.0161499,1.75911,0.932
250,2010-09-08,00:00:00.00,0.310145,1.66828,0.832
251,2010-09-09,00:00:00.00,2.27763,1.51861,0.712
252,2010-09-10,00:00:00.00,2.23885,1.42601,0.669
253,2010-09-11,00:00:00.00,0.00237582,1.3879,0.654
254,2010-09-12,00:00:00.00,3.96912,1.36912,0.636
255,2010-09-13,00:00:00.00,1.37511,1.35842,0.649
256,2010-09-14,00:00:00.00,0.711601,1.35723,0.629
257,2010-09-15,00:00:00.00,0,1.34992,0.566
258,2010-09-16,00:00:00.00,5.4149e-308,1.32558,0.549
259,2010-09-17,00:00:00.00,20.41,1.31854,0.842
260,2010-09-18,00:00:00.00,0.0543388,1.40169,1.49
261,2010-09-19,00:00:00.00,0.397475,1.60895,1.16
262,2010-09-20,00:00:00.00,0.0251265,1.73258,0.92
263,2010-09-21,00:00:00.00,0.128765,1.62844,0.777
264,2010-09-22,00:00:00.00,0.0046161,1.46403,0.702
265,2010-09-23,00:00:00.00,3.83965,1.37073,0.731
266,2010-09-24,00:00:00.00,0.345654,1.34333,0.802
267,2010-09-25,00:00:00.00,0.199258,1.34089,0.751
268,2010-09-26,00:00:00.00,2.35592,1.33339,0.674
269,2010-09-27,00:00:00.00,0.0240054,1.31209,0.621
270,2010-09-28,00:00:00.00,2.76523,1.29003,0.633
271,2010-09-29,00:00:00.00,31.5727,1.31239,1.1
272,2010-09-30,00:00:00.00,0.250111,1.48558,4.74
273,2010-10-01,00:00:00.00,0.0116464,1.86357,2.93
274,2010-10-02,00:00:00.00,0.293163,2.0868,1.86
275,2010-10-03,00:00:00.00,9.92571,1.92517,1.51
276,2010-10-04,00:00:00.00,1.7694,1.70808,2.12
277,2010-10-05,00:00:00.00,0.948481,1.67704,2.09
278,2010-10-06,00:00:00.00,6.17436,1.71309,1.69
279,2010-10-07,00:00:00.00,4.64728,1.68645,2.18
280,2010-10-08,00:00:00.00,0.563619,1.67605,2.98
281,2010-10-09,00:00:00.00,0.00190454,1.69798,2.27
282,2010-10-10,00:00:00.00,0.000540237,1.67025,1.75
283,2010-10-11,00:00:00.00,0.0222847,1.59268,1.44
284,2010-10-12,00:00:00.00,9.14211,1.53439,1.34
285,2010-10-13,00:00:00.00,7.10966e-308,1.54624,1.94
286,2010-10-14,00:00:00.00,3.14411,1.63327,1.79
287,2010-10-15,00:00:00.00,22.7537,1.72362,7.64
288,2010-10-16,00:00:00.00,0.0829754,1.84407,9.42
289,2010-10-17,00:00:00.00,0.00127545,2.10813,5.5
290,2010-10-18,00:00:00.00,7.13523e-308,2.25459,3.76
291,2010-10-19,00:00:00.00,0.0029585,2.08745,2.76
292,2010-10-20,00:00:00.00,0.0221864,1.84993,2.24
293,2010-10-21,00:00:00.00,6.20077,1.72395,1.92
294,2010-10-22,00:00:00.00,14.5981,1.73499,2.87
295,2010-10-23,00:00:00.00,1.48688,1.89726,5.52
296,2010-10-24,00:00:00.00,2.35555,2.15756,4.88
297,2010-10-25,00:00:00.00,2.28369,2.26537,3.89
298,2010-10-26,00:00:00.00,0.0926371,2.13894,3.54
299,2010-10-27,00:00:00.00,10.1097,1.98758,3.13
300,2010-10-28,00:00:00.00,0.319621,1.95453,3.79
301,2010-10-29,00:00:00.00,0.369667,2.04962,3.48
302,2010-10-30,00:00:00.00,2.94182,2.10928,2.63
303,2010-10-31,00:00:00.00,0.00670661,2.04013,2.36
304,2010-11-01,00:00:00.00,0.0349385,1.95673,2.14
305,2010-11-02,00:00:00.00,0.00647737,1.90473,1.73
306,2010-11-03,00:00:00.00,0.000379955,1.8566,1.54
307,2010-11-04,00:00:00.00,1.80148,1.81224,1.51
308,2010-11-05,00:00:00.00,0.290452,1.78373,1.59
309,2010-11-06,00:00:00.00,0.68627,1.77209,1.52
310,2010-11-07,00:00:00.00,0.00568879,1.75789,1.38
311,2010-11-08,00:00:00.00,0.00160176,1.72981,1.26
312,2010-11-09,00:00:00.00,0.000731075,1.69863,1.24
313,2010-11-10,00:00:00.00,0,1.67217,1.22
314,2010-11-11,00:00:00.00,0.00313011,1.64981,1.16
315,2010-11-12,00:00:00.00,0.000733602,1.62894,1.11
316,2010-11-13,00:00:00.00,0,1.60857,1.09
317,2010-11-14,00:00:00.00,0.573495,1.5887,1.09
318,2010-11-15,00:00:00.00,1.00814,1.56948,1.11
319,2010-11-16,00:00:00.00,0.0179066,1.5514,1.1
320,2010-11-17,00:00:00.00,10.7068,1.55024,1.09
321,2010-11-18,00:00:00.00,8.65388,1.6227,1.97
322,2010-11-19,00:00:00.00,2.95583,1.83466,2.06
323,2010-11-20,00:00:00.00,0.29642,2.07044,1.78
324,2010-11-21,00:00:00.00,5.64e-308,2.11163,1.67
325,2010-11-22,00:00:00.00,0.796487,1.96389,1.47
326,2010-11-23,00:00:00.00,11.6872,1.8144,1.58
327,2010-11-24,00:00:00.00,9.8462,1.82558,7.28
328,2010-11-25,00:00:00.00,0.022492,2.06092,7.3
329,2010-11-26,00:00:00.00,12.1366,2.35347,4.92
330,2010-11-27,00:00:00.00,2.12789,2.46389,8.39
331,2010-11-28,00:00:00.00,1.66708,2.46132,7.09
332,2010-11-29,00:00:00.00,4.4798e-308,2.39902,4.33
333,2010-11-30,00:00:00.00,0.0690489,2.24182,3.35
334,2010-12-01,00:00:00.00,20.166,2.13452,8.15
335,2010-12-02,00:00:00.00,5.57588,2.2647,21.8
336,2010-12-03,00:00:00.00,0.985701,2.70928,17.3
337,2010-12-04,00:00:00.00,2.33866,3.00762,8.4
338,2010-12-05,00:00:00.00,0.730991,2.83568,5.93
339,2010-12-06,00:00:00.00,6.6309,2.52811,4.79
340,2010-12-07,00:00:00.00,18.3276,2.34055,4.09
341,2010-12-08,00:00:00.00,6.87392,2.26907,3.55
342,2010-12-09,00:00:00.00,12.2304,2.2344,3.02
343,2010-12-10,00:00:00.00,2.73415,2.20249,2.46
344,2010-12-11,00:00:00.00,3.02519,2.17245,2.29
345,2010-12-12,00:00:00.00,0.641363,2.14664,2.2
346,2010-12-13,00:00:00.00,18.8279,2.14159,2.58
347,2010-12-14,00:00:00.00,1.04888,2.1943,2.95
348,2010-12-15,00:00:00.00,2.90859,2.32697,2.83
349,2010-12-16,00:00:00.00,6.06234,2.39731,2.5
350,2010-12-17,00:00:00.00,1.43255,2.31263,2.3
351,2010-12-18,00:00:00.00,0.881393,2.19247,2.2
352,2010-12-19,00:00:00.00,0.280751,2.11709,2.11
353,2010-12-20,00:00:00.00,0.526868,2.07992,2.02
354,2010-12-21,00:00:00.00,0.93966,2.0538,1.94
355,2010-12-22,00:00:00.00,0.0525844,2.02845,1.88
356,2010-12-23,00:00:00.00,0.0772246,2.00382,1.82
357,2010-12-24,00:00:00.00,0.0429489,1.97986,1.77
358,2010-12-25,00:00:00.00,0.0363739,1.95656,1.73
359,2010-12-26,00:00:00.00,3.29377e-308,1.93388,1.69
360,2010-12-27,00:00:00.00,0.0208565,1.91182,1.65
361,2010-12-28,00:00:00.00,0.000411391,1.89036,1.62
362,2010-12-29,00:00:00.00,0.110531,1.86948,1.59
363,2010-12-30,00:00:00.00,0.0606026,1.84915,1.57
364,2010-12-31,00:00:00.00,0.391985,1.82932,1.56
365,2011-01-01,00:00:00.00,2.12353,1.81243,2.68
366,2011-01-02,00:00:00.00,13.0862,1.9041,24.7
367,2011-01-03,00:00:00.00,0.239848,2.40836,39.5
368,2011-01-04,00:00:00.00,1.33947,3.53474,16.3
369,2011-01-05,00:00:00.00,8.43315,4.23105,7.73
370,2011-01-06,00:00:00.00,1.00826,3.82386,5.17
371,2011-01-07,00:00:00.00,4.96229,3.17992,3.99
372,2011-01-08,00:00:00.00,0.824803,2.82765,3.41
373,2011-01-09,00:00:00.00,0.577548,2.70837,2.68
374,2011-01-10,00:00:00.00,1.64577,2.65469,2.01
375,2011-01-11,00:00:00.00,0.464359,2.60834,1.97
376,2011-01-12,00:00:00.00,4.93137,2.56845,1.98
377,2011-01-13,00:00:00.00,3.76004,2.53129,1.93
378,2011-01-14,00:00:00.00,0.855945,2.49542,1.89
379,2011-01-15,00:00:00.00,0.449214,2.46077,1.85
380,2011-01-16,00:00:00.00,8.1324,2.42726,1.86
381,2011-01-17,00:00:00.00,0.717435,2.39484,1.81
382,2011-01-18,00:00:00.00,0.0342756,2.36342,1.67
383,2011-01-19,00:00:00.00,1.96196,2.33364,1.9
384,2011-01-20,00:00:00.00,0.580942,2.30742,1.79
385,2011-01-21,00:00:00.00,3.1961,2.28587,1.51
386,2011-01-22,00:00:00.00,4.75662,2.2626,1.51
387,2011-01-23,00:00:00.00,2.91739,2.23347,1.71
388,2011-01-24,00:00:00.00,0.378457,2.2035,1.72
389,2011-01-25,00:00:00.00,1.77488,2.17614,1.66
390,2011-01-26,00:00:00.00,0.416343,2.15113,1.89
391,2011-01-27,00:00:00.00,0.352131,2.12726,1.88
392,2011-01-28,00:00:00.00,3.32572,2.10396,1.86
393,2011-01-29,00:00:00.00,1.65486,2.08112,1.8
394,2011-01-30,00:00:00.00,4.01219,2.05875,1.71
395,2011-01-31,00:00:00.00,0.557111,2.03688,1.59
396,2011-02-01,00:00:00.00,0.014269,2.01555,1.28
397,2011-02-02,00:00:00.00,1.89693,1.99478,1.62
398,2011-02-03,00:00:00.00,15.4071,1.97458,1.59
399,2011-02-04,00:00:00.00,0.0596523,1.95492,1.78
400,2011-02-05,00:00:00.00,0,1.93571,1.87
401,2011-02-06,00:00:00.00,13.5738,1.91693,2.02
402,2011-02-07,00:00:00.00,1.4723,1.89858,2.39
403,2011-02-08,00:00:00.00,1.03933,1.88063,2.44
404,2011-02-09,00:00:00.00,0.319524,1.86301,2.34
405,2011-02-10,00:00:00.00,0.297312,1.84573,2.16
406,2011-02-11,00:00:00.00,0.152132,1.82882,2.18
407,2011-02-12,00:00:00.00,1.97549,1.81236,2.32
408,2011-02-13,00:00:00.00,5.76692,1.79632,2.48
409,2011-02-14,00:00:00.00,4.48728,1.78237,2.6
410,2011-02-15,00:00:00.00,0.146975,1.77542,2.76
411,2011-02-16,00:00:00.00,0.00145031,1.77825,2.71
412,2011-02-17,00:00:00.00,0.157657,1.77456,2.54
413,2011-02-18,00:00:00.00,0.172243,1.75335,2.25
414,2011-02-19,00:00:00.00,0.0434807,1.77116,9.22
415,2011-02-20,00:00:00.00,0.445656,1.9667,31.5
416,2011-02-21,00:00:00.00,5.6243,2.42237,20.8
417,2011-02-22,00:00:00.00,6.4602,2.70561,9.82
418,2011-02-23,00:00:00.00,0.0217472,2.52409,6.05
419,2011-02-24,00:00:00.00,0.0110056,2.22731,4.88
420,2011-02-25,00:00:00.00,3.57502,2.06198,3.87
421,2011-02-26,00:00:00.00,1.20158,2.01003,3.27
422,2011-02-27,00:00:00.00,6.6939,1.98949,2.74
423,2011-02-28,00:00:00.00,2.0128,1.96934,2.66
424,2011-03-01,00:00:00.00,19.9565,1.9615,8.48
425,2011-03-02,00:00:00.00,0.0178105,2.00123,11
426,2011-03-03,00:00:00.00,0.154349,2.10944,6.6
427,2011-03-04,00:00:00.00,0.000397267,2.17048,4.44
428,2011-03-05,00:00:00.00,2.6086,2.10865,3.99
429,2011-03-06,00:00:00.00,33.0004,2.07464,24
430,2011-03-07,00:00:00.00,1.88877,2.29897,49.5
431,2011-03-08,00:00:00.00,0,2.87841,25.1
432,2011-03-09,00:00:00.00,5.6221e-308,3.23495,12.6
433,2011-03-10,00:00:00.00,16.5177,3.02257,9.47
434,2011-03-11,00:00:00.00,15.3704,2.77971,35.6
435,2011-03-12,00:00:00.00,14.6688,2.94866,54.5
436,2011-03-13,00:00:00.00,1.90074,3.42625,29.2
437,2011-03-14,00:00:00.00,0.559872,3.70432,16.3
438,2011-03-15,00:00:00.00,0.0476482,3.54852,11.4
439,2011-03-16,00:00:00.00,2.88544,3.22101,9.73
440,2011-03-17,00:00:00.00,4.20455,2.99968,19.8
441,2011-03-18,00:00:00.00,0.00768149,3.08448,36.2
442,2011-03-19,00:00:00.00,0.232873,4.06733,49
443,2011-03-20,00:00:00.00,0.115095,6.99954,30.8
444,2011-03-21,00:00:00.00,0.424457,10.7368,14.5
445,2011-03-22,00:00:00.00,11.501,11.7085,16.5
446,2011-03-23,00:00:00.00,1.27861,10.2321,15.8
447,2011-03-24,00:00:00.00,20.3029,9.39106,10.6
448,2011-03-25,00:00:00.00,0.0898059,9.51742,7.87
449,2011-03-26,00:00:00.00,0.139741,9.34533,6.21
450,2011-03-27,00:00:00.00,0,8.61514,5.17
451,2011-03-28,00:00:00.00,0,7.92313,4.52
452,2011-03-29,00:00:00.00,0.00404967,7.4452,4.01
453,2011-03-30,00:00:00.00,0.00370884,7.10877,3.78
454,2011-03-31,00:00:00.00,0.16603,6.82479,4.26
455,2011-04-01,00:00:00.00,0.195835,6.56497,5.38
456,2011-04-02,00:00:00.00,0.00539029,6.32603,5.93
457,2011-04-03,00:00:00.00,0.0522352,6.18649,6.07
458,2011-04-04,00:00:00.00,7.89294,6.47594,4.91
459,2011-04-05,00:00:00.00,20.272,8.1378,14
460,2011-04-06,00:00:00.00,0.170437,12.2338,27.6
461,2011-04-07,00:00:00.00,4.08162,19.8207,14.1
462,2011-04-08,00:00:00.00,0.0362108,23.3412,9.43
463,2011-04-09,00:00:00.00,0,20.0414,7.2
464,2011-04-10,00:00:00.00,0,16.5795,5.78
465,2011-04-11,00:00:00.00,1.03685,14.292,5.06
466,2011-04-12,00:00:00.00,1.20838,12.9764,4.71
467,2011-04-13,00:00:00.00,0.0488193,12.0422,3.83
468,2011-04-14,00:00:00.00,2.278e-308,11.2511,3.29
469,2011-04-15,00:00:00.00,0,10.5674,3
470,2011-04-16,00:00:00.00,0,9.96747,2.7
471,2011-04-17,00:00:00.00,15.286,9.51141,3.31
472,2011-04-18,00:00:00.00,3.85664,9.43121,3.91
473,2011-04-19,00:00:00.00,1.65403,9.93701,3.46
474,2011-04-20,00:00:00.00,5.08561,10.1791,3.2
475,2011-04-21,00:00:00.00,16.7447,9.78468,6.88
476,2011-04-22,00:00:00.00,0.434861,9.72121,8.45
477,2011-04-23,00:00:00.00,0.31069,10.3322,5.85
478,2011-04-24,00:00:00.00,19.2259,10.5923,12.1
479,2011-04-25,00:00:00.00,0.40024,10.3826,11.9
480,2011-04-26,00:00:00.00,6.26303,10.8294,7.1
481,2011-04-27,00:00:00.00,6.05025,11.1078,7.93
482,2011-04-28,00:00:00.00,13.4216,10.8,10.6
483,2011-04-29,00:00:00.00,6.85092,10.7483,17.1
484,2011-04-30,00:00:00.00,1.17984,11.1077,11.9
485,2011-05-01,00:00:00.00,0.132347,11.2635,7.32
486,2011-05-02,00:00:00.00,6.24032,10.7129,5.94
487,2011-05-03,00:00:00.00,0.23073,9.99053,6.24
488,2011-05-04,00:00:00.00,8.78673,9.59522,5.94
489,2011-05-05,00:00:00.00,0.244942,9.44699,6.81
490,2011-05-06,00:00:00.00,0.000148021,9.44682,5.56
491,2011-05-07,00:00:00.00,13.6089,9.33704,4.85
492,2011-05-08,00:00:00.00,0.439912,9.14806,4.78
493,2011-05-09,00:00:00.00,0.00420352,9.3812,4.05
494,2011-05-10,00:00:00.00,0.000491668,9.41327,3.41
495,2011-05-11,00:00:00.00,0.346179,8.87229,3.04
496,2011-05-12,00:00:00.00,0.026949,8.28488,2.79
497,2011-05-13,00:00:00.00,0.0113554,7.8344,2.62
498,2011-05-14,00:00:00.00,2.82591,7.50264,2.53
499,2011-05-15,00:00:00.00,18.6034,7.29432,2.68
500,2011-05-16,00:00:00.00,11.1669,7.4623,5.2
501,2011-05-17,00:00:00.00,6.36683,8.37083,6.58
502,2011-05-18,00:00:00.00,3.12658,9.33556,6.34
503,2011-05-19,00:00:00.00,4.57056,9.44828,5
504,2011-05-20,00:00:00.00,5.43227,8.93198,7.26
505,2011-05-21,00:00:00.00,0.674785,8.37623,6.93
506,2011-05-22,00:00:00.00,0.0460706,8.03933,5.08
507,2011-05-23,00:00:00.00,1.93006,7.74014,4.18
508,2011-05-24,00:00:00.00,4.39487,7.39474,4.36
509,2011-05-25,00:00:00.00,9.3e-308,7.08773,3.91
510,2011-05-26,00:00:00.00,18.2523,6.92145,3.2
511,2011-05-27,00:00:00.00,12.1113,7.11938,6.26
512,2011-05-28,00:00:00.00,0.319243,7.9794,6.69
513,2011-05-29,00:00:00.00,1.76082,8.80729,5.25
514,2011-05-30,00:00:00.00,14.1052,8.72213,4.89
515,2011-05-31,00:00:00.00,24.7404,8.39358,15.2
516,2011-06-01,00:00:00.00,0.00240788,8.97284,8.22
517,2011-06-02,00:00:00.00,0.00977902,10.3121,5.01
518,2011-06-03,00:00:00.00,0.00035094,10.6619,3.52
519,2011-06-04,00:00:00.00,9.37908e-308,9.74631,2.83
520,2011-06-05,00:00:00.00,10.7853,8.83043,3.33
521,2011-06-06,00:00:00.00,0.0868769,8.38013,3.21
522,2011-06-07,00:00:00.00,0.00240603,8.39015,2.48
523,2011-06-08,00:00:00.00,30.6987,8.44124,12.8
524,2011-06-09,00:00:00.00,0.0419427,8.71422,16.3
525,2011-06-10,00:00:00.00,0.0792108,9.91766,5.8
526,2011-06-11,00:00:00.00,0.00213464,10.5322,3.66
527,2011-06-12,00:00:00.00,0.0713238,9.72637,3
528,2011-06-13,00:00:00.00,0.028959,8.76776,2.62
529,2011-06-14,00:00:00.00,0.0168576,8.09508,2.25
530,2011-06-15,00:00:00.00,1.34566e-308,7.66969,2.01
531,2011-06-16,00:00:00.00,0.0151123,7.33412,1.83
532,2011-06-17,00:00:00.00,0.741239,7.02612,1.76
533,2011-06-18,00:00:00.00,0.103925,6.74193,1.75
534,2011-06-19,00:00:00.00,0.00706016,6.47891,1.57
535,2011-06-20,00:00:00.00,4.404e-308,6.2346,1.43
536,2011-06-21,00:00:00.00,0.0215311,6.00655,1.35
537,2011-06-22,00:00:00.00,0.683733,5.79308,1.31
538,2011-06-23,00:00:00.00,28.8604,5.68795,1.59
539,2011-06-24,00:00:00.00,7.30365,6.00368,4.83
540,2011-06-25,00:00:00.00,6.90665,7.05809,3.39
541,2011-06-26,00:00:00.00,1.45239,7.83075,2.99
542,2011-06-27,00:00:00.00,0.0809554,7.59028,2.42
543,2011-06-28,00:00:00.00,0.00664688,6.97958,1.98
544,2011-06-29,00:00:00.00,0.134584,6.42164,1.8
545,2011-06-30,00:00:00.00,0.077927,6.05599,1.59
546,2011-07-01,00:00:00.00,0,5.8019,1.45
547,2011-07-02,00:00:00.00,0.0052648,5.59071,1.32
548,2011-07-03,00:00:00.00,4.27873,5.39864,1.26
549,2011-07-04,00:00:00.00,0,5.21878,1.31
550,2011-07-05,00:00:00.00,1.40246e-308,5.05102,1.19
551,2011-07-06,00:00:00.00,0.000484401,4.89359,1.07
552,2011-07-07,00:00:00.00,0.0118611,4.74378,0.989
553,2011-07-08,00:00:00.00,0.0114411,4.6006,0.987
554,2011-07-09,00:00:00.00,0.0227294,4.46395,0.942
555,2011-07-10,00:00:00.00,0.0123848,4.33377,0.89
556,2011-07-11,00:00:00.00,0.123231,4.20973,0.867
557,2011-07-12,00:00:00.00,0.0558415,4.09133,0.847
558,2011-07-13,00:00:00.00,0.0209299,3.97804,0.797
559,2011-07-14,00:00:00.00,0.00705933,3.86944,0.72
560,2011-07-15,00:00:00.00,3.29318e-308,3.76544,0.653
561,2011-07-16,00:00:00.00,0,3.666,0.655
562,2011-07-17,00:00:00.00,0.00259875,3.57084,0.719
563,2011-07-18,00:00:00.00,0.00277376,3.47952,0.683
564,2011-07-19,00:00:00.00,0.546534,3.39165,0.717
565,2011-07-20,00:00:00.00,0.0154503,3.30701,0.69
566,2011-07-21,00:00:00.00,0.00662805,3.22558,0.622
567,2011-07-22,00:00:00.00,0.00431251,3.14718,0.563
568,2011-07-23,00:00:00.00,0.0323528,3.07149,0.497
569,2011-07-24,00:00:00.00,0.26782,2.99827,0.498
570,2011-07-25,00:00:00.00,3.50622,2.92759,0.589
571,2011-07-26,00:00:00.00,0.366614,2.85982,0.476
572,2011-07-27,00:00:00.00,0.0399175,2.79532,0.428
573,2011-07-28,00:00:00.00,0.00323135,2.73368,0.429
574,2011-07-29,00:00:00.00,13.0819,2.69224,0.421
575,2011-07-30,00:00:00.00,14.8852,2.74779,4.93
576,2011-07-31,00:00:00.00,0.000896864,3.00536,2.15
577,2011-08-01,00:00:00.00,0.999395,3.3281,1.23
578,2011-08-02,00:00:00.00,0.0458655,3.36718,0.952
579,2011-08-03,00:00:00.00,0.0624822,3.12442,0.796
580,2011-08-04,00:00:00.00,3.78753,2.87872,0.823
581,2011-08-05,00:00:00.00,0.0493518,2.7379,0.762
582,2011-08-06,00:00:00.00,1.42538e-308,2.66364,0.714
583,2011-08-07,00:00:00.00,2.81391,2.60624,0.742
584,2011-08-08,00:00:00.00,2.25709,2.55081,0.817
585,2011-08-09,00:00:00.00,0.00433711,2.49746,0.734
586,2011-08-10,00:00:00.00,22.7572,2.48337,1.09
587,2011-08-11,00:00:00.00,0.402629,2.61957,1.18
588,2011-08-12,00:00:00.00,0.522781,2.98039,0.823
589,2011-08-13,00:00:00.00,0.00244988,3.1889,0.672
590,2011-08-14,00:00:00.00,0.00909819,3.00539,0.63
591,2011-08-15,00:00:00.00,8.02759,2.74216,0.712
592,2011-08-16,00:00:00.00,0.118614,2.61676,0.769
593,2011-08-17,00:00:00.00,0.00306414,2.6311,0.623
594,2011-08-18,00:00:00.00,0,2.63657,0.558
595,2011-08-19,00:00:00.00,2.53416,2.55544,0.579
596,2011-08-20,00:00:00.00,0.0651764,2.45554,0.983
597,2011-08-21,00:00:00.00,9.85217,2.39188,0.613
598,2011-08-22,00:00:00.00,3.4998,2.39545,0.681
599,2011-08-23,00:00:00.00,0.651229,2.47401,0.609
600,2011-08-24,00:00:00.00,0.00436033,2.51182,0.634
601,2011-08-25,00:00:00.00,35.0597,2.49217,1.07
602,2011-08-26,00:00:00.00,0.842095,2.68308,6.96
603,2011-08-27,00:00:00.00,0.0177736,3.27801,2.27
604,2011-08-28,00:00:00.00,0,3.65082,1.43
605,2011-08-29,00:00:00.00,0.000648511,3.38009,1.12
606,2011-08-30,00:00:00.00,0.00025731,2.96335,0.882
607,2011-08-31,00:00:00.00,0.00146391,2.71715,0.732
608,2011-09-01,00:00:00.00,0,2.61825,0.624
609,2011-09-02,00:00:00.00,5.93428,2.56637,0.622
610,2011-09-03,00:00:00.00,0.0395344,2.53677,0.604
611,2011-09-04,00:00:00.00,0.540055,2.53873,0.546
612,2011-09-05,00:00:00.00,11.0637,2.5368,0.608
613,2011-09-06,00:00:00.00,0.0663727,2.54326,0.5
614,2011-09-07,00:00:00.00,0.0186617,2.62574,0.433
615,2011-09-08,00:00:00.00,2.5072,2.66312,0.458
616,2011-09-09,00:00:00.00,1.17416,2.56021,0.493
617,2011-09-10,00:00:00.00,0.2875,2.42676,0.576
618,2011-09-11,00:00:00.00,0.0201885,2.3359,0.528
619,2011-09-12,00:00:00.00,0.852417,2.28152,0.472
620,2011-09-13,00:00:00.00,2.69218,2.23799,0.426
621,2011-09-14,00:00:00.00,0.0355522,2.19587,0.408
622,2011-09-15,00:00:00.00,6.57324,2.1629,0.417
623,2011-09-16,00:00:00.00,1.97652,2.16112,0.522
624,2011-09-17,00:00:00.00,0.10124,2.2035,0.502
625,2011-09-18,00:00:00.00,0.0257381,2.21707,0.504
626,2011-09-19,00:00:00.00,0.0260539,2.15425,0.425
627,2011-09-20,00:00:00.00,28.6877,2.12036,0.516
628,2011-09-21,00:00:00.00,0.295737,2.29556,2.15
629,2011-09-22,00:00:00.00,2.55445,2.771,1.57
630,2011-09-23,00:00:00.00,0.0170431,3.06177,1.24
631,2011-09-24,00:00:00.00,10.9158,2.8705,1.1
632,2011-09-25,00:00:00.00,0.0528217,2.62763,1.19
633,2011-09-26,00:00:00.00,0.691936,2.61643,1.02
634,2011-09-27,00:00:00.00,22.0361,2.69247,0.96
635,2011-09-28,00:00:00.00,7.25653,2.79416,4.23
636,2011-09-29,00:00:00.00,2.8465,3.1373,3.42
637,2011-09-30,00:00:00.00,7.63358,3.44842,2.16
638,2011-10-01,00:00:00.00,4.04698,3.40431,1.91
639,2011-10-02,00:00:00.00,0.280704,3.25573,1.93
640,2011-10-03,00:00:00.00,5.61621,3.16603,1.89
641,2011-10-04,00:00:00.00,4.55894,3.09067,1.92
642,2011-10-05,00:00:00.00,0.0246197,3.07083,2.19
643,2011-10-06,00:00:00.00,0.0119445,3.08348,1.81
644,2011-10-07,00:00:00.00,0.0233789,3.01711,1.47
645,2011-10-08,00:00:00.00,0.0116997,2.8834,1.3
646,2011-10-09,00:00:00.00,0,2.76422,1.17
647,2011-10-10,00:00:00.00,0,2.68488,1.09
648,2011-10-11,00:00:00.00,0.0323517,2.62774,1.05
649,2011-10-12,00:00:00.00,0.019025,2.5764,1.06
650,2011-10-13,00:00:00.00,13.8287,2.55192,1.08
651,2011-10-14,00:00:00.00,4.6588,2.63575,1.64
652,2011-10-15,00:00:00.00,29.275,2.95907,9.23
653,2011-10-16,00:00:00.00,6.72581,3.48784,10.4
654,2011-10-17,00:00:00.00,2.23659,4.18848,7.94
655,2011-10-18,00:00:00.00,0.0231682,4.58965,5.47
656,2011-10-19,00:00:00.00,1.35657,4.31302,3.65
657,2011-10-20,00:00:00.00,14.434,3.84911,3.12
658,2011-10-21,00:00:00.00,20.6652,3.72612,14.9
659,2011-10-22,00:00:00.00,2.58401,4.22188,19.9
660,2011-10-23,00:00:00.00,0.222813,5.01619,13.2
661,2011-10-24,00:00:00.00,0.00587397,5.25624,7.07
662,2011-10-25,00:00:00.00,3.94194,4.83654,5.02
663,2011-10-26,00:00:00.00,4.5275,4.39067,4.08
664,2011-10-27,00:00:00.00,3.45043,4.24012,4.43
665,2011-10-28,00:00:00.00,0.659928,4.29365,4.52
666,2011-10-29,00:00:00.00,0.0889322,4.31213,3.7
667,2011-10-30,00:00:00.00,0.118356,4.19034,3.14
668,2011-10-31,00:00:00.00,0.0078721,4.00072,2.74
669,2011-11-01,00:00:00.00,0.670243,3.84084,2.46
670,2011-11-02,00:00:00.00,0.0397032,3.72615,2.26
671,2011-11-03,00:00:00.00,0,3.63548,2.1
672,2011-11-04,00:00:00.00,0.0248862,3.55292,2.05
673,2011-11-05,00:00:00.00,0.0236059,3.47419,1.89
674,2011-11-06,00:00:00.00,0.00729544,3.399,1.73
675,2011-11-07,00:00:00.00,0.000471044,3.32727,1.68
676,2011-11-08,00:00:00.00,0.043128,3.25883,1.65
677,2011-11-09,00:00:00.00,0.406123,3.19337,1.59
678,2011-11-10,00:00:00.00,6.37478,3.14396,1.59
679,2011-11-11,00:00:00.00,0.341489,3.15073,1.81
680,2011-11-12,00:00:00.00,1.11979,3.24032,1.8
681,2011-11-13,00:00:00.00,8.95524e-308,3.27776,1.85
682,2011-11-14,00:00:00.00,0.173777,3.18053,1.84
683,2011-11-15,00:00:00.00,11.031,3.08003,2.18
684,2011-11-16,00:00:00.00,0.126526,3.11657,4.43
685,2011-11-17,00:00:00.00,0.00154314,3.3395,3.56
686,2011-11-18,00:00:00.00,0.149675,3.46599,2.84
687,2011-11-19,00:00:00.00,0.0146981,3.32627,2.37
688,2011-11-20,00:00:00.00,0.0507249,3.1301,2.13
689,2011-11-21,00:00:00.00,0.0364462,3.0027,1.98
690,2011-11-22,00:00:00.00,0.000259076,2.93478,1.74
691,2011-11-23,00:00:00.00,11.6591,2.89626,1.69
692,2011-11-24,00:00:00.00,9.33202,2.92248,6.52
693,2011-11-25,00:00:00.00,0.00348641,3.10419,6.76
694,2011-11-26,00:00:00.00,2.83449e-308,3.41488,4.48
695,2011-11-27,00:00:00.00,0.0870436,3.65713,3.56
696,2011-11-28,00:00:00.00,23.0586,3.68498,5.47
697,2011-11-29,00:00:00.00,5.066,3.76415,15
698,2011-11-30,00:00:00.00,51.4206,4.4746,33.7
699,2011-12-01,00:00:00.00,3.75987,5.80515,62
700,2011-12-02,00:00:00.00,0.000198129,7.75369,34.9
701,2011-12-03,00:00:00.00,1.76125,8.73841,15.1
702,2011-12-04,00:00:00.00,0.459435,7.85561,9.05
703,2011-12-05,00:00:00.00,19.167,6.79489,8.26
704,2011-12-06,00:00:00.00,16.4431,6.57767,26.4
705,2011-12-07,00:00:00.00,3.3703,7.56915,31.5
706,2011-12-08,00:00:00.00,0.0445907,8.82804,21.1
707,2011-12-09,00:00:00.00,0.0271166,8.93134,11.7
708,2011-12-10,00:00:00.00,2.72911,8.11714,7.42
709,2011-12-11,00:00:00.00,0.0103071,7.33207,5.51
710,2011-12-12,00:00:00.00,0.00178254,6.84413,4.34
711,2011-12-13,00:00:00.00,0,6.54483,3.75
712,2011-12-14,00:00:00.00,0.00040045,6.30615,3.42
713,2011-12-15,00:00:00.00,10.6715,6.12851,3.46
714,2011-12-16,00:00:00.00,13.9606,6.20658,14.6
715,2011-12-17,00:00:00.00,2.22184,6.88231,24.7
716,2011-12-18,00:00:00.00,0.737345,7.92043,12.9
717,2011-12-19,00:00:00.00,1.18433,8.21788,7.6
718,2011-12-20,00:00:00.00,0.00917107,7.62028,6.11
719,2011-12-21,00:00:00.00,0.00758133,6.94674,5.96
720,2011-12-22,00:00:00.00,3.54106,6.51802,5.58
721,2011-12-23,00:00:00.00,1.36194,6.3278,5.62
722,2011-12-24,00:00:00.00,0.940405,6.33342,5.43
723,2011-12-25,00:00:00.00,0.0645119,6.39978,4.54
724,2011-12-26,00:00:00.00,0.299817,6.29128,4.04
725,2011-12-27,00:00:00.00,0.184776,6.01987,3.63
726,2011-12-28,00:00:00.00,11.0654,5.78046,3.61
727,2011-12-29,00:00:00.00,1.10863,5.69461,3.58
728,2011-12-30,00:00:00.00,3.93379,5.7939,2.98
729,2011-12-31,00:00:00.00,10.0877,5.83899,3.05
730,2012-01-01,00:00:00.00,2.08389,5.78706,12.2
731,2012-01-02,00:00:00.00,8.16494,5.99955,18.4
732,2012-01-03,00:00:00.00,6.49365,6.51939,18
733,2012-01-04,00:00:00.00,3.21661,7.33798,9.66
734,2012-01-05,00:00:00.00,0.292846,7.67303,6.16
735,2012-01-06,00:00:00.00,0.0038313,7.1421,5.09
736,2012-01-07,00:00:00.00,0.0117715,6.53658,4.56
737,2012-01-08,00:00:00.00,0.0232699,6.14605,5.25
738,2012-01-09,00:00:00.00,0.123936,5.92353,5.39
739,2012-01-10,00:00:00.00,0.000190827,5.75508,4.56
740,2012-01-11,00:00:00.00,0.00608813,5.59793,4.04
741,2012-01-12,00:00:00.00,0.289487,5.50648,3.61
742,2012-01-13,00:00:00.00,4.05187,5.66546,4.12
743,2012-01-14,00:00:00.00,3.97841,6.25267,5.24
744,2012-01-15,00:00:00.00,3.24774,6.67564,4.19
745,2012-01-16,00:00:00.00,0.0326534,6.45479,2.94
746,2012-01-17,00:00:00.00,5.03494,6.01498,3.43
747,2012-01-18,00:00:00.00,10.3643,5.73853,9.34
748,2012-01-19,00:00:00.00,0.771864,5.78587,15
749,2012-01-20,00:00:00.00,6.05158,6.12232,7.94
750,2012-01-21,00:00:00.00,2.53358,6.25253,4.85
751,2012-01-22,00:00:00.00,1.71756,5.97764,3.63
752,2012-01-23,00:00:00.00,0.00111289,5.65089,2.97
753,2012-01-24,00:00:00.00,7.60487,5.44992,5.44
754,2012-01-25,00:00:00.00,0.143532,5.44401,12.5
755,2012-01-26,00:00:00.00,0.341284,5.6451,6.91
756,2012-01-27,00:00:00.00,3.12315,5.72783,5.15
757,2012-01-28,00:00:00.00,9.80695,5.54075,5.77
758,2012-01-29,00:00:00.00,2.86088,5.37621,6.26
759,2012-01-30,00:00:00.00,5.91192,5.37927,4.92
760,2012-01-31,00:00:00.00,4.98552,5.36647,4.08
761,2012-02-01,00:00:00.00,0.553267,5.20763,3.85
762,2012-02-02,00:00:00.00,0.0153745,5.1087,14.2
763,2012-02-03,00:00:00.00,0.0404797,5.39761,14.6
764,2012-02-04,00:00:00.00,0.0104375,6.29303,8.21
765,2012-02-05,00:00:00.00,0.000204828,6.81991,6.1
766,2012-02-06,00:00:00.00,0.00530806,6.43267,5.18
767,2012-02-07,00:00:00.00,9.18395e-308,5.89168,4.51
768,2012-02-08,00:00:00.00,0.0319296,5.54421,4.06
769,2012-02-09,00:00:00.00,0.000229862,5.36437,3.5
770,2012-02-10,00:00:00.00,0,5.23612,3.17
771,2012-02-11,00:00:00.00,1.39524,5.11526,2.9
772,2012-02-12,00:00:00.00,9.07961,5.00113,2.47
773,2012-02-13,00:00:00.00,4.17253,4.89314,2.08
774,2012-02-14,00:00:00.00,0.0173578,4.79086,2.34
775,2012-02-15,00:00:00.00,0.403154,4.69381,2.32
776,2012-02-16,00:00:00.00,0.189602,4.60142,2.18
777,2012-02-17,00:00:00.00,5.77316,4.52331,2.2
778,2012-02-18,00:00:00.00,0.132379,4.49017,2.63
779,2012-02-19,00:00:00.00,4.21379,4.52578,2.88
780,2012-02-20,00:00:00.00,0.0681515,4.52993,2.55
781,2012-02-21,00:00:00.00,0.00102618,4.44602,2.22
782,2012-02-22,00:00:00.00,3.19218,4.33825,2.3
783,2012-02-23,00:00:00.00,0.815189,4.24375,3.05
784,2012-02-24,00:00:00.00,0.540817,4.18097,3.58
785,2012-02-25,00:00:00.00,8.81532,4.13334,4.09
786,2012-02-26,00:00:00.00,1.26032,4.11504,4.91
787,2012-02-27,00:00:00.00,0.0439444,4.16331,3.7
788,2012-02-28,00:00:00.00,0.0030181,4.17224,3.62
789,2012-02-29,00:00:00.00,0.028089,4.0745,3.96
790,2012-03-01,00:00:00.00,0.601815,3.95704,4.03
791,2012-03-02,00:00:00.00,0.0745213,3.86722,5.2
792,2012-03-03,00:00:00.00,7.30616,3.81989,7.34
793,2012-03-04,00:00:00.00,2.66483,3.88397,14.9
794,2012-03-05,00:00:00.00,1.57418,4.18444,10.9
795,2012-03-06,00:00:00.00,0.0591138,4.59644,5.81
796,2012-03-07,00:00:00.00,0.0593032,4.69179,4.07
797,2012-03-08,00:00:00.00,0,4.43835,3.73
798,2012-03-09,00:00:00.00,9.08475,4.36392,4.48
799,2012-03-10,00:00:00.00,1.42882,5.22906,4.9
800,2012-03-11,00:00:00.00,0.113341,7.67392,3.79
801,2012-03-12,00:00:00.00,0.000129155,9.21697,3.48
802,2012-03-13,00:00:00.00,5.93922,8.41986,3.49
803,2012-03-14,00:00:00.00,9.22194,7.35397,9.38
804,2012-03-15,00:00:00.00,0.0207315,7.04297,8.46
805,2012-03-16,00:00:00.00,2.90165,7.28405,5.59
806,2012-03-17,00:00:00.00,0.107965,7.28672,4.6
807,2012-03-18,00:00:00.00,0.000499947,6.92516,3.8
808,2012-03-19,00:00:00.00,0.0011225,6.54297,3.41
809,2012-03-20,00:00:00.00,0.00503216,6.23908,3.09
810,2012-03-21,00:00:00.00,0.00315941,6.00988,2.99
811,2012-03-22,00:00:00.00,0.0022588,5.81588,2.74
812,2012-03-23,00:00:00.00,0.0272058,5.63892,2.56
813,2012-03-24,00:00:00.00,0.299511,5.47344,2.37
814,2012-03-25,00:00:00.00,4.21164,5.32591,2.3
815,2012-03-26,00:00:00.00,0.223879,5.22345,2.36
816,2012-03-27,00:00:00.00,0.0410753,5.18548,2.1
817,2012-03-28,00:00:00.00,0.00310523,5.11712,1.86
818,2012-03-29,00:00:00.00,0.108067,4.96539,1.9
819,2012-03-30,00:00:00.00,0.150474,4.80361,1.82
820,2012-03-31,00:00:00.00,2.80127,4.66671,1.76
821,2012-04-01,00:00:00.00,0.025494,4.55198,1.79
822,2012-04-02,00:00:00.00,2.74705,4.453,1.76
823,2012-04-03,00:00:00.00,0.0410856,4.38048,1.78
824,2012-04-04,00:00:00.00,0.203297,4.3445,1.64
825,2012-04-05,00:00:00.00,0.00829576,4.29064,1.61
826,2012-04-06,00:00:00.00,0,4.18737,1.56
827,2012-04-07,00:00:00.00,0,4.07685,1.44
828,2012-04-08,00:00:00.00,0,3.98128,1.37
829,2012-04-09,00:00:00.00,0.328069,3.89896,1.39
830,2012-04-10,00:00:00.00,0.0932851,3.82223,1.42
831,2012-04-11,00:00:00.00,1.0094,3.74819,1.36
832,2012-04-12,00:00:00.00,0.364088,3.67692,1.34
833,2012-04-13,00:00:00.00,0.00348628,3.60859,1.31
834,2012-04-14,00:00:00.00,0.0374378,3.54292,1.29
835,2012-04-15,00:00:00.00,0.760978,3.47926,1.27
836,2012-04-16,00:00:00.00,5.33533,3.42423,1.36
837,2012-04-17,00:00:00.00,0.067275,3.39912,1.46
838,2012-04-18,00:00:00.00,0.0253286,3.41811,1.25
839,2012-04-19,00:00:00.00,0.00052266,3.40969,1.14
840,2012-04-20,00:00:00.00,0.482294,3.33053,1.14
841,2012-04-21,00:00:00.00,0.946493,3.23724,1.18
842,2012-04-22,00:00:00.00,6.98703,3.17644,1.28
843,2012-04-23,00:00:00.00,0.00846847,3.1871,1.2
844,2012-04-24,00:00:00.00,1.16961,3.28586,1.11
845,2012-04-25,00:00:00.00,1.03941,3.32984,1.1
846,2012-04-26,00:00:00.00,0.0731455,3.23408,1.11
847,2012-04-27,00:00:00.00,0.497296,3.10909,1.05
848,2012-04-28,00:00:00.00,0.392989,3.02028,1.02
849,2012-04-29,00:00:00.00,8.25705e-308,2.96268,0.966
850,2012-04-30,00:00:00.00,0.03545,2.91458,0.954
851,2012-05-01,00:00:00.00,12.2915,2.89334,0.987
852,2012-05-02,00:00:00.00,0.233413,2.97624,1.18
853,2012-05-03,00:00:00.00,0.000246951,3.21544,1.09
854,2012-05-04,00:00:00.00,9.35391,3.36389,1.02
855,2012-05-05,00:00:00.00,4.98439,3.30675,1.31
856,2012-05-06,00:00:00.00,0.145437,3.29495,1.9
857,2012-05-07,00:00:00.00,0.00208398,3.31427,1.27
858,2012-05-08,00:00:00.00,2.0184,3.22437,1.09
859,2012-05-09,00:00:00.00,6.99748,3.08801,1.32
860,2012-05-10,00:00:00.00,3.85168,3.02305,1.63
861,2012-05-11,00:00:00.00,0,3.06825,1.46
862,2012-05-12,00:00:00.00,0.000362575,3.10608,1.17
863,2012-05-13,00:00:00.00,0.916155,3.03997,1.02
864,2012-05-14,00:00:00.00,0.338174,2.93063,0.917
865,2012-05-15,00:00:00.00,3.44338e-308,2.8418,0.873
866,2012-05-16,00:00:00.00,1.35029e-308,2.78063,0.862
867,2012-05-17,00:00:00.00,1.27475,2.73084,0.841
868,2012-05-18,00:00:00.00,0.000405956,2.68325,0.852
869,2012-05-19,00:00:00.00,0.000213265,2.63696,0.813
870,2012-05-20,00:00:00.00,0,2.592,0.747
871,2012-05-21,00:00:00.00,0,2.54784,0.693
872,2012-05-22,00:00:00.00,0.0671645,2.50409,0.67
873,2012-05-23,00:00:00.00,0.0176351,2.46069,0.687
874,2012-05-24,00:00:00.00,0.00277191,2.41791,0.692
875,2012-05-25,00:00:00.00,0.00239633,2.376,0.654
876,2012-05-26,00:00:00.00,0.156479,2.33502,0.597
877,2012-05-27,00:00:00.00,0.00181233,2.29484,0.568
878,2012-05-28,00:00:00.00,4.59195,2.25637,0.567
879,2012-05-29,00:00:00.00,0.106456,2.22257,0.598
880,2012-05-30,00:00:00.00,3.89837,2.19545,0.613
881,2012-05-31,00:00:00.00,0.00143458,2.16603,0.657
882,2012-06-01,00:00:00.00,0.0148762,2.12826,0.603
883,2012-06-02,00:00:00.00,46.4986,2.17464,1.3
884,2012-06-03,00:00:00.00,3.03566,2.57016,4.57
885,2012-06-04,00:00:00.00,8.27918,3.52463,3.69
886,2012-06-05,00:00:00.00,6.03067,4.17745,3.57
887,2012-06-06,00:00:00.00,0.0102033,3.97905,2.43
888,2012-06-07,00:00:00.00,4.06769,3.5581,1.85
889,2012-06-08,00:00:00.00,0.0141615,3.23941,1.73
890,2012-06-09,00:00:00.00,0.028216,3.04407,1.41
891,2012-06-10,00:00:00.00,5.82081,2.92326,1.18
892,2012-06-11,00:00:00.00,0,2.85122,1.01
893,2012-06-12,00:00:00.00,0.887461,2.82043,0.837
894,2012-06-13,00:00:00.00,2.56738,2.78417,0.811
895,2012-06-14,00:00:00.00,0.0359927,2.71728,0.75
896,2012-06-15,00:00:00.00,0,2.64505,0.642
897,2012-06-16,00:00:00.00,0.00063688,2.58333,0.592
898,2012-06-17,00:00:00.00,0,2.53043,0.567
899,2012-06-18,00:00:00.00,4.54312,2.48128,0.531
900,2012-06-19,00:00:00.00,0.256621,2.43596,0.573
901,2012-06-20,00:00:00.00,0.0178398,2.39604,0.527
902,2012-06-21,00:00:00.00,0,2.35522,0.493
903,2012-06-22,00:00:00.00,18.6314,2.33557,0.501
904,2012-06-23,00:00:00.00,0.360784,2.42171,0.645
905,2012-06-24,00:00:00.00,0.018487,2.66849,0.544
906,2012-06-25,00:00:00.00,2.22973,2.80858,0.433
907,2012-06-26,00:00:00.00,0.251212,2.66891,0.435
908,2012-06-27,00:00:00.00,0.00120426,2.46471,0.406
909,2012-06-28,00:00:00.00,0.0114524,2.33678,0.379
910,2012-06-29,00:00:00.00,0.00342704,2.27451,0.368
911,2012-06-30,00:00:00.00,0.00113834,2.23085,0.336
912,2012-07-01,00:00:00.00,0.000575293,2.18803,0.321
913,2012-07-02,00:00:00.00,9.77691e-308,2.14612,0.298
914,2012-07-03,00:00:00.00,0.000715122,2.10521,0.289
915,2012-07-04,00:00:00.00,3.12962,2.06543,0.283
916,2012-07-05,00:00:00.00,3.06706,2.02692,0.315
917,2012-07-06,00:00:00.00,0.076552,1.9899,0.403
918,2012-07-07,00:00:00.00,0.0160421,1.95435,0.334
919,2012-07-08,00:00:00.00,0,1.91973,0.297
920,2012-07-09,00:00:00.00,0.00419173,1.88558,0.272
921,2012-07-10,00:00:00.00,0.0403802,1.85197,0.264
922,2012-07-11,00:00:00.00,0.0024092,1.81913,0.253
923,2012-07-12,00:00:00.00,4.43e-308,1.78719,0.24
924,2012-07-13,00:00:00.00,0,1.75613,0.231
925,2012-07-14,00:00:00.00,0.115894,1.72582,0.229
926,2012-07-15,00:00:00.00,0.163758,1.6962,0.229
927,2012-07-16,00:00:00.00,3.93697,1.66726,0.228
928,2012-07-17,00:00:00.00,0.340228,1.63914,0.223
929,2012-07-18,00:00:00.00,0.0962476,1.612,0.211
930,2012-07-19,00:00:00.00,0.152103,1.58572,0.194
931,2012-07-20,00:00:00.00,0.47316,1.55993,0.176
932,2012-07-21,00:00:00.00,1.3883,1.53459,0.187
933,2012-07-22,00:00:00.00,0,1.50987,0.186
934,2012-07-23,00:00:00.00,0.433893,1.48587,0.168
935,2012-07-24,00:00:00.00,0.184125,1.4625,1.26
936,2012-07-25,00:00:00.00,0.00925676,1.4396,0.73
937,2012-07-26,00:00:00.00,1.71576,1.41715,0.355
938,2012-07-27,00:00:00.00,12.3018,1.40458,0.34
939,2012-07-28,00:00:00.00,4.66488,1.43017,0.484
940,2012-07-29,00:00:00.00,0.452137,1.51143,0.463
941,2012-07-30,00:00:00.00,0.000123786,1.5619,0.38
942,2012-07-31,00:00:00.00,0,1.51138,0.293
943,2012-08-01,00:00:00.00,0.130615,1.42502,0.268
944,2012-08-02,00:00:00.00,0.00122873,1.36561,0.265
945,2012-08-03,00:00:00.00,0.00355687,1.33495,0.266
946,2012-08-04,00:00:00.00,0.0417143,1.31431,0.266
947,2012-08-05,00:00:00.00,0.010973,1.29483,0.267
948,2012-08-06,00:00:00.00,3.99873,1.27582,0.257
949,2012-08-07,00:00:00.00,0.0145798,1.25753,0.242
950,2012-08-08,00:00:00.00,0,1.24013,0.181
951,2012-08-09,00:00:00.00,0.259874,1.22302,0.157
952,2012-08-10,00:00:00.00,11.635,1.21373,0.162
953,2012-08-11,00:00:00.00,25.7948,1.26024,0.277
954,2012-08-12,00:00:00.00,5.73025,1.44857,0.594
955,2012-08-13,00:00:00.00,4.91376,1.75232,0.71
956,2012-08-14,00:00:00.00,0.545437,1.89792,0.538
957,2012-08-15,00:00:00.00,12.0029,1.77333,0.455
958,2012-08-16,00:00:00.00,0.122772,1.61163,0.573
959,2012-08-17,00:00:00.00,0.515468,1.58126,0.506
960,2012-08-18,00:00:00.00,2.64769,1.58794,0.464
961,2012-08-19,00:00:00.00,0.0575984,1.51929,0.379
962,2012-08-20,00:00:00.00,0.00911814,1.42969,0.314
963,2012-08-21,00:00:00.00,0.0256221,1.37412,0.291
964,2012-08-22,00:00:00.00,0.0148966,1.34665,0.285
965,2012-08-23,00:00:00.00,0.00230198,1.32711,0.284
966,2012-08-24,00:00:00.00,0,1.30794,0.284
967,2012-08-25,00:00:00.00,0,1.28917,0.283
968,2012-08-26,00:00:00.00,0,1.27077,0.276
969,2012-08-27,00:00:00.00,0.0148114,1.25272,0.267
970,2012-08-28,00:00:00.00,4.1938,1.23592,0.248
971,2012-08-29,00:00:00.00,0.0711386,1.22293,0.235
972,2012-08-30,00:00:00.00,0.00287709,1.2151,0.24
973,2012-08-31,00:00:00.00,0,1.20435,0.246
974,2012-09-01,00:00:00.00,0.0023322,1.18488,0.227
975,2012-09-02,00:00:00.00,0.000397571,1.1632,0.201
976,2012-09-03,00:00:00.00,0.0028625,1.14458,0.177
977,2012-09-04,00:00:00.00,0.0864707,1.12867,0.164
978,2012-09-05,00:00:00.00,19.0708,1.12946,0.228
979,2012-09-06,00:00:00.00,0.0984794,1.19166,0.698
980,2012-09-07,00:00:00.00,0.221096,1.33871,0.322
981,2012-09-08,00:00:00.00,4.01008,1.42558,0.238
982,2012-09-09,00:00:00.00,26.4033,1.37666,0.448
983,2012-09-10,00:00:00.00,0.917983,1.38728,0.673
984,2012-09-11,00:00:00.00,0.0921818,1.58601,0.43
985,2012-09-12,00:00:00.00,0.000380111,1.71972,0.316
986,2012-09-13,00:00:00.00,0,1.59373,0.239
987,2012-09-14,00:00:00.00,0,1.39851,0.218
988,2012-09-15,00:00:00.00,6.24704,1.2933,0.252
989,2012-09-16,00:00:00.00,0.0151864,1.27689,0.3
990,2012-09-17,00:00:00.00,0.00127286,1.30314,0.276
991,2012-09-18,00:00:00.00,0.000769707,1.31333,0.219
992,2012-09-19,00:00:00.00,33.3205,1.31577,0.394
993,2012-09-20,00:00:00.00,0.133329,1.44689,0.617
994,2012-09-21,00:00:00.00,3.84039,1.79406,0.458
995,2012-09-22,00:00:00.00,3.49375,2.0211,0.39
996,2012-09-23,00:00:00.00,10.0873,1.89772,0.449
997,2012-09-24,00:00:00.00,1.1256,1.71575,0.512
998,2012-09-25,00:00:00.00,0.0790885,1.68116,0.399
999,2012-09-26,00:00:00.00,2.9062e-308,1.68323,0.374
1000,2012-09-27,00:00:00.00,0.0418799,1.60469,0.313
1001,2012-09-28,00:00:00.00,0.0200564,1.5078,0.287
1002,2012-09-29,00:00:00.00,0,1.44969,0.276
1003,2012-09-30,00:00:00.00,5.05007,1.42548,0.298
1004,2012-10-01,00:00:00.00,1.43499,1.42532,0.279
1005,2012-10-02,00:00:00.00,0.00947785,1.44771,0.264
1006,2012-10-03,00:00:00.00,0.202722,1.45486,0.272
1007,2012-10-04,00:00:00.00,1.06064,1.42056,0.3
1008,2012-10-05,00:00:00.00,0.0768968,1.3755,0.297
1009,2012-10-06,00:00:00.00,7.34368,1.35036,0.271
1010,2012-10-07,00:00:00.00,0.505515,1.36341,0.318
1011,2012-10-08,00:00:00.00,1.12195,1.41724,0.406
1012,2012-10-09,00:00:00.00,0.0308588,1.44456,0.38
1013,2012-10-10,00:00:00.00,0.0491367,1.40059,0.316
1014,2012-10-11,00:00:00.00,4.90399,1.34213,0.32
1015,2012-10-12,00:00:00.00,0.801679,1.32255,0.373
1016,2012-10-13,00:00:00.00,1.72014,1.34584,0.316
1017,2012-10-14,00:00:00.00,14.2356,1.37664,0.328
1018,2012-10-15,00:00:00.00,11.2955,1.44303,0.746
1019,2012-10-16,00:00:00.00,2.29737,1.63658,0.979
1020,2012-10-17,00:00:00.00,0.0688426,1.84904,0.673
1021,2012-10-18,00:00:00.00,3.73557,1.85938,0.555
1022,2012-10-19,00:00:00.00,0.948331,1.70259,0.545
1023,2012-10-20,00:00:00.00,3.95364,1.57206,0.527
1024,2012-10-21,00:00:00.00,7.71641,1.53527,0.635
1025,2012-10-22,00:00:00.00,0.0461815,1.57343,0.693
1026,2012-10-23,00:00:00.00,0.454617,1.65284,0.608
1027,2012-10-24,00:00:00.00,15.6585,1.69088,0.779
1028,2012-10-25,00:00:00.00,0.650239,1.7142,1.51
1029,2012-10-26,00:00:00.00,0.0083971,1.84278,1.17
1030,2012-10-27,00:00:00.00,10.7817,1.94172,0.955
1031,2012-10-28,00:00:00.00,16.6666,1.93126,3.17
1032,2012-10-29,00:00:00.00,6.42653,2.06128,5.08
1033,2012-10-30,00:00:00.00,19.0188,2.40691,4.57
1034,2012-10-31,00:00:00.00,6.49131,2.73195,9.07
1035,2012-11-01,00:00:00.00,7.29556,2.9702,7.46
1036,2012-11-02,00:00:00.00,2.17554,3.10216,6.36
1037,2012-11-03,00:00:00.00,1.10953,3.04964,4.77
1038,2012-11-04,00:00:00.00,0.0952235,2.86528,3.41
1039,2012-11-05,00:00:00.00,0.0071905,2.63309,2.55
1040,2012-11-06,00:00:00.00,0.00131597,2.45161,2.03
1041,2012-11-07,00:00:00.00,0.00254906,2.34517,1.69
1042,2012-11-08,00:00:00.00,8.39e-308,2.28628,1.49
1043,2012-11-09,00:00:00.00,4.195e-308,2.24554,1.29
1044,2012-11-10,00:00:00.00,0.058565,2.20902,1.16
1045,2012-11-11,00:00:00.00,0.0850308,2.17404,1.08
1046,2012-11-12,00:00:00.00,0.00846959,2.14024,1.04
1047,2012-11-13,00:00:00.00,10.9424,2.12664,1.01
1048,2012-11-14,00:00:00.00,0.113033,2.19006,1.34
1049,2012-11-15,00:00:00.00,0.000998711,2.3655,1.33
1050,2012-11-16,00:00:00.00,0,2.46438,1.24
1051,2012-11-17,00:00:00.00,0,2.36356,1.19
1052,2012-11-18,00:00:00.00,0.00561251,2.21529,1.07
1053,2012-11-19,00:00:00.00,0.0221224,2.12295,0.966
1054,2012-11-20,00:00:00.00,0.0434416,2.07892,0.935
1055,2012-11-21,00:00:00.00,0.00365757,2.04881,0.921
1056,2012-11-22,00:00:00.00,0.0220337,2.01961,0.927
1057,2012-11-23,00:00:00.00,0.0273772,1.99125,0.9
1058,2012-11-24,00:00:00.00,5.1509,1.97192,0.916
1059,2012-11-25,00:00:00.00,3.57566,1.98745,0.973
1060,2012-11-26,00:00:00.00,0.503509,2.05688,0.877
1061,2012-11-27,00:00:00.00,0.0360484,2.10352,0.843
1062,2012-11-28,00:00:00.00,0.0182749,2.05909,0.864
1063,2012-11-29,00:00:00.00,0.067353,1.97736,0.867
1064,2012-11-30,00:00:00.00,0.000718885,1.9161,0.855
1065,2012-12-01,00:00:00.00,0.485274,1.88092,0.876
1066,2012-12-02,00:00:00.00,0.160084,1.85615,0.854
1067,2012-12-03,00:00:00.00,18.4977,1.86608,1.41
1068,2012-12-04,00:00:00.00,0.297475,2.00879,4.79
1069,2012-12-05,00:00:00.00,7.6883,2.36484,4.01
1070,2012-12-06,00:00:00.00,0.142607,2.65633,5.6
1071,2012-12-07,00:00:00.00,0.00151335,2.67801,3.97
1072,2012-12-08,00:00:00.00,0.752674,2.53879,3.12
1073,2012-12-09,00:00:00.00,3.44458,2.3458,2.64
1074,2012-12-10,00:00:00.00,3.8989,2.22803,2.45
1075,2012-12-11,00:00:00.00,3.69435,2.22041,2.89
1076,2012-12-12,00:00:00.00,0.366045,2.25354,3.4
1077,2012-12-13,00:00:00.00,0.00221331,2.26086,2.88
1078,2012-12-14,00:00:00.00,9.29609e-308,2.22475,2.28
1079,2012-12-15,00:00:00.00,0.000297461,2.15709,2.06
1080,2012-12-16,00:00:00.00,0.411753,2.10353,1.89
1081,2012-12-17,00:00:00.00,9.65698,2.11783,2.05
1082,2012-12-18,00:00:00.00,0.19604,2.26373,3.13
1083,2012-12-19,00:00:00.00,0.510112,2.49906,3.21
1084,2012-12-20,00:00:00.00,0.664765,2.58153,2.73
1085,2012-12-21,00:00:00.00,15.97,2.47262,2.41
1086,2012-12-22,00:00:00.00,3.88469,2.46536,8.51
1087,2012-12-23,00:00:00.00,0.212148,2.73993,8.88
1088,2012-12-24,00:00:00.00,0.0213382,2.98232,5.22
1089,2012-12-25,00:00:00.00,0.224157,2.88698,3.73
1090,2012-12-26,00:00:00.00,0.00565638,2.64464,2.98
1091,2012-12-27,00:00:00.00,8.34559,2.47358,2.45
1092,2012-12-28,00:00:00.00,4.04814,2.39753,2.22
1093,2012-12-29,00:00:00.00,0.295636,2.3596,2.05
1094,2012-12-30,00:00:00.00,4.81903,2.3273,1.83
1095,2012-12-31,00:00:00.00,0.956243,2.29604,1.66
1096,2013-01-01,00:00:00.00,0.0660897,2.26575,1.52
1097,2013-01-02,00:00:00.00,0.365203,2.23638,1.53
1098,2013-01-03,00:00:00.00,0.136174,2.20788,1.26
1099,2013-01-04,00:00:00.00,0.24932,2.18025,1.37
1100,2013-01-05,00:00:00.00,0.0280502,2.15345,1.33
1101,2013-01-06,00:00:00.00,0.75919,2.12745,1.3
1102,2013-01-07,00:00:00.00,6.40118,2.10635,1.37
1103,2013-01-08,00:00:00.00,0.0181922,2.10247,1.32
1104,2013-01-09,00:00:00.00,0,2.12308,1.17
1105,2013-01-10,00:00:00.00,0.023586,2.12761,1.18
1106,2013-01-11,00:00:00.00,9.27338e-308,2.08941,1.37
1107,2013-01-12,00:00:00.00,13.3515,2.06754,2.34
1108,2013-01-13,00:00:00.00,0.0129972,2.221,9.91
1109,2013-01-14,00:00:00.00,26.6026,2.84276,25.7
1110,2013-01-15,00:00:00.00,0.149338,4.00556,36.6
1111,2013-01-16,00:00:00.00,0.0150735,5.08139,17.1
1112,2013-01-17,00:00:00.00,0.0286001,5.16066,8.07
1113,2013-01-18,00:00:00.00,0.401375,4.43695,5.33
1114,2013-01-19,00:00:00.00,0.147428,3.7924,3.87
1115,2013-01-20,00:00:00.00,0.0534179,3.48838,3.4
1116,2013-01-21,00:00:00.00,0.666098,3.37877,3.13
1117,2013-01-22,00:00:00.00,0.85276,3.31389,2.32
1118,2013-01-23,00:00:00.00,0.920101,3.2519,1.73
1119,2013-01-24,00:00:00.00,0.281441,3.19276,1.57
1120,2013-01-25,00:00:00.00,0.382892,3.13641,1.46
1121,2013-01-26,00:00:00.00,2.7102,3.08264,1.39
1122,2013-01-27,00:00:00.00,0.349592,3.03117,1.35
1123,2013-01-28,00:00:00.00,0.115929,2.98177,1.33
1124,2013-01-29,00:00:00.00,11.8136,2.9545,1.43
1125,2013-01-30,00:00:00.00,37.4377,3.11199,8.16
1126,2013-01-31,00:00:00.00,7.90614,3.87371,54.2
1127,2013-02-01,00:00:00.00,3.08606,5.49775,36
1128,2013-02-02,00:00:00.00,6.59717,6.84518,14
1129,2013-02-03,00:00:00.00,3.05208,6.72211,6.95
1130,2013-02-04,00:00:00.00,0.837779,5.79842,5.22
1131,2013-02-05,00:00:00.00,0.252469,5.0783,4.14
1132,2013-02-06,00:00:00.00,0.382323,4.73945,3.43
1133,2013-02-07,00:00:00.00,0.567218,4.58486,2.9
1134,2013-02-08,00:00:00.00,2.68348,4.46885,2.42
1135,2013-02-09,00:00:00.00,30.785,4.35955,2.25
1136,2013-02-10,00:00:00.00,0.252749,4.25633,2.17
1137,2013-02-11,00:00:00.00,0.0329999,4.15868,2.14
1138,2013-02-12,00:00:00.00,1.83261,4.06813,3.05
1139,2013-02-13,00:00:00.00,0.169475,3.99021,4.74
1140,2013-02-14,00:00:00.00,0.0342163,3.92852,3.63
1141,2013-02-15,00:00:00.00,4.33151,3.86372,3.17
1142,2013-02-16,00:00:00.00,1.05096,3.78681,2.87
1143,2013-02-17,00:00:00.00,0.751486,3.71538,2.5
1144,2013-02-18,00:00:00.00,0.0808524,3.64775,2.15
1145,2013-02-19,00:00:00.00,0.0532048,3.57709,2.34
1146,2013-02-20,00:00:00.00,12.6293,3.52072,4.68
1147,2013-02-21,00:00:00.00,1.67911,3.51952,6.44
1148,2013-02-22,00:00:00.00,0.237419,3.5984,4.36
1149,2013-02-23,00:00:00.00,3.21962,3.62793,3.94
1150,2013-02-24,00:00:00.00,0.733559,3.5308,3.55
1151,2013-02-25,00:00:00.00,1.27745,3.40853,2.96
1152,2013-02-26,00:00:00.00,0.00665115,3.31915,2.56
1153,2013-02-27,00:00:00.00,8.52485,3.26474,2.49
1154,2013-02-28,00:00:00.00,12.2566,3.25893,2.93
1155,2013-03-01,00:00:00.00,2.38783,3.34881,2.9
1156,2013-03-02,00:00:00.00,0.0397526,3.49723,2.75
1157,2013-03-03,00:00:00.00,0.0531809,3.52461,2.53
1158,2013-03-04,00:00:00.00,0.0435018,3.39678,2.43
1159,2013-03-05,00:00:00.00,0.0334151,3.25523,2.32
1160,2013-03-06,00:00:00.00,0.00367638,3.16381,2.16
1161,2013-03-07,00:00:00.00,0.430128,3.10795,2.22
1162,2013-03-08,00:00:00.00,2.38864,3.06203,2.06
1163,2013-03-09,00:00:00.00,0.00798265,3.01783,2.19
1164,2013-03-10,00:00:00.00,0.00949072,2.97545,2.85
1165,2013-03-11,00:00:00.00,0.00203551,2.93419,4.78
1166,2013-03-12,00:00:00.00,23.3976,3.12959,30
1167,2013-03-13,00:00:00.00,2.03773,4.37309,76.2
1168,2013-03-14,00:00:00.00,2.5016,7.74047,44.2
1169,2013-03-15,00:00:00.00,0.619752,10.3462,20.8
1170,2013-03-16,00:00:00.00,0.827009,9.69867,12.4
1171,2013-03-17,00:00:00.00,1.72675,7.99586,8.54
1172,2013-03-18,00:00:00.00,0.160628,6.85119,6.29
1173,2013-03-19,00:00:00.00,2.54334,6.35706,5.32
1174,2013-03-20,00:00:00.00,5.78286,6.11099,5
1175,2013-03-21,00:00:00.00,1.17417,5.90497,4.19
1176,2013-03-22,00:00:00.00,1.31683,5.71463,3.77
1177,2013-03-23,00:00:00.00,0.421552,5.5381,3.39
1178,2013-03-24,00:00:00.00,0.00833028,5.37358,3.15
1179,2013-03-25,00:00:00.00,0.0434996,5.21968,3.44
1180,2013-03-26,00:00:00.00,0.134287,5.07522,4.05
1181,2013-03-27,00:00:00.00,0.0140321,4.93924,5.99
1182,2013-03-28,00:00:00.00,0.0718625,4.81971,9.64
1183,2013-03-29,00:00:00.00,0.483594,4.7935,10.6
1184,2013-03-30,00:00:00.00,0.0101949,5.08021,14.1
1185,2013-03-31,00:00:00.00,0.000644091,5.84913,16.8
1186,2013-04-01,00:00:00.00,1.17107,6.59166,14.8
1187,2013-04-02,00:00:00.00,1.27624,6.57916,12.1
1188,2013-04-03,00:00:00.00,0.240477,6.03241,8.1
1189,2013-04-04,00:00:00.00,0.231519,5.54531,5.49
1190,2013-04-05,00:00:00.00,0.009487,5.26314,4.42
1191,2013-04-06,00:00:00.00,0.00559646,5.09661,4.48
1192,2013-04-07,00:00:00.00,0.0651202,4.96013,3.74
1193,2013-04-08,00:00:00.00,0.639447,4.83108,3.71
1194,2013-04-09,00:00:00.00,9.40671,4.73628,4.02
1195,2013-04-10,00:00:00.00,36.2989,4.88855,5.93
1196,2013-04-11,00:00:00.00,21.6142,5.85889,31
1197,2013-04-12,00:00:00.00,13.9178,8.08174,38.9
1198,2013-04-13,00:00:00.00,15.9861,10.2287,37.6
1199,2013-04-14,00:00:00.00,1.29379,10.8756,36.7
1200,2013-04-15,00:00:00.00,0.103601,10.8654,19
1201,2013-04-16,00:00:00.00,0.0110359,10.7401,11.6
1202,2013-04-17,00:00:00.00,2.70213,10.0846,8.14
1203,2013-04-18,00:00:00.00,5.57759,9.20525,6.18
1204,2013-04-19,00:00:00.00,10.0777,8.63837,9.46
1205,2013-04-20,00:00:00.00,7.32443,8.5943,10.7
1206,2013-04-21,00:00:00.00,0.639668,8.92831,9.73
1207,2013-04-22,00:00:00.00,0.118492,9.10697,6.57
1208,2013-04-23,00:00:00.00,0,8.77138,5.38
1209,2013-04-24,00:00:00.00,0.0978211,8.17596,4.63
1210,2013-04-25,00:00:00.00,12.0816,7.71655,4.52
1211,2013-04-26,00:00:00.00,5.21327,7.61213,4.8
1212,2013-04-27,00:00:00.00,0,7.97375,4.72
1213,2013-04-28,00:00:00.00,5.67499e-308,8.22996,4.34
1214,2013-04-29,00:00:00.00,10.7838,7.95841,3.97
1215,2013-04-30,00:00:00.00,1.72712,7.64029,6.42
1216,2013-05-01,00:00:00.00,0.152913,7.66958,6.14
1217,2013-05-02,00:00:00.00,0.035539,7.64088,4.8
1218,2013-05-03,00:00:00.00,0.000300592,7.26612,3.87
1219,2013-05-04,00:00:00.00,4.9961e-308,6.85178,3.33
1220,2013-05-05,00:00:00.00,0,6.52741,2.89
1221,2013-05-06,00:00:00.00,0,6.2819,2.57
1222,2013-05-07,00:00:00.00,0,6.0683,2.36
1223,2013-05-08,00:00:00.00,0,5.86789,2.2
1224,2013-05-09,00:00:00.00,0.324906,5.67929,2.1
1225,2013-05-10,00:00:00.00,0.0518401,5.50131,2.02
1226,2013-05-11,00:00:00.00,12.7848,5.36955,2
1227,2013-05-12,00:00:00.00,3.27849,5.39927,2.12
1228,2013-05-13,00:00:00.00,0.880253,5.68507,1.97
1229,2013-05-14,00:00:00.00,0.293353,5.83525,1.8
1230,2013-05-15,00:00:00.00,0.675576,5.60004,1.7
1231,2013-05-16,00:00:00.00,0.265579,5.2769,1.71
1232,2013-05-17,00:00:00.00,0.0313178,5.03438,1.62
1233,2013-05-18,00:00:00.00,0.0181334,4.87138,1.47
1234,2013-05-19,00:00:00.00,0.0294548,4.73758,1.41
1235,2013-05-20,00:00:00.00,0.00663057,4.61076,1.39
1236,2013-05-21,00:00:00.00,0.183359,4.4893,1.32
1237,2013-05-22,00:00:00.00,2.39875,4.37267,1.37
1238,2013-05-23,00:00:00.00,2.22378,4.26084,1.45
1239,2013-05-24,00:00:00.00,2.27144,4.15459,1.41
1240,2013-05-25,00:00:00.00,0.388596,4.05442,1.32
1241,2013-05-26,00:00:00.00,0.00922471,3.95986,1.23
1242,2013-05-27,00:00:00.00,0,3.86982,1.14
1243,2013-05-28,00:00:00.00,0.356239,3.78307,1.09
1244,2013-05-29,00:00:00.00,53.1844,3.85262,3.2
1245,2013-05-30,00:00:00.00,8.61829,4.58408,27.1
1246,2013-05-31,00:00:00.00,3.09043,6.51174,15.1
1247,2013-06-01,00:00:00.00,7.94685,7.87033,6.58
1248,2013-06-02,00:00:00.00,5.70118,7.41829,4.44
1249,2013-06-03,00:00:00.00,10.2862,6.60731,4.9
1250,2013-06-04,00:00:00.00,0.000274468,6.23408,4.39
1251,2013-06-05,00:00:00.00,2.3982e-308,6.22277,3.04
1252,2013-06-06,00:00:00.00,0.0014444,6.1332,2.42
1253,2013-06-07,00:00:00.00,2.79461,5.80966,2.12
1254,2013-06-08,00:00:00.00,0.7737,5.48888,2.01
1255,2013-06-09,00:00:00.00,0.00970285,5.25175,1.85
1256,2013-06-10,00:00:00.00,0.00313281,5.07496,1.62
1257,2013-06-11,00:00:00.00,23.1239,4.98713,1.73
1258,2013-06-12,00:00:00.00,11.8982,5.21453,3.35
1259,2013-06-13,00:00:00.00,3.62775,6.02643,7.42
1260,2013-06-14,00:00:00.00,12.7407,6.77802,8.42
1261,2013-06-15,00:00:00.00,0.00366723,6.81097,6.84
1262,2013-06-16,00:00:00.00,5.474e-308,6.62402,4.12
1263,2013-06-17,00:00:00.00,8.73528,6.39957,3.28
1264,2013-06-18,00:00:00.00,1.13536,6.08901,2.76
1265,2013-06-19,00:00:00.00,0.000672492,5.93621,2.26
1266,2013-06-20,00:00:00.00,0,5.79971,1.88
1267,2013-06-21,00:00:00.00,0,5.54585,1.62
1268,2013-06-22,00:00:00.00,0,5.28606,1.45
1269,2013-06-23,00:00:00.00,3.97125,5.07388,1.39
1270,2013-06-24,00:00:00.00,0.317169,4.90401,1.56
1271,2013-06-25,00:00:00.00,0.0108199,4.75307,1.34
1272,2013-06-26,00:00:00.00,2.33745,4.6108,1.21
1273,2013-06-27,00:00:00.00,0.0936533,4.47527,1.14
1274,2013-06-28,00:00:00.00,0.856862,4.34628,1.08
1275,2013-06-29,00:00:00.00,32.4929,4.31251,1.3
1276,2013-06-30,00:00:00.00,0.000213099,4.65139,2.18
1277,2013-07-01,00:00:00.00,0.0101311,5.59432,1.63
1278,2013-07-02,00:00:00.00,0.160449,6.14204,1.28
1279,2013-07-03,00:00:00.00,0.0814281,5.71593,1.14
1280,2013-07-04,00:00:00.00,1.76307,5.11638,1.08
1281,2013-07-05,00:00:00.00,8.58526,4.74672,1.15
1282,2013-07-06,00:00:00.00,13.9833,4.6528,1.76
1283,2013-07-07,00:00:00.00,6.17041,4.83944,2.95
1284,2013-07-08,00:00:00.00,6.21455,5.20721,2.48
1285,2013-07-09,00:00:00.00,6.33305,5.37022,4.47
1286,2013-07-10,00:00:00.00,1.36838,5.22343,4.09
1287,2013-07-11,00:00:00.00,7.02778,5.01373,4.07
1288,2013-07-12,00:00:00.00,0.13943,4.83677,5.56
1289,2013-07-13,00:00:00.00,0.00744545,4.7223,3.67
1290,2013-07-14,00:00:00.00,0,4.60445,2.39
1291,2013-07-15,00:00:00.00,4.29818e-308,4.42977,1.82
1292,2013-07-16,00:00:00.00,0.000486316,4.25871,1.49
1293,2013-07-17,00:00:00.00,8.54616e-308,4.11629,1.27
1294,2013-07-18,00:00:00.00,0.00203408,3.99611,1.11
1295,2013-07-19,00:00:00.00,0,3.8854,0.98
1296,2013-07-20,00:00:00.00,12.811,3.80138,0.916
1297,2013-07-21,00:00:00.00,0.461638,3.8115,0.979
1298,2013-07-22,00:00:00.00,0.0112638,3.96272,0.907
1299,2013-07-23,00:00:00.00,0.0330402,4.02394,0.819
1300,2013-07-24,00:00:00.00,1.67526,3.8586,0.782
1301,2013-07-25,00:00:00.00,0.0233358,3.65007,0.789
1302,2013-07-26,00:00:00.00,1.28413e-308,3.49925,0.716
1303,2013-07-27,00:00:00.00,6.4206e-308,3.39872,0.64
1304,2013-07-28,00:00:00.00,14.4961,3.34102,0.68
1305,2013-07-29,00:00:00.00,1.24197,3.39377,1.2
1306,2013-07-30,00:00:00.00,0.13751,3.61243,1.17
1307,2013-07-31,00:00:00.00,0.00107142,3.7222,0.979
1308,2013-08-01,00:00:00.00,13.7414,3.58155,0.862
1309,2013-08-02,00:00:00.00,17.8855,3.52074,2.34
1310,2013-08-03,00:00:00.00,7.15235,3.84105,2.89
1311,2013-08-04,00:00:00.00,0.0239968,4.38941,1.74
1312,2013-08-05,00:00:00.00,0.00557959,4.59986,1.6
1313,2013-08-06,00:00:00.00,2.6362e-308,4.32573,1.14
1314,2013-08-07,00:00:00.00,6.65717e-308,3.93474,0.896
1315,2013-08-08,00:00:00.00,10.5987,3.68905,0.821
1316,2013-08-09,00:00:00.00,0.0135516,3.63577,0.769
1317,2013-08-10,00:00:00.00,5.16e-308,3.73695,0.674
1318,2013-08-11,00:00:00.00,0.00424028,3.77225,0.553
1319,2013-08-12,00:00:00.00,0.0393092,3.62664,0.477
1320,2013-08-13,00:00:00.00,0.637596,3.44625,0.468
1321,2013-08-14,00:00:00.00,0.143212,3.31306,0.467
1322,2013-08-15,00:00:00.00,3.46044e-308,3.22115,0.432
1323,2013-08-16,00:00:00.00,1.11288e-308,3.14313,0.405
1324,2013-08-17,00:00:00.00,0.000256641,3.06839,0.386
1325,2013-08-18,00:00:00.00,0.0104111,2.99657,0.365
1326,2013-08-19,00:00:00.00,0,2.92738,0.347
1327,2013-08-20,00:00:00.00,0.00027758,2.86064,0.326
1328,2013-08-21,00:00:00.00,0,2.79622,0.308
1329,2013-08-22,00:00:00.00,0.000432983,2.73405,0.329
1330,2013-08-23,00:00:00.00,3.90191,2.67477,0.343
1331,2013-08-24,00:00:00.00,6.2933e-308,2.62048,0.311
1332,2013-08-25,00:00:00.00,0.000425778,2.57269,0.296
1333,2013-08-26,00:00:00.00,0.00322669,2.52442,0.278
1334,2013-08-27,00:00:00.00,0.585892,2.47084,0.264
1335,2013-08-28,00:00:00.00,0.255947,2.41704,0.266
1336,2013-08-29,00:00:00.00,3.12125,2.36657,0.335
1337,2013-08-30,00:00:00.00,0.00210623,2.31939,0.311
1338,2013-08-31,00:00:00.00,3.11718,2.27456,0.284
1339,2013-09-01,00:00:00.00,0.18946,2.23153,0.308
1340,2013-09-02,00:00:00.00,1.87735,2.19007,0.333
1341,2013-09-03,00:00:00.00,1.03045,2.15003,0.314
1342,2013-09-04,00:00:00.00,2.29087,2.11128,0.345
1343,2013-09-05,00:00:00.00,0.142729,2.07388,0.344
1344,2013-09-06,00:00:00.00,0.000409444,2.0378,0.298
1345,2013-09-07,00:00:00.00,0.000224664,2.0028,0.276
1346,2013-09-08,00:00:00.00,7.18896,1.97588,0.28
1347,2013-09-09,00:00:00.00,0.0185466,1.97848,0.358
1348,2013-09-10,00:00:00.00,0.0938844,2.02314,0.304
1349,2013-09-11,00:00:00.00,0.205832,2.03963,0.273
1350,2013-09-12,00:00:00.00,12.1084,1.99581,0.329
1351,2013-09-13,00:00:00.00,18.4888,2.01721,0.538
1352,2013-09-14,00:00:00.00,0.387747,2.24968,0.628
1353,2013-09-15,00:00:00.00,0.00825907,2.602,0.501
1354,2013-09-16,00:00:00.00,1.73014,2.70096,0.394
1355,2013-09-17,00:00:00.00,0.248441,2.47853,0.357
1356,2013-09-18,00:00:00.00,0.0819704,2.23023,0.335
1357,2013-09-19,00:00:00.00,0.000382213,2.09756,0.314
1358,2013-09-20,00:00:00.00,0.339258,2.04329,0.309
1359,2013-09-21,00:00:00.00,41.0384,2.07738,0.398
1360,2013-09-22,00:00:00.00,48.9762,2.48774,11.3
1361,2013-09-23,00:00:00.00,0.0813774,3.75822,14.5
1362,2013-09-24,00:00:00.00,0.00200822,5.44568,6.87
1363,2013-09-25,00:00:00.00,0.00035188,5.92172,2.83
1364,2013-09-26,00:00:00.00,2.19371e-308,5.0528,1.75
1365,2013-09-27,00:00:00.00,0.000144481,4.14521,1.24
1366,2013-09-28,00:00:00.00,0.000664763,3.69155,0.967
1367,2013-09-29,00:00:00.00,0.00103345,3.52847,0.819
1368,2013-09-30,00:00:00.00,1.26011,3.43562,0.728
1369,2013-10-01,00:00:00.00,2.074,3.34751,0.698
1370,2013-10-02,00:00:00.00,0.0815718,3.26417,0.673
1371,2013-10-03,00:00:00.00,3.44502e-308,3.1854,0.622
1372,2013-10-04,00:00:00.00,2.74855,3.1118,0.576
1373,2013-10-05,00:00:00.00,15.3709,3.07708,0.622
1374,2013-10-06,00:00:00.00,5.41004,3.18373,2.5
1375,2013-10-07,00:00:00.00,34.8973,3.59027,4.62
1376,2013-10-08,00:00:00.00,15.3332,4.29289,23.3
1377,2013-10-09,00:00:00.00,0.0479268,5.37051,23.3
1378,2013-10-10,00:00:00.00,2.0904e-308,6.19399,10.2
1379,2013-10-11,00:00:00.00,0.0154553,5.96722,5.3
1380,2013-10-12,00:00:00.00,0.00270315,5.21574,3.69
1381,2013-10-13,00:00:00.00,0.0156308,4.63842,2.85
1382,2013-10-14,00:00:00.00,4.13036,4.35609,2.46
1383,2013-10-15,00:00:00.00,0.00238398,4.23921,2.28
1384,2013-10-16,00:00:00.00,0.42539,4.19323,2.13
1385,2013-10-17,00:00:00.00,6.31425,4.13853,2.13
1386,2013-10-18,00:00:00.00,9.85262,4.09817,2.16
1387,2013-10-19,00:00:00.00,0.847908,4.22923,2.99
1388,2013-10-20,00:00:00.00,9.97657,4.50362,3.35
1389,2013-10-21,00:00:00.00,0.00978549,4.66192,4.13
1390,2013-10-22,00:00:00.00,10.2537,4.73709,4.23
1391,2013-10-23,00:00:00.00,0.341435,4.79517,4.62
1392,2013-10-24,00:00:00.00,3.08039,4.84674,4.3
1393,2013-10-25,00:00:00.00,7.00268,4.82817,3.44
1394,2013-10-26,00:00:00.00,9.21643,4.73351,6.22
1395,2013-10-27,00:00:00.00,16.0266,4.87773,8.78
1396,2013-10-28,00:00:00.00,1.85294,5.35114,14.5
1397,2013-10-29,00:00:00.00,0.034485,5.9203,10.7
1398,2013-10-30,00:00:00.00,0.331406,6.01394,6.15
1399,2013-10-31,00:00:00.00,0.0223128,5.57254,4.77
1400,2013-11-01,00:00:00.00,42.4881,5.24859,10.5
1401,2013-11-02,00:00:00.00,4.7029,5.72448,36.5
1402,2013-11-03,00:00:00.00,4.77868,7.46662,29.8
1403,2013-11-04,00:00:00.00,0.00348572,8.72851,13.5
1404,2013-11-05,00:00:00.00,8.6975e-308,8.35398,7.46
1405,2013-11-06,00:00:00.00,0.0453953,7.47887,5.54
1406,2013-11-07,00:00:00.00,14.6396,6.80535,4.8
1407,2013-11-08,00:00:00.00,0.835848,6.66581,8.35
1408,2013-11-09,00:00:00.00,2.17877,7.05632,7.69
1409,2013-11-10,00:00:00.00,0.342978,7.2535,5.93
1410,2013-11-11,00:00:00.00,0.445161,6.90579,4.94
1411,2013-11-12,00:00:00.00,4.81882,6.47394,4.12
1412,2013-11-13,00:00:00.00,0.948848,6.17833,4.15
1413,2013-11-14,00:00:00.00,0.926013,6.06478,3.97
1414,2013-11-15,00:00:00.00,0.000452937,5.94713,3.96
1415,2013-11-16,00:00:00.00,0.000230463,5.7278,3.66
1416,2013-11-17,00:00:00.00,0.000472905,5.50396,3.23
1417,2013-11-18,00:00:00.00,10.872,5.36146,3.25
1418,2013-11-19,00:00:00.00,0.799414,5.42325,4.61
1419,2013-11-20,00:00:00.00,0.102125,5.75567,4.23
1420,2013-11-21,00:00:00.00,0.00733153,5.91269,3.44
1421,2013-11-22,00:00:00.00,2.38271,5.65938,3.12
1422,2013-11-23,00:00:00.00,6.64446,5.37801,3.54
1423,2013-11-24,00:00:00.00,5.19366,5.31946,4.01
1424,2013-11-25,00:00:00.00,2.66493,5.45867,3.48
1425,2013-11-26,00:00:00.00,0.86512,5.46712,3.04
1426,2013-11-27,00:00:00.00,0.219832,5.24382,2.92
1427,2013-11-28,00:00:00.00,0.071791,5.00028,2.83
1428,2013-11-29,00:00:00.00,1.03096,4.82306,2.5
1429,2013-11-30,00:00:00.00,0.0990073,4.69683,2.11
1430,2013-12-01,00:00:00.00,0.000294295,4.58835,2.09
1431,2013-12-02,00:00:00.00,0.137753,4.4859,2.24
1432,2013-12-03,00:00:00.00,0.0415325,4.38889,2.28
1433,2013-12-04,00:00:00.00,0.421582,4.29683,2.27
1434,2013-12-05,00:00:00.00,3.225,4.21586,2.33
1435,2013-12-06,00:00:00.00,2.01553,4.21253,4.39
1436,2013-12-07,00:00:00.00,0.00108513,4.44674,4.31
1437,2013-12-08,00:00:00.00,0.0756168,4.96147,3.28
1438,2013-12-09,00:00:00.00,0.302651,5.20562,2.62
1439,2013-12-10,00:00:00.00,1.85523,4.93689,2.53
1440,2013-12-11,00:00:00.00,0.572562,4.59114,2.07
1441,2013-12-12,00:00:00.00,4.84731,4.37389,1.73
1442,2013-12-13,00:00:00.00,1.24349,4.26014,1.7
1443,2013-12-14,00:00:00.00,3.25829,4.17688,1.5
1444,2013-12-15,00:00:00.00,12.4786,4.09771,1.44
1445,2013-12-16,00:00:00.00,2.12144,4.0223,1.42
1446,2013-12-17,00:00:00.00,4.585,3.95037,1.41
1447,2013-12-18,00:00:00.00,4.63296,3.88166,1.41
1448,2013-12-19,00:00:00.00,1.62273,3.81596,1.42
1449,2013-12-20,00:00:00.00,0.651305,3.75306,1.48
1450,2013-12-21,00:00:00.00,13.6452,3.72265,1.67
1451,2013-12-22,00:00:00.00,11.9614,3.83936,4.44
1452,2013-12-23,00:00:00.00,16.312,4.27383,18.9
1453,2013-12-24,00:00:00.00,0.819222,4.86209,22.2
1454,2013-12-25,00:00:00.00,2.13702,5.23812,12
1455,2013-12-26,00:00:00.00,2.21838,5.16481,7.11
1456,2013-12-27,00:00:00.00,2.95204,4.78228,5.66
1457,2013-12-28,00:00:00.00,1.27015,4.45796,4.51
1458,2013-12-29,00:00:00.00,0.024674,4.27756,4.01
1459,2013-12-30,00:00:00.00,0.0508055,4.17821,3.81
1460,2013-12-31,00:00:00.00,0.656055,4.10005,3.4
1461,2014-01-01,00:00:00.00,2.48132,4.02537,2.79
1462,2014-01-02,00:00:00.00,0.890637,3.95412,2.2
1463,2014-01-03,00:00:00.00,3.39002,3.88624,1.95
1464,2014-01-04,00:00:00.00,0.0241145,3.82152,1.81
1465,2014-01-05,00:00:00.00,0.972331,3.75975,1.81
1466,2014-01-06,00:00:00.00,15.0095,3.70809,2.24
1467,2014-01-07,00:00:00.00,6.57756,3.68873,2.13
1468,2014-01-08,00:00:00.00,0.197161,3.71665,1.88
1469,2014-01-09,00:00:00.00,0.0426907,3.71548,1.81
1470,2014-01-10,00:00:00.00,0.633946,3.63985,1.74
1471,2014-01-11,00:00:00.00,4.32677,3.55415,1.83
1472,2014-01-12,00:00:00.00,23.3063,3.57554,8.13
1473,2014-01-13,00:00:00.00,0.375244,3.93284,24
1474,2014-01-14,00:00:00.00,0.145708,4.75424,21.2
1475,2014-01-15,00:00:00.00,0.0387766,5.22574,18.7
1476,2014-01-16,00:00:00.00,0.850038,4.90389,13.7
1477,2014-01-17,00:00:00.00,1.9902,4.43669,7.8
1478,2014-01-18,00:00:00.00,4.66054,4.16009,5.77
1479,2014-01-19,00:00:00.00,2.09423,4.04472,4.64
1480,2014-01-20,00:00:00.00,0.766996,3.97715,3.68
1481,2014-01-21,00:00:00.00,0.644513,3.91153,2.98
1482,2014-01-22,00:00:00.00,1.01e-308,3.84555,2.54
1483,2014-01-23,00:00:00.00,0.447804,3.78164,2.3
1484,2014-01-24,00:00:00.00,0.471241,3.72124,2.1
1485,2014-01-25,00:00:00.00,4.3226,3.66417,2
1486,2014-01-26,00:00:00.00,12.9622,3.60973,1.94
1487,2014-01-27,00:00:00.00,3.63795,3.55743,1.87
1488,2014-01-28,00:00:00.00,3.49296,3.50703,1.82
1489,2014-01-29,00:00:00.00,0.243199,3.4584,1.76
1490,2014-01-30,00:00:00.00,0.0377268,3.41154,1.71
1491,2014-01-31,00:00:00.00,0.928806,3.36647,1.67
1492,2014-02-01,00:00:00.00,0.715755,3.32306,1.63
1493,2014-02-02,00:00:00.00,17.4266,3.29039,1.96
1494,2014-02-03,00:00:00.00,1.25927,3.29661,2.16
1495,2014-02-04,00:00:00.00,0.0133808,3.36057,1.89
1496,2014-02-05,00:00:00.00,1.20451,3.38666,1.69
1497,2014-02-06,00:00:00.00,13.4318,3.31662,1.59
1498,2014-02-07,00:00:00.00,1.15736,3.22664,1.55
1499,2014-02-08,00:00:00.00,0.189413,3.1617,1.52
1500,2014-02-09,00:00:00.00,0.854452,3.11857,1.49
1501,2014-02-10,00:00:00.00,3.40112,3.08234,1.46
1502,2014-02-11,00:00:00.00,0.472123,3.04729,1.44
1503,2014-02-12,00:00:00.00,0.0725281,3.01326,1.41
1504,2014-02-13,00:00:00.00,0.0119776,2.98017,1.39
1505,2014-02-14,00:00:00.00,0.00598188,2.94798,1.37
1506,2014-02-15,00:00:00.00,0.527485,2.91664,1.35
1507,2014-02-16,00:00:00.00,0.302728,2.88598,1.33
1508,2014-02-17,00:00:00.00,1.6901,2.85593,1.33
1509,2014-02-18,00:00:00.00,4.35132,2.82655,1.32
1510,2014-02-19,00:00:00.00,7.72109,2.79793,1.31
1511,2014-02-20,00:00:00.00,0.0635106,2.77,1.31
1512,2014-02-21,00:00:00.00,9.12342,2.75349,1.33
1513,2014-02-22,00:00:00.00,4.66447,2.78591,2.11
1514,2014-02-23,00:00:00.00,0,2.90299,3.49
1515,2014-02-24,00:00:00.00,1.04383,3.0041,3.7
1516,2014-02-25,00:00:00.00,2.61353,2.97232,2.88
1517,2014-02-26,00:00:00.00,2.00118,2.86579,2.04
1518,2014-02-27,00:00:00.00,0.285742,2.77806,1.68
1519,2014-02-28,00:00:00.00,2.86792,2.72904,1.61
1520,2014-03-01,00:00:00.00,0.0278221,2.69871,1.59
1521,2014-03-02,00:00:00.00,2.61842,2.67222,1.56
1522,2014-03-03,00:00:00.00,3.68478,2.64649,1.54
1523,2014-03-04,00:00:00.00,0.00667048,2.62132,1.52
1524,2014-03-05,00:00:00.00,0.919519,2.59669,1.49
1525,2014-03-06,00:00:00.00,0.143876,2.57272,1.47
1526,2014-03-07,00:00:00.00,0.00131926,2.54932,1.46
1527,2014-03-08,00:00:00.00,0,2.52628,1.44
1528,2014-03-09,00:00:00.00,0.00348932,2.50348,1.43
1529,2014-03-10,00:00:00.00,0.00556835,2.48079,1.42
1530,2014-03-11,00:00:00.00,0.00857485,2.4582,1.42
1531,2014-03-12,00:00:00.00,0.0388034,2.43579,1.65
1532,2014-03-13,00:00:00.00,19.7886,2.4135,2.86
1533,2014-03-14,00:00:00.00,0.0114081,2.3913,2.8
1534,2014-03-15,00:00:00.00,0.222862,2.36941,2.72
1535,2014-03-16,00:00:00.00,0.557396,2.34805,3.96
1536,2014-03-17,00:00:00.00,0.00481723,2.32711,4.3
1537,2014-03-18,00:00:00.00,4.74813e-308,2.30643,3.35
1538,2014-03-19,00:00:00.00,0.00759136,2.28612,3.03
1539,2014-03-20,00:00:00.00,2.67723,2.26774,3.32
1540,2014-03-21,00:00:00.00,0.617784,2.25547,12.8
1541,2014-03-22,00:00:00.00,0.10043,2.25182,11.1
1542,2014-03-23,00:00:00.00,2.39064,2.24258,9.13
1543,2014-03-24,00:00:00.00,0.0346555,2.21843,6.3
1544,2014-03-25,00:00:00.00,0.80653,2.19089,4.86
1545,2014-03-26,00:00:00.00,0.801487,2.16783,4.14
1546,2014-03-27,00:00:00.00,0.00265534,2.14863,3.35
1547,2014-03-28,00:00:00.00,4.30807,2.1306,3.08
1548,2014-03-29,00:00:00.00,3.17864,2.11582,9.3
1549,2014-03-30,00:00:00.00,0.0154944,2.11325,21.6
1550,2014-03-31,00:00:00.00,0,2.12812,16.2
1551,2014-04-01,00:00:00.00,0.000769902,2.13104,24
1552,2014-04-02,00:00:00.00,0.000409636,2.18342,36.2
1553,2014-04-03,00:00:00.00,0.000460131,2.57561,46.9
1554,2014-04-04,00:00:00.00,0.000280188,3.58152,38.3
1555,2014-04-05,00:00:00.00,10.2349,4.42398,22.5
1556,2014-04-06,00:00:00.00,0.637232,4.37639,30
1557,2014-04-07,00:00:00.00,0.00026043,4.03361,20.9
1558,2014-04-08,00:00:00.00,5.12707,3.91011,20.6
1559,2014-04-09,00:00:00.00,6.8872,4.50791,28.8
1560,2014-04-10,00:00:00.00,0.00182801,6.96045,27.1
1561,2014-04-11,00:00:00.00,0.101379,11.1008,16.6
1562,2014-04-12,00:00:00.00,0.00206662,15.9473,12.5
1563,2014-04-13,00:00:00.00,5.48812,21.6374,8.72
1564,2014-04-14,00:00:00.00,3.58198,23.9808,8.89
1565,2014-04-15,00:00:00.00,3.57064,21.3953,8.13
1566,2014-04-16,00:00:00.00,10.465,18.111,7.56
1567,2014-04-17,00:00:00.00,0.0100556,15.7224,7.13
1568,2014-04-18,00:00:00.00,0.00303212,14.1709,6.5
1569,2014-04-19,00:00:00.00,0.045589,13.0701,5.46
1570,2014-04-20,00:00:00.00,0.000471686,12.4213,4.48
1571,2014-04-21,00:00:00.00,1.50597e-308,12.3006,3.89
1572,2014-04-22,00:00:00.00,4.26334e-308,11.9913,3.56
1573,2014-04-23,00:00:00.00,4.26044,11.1844,3.55
1574,2014-04-24,00:00:00.00,0.0351245,10.4377,3.16
1575,2014-04-25,00:00:00.00,0.00720722,9.92276,2.75
1576,2014-04-26,00:00:00.00,5.53533,9.5057,2.66
1577,2014-04-27,00:00:00.00,0.331812,9.12108,2.8
1578,2014-04-28,00:00:00.00,0.00899854,8.88634,2.53
1579,2014-04-29,00:00:00.00,0.0354691,8.62032,2.38
1580,2014-04-30,00:00:00.00,23.8478,8.32779,3.74
1581,2014-05-01,00:00:00.00,9.7318,8.5573,8.82
1582,2014-05-02,00:00:00.00,1.26184,9.82262,7.77
1583,2014-05-03,00:00:00.00,2.77819,10.8647,5.97
1584,2014-05-04,00:00:00.00,5.73586,10.5028,5.6
1585,2014-05-05,00:00:00.00,0.00342582,9.64632,5.97
1586,2014-05-06,00:00:00.00,0.00586445,9.09345,4.75
1587,2014-05-07,00:00:00.00,0.00245193,8.71926,3.91
1588,2014-05-08,00:00:00.00,0.00157959,8.29119,3.31
1589,2014-05-09,00:00:00.00,1.64483,7.88463,3.32
1590,2014-05-10,00:00:00.00,0.241442,7.53919,3.11
1591,2014-05-11,00:00:00.00,0.121432,7.24636,2.9
1592,2014-05-12,00:00:00.00,0.000519719,6.98204,2.51
1593,2014-05-13,00:00:00.00,3.69657,6.73544,2.4
1594,2014-05-14,00:00:00.00,11.8323,6.54123,2.64
1595,2014-05-15,00:00:00.00,13.2955,6.55608,4.34
1596,2014-05-16,00:00:00.00,10.6013,7.04693,14.1
1597,2014-05-17,00:00:00.00,0.0250924,7.84506,15.2
1598,2014-05-18,00:00:00.00,0.959909,8.30266,7.91
1599,2014-05-19,00:00:00.00,0.0845348,8.05108,5.27
1600,2014-05-20,00:00:00.00,0.0400807,7.43009,4.09
1601,2014-05-21,00:00:00.00,6.33559,6.93235,3.59
1602,2014-05-22,00:00:00.00,18.5916,6.73898,8.37
1603,2014-05-23,00:00:00.00,0.601352,7.02217,13.7
1604,2014-05-24,00:00:00.00,0.0060157,7.74878,11.1
1605,2014-05-25,00:00:00.00,0.000857801,8.01349,6.07
1606,2014-05-26,00:00:00.00,0,7.51295,4.42
1607,2014-05-27,00:00:00.00,0,6.93611,3.51
1608,2014-05-28,00:00:00.00,0.681519,6.53489,3.09
1609,2014-05-29,00:00:00.00,0.0884695,6.27261,2.85
1610,2014-05-30,00:00:00.00,0.00793868,6.05667,2.44
1611,2014-05-31,00:00:00.00,0.000804874,5.85394,2.19
1612,2014-06-01,00:00:00.00,0.000486334,5.66328,1.99
1613,2014-06-02,00:00:00.00,0,5.48342,1.85
1614,2014-06-03,00:00:00.00,9.68793,5.33381,1.85
1615,2014-06-04,00:00:00.00,6.05589,5.28477,2.58
1616,2014-06-05,00:00:00.00,0.00122198,5.40625,2.3
1617,2014-06-06,00:00:00.00,0.000562296,5.49379,1.95
1618,2014-06-07,00:00:00.00,0.000300166,5.34328,1.77
1619,2014-06-08,00:00:00.00,0.000127701,5.08324,1.64
1620,2014-06-09,00:00:00.00,1.72295,4.85909,1.55
1621,2014-06-10,00:00:00.00,0.00244505,4.69496,1.52
1622,2014-06-11,00:00:00.00,0.00160353,4.56158,1.41
1623,2014-06-12,00:00:00.00,2.50964,4.43817,1.42
1624,2014-06-13,00:00:00.00,7.44042,4.33109,1.77
1625,2014-06-14,00:00:00.00,5.96934,4.28113,2.01
1626,2014-06-15,00:00:00.00,0.0125613,4.33385,1.76
1627,2014-06-16,00:00:00.00,0,4.39053,1.47
1628,2014-06-17,00:00:00.00,0.136771,4.30897,1.35
1629,2014-06-18,00:00:00.00,2.08558,4.13406,1.3
1630,2014-06-19,00:00:00.00,4.74552,3.97405,1.48
1631,2014-06-20,00:00:00.00,0.180105,3.86308,1.42
1632,2014-06-21,00:00:00.00,0.000227695,3.78752,1.24
1633,2014-06-22,00:00:00.00,7.11557e-308,3.71266,1.14
1634,2014-06-23,00:00:00.00,0.00119594,3.62284,1.09
1635,2014-06-24,00:00:00.00,6.17451,3.5364,1.11
1636,2014-06-25,00:00:00.00,21.5434,3.52443,2.26
1637,2014-06-26,00:00:00.00,0.0569214,3.74545,3.62
1638,2014-06-27,00:00:00.00,0.825543,4.25628,2.35
1639,2014-06-28,00:00:00.00,0.00771334,4.51137,1.87
1640,2014-06-29,00:00:00.00,0.00104183,4.24251,1.57
1641,2014-06-30,00:00:00.00,4.73213,3.88365,1.41
1642,2014-07-01,00:00:00.00,0.011388,3.66099,1.46
1643,2014-07-02,00:00:00.00,0.319756,3.55294,1.3
1644,2014-07-03,00:00:00.00,2.35237,3.47395,1.28
1645,2014-07-04,00:00:00.00,1.93863,3.39033,1.56
1646,2014-07-05,00:00:00.00,0.0746675,3.30838,1.3
1647,2014-07-06,00:00:00.00,0.000642413,3.23183,1.11
1648,2014-07-07,00:00:00.00,0.000585716,3.1597,1
1649,2014-07-08,00:00:00.00,24.3533,3.13896,4.25
1650,2014-07-09,00:00:00.00,27.0761,3.37947,5.79
1651,2014-07-10,00:00:00.00,0.00995756,4.19096,7.47
1652,2014-07-11,00:00:00.00,0.000995682,5.20924,3.53
1653,2014-07-12,00:00:00.00,0.00597527,5.42552,2.33
1654,2014-07-13,00:00:00.00,0.000780395,4.8481,1.8
1655,2014-07-14,00:00:00.00,1.05201,4.26535,1.56
1656,2014-07-15,00:00:00.00,0.186663,3.95091,1.35
1657,2014-07-16,00:00:00.00,2.00536,3.80488,2.63
1658,2014-07-17,00:00:00.00,0.263914,3.70094,2.52
1659,2014-07-18,00:00:00.00,0.000157547,3.60248,1.64
1660,2014-07-19,00:00:00.00,0.00530814,3.50892,1.3
1661,2014-07-20,00:00:00.00,1.48843,3.41933,1.14
1662,2014-07-21,00:00:00.00,3.1002,3.33335,1.21
1663,2014-07-22,00:00:00.00,0.00262954,3.25133,1.11
1664,2014-07-23,00:00:00.00,5.08845e-308,3.17344,0.959
1665,2014-07-24,00:00:00.00,12.8875,3.11978,2.33
1666,2014-07-25,00:00:00.00,0.014937,3.15289,1.75
1667,2014-07-26,00:00:00.00,0.0148184,3.3152,1.24
1668,2014-07-27,00:00:00.00,0.165653,3.39208,1.06
1669,2014-07-28,00:00:00.00,20.6892,3.29093,0.978
1670,2014-07-29,00:00:00.00,13.3946,3.32522,3.2
1671,2014-07-30,00:00:00.00,0.715578,3.75701,2.6
1672,2014-07-31,00:00:00.00,0.541119,4.22856,1.71
1673,2014-08-01,00:00:00.00,3.41711,4.19767,1.49
1674,2014-08-02,00:00:00.00,0.239001,3.82037,1.25
1675,2014-08-03,00:00:00.00,0.658478,3.49257,1.11
1676,2014-08-04,00:00:00.00,0.137649,3.31664,1.03
1677,2014-08-05,00:00:00.00,0.867525,3.22076,0.949
1678,2014-08-06,00:00:00.00,3.53502,3.14246,0.879
1679,2014-08-07,00:00:00.00,0.0248832,3.06748,0.821
1680,2014-08-08,00:00:00.00,8.90883e-308,2.99621,0.734
1681,2014-08-09,00:00:00.00,2.75237e-308,2.92812,0.677
1682,2014-08-10,00:00:00.00,0.00338908,2.86224,0.645
1683,2014-08-11,00:00:00.00,0.00263174,2.79829,0.635
1684,2014-08-12,00:00:00.00,19.1385,2.76917,0.666
1685,2014-08-13,00:00:00.00,3.58778,2.87417,1.08
1686,2014-08-14,00:00:00.00,0.0273424,3.18093,1.36
1687,2014-08-15,00:00:00.00,0.118564,3.35441,1.07
1688,2014-08-16,00:00:00.00,0.0870333,3.18314,0.836
1689,2014-08-17,00:00:00.00,2.02801,2.9351,0.744
1690,2014-08-18,00:00:00.00,0.0785852,2.7763,0.815
1691,2014-08-19,00:00:00.00,0.0774412,2.69571,0.717
1692,2014-08-20,00:00:00.00,1.73155,2.63842,0.667
1693,2014-08-21,00:00:00.00,7.07897,2.59061,0.676
1694,2014-08-22,00:00:00.00,1.77871,2.57435,1.24
1695,2014-08-23,00:00:00.00,0.0144182,2.60341,0.99
1696,2014-08-24,00:00:00.00,0.00430489,2.60424,0.783
1697,2014-08-25,00:00:00.00,0.00987245,2.53006,0.689
1698,2014-08-26,00:00:00.00,0.000369817,2.43927,0.639
1699,2014-08-27,00:00:00.00,0.42381,2.36968,0.59
1700,2014-08-28,00:00:00.00,0.161313,2.31871,0.63
1701,2014-08-29,00:00:00.00,8.2394e-308,2.27391,0.57
1702,2014-08-30,00:00:00.00,0.00183921,2.23056,0.545
1703,2014-08-31,00:00:00.00,0.000842158,2.18861,0.529
1704,2014-09-01,00:00:00.00,0.10378,2.14792,0.511
1705,2014-09-02,00:00:00.00,1.47388,2.10837,0.534
1706,2014-09-03,00:00:00.00,16.0046,2.092,0.634
1707,2014-09-04,00:00:00.00,0.0976161,2.16443,0.801
1708,2014-09-05,00:00:00.00,0,2.36596,0.622
1709,2014-09-06,00:00:00.00,23.0412,2.5145,0.787
1710,2014-09-07,00:00:00.00,15.7006,2.59881,4.58
1711,2014-09-08,00:00:00.00,0.0522591,2.94198,2.47
1712,2014-09-09,00:00:00.00,0.131192,3.35711,1.44
1713,2014-09-10,00:00:00.00,0.112394,3.34512,1.09
1714,2014-09-11,00:00:00.00,49.6384,3.09165,4.98
1715,2014-09-12,00:00:00.00,5.23394,3.29169,36.7
1716,2014-09-13,00:00:00.00,0.245179,4.33534,21.5
1717,2014-09-14,00:00:00.00,2.9826,5.08296,7.57
1718,2014-09-15,00:00:00.00,0.00095299,4.71498,5.04
1719,2014-09-16,00:00:00.00,1.84542,4.05679,3.5
1720,2014-09-17,00:00:00.00,0.1915,3.64704,2.66
1721,2014-09-18,00:00:00.00,0.000761664,3.4662,2.1
1722,2014-09-19,00:00:00.00,0.00192679,3.36283,1.72
1723,2014-09-20,00:00:00.00,0.000616412,3.273,1.44
1724,2014-09-21,00:00:00.00,0.371286,3.19165,1.32
1725,2014-09-22,00:00:00.00,4.70194,3.12076,1.36
1726,2014-09-23,00:00:00.00,0.211512,3.07566,2.23
1727,2014-09-24,00:00:00.00,0.000686033,3.06698,1.78
1728,2014-09-25,00:00:00.00,0.00157576,3.03838,1.38
1729,2014-09-26,00:00:00.00,0.00149223,2.95518,1.19
1730,2014-09-27,00:00:00.00,0.00204816,2.86172,1.1
1731,2014-09-28,00:00:00.00,0,2.78477,1.01
1732,2014-09-29,00:00:00.00,0,2.72235,0.934
1733,2014-09-30,00:00:00.00,0.0291663,2.66544,0.888
1734,2014-10-01,00:00:00.00,19.3492,2.64652,1.02
1735,2014-10-02,00:00:00.00,0.109346,2.7739,1.22
1736,2014-10-03,00:00:00.00,0.0801546,3.12085,1.12
1737,2014-10-04,00:00:00.00,14.7831,3.34803,1.21
1738,2014-10-05,00:00:00.00,7.59174,3.32254,3.77
1739,2014-10-06,00:00:00.00,0.234762,3.4402,3.83
1740,2014-10-07,00:00:00.00,8.7279,3.64232,2.59
1741,2014-10-08,00:00:00.00,1.30935,3.64343,2.24
1742,2014-10-09,00:00:00.00,0.00955417,3.55845,2.28
1743,2014-10-10,00:00:00.00,0.0459246,3.44819,2
1744,2014-10-11,00:00:00.00,0.00198829,3.26726,1.79
1745,2014-10-12,00:00:00.00,2.5886e-308,3.10037,1.5
1746,2014-10-13,00:00:00.00,0.00481933,2.98732,1.32
1747,2014-10-14,00:00:00.00,1.67074,2.91366,1.3
1748,2014-10-15,00:00:00.00,8.95208,2.86863,1.32
1749,2014-10-16,00:00:00.00,9.10559,2.9066,4.08
1750,2014-10-17,00:00:00.00,2.52426,3.11247,5.18
1751,2014-10-18,00:00:00.00,1.83842,3.36769,4.14
1752,2014-10-19,00:00:00.00,5.03171,3.41363,3.45
1753,2014-10-20,00:00:00.00,0.180172,3.27725,2.91
1754,2014-10-21,00:00:00.00,1.3888,3.17374,2.66
1755,2014-10-22,00:00:00.00,4.37886,3.11217,2.51
1756,2014-10-23,00:00:00.00,0.000670588,3.04344,2.22
1757,2014-10-24,00:00:00.00,2.1014e-308,3.01675,2.1
1758,2014-10-25,00:00:00.00,0.0106372,2.98581,2.04
1759,2014-10-26,00:00:00.00,0.0181651,2.90051,1.96
1760,2014-10-27,00:00:00.00,0.00099482,2.80601,1.85
1761,2014-10-28,00:00:00.00,0.0786116,2.73299,1.66
1762,2014-10-29,00:00:00.00,4.57669,2.68548,1.74
1763,2014-10-30,00:00:00.00,0.724387,2.67217,1.73
1764,2014-10-31,00:00:00.00,0.300488,2.70154,1.58
1765,2014-11-01,00:00:00.00,5.09004,2.71356,1.57
1766,2014-11-02,00:00:00.00,0.559646,2.69209,1.73
1767,2014-11-03,00:00:00.00,0.0155194,2.70957,1.72
1768,2014-11-04,00:00:00.00,0.00795895,2.70963,1.72
1769,2014-11-05,00:00:00.00,4.73796,2.63995,1.71
1770,2014-11-06,00:00:00.00,0.0220272,2.58599,1.88
1771,2014-11-07,00:00:00.00,7.23047,2.61907,2.09
1772,2014-11-08,00:00:00.00,1.36431,2.69882,2.62
1773,2014-11-09,00:00:00.00,4.31636,2.79396,2.49
1774,2014-11-10,00:00:00.00,0.520044,2.84268,2.49
1775,2014-11-11,00:00:00.00,0.0659255,2.80473,2.44
1776,2014-11-12,00:00:00.00,0.637204,2.72149,2.35
1777,2014-11-13,00:00:00.00,0.383271,2.61425,2.18
1778,2014-11-14,00:00:00.00,0.935291,2.52706,1.89
1779,2014-11-15,00:00:00.00,3.00935,2.4691,1.81
1780,2014-11-16,00:00:00.00,0.96541,2.42808,1.69
1781,2014-11-17,00:00:00.00,2.89621,2.39257,1.61
1782,2014-11-18,00:00:00.00,9.65536,2.3583,1.54
1783,2014-11-19,00:00:00.00,1.11125,2.32519,1.54
1784,2014-11-20,00:00:00.00,11.3343,2.29321,1.45
1785,2014-11-21,00:00:00.00,8.42515,2.26228,1.69
1786,2014-11-22,00:00:00.00,0.146163,2.23229,1.54
1787,2014-11-23,00:00:00.00,6.31033,2.20826,1.66
1788,2014-11-24,00:00:00.00,3.45237,2.21083,9.17
1789,2014-11-25,00:00:00.00,33.2123,2.44166,39.6
1790,2014-11-26,00:00:00.00,0.170897,3.4208,47.8
1791,2014-11-27,00:00:00.00,0.38031,5.61645,20.6
1792,2014-11-28,00:00:00.00,1.97926,6.96514,9.78
1793,2014-11-29,00:00:00.00,0.902692,6.18753,6.46
1794,2014-11-30,00:00:00.00,0.395541,5.00823,5.1
1795,2014-12-01,00:00:00.00,0.499381,4.34811,4.77
1796,2014-12-02,00:00:00.00,0.0722169,4.12501,4.14
1797,2014-12-03,00:00:00.00,0.277054,4.02493,3.46
1798,2014-12-04,00:00:00.00,0.240977,3.93038,3.35
1799,2014-12-05,00:00:00.00,0.0132583,3.8409,2.8
1800,2014-12-06,00:00:00.00,0.00134758,3.75608,2.49
1801,2014-12-07,00:00:00.00,0.00141501,3.67555,2.43
1802,2014-12-08,00:00:00.00,0.000184631,3.59894,2.18
1803,2014-12-09,00:00:00.00,0.000460631,3.52596,2.02
1804,2014-12-10,00:00:00.00,0.106237,3.45639,2.08
1805,2014-12-11,00:00:00.00,0.102626,3.39001,2
1806,2014-12-12,00:00:00.00,0.0969211,3.32658,1.92
1807,2014-12-13,00:00:00.00,0.0211558,3.2659,1.84
1808,2014-12-14,00:00:00.00,0.12834,3.20782,1.78
1809,2014-12-15,00:00:00.00,0.226659,3.15215,1.81
1810,2014-12-16,00:00:00.00,0.179041,3.10236,1.82
1811,2014-12-17,00:00:00.00,8.13438,3.09104,1.97
1812,2014-12-18,00:00:00.00,2.13348,3.19282,2.61
1813,2014-12-19,00:00:00.00,0.419785,3.4201,2.74
1814,2014-12-20,00:00:00.00,0.00318291,3.52884,2.48
1815,2014-12-21,00:00:00.00,0.0126055,3.39632,2.19
1816,2014-12-22,00:00:00.00,0.00201733,3.21071,2.02
1817,2014-12-23,00:00:00.00,7.5839e-308,3.0884,1.88
1818,2014-12-24,00:00:00.00,0.138755,3.02238,1.9
1819,2014-12-25,00:00:00.00,21.636,3.03435,2.99
1820,2014-12-26,00:00:00.00,0.510777,3.29311,11.9
1821,2014-12-27,00:00:00.00,0.00432706,3.93893,8.82
1822,2014-12-28,00:00:00.00,2.3837,4.34488,5.55
1823,2014-12-29,00:00:00.00,1.13319,4.12341,4.76
1824,2014-12-30,00:00:00.00,0.0873459,3.78997,4.07
1825,2014-12-31,00:00:00.00,0.240957,3.58935,3.29
