time,date,hour,precip [mm/day],sub29 [m3/s],sub29 (observed) [m3/s]
0,2010-01-01,00:00:00.00,---,0,
1,2010-01-02,00:00:00.00,5.19732,0.00410717,3
2,2010-01-03,00:00:00.00,15.9094,0.0268708,2.84
3,2010-01-04,00:00:00.00,14.5466,0.0852425,2.7
4,2010-01-05,00:00:00.00,4.88924,0.164459,2.58
5,2010-01-06,00:00:00.00,5.28439,0.222087,2.51
6,2010-01-07,00:00:00.00,0.489613,0.243567,2.44
7,2010-01-08,00:00:00.00,5.45047,0.246219,2.39
8,2010-01-09,00:00:00.00,4.08334,0.244801,2.33
9,2010-01-10,00:00:00.00,0.116368,0.243364,2.28
10,2010-01-11,00:00:00.00,0.0987822,0.241963,2.24
11,2010-01-12,00:00:00.00,2.36227,0.240645,2.21
12,2010-01-13,00:00:00.00,0.0495925,0.239405,2.18
13,2010-01-14,00:00:00.00,4.51911e-308,0.238192,2.15
14,2010-01-15,00:00:00.00,0.0173459,0.23696,2.13
15,2010-01-16,00:00:00.00,0.0544065,0.235668,2.11
16,2010-01-17,00:00:00.00,0.00508794,0.234279,2.1
17,2010-01-18,00:00:00.00,0.00142672,0.232788,2.09
18,2010-01-19,00:00:00.00,0.0556102,0.231238,2.08
19,2010-01-20,00:00:00.00,0.971518,0.229682,2.07
20,2010-01-21,00:00:00.00,0.50231,0.22817,2.06
21,2010-01-22,00:00:00.00,0.000134986,0.226747,1.97
22,2010-01-23,00:00:00.00,0.0035375,0.225404,1.99
23,2010-01-24,00:00:00.00,0.000136391,0.224059,2.08
24,2010-01-25,00:00:00.00,10.6637,0.249546,2.2
25,2010-01-26,00:00:00.00,5.23315,0.428581,25.5
26,2010-01-27,00:00:00.00,2.92003,0.925842,47.5
27,2010-01-28,00:00:00.00,1.11859,1.56601,30
28,2010-01-29,00:00:00.00,1.35667,1.72849,20
29,2010-01-30,00:00:00.00,0.434934,1.21273,14
30,2010-01-31,00:00:00.00,0.0981057,0.602951,9.5
31,2010-02-01,00:00:00.00,0.824695,0.319569,7
32,2010-02-02,00:00:00.00,0.016507,0.262645,5.2
33,2010-02-03,00:00:00.00,2.1631,0.261218,4
34,2010-02-04,00:00:00.00,0.424856,0.259998,3.4
35,2010-02-05,00:00:00.00,0.00180495,0.25865,3.05
36,2010-02-06,00:00:00.00,0.000168914,0.257184,2.82
37,2010-02-07,00:00:00.00,0.000120479,0.255639,2.64
38,2010-02-08,00:00:00.00,7.07655e-308,0.254082,2.52
39,2010-02-09,00:00:00.00,0.0105329,0.252602,2.4
40,2010-02-10,00:00:00.00,5.18047,0.251241,2.3
41,2010-02-11,00:00:00.00,7.63055,0.249954,2.22
42,2010-02-12,00:00:00.00,0.564764,0.248696,2.16
43,2010-02-13,00:00:00.00,0.0214351,0.247491,2.1
44,2010-02-14,00:00:00.00,0.044035,0.246315,2.05
45,2010-02-15,00:00:00.00,0.886398,0.245078,2
46,2010-02-16,00:00:00.00,0.234745,0.243752,1.96
47,2010-02-17,00:00:00.00,2.22582,0.24237,1.92
48,2010-02-18,00:00:00.00,1.18209,0.240963,1.89
49,2010-02-19,00:00:00.00,0.0187797,0.23956,1.87
50,2010-02-20,00:00:00.00,0.00113112,0.238173,1.85
51,2010-02-21,00:00:00.00,0.000464493,0.236768,1.83
52,2010-02-22,00:00:00.00,0.000127481,0.2353,1.81
53,2010-02-23,00:00:00.00,15.0207,0.244507,1.86
54,2010-02-24,00:00:00.00,0.393396,0.293097,1.92
55,2010-02-25,00:00:00.00,0.215158,0.388335,1.99
56,2010-02-26,00:00:00.00,2.25713,0.445348,2.01
57,2010-02-27,00:00:00.00,5.00625,0.390392,1.98
58,2010-02-28,00:00:00.00,4.31344,0.300516,1.94
59,2010-03-01,00:00:00.00,0.28796,0.267119,1.96
60,2010-03-02,00:00:00.00,0.000551596,0.280875,2
61,2010-03-03,00:00:00.00,0.000759884,0.290181,1.98
62,2010-03-04,00:00:00.00,0.000955555,0.271624,1.95
63,2010-03-05,00:00:00.00,0,0.246427,2.18
64,2010-03-06,00:00:00.00,0,0.233372,2.4
65,2010-03-07,00:00:00.00,0,0.229592,2.7
66,2010-03-08,00:00:00.00,0,0.228198,3
67,2010-03-09,00:00:00.00,0,0.226758,4.37
68,2010-03-10,00:00:00.00,0.00137898,0.408847,9.51
69,2010-03-11,00:00:00.00,0.00458806,1.40806,20
70,2010-03-12,00:00:00.00,0.0015556,3.7488,40.8
71,2010-03-13,00:00:00.00,1.33553,6.07899,61.9
72,2010-03-14,00:00:00.00,11.0649,5.99361,57.8
73,2010-03-15,00:00:00.00,1.6023,3.86742,81.9
74,2010-03-16,00:00:00.00,0.0445057,2.1706,76.9
75,2010-03-17,00:00:00.00,2.1015e-308,1.58026,44.9
76,2010-03-18,00:00:00.00,0,1.25767,26.7
77,2010-03-19,00:00:00.00,0,0.925339,17.8
78,2010-03-20,00:00:00.00,0.000159791,0.748784,12.7
79,2010-03-21,00:00:00.00,0.0668331,0.711112,9.21
80,2010-03-22,00:00:00.00,0.0793095,0.712973,7.23
81,2010-03-23,00:00:00.00,3.53808,0.723,6.05
82,2010-03-24,00:00:00.00,0.0559838,0.760761,5.45
83,2010-03-25,00:00:00.00,0.0171474,0.83276,5.1
84,2010-03-26,00:00:00.00,0.0980277,0.879158,4.59
85,2010-03-27,00:00:00.00,0.000272452,0.849597,4.13
86,2010-03-28,00:00:00.00,0.000255921,0.794282,3.74
87,2010-03-29,00:00:00.00,8.79078,0.795941,3.52
88,2010-03-30,00:00:00.00,0.387576,0.928816,3.8
89,2010-03-31,00:00:00.00,0,1.20183,4.32
90,2010-04-01,00:00:00.00,0.000745613,1.37208,4.08
91,2010-04-02,00:00:00.00,0,1.24333,3.74
92,2010-04-03,00:00:00.00,0,1.0147,3.49
93,2010-04-04,00:00:00.00,0.281605,0.896301,3.35
94,2010-04-05,00:00:00.00,0.0450729,0.873123,3.12
95,2010-04-06,00:00:00.00,1.40683,0.875957,2.93
96,2010-04-07,00:00:00.00,22.4121,0.956701,7.28
97,2010-04-08,00:00:00.00,16.0448,1.3862,21.9
98,2010-04-09,00:00:00.00,14.4145,2.4608,53
99,2010-04-10,00:00:00.00,0.0714569,3.73696,45.9
100,2010-04-11,00:00:00.00,0.0296774,4.2551,26.3
101,2010-04-12,00:00:00.00,0.0485322,3.71405,19.8
102,2010-04-13,00:00:00.00,0.186825,2.71369,13
103,2010-04-14,00:00:00.00,1.66684,2.00482,8.54
104,2010-04-15,00:00:00.00,0.0159317,1.74721,6.77
105,2010-04-16,00:00:00.00,0.00356389,1.71118,5.67
106,2010-04-17,00:00:00.00,0.665818,1.72184,5.01
107,2010-04-18,00:00:00.00,2.26505,1.73208,4.55
108,2010-04-19,00:00:00.00,0.469807,1.74455,4.13
109,2010-04-20,00:00:00.00,5.9194e-308,1.76159,3.87
110,2010-04-21,00:00:00.00,2.9597e-308,1.77656,3.5
111,2010-04-22,00:00:00.00,0.00849584,1.78289,3.27
112,2010-04-23,00:00:00.00,0.0120588,1.78522,3.11
113,2010-04-24,00:00:00.00,0.00471614,1.78898,2.96
114,2010-04-25,00:00:00.00,1.1008,1.79446,2.8
115,2010-04-26,00:00:00.00,14.5326,1.85135,3.31
116,2010-04-27,00:00:00.00,0.245266,2.10387,4.87
117,2010-04-28,00:00:00.00,0.000400948,2.62057,4.81
118,2010-04-29,00:00:00.00,4.25014e-308,2.94625,3.92
119,2010-04-30,00:00:00.00,0.0337755,2.73368,3.35
120,2010-05-01,00:00:00.00,0.00261657,2.36002,3.05
121,2010-05-02,00:00:00.00,3.22982,2.16526,2.94
122,2010-05-03,00:00:00.00,4.19534,2.12796,2.94
123,2010-05-04,00:00:00.00,8.29199,2.16556,3.11
124,2010-05-05,00:00:00.00,0.272054,2.29943,4.94
125,2010-05-06,00:00:00.00,8.98788,2.55544,4.2
126,2010-05-07,00:00:00.00,0.0414531,2.79506,3.39
127,2010-05-08,00:00:00.00,20.1706,3.01144,3.81
128,2010-05-09,00:00:00.00,5.54062,3.40227,6.97
129,2010-05-10,00:00:00.00,0.423085,4.1094,9.93
130,2010-05-11,00:00:00.00,0.0431316,4.59266,7.79
131,2010-05-12,00:00:00.00,17.1073,4.35305,7.32
132,2010-05-13,00:00:00.00,0.0478493,4.06676,16.7
133,2010-05-14,00:00:00.00,23.8628,4.52607,14.5
134,2010-05-15,00:00:00.00,1.59661,5.42149,34.9
135,2010-05-16,00:00:00.00,0,6.3074,26.4
136,2010-05-17,00:00:00.00,0.0153059,6.56663,16.7
137,2010-05-18,00:00:00.00,0.129256,5.87201,12.9
138,2010-05-19,00:00:00.00,1.93291,5.06917,8.04
139,2010-05-20,00:00:00.00,0.002547,4.66072,5.63
140,2010-05-21,00:00:00.00,0.00126898,4.54671,4.63
141,2010-05-22,00:00:00.00,0.00481995,4.51276,3.95
142,2010-05-23,00:00:00.00,8.30273,4.50102,3.62
143,2010-05-24,00:00:00.00,0.020208,4.58334,3.71
144,2010-05-25,00:00:00.00,0.00154867,4.80295,3.72
145,2010-05-26,00:00:00.00,0.000698387,4.92675,3.31
146,2010-05-27,00:00:00.00,3.72664e-308,4.79632,2.98
147,2010-05-28,00:00:00.00,0.019943,4.59958,2.73
148,2010-05-29,00:00:00.00,0.0228028,4.47321,2.49
149,2010-05-30,00:00:00.00,0.0690343,4.40817,2.3
150,2010-05-31,00:00:00.00,0.00927291,4.35984,2.14
151,2010-06-01,00:00:00.00,12.6569,4.34985,1.99
152,2010-06-02,00:00:00.00,5.84721,4.50041,2.03
153,2010-06-03,00:00:00.00,12.5959,4.94629,3.63
154,2010-06-04,00:00:00.00,14.8221,5.51184,4.77
155,2010-06-05,00:00:00.00,1.97726,6.10917,8.79
156,2010-06-06,00:00:00.00,8.68887,6.70491,11.6
157,2010-06-07,00:00:00.00,31.1462,6.97781,19.2
158,2010-06-08,00:00:00.00,0.0091952,7.44293,31.7
159,2010-06-09,00:00:00.00,0.0170792,8.81554,20.3
160,2010-06-10,00:00:00.00,6.15425,9.57673,16.3
161,2010-06-11,00:00:00.00,0.128797,8.80673,12
162,2010-06-12,00:00:00.00,0.00103202,7.84434,7.04
163,2010-06-13,00:00:00.00,0.117562,7.32,4.83
164,2010-06-14,00:00:00.00,0.214517,7.04267,3.94
165,2010-06-15,00:00:00.00,0.00250534,6.83672,3.48
166,2010-06-16,00:00:00.00,0.0497763,6.66932,3.17
167,2010-06-17,00:00:00.00,2.91416,6.53631,2.84
168,2010-06-18,00:00:00.00,0.0114836,6.41538,2.55
169,2010-06-19,00:00:00.00,0.0144033,6.29864,2.35
170,2010-06-20,00:00:00.00,0.0115462,6.1854,2.16
171,2010-06-21,00:00:00.00,0.00213854,6.07388,1.98
172,2010-06-22,00:00:00.00,0.000699487,5.96352,1.82
173,2010-06-23,00:00:00.00,3.78569,5.855,1.72
174,2010-06-24,00:00:00.00,1.38552,5.74954,1.66
175,2010-06-25,00:00:00.00,1.60846,5.64829,1.64
176,2010-06-26,00:00:00.00,0.0836241,5.55094,1.57
177,2010-06-27,00:00:00.00,0.0333331,5.45605,1.5
178,2010-06-28,00:00:00.00,5.84712,5.36952,1.47
179,2010-06-29,00:00:00.00,0.0334372,5.31162,1.54
180,2010-06-30,00:00:00.00,0.0576778,5.2952,1.83
181,2010-07-01,00:00:00.00,0.00409116,5.25392,1.69
182,2010-07-02,00:00:00.00,0.00468524,5.14389,1.49
183,2010-07-03,00:00:00.00,0.00558429,5.01819,1.36
184,2010-07-04,00:00:00.00,0.00665617,4.91333,1.27
185,2010-07-05,00:00:00.00,0.00775724,4.82662,1.21
186,2010-07-06,00:00:00.00,0.0163228,4.74574,1.17
187,2010-07-07,00:00:00.00,0.0111314,4.66591,1.11
188,2010-07-08,00:00:00.00,0.0899681,4.58713,1.04
189,2010-07-09,00:00:00.00,7.36588,4.5195,1.01
190,2010-07-10,00:00:00.00,13.5214,4.5288,1.07
191,2010-07-11,00:00:00.00,0.00614305,4.73943,1.51
192,2010-07-12,00:00:00.00,0.425937,5.11961,1.37
193,2010-07-13,00:00:00.00,16.6827,5.30401,1.46
194,2010-07-14,00:00:00.00,0.378949,5.28346,1.94
195,2010-07-15,00:00:00.00,0.00198667,5.48697,1.86
196,2010-07-16,00:00:00.00,11.8347,5.65186,1.56
197,2010-07-17,00:00:00.00,14.5728,5.55144,1.91
198,2010-07-18,00:00:00.00,7.56435,5.70369,2.55
199,2010-07-19,00:00:00.00,2.11076,6.19117,6.01
200,2010-07-20,00:00:00.00,5.12262,6.40925,5.02
201,2010-07-21,00:00:00.00,0.031909,6.10153,3.23
202,2010-07-22,00:00:00.00,0.206035,5.65716,2.25
203,2010-07-23,00:00:00.00,3.75147,5.35762,1.76
204,2010-07-24,00:00:00.00,5.70541,5.18044,1.61
205,2010-07-25,00:00:00.00,6.38343,5.08595,1.67
206,2010-07-26,00:00:00.00,2.89699,5.08009,1.59
207,2010-07-27,00:00:00.00,0.0231166,5.1137,1.62
208,2010-07-28,00:00:00.00,0.101396,5.0665,1.57
209,2010-07-29,00:00:00.00,1.70296,4.92479,1.39
210,2010-07-30,00:00:00.00,0.00794973,4.7786,1.22
211,2010-07-31,00:00:00.00,0.0822165,4.66951,1.13
212,2010-08-01,00:00:00.00,3.31935,4.58557,1.05
213,2010-08-02,00:00:00.00,0.123019,4.50915,1.02
214,2010-08-03,00:00:00.00,0.0057064,4.4352,1
215,2010-08-04,00:00:00.00,0.00237772,4.36329,0.956
216,2010-08-05,00:00:00.00,1.3776,4.29246,0.964
217,2010-08-06,00:00:00.00,0.55313,4.22257,0.932
218,2010-08-07,00:00:00.00,0.285603,4.15414,1
219,2010-08-08,00:00:00.00,0.0163471,4.0875,0.946
220,2010-08-09,00:00:00.00,0.088056,4.02253,0.887
221,2010-08-10,00:00:00.00,2.72814,3.95904,0.864
222,2010-08-11,00:00:00.00,0.00787778,3.89707,0.874
223,2010-08-12,00:00:00.00,1.31781,3.83683,0.897
224,2010-08-13,00:00:00.00,0.458353,3.77823,0.879
225,2010-08-14,00:00:00.00,0.00318175,3.7209,0.854
226,2010-08-15,00:00:00.00,0.071815,3.66465,0.842
227,2010-08-16,00:00:00.00,0.554416,3.60935,0.817
228,2010-08-17,00:00:00.00,0.00242215,3.55499,0.823
229,2010-08-18,00:00:00.00,0.00435201,3.50172,0.802
230,2010-08-19,00:00:00.00,0.00882692,3.44964,0.748
231,2010-08-20,00:00:00.00,0.0847502,3.39872,0.739
232,2010-08-21,00:00:00.00,0.000411152,3.34891,0.738
233,2010-08-22,00:00:00.00,9.35289,3.3166,0.724
234,2010-08-23,00:00:00.00,0.379296,3.34939,0.736
235,2010-08-24,00:00:00.00,1.30867,3.47244,0.906
236,2010-08-25,00:00:00.00,0.0639286,3.53244,0.91
237,2010-08-26,00:00:00.00,0.451761,3.4228,0.873
238,2010-08-27,00:00:00.00,0.155609,3.26852,0.829
239,2010-08-28,00:00:00.00,0.00309838,3.16691,0.777
240,2010-08-29,00:00:00.00,0.00784351,3.11081,0.761
241,2010-08-30,00:00:00.00,0.00296151,3.0678,0.743
242,2010-08-31,00:00:00.00,0.0225034,3.02556,0.709
243,2010-09-01,00:00:00.00,0.00462948,2.98403,0.682
244,2010-09-02,00:00:00.00,0.27925,2.94318,0.655
245,2010-09-03,00:00:00.00,2.02615,2.90308,0.647
246,2010-09-04,00:00:00.00,7.54101,2.87507,0.679
247,2010-09-05,00:00:00.00,0.335531,2.89147,0.669
248,2010-09-06,00:00:00.00,0.620658,2.96845,0.742
249,2010-09-07,00:00:00.00,0.1876,3.00302,0.672
250,2010-09-08,00:00:00.00,0.00632949,2.92229,0.66
251,2010-09-09,00:00:00.00,0.0336206,2.81035,0.633
252,2010-09-10,00:00:00.00,0.201373,2.73513,0.603
253,2010-09-11,00:00:00.00,0.00488062,2.69169,0.603
254,2010-09-12,00:00:00.00,4.87656,2.66296,0.64
255,2010-09-13,00:00:00.00,0.0586124,2.65594,0.662
256,2010-09-14,00:00:00.00,1.27386,2.67821,0.717
257,2010-09-15,00:00:00.00,0.00416977,2.68036,0.739
258,2010-09-16,00:00:00.00,0.00211935,2.62703,0.683
259,2010-09-17,00:00:00.00,17.1782,2.59378,0.716
260,2010-09-18,00:00:00.00,0.0757234,2.7148,0.773
261,2010-09-19,00:00:00.00,2.01611,3.03865,0.994
262,2010-09-20,00:00:00.00,0.000180646,3.23094,0.879
263,2010-09-21,00:00:00.00,0.0138321,3.05568,0.871
264,2010-09-22,00:00:00.00,0.0129594,2.7791,0.834
265,2010-09-23,00:00:00.00,6.18624,2.62831,0.839
266,2010-09-24,00:00:00.00,0.0155665,2.6118,0.812
267,2010-09-25,00:00:00.00,0.12825,2.66897,0.842
268,2010-09-26,00:00:00.00,0.880321,2.69321,0.775
269,2010-09-27,00:00:00.00,1.16237,2.62781,0.75
270,2010-09-28,00:00:00.00,0.378542,2.53792,0.812
271,2010-09-29,00:00:00.00,31.7987,2.55204,0.921
272,2010-09-30,00:00:00.00,0.575543,2.88133,1.02
273,2010-10-01,00:00:00.00,0.00352254,3.62303,1.38
274,2010-10-02,00:00:00.00,0.176333,4.07425,1.16
275,2010-10-03,00:00:00.00,16.9504,3.77661,1.16
276,2010-10-04,00:00:00.00,0.54086,3.42746,1.07
277,2010-10-05,00:00:00.00,0.317044,3.55837,1.19
278,2010-10-06,00:00:00.00,0.547723,3.7378,1.13
279,2010-10-07,00:00:00.00,5.1573,3.53984,1.07
280,2010-10-08,00:00:00.00,0.190943,3.25959,1.05
281,2010-10-09,00:00:00.00,0.000129605,3.17038,1.14
282,2010-10-10,00:00:00.00,0.00120688,3.16275,1.08
283,2010-10-11,00:00:00.00,0.0091605,3.08716,1.03
284,2010-10-12,00:00:00.00,5.82999,2.99593,1
285,2010-10-13,00:00:00.00,0.0416332,2.98008,0.938
286,2010-10-14,00:00:00.00,6.21703,3.06496,0.927
287,2010-10-15,00:00:00.00,21.0486,3.22436,1.12
288,2010-10-16,00:00:00.00,0.811958,3.56858,1.3
289,2010-10-17,00:00:00.00,0.00321832,4.15425,1.56
290,2010-10-18,00:00:00.00,0.00215769,4.40845,1.49
291,2010-10-19,00:00:00.00,0.00157257,4.03648,1.39
292,2010-10-20,00:00:00.00,0.0129229,3.55045,1.24
293,2010-10-21,00:00:00.00,3.81867,3.29856,1.16
294,2010-10-22,00:00:00.00,8.18842,3.27155,1.11
295,2010-10-23,00:00:00.00,0.18431,3.41657,1.05
296,2010-10-24,00:00:00.00,1.4983,3.65382,1.2
297,2010-10-25,00:00:00.00,1.5339,3.72878,1.2
298,2010-10-26,00:00:00.00,0.130451,3.55464,1.17
299,2010-10-27,00:00:00.00,5.03895,3.35417,1.15
300,2010-10-28,00:00:00.00,0.200183,3.28624,1.1
301,2010-10-29,00:00:00.00,0.140757,3.34388,1.1
302,2010-10-30,00:00:00.00,0.410424,3.3762,1.1
303,2010-10-31,00:00:00.00,0.0594847,3.29519,1.07
304,2010-11-01,00:00:00.00,2.26005,3.18839,1.04
305,2010-11-02,00:00:00.00,0,3.13305,1.05
306,2010-11-03,00:00:00.00,0.000363392,3.1302,1.05
307,2010-11-04,00:00:00.00,0.207456,3.12089,1.06
308,2010-11-05,00:00:00.00,2.7629,3.07636,1.06
309,2010-11-06,00:00:00.00,6.60536,3.05854,1.14
310,2010-11-07,00:00:00.00,0.594406,3.1449,1.2
311,2010-11-08,00:00:00.00,0,3.30559,1.3
312,2010-11-09,00:00:00.00,0,3.3514,1.64
313,2010-11-10,00:00:00.00,0,3.21927,1.57
314,2010-11-11,00:00:00.00,4.15945e-308,3.06139,1.35
315,2010-11-12,00:00:00.00,0.000146244,2.96974,1.29
316,2010-11-13,00:00:00.00,0,2.92621,1.17
317,2010-11-14,00:00:00.00,0.0130775,2.89515,1.08
318,2010-11-15,00:00:00.00,5.28876,2.87823,1.1
319,2010-11-16,00:00:00.00,0.000169935,2.91454,1.09
320,2010-11-17,00:00:00.00,9.87874,3.05233,1.14
321,2010-11-18,00:00:00.00,10.2148,3.27956,1.45
322,2010-11-19,00:00:00.00,2.58142,3.64639,3.62
323,2010-11-20,00:00:00.00,0.141364,4.05568,2.88
324,2010-11-21,00:00:00.00,0.000278902,4.1226,2.2
325,2010-11-22,00:00:00.00,0.306409,3.80025,1.87
326,2010-11-23,00:00:00.00,14.1881,3.47863,1.68
327,2010-11-24,00:00:00.00,6.03889,3.51704,3.36
328,2010-11-25,00:00:00.00,0.0370464,4.00818,6.6
329,2010-11-26,00:00:00.00,17.3064,4.52922,4.19
330,2010-11-27,00:00:00.00,1.10963,4.7482,8.86
331,2010-11-28,00:00:00.00,0.0621838,4.99525,9.37
332,2010-11-29,00:00:00.00,6.02014e-308,5.08618,4.96
333,2010-11-30,00:00:00.00,0.00286835,4.69829,3.79
334,2010-12-01,00:00:00.00,24.898,4.32529,5.25
335,2010-12-02,00:00:00.00,3.42195,4.56053,18.1
336,2010-12-03,00:00:00.00,0.237163,5.55552,13.9
337,2010-12-04,00:00:00.00,0.324188,6.21162,9.46
338,2010-12-05,00:00:00.00,2.60722,5.79236,8.04
339,2010-12-06,00:00:00.00,6.0835,5.08368,5.54
340,2010-12-07,00:00:00.00,5.80323,4.68211,3.67
341,2010-12-08,00:00:00.00,2.34571,4.56207,2.8
342,2010-12-09,00:00:00.00,0.401543,4.51444,2.5
343,2010-12-10,00:00:00.00,0.621975,4.45085,2.35
344,2010-12-11,00:00:00.00,1.19053,4.3839,2.22
345,2010-12-12,00:00:00.00,0.135231,4.32394,2.15
346,2010-12-13,00:00:00.00,17.0226,4.30446,2.1
347,2010-12-14,00:00:00.00,7.70176,4.42256,2.35
348,2010-12-15,00:00:00.00,11.6351,4.73512,4.8
349,2010-12-16,00:00:00.00,1.2795,4.91279,4.4
350,2010-12-17,00:00:00.00,0.137599,4.73424,4.1
351,2010-12-18,00:00:00.00,0.0383268,4.46665,3.85
352,2010-12-19,00:00:00.00,0.0847042,4.30304,3.65
353,2010-12-20,00:00:00.00,0.332358,4.22919,3.5
354,2010-12-21,00:00:00.00,1.24633,4.18088,3.38
355,2010-12-22,00:00:00.00,0.0436532,4.13382,3.28
356,2010-12-23,00:00:00.00,0.753231,4.08796,3.19
357,2010-12-24,00:00:00.00,1.06732,4.04322,3.12
358,2010-12-25,00:00:00.00,0.18951,3.99957,3.06
359,2010-12-26,00:00:00.00,0.00934777,3.95701,3
360,2010-12-27,00:00:00.00,0.0768829,3.9155,2.97
361,2010-12-28,00:00:00.00,0.049055,3.87498,2.94
362,2010-12-29,00:00:00.00,0.0650199,3.83541,2.91
363,2010-12-30,00:00:00.00,0.00211428,3.79676,2.88
364,2010-12-31,00:00:00.00,0.433287,3.75898,2.85
365,2011-01-01,00:00:00.00,2.96243,3.73137,7
366,2011-01-02,00:00:00.00,15.208,3.96961,54
367,2011-01-03,00:00:00.00,0.0307189,5.17989,84.3
368,2011-01-04,00:00:00.00,0.906234,7.78879,63.8
369,2011-01-05,00:00:00.00,2.9806,9.36836,45
370,2011-01-06,00:00:00.00,0.136896,8.36477,22.8
371,2011-01-07,00:00:00.00,4.18255,6.77592,15
372,2011-01-08,00:00:00.00,0.951132,5.91615,9.04
373,2011-01-09,00:00:00.00,1.03946,5.66447,5.9
374,2011-01-10,00:00:00.00,4.24261,5.57985,4.42
375,2011-01-11,00:00:00.00,0.713698,5.50018,3.82
376,2011-01-12,00:00:00.00,9.99042,5.42499,3.62
377,2011-01-13,00:00:00.00,3.00209,5.35268,3.45
378,2011-01-14,00:00:00.00,0.978112,5.2826,3.32
379,2011-01-15,00:00:00.00,0.502878,5.21467,3.23
380,2011-01-16,00:00:00.00,5.89418,5.14879,3.11
381,2011-01-17,00:00:00.00,0.304743,5.08485,2.87
382,2011-01-18,00:00:00.00,0.0222489,5.02274,2.71
383,2011-01-19,00:00:00.00,4.41852,4.97103,2.79
384,2011-01-20,00:00:00.00,0.545805,4.95511,3.58
385,2011-01-21,00:00:00.00,1.91989,4.98968,3.78
386,2011-01-22,00:00:00.00,1.135,4.99145,3.69
387,2011-01-23,00:00:00.00,3.09723,4.90562,3.57
388,2011-01-24,00:00:00.00,1.63487,4.79926,3.46
389,2011-01-25,00:00:00.00,2.72578,4.71935,3.37
390,2011-01-26,00:00:00.00,0.386281,4.66244,3.28
391,2011-01-27,00:00:00.00,0.305317,4.61276,3.22
392,2011-01-28,00:00:00.00,2.74091,4.56414,3.16
393,2011-01-29,00:00:00.00,2.48519,4.51644,3.11
394,2011-01-30,00:00:00.00,6.93874,4.46967,3.07
395,2011-01-31,00:00:00.00,0.864407,4.42391,3.04
396,2011-02-01,00:00:00.00,0.0549878,4.37919,3.01
397,2011-02-02,00:00:00.00,2.0118,4.33554,3.21
398,2011-02-03,00:00:00.00,14.9457,4.29301,3.83
399,2011-02-04,00:00:00.00,0.310766,4.25152,3.23
400,2011-02-05,00:00:00.00,0,4.21092,3.11
401,2011-02-06,00:00:00.00,12.0503,4.17116,3.05
402,2011-02-07,00:00:00.00,1.60541,4.13231,3.04
403,2011-02-08,00:00:00.00,1.83948,4.09428,3.07
404,2011-02-09,00:00:00.00,3.16129,4.05698,3.06
405,2011-02-10,00:00:00.00,0.0211525,4.02043,2.96
406,2011-02-11,00:00:00.00,0.0132013,3.98469,2.62
407,2011-02-12,00:00:00.00,0.282693,3.94979,2.46
408,2011-02-13,00:00:00.00,1.35283,3.91575,2.47
409,2011-02-14,00:00:00.00,4.22582,3.88785,2.47
410,2011-02-15,00:00:00.00,0.23304,3.88168,2.47
411,2011-02-16,00:00:00.00,0,3.90575,2.51
412,2011-02-17,00:00:00.00,0.22771,3.9091,2.58
413,2011-02-18,00:00:00.00,0.254693,3.85681,4.08
414,2011-02-19,00:00:00.00,0.0148991,3.91887,56.1
415,2011-02-20,00:00:00.00,0.012922,4.50853,88
416,2011-02-21,00:00:00.00,7.69347,5.87162,62
417,2011-02-22,00:00:00.00,11.7656,6.72494,37.5
418,2011-02-23,00:00:00.00,0.0141411,6.18901,25.4
419,2011-02-24,00:00:00.00,0.0207092,5.30364,12.4
420,2011-02-25,00:00:00.00,4.19057,4.8164,10.8
421,2011-02-26,00:00:00.00,2.53036,4.67252,8.19
422,2011-02-27,00:00:00.00,7.65546,4.62361,5.75
423,2011-02-28,00:00:00.00,1.26768,4.57573,6.06
424,2011-03-01,00:00:00.00,12.8897,4.54638,11.9
425,2011-03-02,00:00:00.00,0.0199752,4.58765,29.9
426,2011-03-03,00:00:00.00,0.0278042,4.72957,20.6
427,2011-03-04,00:00:00.00,0.0166723,4.80234,13.3
428,2011-03-05,00:00:00.00,3.19484,4.69731,12.7
429,2011-03-06,00:00:00.00,29.7125,4.68642,50.9
430,2011-03-07,00:00:00.00,1.07723,5.23694,79.9
431,2011-03-08,00:00:00.00,0.000295528,6.53523,56.7
432,2011-03-09,00:00:00.00,0.0140769,7.30877,45.8
433,2011-03-10,00:00:00.00,16.9775,6.83094,31.9
434,2011-03-11,00:00:00.00,10.77,6.32964,72.1
435,2011-03-12,00:00:00.00,17.4257,6.77675,71.6
436,2011-03-13,00:00:00.00,0.346895,7.77466,56.1
437,2011-03-14,00:00:00.00,0.168726,8.31863,44.2
438,2011-03-15,00:00:00.00,0.0166904,8.02401,34.6
439,2011-03-16,00:00:00.00,2.05884,7.31372,29.1
440,2011-03-17,00:00:00.00,2.54245,6.78311,47.1
441,2011-03-18,00:00:00.00,0.0166632,7.00716,65.4
442,2011-03-19,00:00:00.00,0.0392463,9.81948,60.3
443,2011-03-20,00:00:00.00,0.0608409,18.7703,47.3
444,2011-03-21,00:00:00.00,0.232663,30.6357,31.6
445,2011-03-22,00:00:00.00,16.3521,34.1695,41.3
446,2011-03-23,00:00:00.00,3.891,30.9583,37
447,2011-03-24,00:00:00.00,11.5832,31.2693,25.9
448,2011-03-25,00:00:00.00,0.00999492,31.9424,24.7
449,2011-03-26,00:00:00.00,0.0551666,29.1387,19.3
450,2011-03-27,00:00:00.00,0.0150237,25.9442,14.7
451,2011-03-28,00:00:00.00,0.000305825,23.5997,12
452,2011-03-29,00:00:00.00,0.0147001,22.0852,10.5
453,2011-03-30,00:00:00.00,1.34814e-308,20.9292,10.4
454,2011-03-31,00:00:00.00,0.0120092,19.9115,12.5
455,2011-04-01,00:00:00.00,0.0270875,18.9986,13.4
456,2011-04-02,00:00:00.00,0.00208985,18.1731,14.8
457,2011-04-03,00:00:00.00,0.26468,17.5286,12.9
458,2011-04-04,00:00:00.00,7.93,17.4458,10.7
459,2011-04-05,00:00:00.00,7.5629,18.4314,19.2
460,2011-04-06,00:00:00.00,0.0922953,19.6262,26.3
461,2011-04-07,00:00:00.00,8.43122,19.9598,20.6
462,2011-04-08,00:00:00.00,0.0066455,19.5166,24.3
463,2011-04-09,00:00:00.00,0.00203029,18.9953,18.9
464,2011-04-10,00:00:00.00,0.0204617,18.3904,13.9
465,2011-04-11,00:00:00.00,0.0380988,17.3979,11
466,2011-04-12,00:00:00.00,0.469926,16.4763,9.21
467,2011-04-13,00:00:00.00,1.3445e-308,15.7539,7.88
468,2011-04-14,00:00:00.00,0.000449554,15.1803,6.64
469,2011-04-15,00:00:00.00,2.0942e-308,14.6738,5.77
470,2011-04-16,00:00:00.00,0.0706049,14.2012,5.14
471,2011-04-17,00:00:00.00,10.8943,13.8427,4.91
472,2011-04-18,00:00:00.00,1.71687,13.8548,5.44
473,2011-04-19,00:00:00.00,3.64401,14.4432,5.54
474,2011-04-20,00:00:00.00,5.69923,14.7591,5.32
475,2011-04-21,00:00:00.00,10.4088,14.5246,7.87
476,2011-04-22,00:00:00.00,0.00868827,14.7105,11.4
477,2011-04-23,00:00:00.00,1.97807,15.4013,9.35
478,2011-04-24,00:00:00.00,21.6612,15.6679,27.7
479,2011-04-25,00:00:00.00,0.115195,15.8405,31
480,2011-04-26,00:00:00.00,5.47314,17.3168,19.5
481,2011-04-27,00:00:00.00,5.34478,18.3148,19.3
482,2011-04-28,00:00:00.00,14.5293,17.8521,16.7
483,2011-04-29,00:00:00.00,6.30168,17.7135,24.7
484,2011-04-30,00:00:00.00,2.01088,18.5771,25.9
485,2011-05-01,00:00:00.00,0.0985749,19.1735,19
486,2011-05-02,00:00:00.00,7.09077,18.4183,15.7
487,2011-05-03,00:00:00.00,0.105875,17.3411,14.4
488,2011-05-04,00:00:00.00,8.28487,16.9045,13.4
489,2011-05-05,00:00:00.00,0.794666,16.8751,17.2
490,2011-05-06,00:00:00.00,0.384269,16.9685,13.4
491,2011-05-07,00:00:00.00,9.36437,16.8056,10.7
492,2011-05-08,00:00:00.00,0.489194,16.3669,9.62
493,2011-05-09,00:00:00.00,0.0802479,16.3857,8.93
494,2011-05-10,00:00:00.00,9.767e-308,16.2603,7.61
495,2011-05-11,00:00:00.00,0.00597705,15.5362,6.36
496,2011-05-12,00:00:00.00,0.00150179,14.7487,5.41
497,2011-05-13,00:00:00.00,0.408388,14.1286,4.85
498,2011-05-14,00:00:00.00,0.255434,13.6545,4.58
499,2011-05-15,00:00:00.00,3.03515,13.2373,4.29
500,2011-05-16,00:00:00.00,21.1004,13.0164,5.71
501,2011-05-17,00:00:00.00,9.92051,13.6063,24.8
502,2011-05-18,00:00:00.00,4.74802,15.7146,26.9
503,2011-05-19,00:00:00.00,1.66715,17.639,24
504,2011-05-20,00:00:00.00,7.3431,17.5323,21.5
505,2011-05-21,00:00:00.00,0.0848663,16.4033,16.5
506,2011-05-22,00:00:00.00,0.225567,15.5963,13.1
507,2011-05-23,00:00:00.00,4.02286,15.0716,14.4
508,2011-05-24,00:00:00.00,5.43502,14.4302,16.4
509,2011-05-25,00:00:00.00,0.0667256,13.8823,13
510,2011-05-26,00:00:00.00,19.8041,13.7064,12
511,2011-05-27,00:00:00.00,15.332,14.3288,40.3
512,2011-05-28,00:00:00.00,2.25346,16.4141,39.6
513,2011-05-29,00:00:00.00,1.5059,18.5922,27.4
514,2011-05-30,00:00:00.00,12.0574,18.6243,21.1
515,2011-05-31,00:00:00.00,0.44313,17.4619,24.8
516,2011-06-01,00:00:00.00,0.00505904,17.0204,20.8
517,2011-06-02,00:00:00.00,0.00810521,16.747,16.2
518,2011-06-03,00:00:00.00,0.00100126,15.8961,13.1
519,2011-06-04,00:00:00.00,0.0129843,14.9889,8.19
520,2011-06-05,00:00:00.00,0.210275,14.2848,5.7
521,2011-06-06,00:00:00.00,8.10957e-308,13.7589,4.73
522,2011-06-07,00:00:00.00,0.888569,13.302,4.12
523,2011-06-08,00:00:00.00,24.8539,13.0534,18.5
524,2011-06-09,00:00:00.00,0.148856,13.5826,32.3
525,2011-06-10,00:00:00.00,0.263935,15.357,16
526,2011-06-11,00:00:00.00,0.10154,16.3137,9.03
527,2011-06-12,00:00:00.00,0.0761186,15.3146,6.07
528,2011-06-13,00:00:00.00,0.0434,14.0009,4.89
529,2011-06-14,00:00:00.00,0.000508598,13.1083,4.2
530,2011-06-15,00:00:00.00,0.00199301,12.5816,3.67
531,2011-06-16,00:00:00.00,0.0396771,12.1735,3.27
532,2011-06-17,00:00:00.00,5.28243,11.7991,3.02
533,2011-06-18,00:00:00.00,0.000493776,11.4877,2.9
534,2011-06-19,00:00:00.00,0.000564204,11.261,2.85
535,2011-06-20,00:00:00.00,0.00488993,11.0091,2.63
536,2011-06-21,00:00:00.00,0.104562,10.6676,2.4
537,2011-06-22,00:00:00.00,12.3908,10.3782,2.25
538,2011-06-23,00:00:00.00,34.4476,10.5956,3.42
539,2011-06-24,00:00:00.00,6.73054,12.2193,22.7
540,2011-06-25,00:00:00.00,5.43478,15.3363,24.2
541,2011-06-26,00:00:00.00,0.983873,16.9855,16.3
542,2011-06-27,00:00:00.00,0.00500764,15.8947,10.6
543,2011-06-28,00:00:00.00,0.0411051,14.1851,7.02
544,2011-06-29,00:00:00.00,0.00206542,12.9723,5.23
545,2011-06-30,00:00:00.00,0.00953907,12.3034,4.15
546,2011-07-01,00:00:00.00,0,11.8555,3.44
547,2011-07-02,00:00:00.00,0.0122925,11.4663,3.01
548,2011-07-03,00:00:00.00,9.85632,11.1457,2.93
549,2011-07-04,00:00:00.00,0.0998323,11.0098,3.56
550,2011-07-05,00:00:00.00,0.00311132,11.1453,3.37
551,2011-07-06,00:00:00.00,0.0103402,11.1208,2.9
552,2011-07-07,00:00:00.00,0.110229,10.6903,2.45
553,2011-07-08,00:00:00.00,0.030862,10.1921,2.21
554,2011-07-09,00:00:00.00,0.00188505,9.79901,2.04
555,2011-07-10,00:00:00.00,0.00801304,9.49852,1.9
556,2011-07-11,00:00:00.00,0.00154886,9.23248,1.75
557,2011-07-12,00:00:00.00,0.268893,8.97811,1.64
558,2011-07-13,00:00:00.00,3.37833e-308,8.73441,1.56
559,2011-07-14,00:00:00.00,0.00905054,8.50074,1.47
560,2011-07-15,00:00:00.00,0.00523509,8.27687,1.38
561,2011-07-16,00:00:00.00,0.00411014,8.06265,1.35
562,2011-07-17,00:00:00.00,0.0156465,7.85751,1.28
563,2011-07-18,00:00:00.00,0.200691,7.66053,1.23
564,2011-07-19,00:00:00.00,4.45123,7.47107,1.24
565,2011-07-20,00:00:00.00,2.07206,7.28961,1.38
566,2011-07-21,00:00:00.00,0.0130359,7.11745,1.25
567,2011-07-22,00:00:00.00,0.119758,6.95385,1.17
568,2011-07-23,00:00:00.00,0.0767116,6.79573,1.1
569,2011-07-24,00:00:00.00,2.16471,6.64136,1.13
570,2011-07-25,00:00:00.00,1.36132,6.49144,2.44
571,2011-07-26,00:00:00.00,0.251031,6.34745,3.68
572,2011-07-27,00:00:00.00,0.0258245,6.20958,1.82
573,2011-07-28,00:00:00.00,0.538775,6.07668,1.29
574,2011-07-29,00:00:00.00,14.163,5.99277,1.31
575,2011-07-30,00:00:00.00,16.0271,6.14775,4.17
576,2011-07-31,00:00:00.00,0.0100996,6.79792,4.04
577,2011-08-01,00:00:00.00,1.60803,7.60519,2.4
578,2011-08-02,00:00:00.00,1.47795,7.7121,1.68
579,2011-08-03,00:00:00.00,0.206625,7.12108,1.44
580,2011-08-04,00:00:00.00,3.63799,6.52341,1.38
581,2011-08-05,00:00:00.00,0.104395,6.19009,1.29
582,2011-08-06,00:00:00.00,0.000228427,6.02318,1.23
583,2011-08-07,00:00:00.00,1.5715,5.89729,1.18
584,2011-08-08,00:00:00.00,8.47417,5.79484,1.17
585,2011-08-09,00:00:00.00,0.0279531,5.77433,1.61
586,2011-08-10,00:00:00.00,25.235,5.96924,2.98
587,2011-08-11,00:00:00.00,0.168108,6.47918,3.45
588,2011-08-12,00:00:00.00,0.412448,7.37711,2.58
589,2011-08-13,00:00:00.00,0.0424748,7.82545,1.79
590,2011-08-14,00:00:00.00,1.48496,7.2922,1.39
591,2011-08-15,00:00:00.00,7.28111,6.58834,1.25
592,2011-08-16,00:00:00.00,0.0796277,6.24057,1.23
593,2011-08-17,00:00:00.00,0.00089199,6.22971,1.22
594,2011-08-18,00:00:00.00,2.33019e-308,6.21865,1.13
595,2011-08-19,00:00:00.00,6.63072,6.04983,1.51
596,2011-08-20,00:00:00.00,2.09276,5.89467,1.79
597,2011-08-21,00:00:00.00,17.9842,5.92687,2.26
598,2011-08-22,00:00:00.00,0.338428,6.20701,2.82
599,2011-08-23,00:00:00.00,0.0877558,6.74917,2.72
600,2011-08-24,00:00:00.00,0.014488,7.00066,1.95
601,2011-08-25,00:00:00.00,39.0221,6.78747,1.81
602,2011-08-26,00:00:00.00,0.0432413,7.13746,6.48
603,2011-08-27,00:00:00.00,0.0526628,8.74504,8.58
604,2011-08-28,00:00:00.00,0.00115564,9.79311,4.62
605,2011-08-29,00:00:00.00,5.21202e-308,9.0358,2.71
606,2011-08-30,00:00:00.00,6.8772e-308,7.87549,1.99
607,2011-08-31,00:00:00.00,0,7.18771,1.63
608,2011-09-01,00:00:00.00,0.278777,6.90802,1.43
609,2011-09-02,00:00:00.00,7.95881,6.76698,1.42
610,2011-09-03,00:00:00.00,0.022289,6.71989,1.96
611,2011-09-04,00:00:00.00,7.07269,6.82413,1.7
612,2011-09-05,00:00:00.00,11.6256,6.95063,1.51
613,2011-09-06,00:00:00.00,1.5048,7.11756,1.55
614,2011-09-07,00:00:00.00,0.261696,7.41553,1.59
615,2011-09-08,00:00:00.00,3.69056,7.44331,1.51
616,2011-09-09,00:00:00.00,0.496823,7.08327,1.41
617,2011-09-10,00:00:00.00,2.65476,6.72279,1.39
618,2011-09-11,00:00:00.00,1.88135,6.49203,1.36
619,2011-09-12,00:00:00.00,0.479988,6.31434,1.28
620,2011-09-13,00:00:00.00,0.699133,6.15496,1.21
621,2011-09-14,00:00:00.00,0.0885722,6.01473,1.17
622,2011-09-15,00:00:00.00,6.96421,5.91201,1.16
623,2011-09-16,00:00:00.00,1.25181,5.90067,1.16
624,2011-09-17,00:00:00.00,0.392171,6.01628,1.17
625,2011-09-18,00:00:00.00,4.1993e-308,6.05035,1.19
626,2011-09-19,00:00:00.00,0.000350494,5.86935,1.14
627,2011-09-20,00:00:00.00,25.6569,5.74767,1.27
628,2011-09-21,00:00:00.00,0.451884,6.11819,2.67
629,2011-09-22,00:00:00.00,0.189235,7.19199,4.48
630,2011-09-23,00:00:00.00,0.135701,7.83806,3.12
631,2011-09-24,00:00:00.00,17.6993,7.41474,3.73
632,2011-09-25,00:00:00.00,0.470639,7.03802,5.48
633,2011-09-26,00:00:00.00,0.0279037,7.42934,4.55
634,2011-09-27,00:00:00.00,16.905,7.84142,3.1
635,2011-09-28,00:00:00.00,0.592093,7.82227,2.74
636,2011-09-29,00:00:00.00,0.261466,8.08363,4.48
637,2011-09-30,00:00:00.00,5.52402,8.26006,4.56
638,2011-10-01,00:00:00.00,11.5815,7.95031,4.3
639,2011-10-02,00:00:00.00,3.42873,7.85671,8.96
640,2011-10-03,00:00:00.00,3.47561,8.27131,8.86
641,2011-10-04,00:00:00.00,7.45508,8.587,5.55
642,2011-10-05,00:00:00.00,0.00512661,8.50786,5.68
643,2011-10-06,00:00:00.00,0.00136967,8.40564,5.04
644,2011-10-07,00:00:00.00,0.0137203,8.21241,3.99
645,2011-10-08,00:00:00.00,0.00705937,7.81412,3.12
646,2011-10-09,00:00:00.00,0.00972779,7.43205,2.48
647,2011-10-10,00:00:00.00,0.00862134,7.17182,2.11
648,2011-10-11,00:00:00.00,0.0106034,6.99739,1.9
649,2011-10-12,00:00:00.00,4.3536e-308,6.84883,1.67
650,2011-10-13,00:00:00.00,14.9656,6.77607,1.54
651,2011-10-14,00:00:00.00,3.56546,7.00026,2.13
652,2011-10-15,00:00:00.00,14.7802,7.7682,4.93
653,2011-10-16,00:00:00.00,3.24755,8.62186,8.76
654,2011-10-17,00:00:00.00,0.197174,9.20503,7.67
655,2011-10-18,00:00:00.00,0.0211876,9.27666,7.07
656,2011-10-19,00:00:00.00,1.55525,8.68113,6.68
657,2011-10-20,00:00:00.00,26.6312,8.15107,7.12
658,2011-10-21,00:00:00.00,20.9601,8.61983,38.2
659,2011-10-22,00:00:00.00,0.91949,10.8267,47.7
660,2011-10-23,00:00:00.00,0.0559061,13.3209,29.2
661,2011-10-24,00:00:00.00,0,13.5742,20
662,2011-10-25,00:00:00.00,2.22977,12.0539,14.7
663,2011-10-26,00:00:00.00,3.76172,10.7019,9.73
664,2011-10-27,00:00:00.00,2.23818,10.1411,7.05
665,2011-10-28,00:00:00.00,1.60349,10.0792,6.23
666,2011-10-29,00:00:00.00,0.175901,10.0245,5.72
667,2011-10-30,00:00:00.00,0.0466954,9.78245,5.05
668,2011-10-31,00:00:00.00,0.0268113,9.44922,4.66
669,2011-11-01,00:00:00.00,0.966425,9.13246,4.2
670,2011-11-02,00:00:00.00,0.0975,8.87401,3.81
671,2011-11-03,00:00:00.00,5.67345e-308,8.65766,3.48
672,2011-11-04,00:00:00.00,8.1195e-308,8.46203,3.24
673,2011-11-05,00:00:00.00,0.000192471,8.27706,3.07
674,2011-11-06,00:00:00.00,0.000120266,8.10011,2.89
675,2011-11-07,00:00:00.00,0.000350954,7.93105,2.72
676,2011-11-08,00:00:00.00,0.256809,7.76956,2.61
677,2011-11-09,00:00:00.00,0.254314,7.61503,2.51
678,2011-11-10,00:00:00.00,5.57333,7.49365,2.47
679,2011-11-11,00:00:00.00,0.0602694,7.48565,2.48
680,2011-11-12,00:00:00.00,0.0482256,7.64324,2.63
681,2011-11-13,00:00:00.00,0.00129829,7.69533,2.59
682,2011-11-14,00:00:00.00,0.0348612,7.47557,2.46
683,2011-11-15,00:00:00.00,11.6246,7.26375,2.45
684,2011-11-16,00:00:00.00,0.0720794,7.38352,3.06
685,2011-11-17,00:00:00.00,0.000517519,7.95627,3.98
686,2011-11-18,00:00:00.00,0.145961,8.28232,3.5
687,2011-11-19,00:00:00.00,0.0208343,7.93902,3.12
688,2011-11-20,00:00:00.00,0.0151993,7.45237,2.78
689,2011-11-21,00:00:00.00,0.00540768,7.13913,2.62
690,2011-11-22,00:00:00.00,0.00028201,6.97577,2.45
691,2011-11-23,00:00:00.00,14.578,6.92633,2.34
692,2011-11-24,00:00:00.00,8.87947,7.21466,10.3
693,2011-11-25,00:00:00.00,0.0121729,8.15063,14.2
694,2011-11-26,00:00:00.00,0.005642,9.13307,8.32
695,2011-11-27,00:00:00.00,0.0956592,9.15587,6.73
696,2011-11-28,00:00:00.00,23.1025,8.59725,9.54
697,2011-11-29,00:00:00.00,5.31078,8.73621,29
698,2011-11-30,00:00:00.00,63.6714,10.7584,66
699,2011-12-01,00:00:00.00,4.36287,14.7104,103
700,2011-12-02,00:00:00.00,4.19701e-308,21.0414,91.9
701,2011-12-03,00:00:00.00,3.15173,24.5036,67.3
702,2011-12-04,00:00:00.00,0.00152388,22.0393,41.4
703,2011-12-05,00:00:00.00,20.3458,19.0204,31.3
704,2011-12-06,00:00:00.00,20.7079,18.3633,60.2
705,2011-12-07,00:00:00.00,2.41983,21.1057,70.2
706,2011-12-08,00:00:00.00,0.0570826,24.8656,56.9
707,2011-12-09,00:00:00.00,0.00629398,25.268,39.3
708,2011-12-10,00:00:00.00,3.18301,22.7996,25
709,2011-12-11,00:00:00.00,0.00332519,20.4345,17.2
710,2011-12-12,00:00:00.00,0.000877129,18.9529,12.1
711,2011-12-13,00:00:00.00,0,18.031,9.26
712,2011-12-14,00:00:00.00,0.0103686,17.2834,7.81
713,2011-12-15,00:00:00.00,12.8795,16.7369,8.29
714,2011-12-16,00:00:00.00,10.9939,16.948,31.8
715,2011-12-17,00:00:00.00,0.179471,18.733,36.5
716,2011-12-18,00:00:00.00,1.99487,20.9646,23.3
717,2011-12-19,00:00:00.00,0.595626,21.1097,18.3
718,2011-12-20,00:00:00.00,0.0191707,19.4584,14.1
719,2011-12-21,00:00:00.00,0.01209,17.8563,10.9
720,2011-12-22,00:00:00.00,5.02181,16.8656,9.33
721,2011-12-23,00:00:00.00,1.75106,16.4713,9.73
722,2011-12-24,00:00:00.00,1.8485,16.6424,11.4
723,2011-12-25,00:00:00.00,0.0105241,16.8418,11.2
724,2011-12-26,00:00:00.00,0.025384,16.4298,9.57
725,2011-12-27,00:00:00.00,0.024355,15.6416,8.28
726,2011-12-28,00:00:00.00,8.53785,15.0068,7.55
727,2011-12-29,00:00:00.00,1.04571,14.8641,9.07
728,2011-12-30,00:00:00.00,4.35857,15.3283,8.59
729,2011-12-31,00:00:00.00,9.65791,15.5789,9.69
730,2012-01-01,00:00:00.00,1.27408,15.5181,39.6
731,2012-01-02,00:00:00.00,6.13343,16.401,35.3
732,2012-01-03,00:00:00.00,5.00274,18.141,29.3
733,2012-01-04,00:00:00.00,8.07432,19.0103,22.6
734,2012-01-05,00:00:00.00,0.0630902,18.2438,16.7
735,2012-01-06,00:00:00.00,0.0178314,16.8815,13.5
736,2012-01-07,00:00:00.00,0.0122785,15.8284,9.46
737,2012-01-08,00:00:00.00,0.00237028,15.3035,10.9
738,2012-01-09,00:00:00.00,0.00895035,15.5388,12.1
739,2012-01-10,00:00:00.00,0.00325581,16.7558,11.4
740,2012-01-11,00:00:00.00,0.000656368,17.3596,10.9
741,2012-01-12,00:00:00.00,1.43311,16.5196,8.86
742,2012-01-13,00:00:00.00,5.69625,15.5481,7.73
743,2012-01-14,00:00:00.00,5.20604,15.1495,9.13
744,2012-01-15,00:00:00.00,0.41509,15.3365,8.44
745,2012-01-16,00:00:00.00,0.00479593,15.3089,6.72
746,2012-01-17,00:00:00.00,3.58301,14.754,7
747,2012-01-18,00:00:00.00,12.4919,14.3156,17.3
748,2012-01-19,00:00:00.00,0.144655,14.609,33.6
749,2012-01-20,00:00:00.00,4.79371,15.7955,17.7
750,2012-01-21,00:00:00.00,2.21182,16.3372,12.2
751,2012-01-22,00:00:00.00,1.61837,15.5496,10.1
752,2012-01-23,00:00:00.00,0.0123493,14.5844,9.07
753,2012-01-24,00:00:00.00,7.4695,13.9939,11.8
754,2012-01-25,00:00:00.00,0.111227,13.9404,27.5
755,2012-01-26,00:00:00.00,1.09371,14.4174,18.9
756,2012-01-27,00:00:00.00,3.72056,14.6075,16.4
757,2012-01-28,00:00:00.00,8.38933,14.1568,19.2
758,2012-01-29,00:00:00.00,2.16217,13.8024,23.6
759,2012-01-30,00:00:00.00,9.54667,13.8391,15.9
760,2012-01-31,00:00:00.00,1.98751,13.8195,12.1
761,2012-02-01,00:00:00.00,0.0686955,13.5079,11.7
762,2012-02-02,00:00:00.00,0.0225595,13.4283,32.8
763,2012-02-03,00:00:00.00,0.0243541,14.6981,26.4
764,2012-02-04,00:00:00.00,0.00148934,18.3657,19.4
765,2012-02-05,00:00:00.00,0.00208086,20.578,16.2
766,2012-02-06,00:00:00.00,0.00247599,19.1654,12.1
767,2012-02-07,00:00:00.00,0.000995139,17.1827,9.38
768,2012-02-08,00:00:00.00,0.0257104,15.9157,8.01
769,2012-02-09,00:00:00.00,0.000163734,15.2788,6.95
770,2012-02-10,00:00:00.00,1.84377e-308,14.8408,5.94
771,2012-02-11,00:00:00.00,1.42958,14.4345,5.36
772,2012-02-12,00:00:00.00,6.95145,14.0552,5.03
773,2012-02-13,00:00:00.00,1.77087,13.7,4.14
774,2012-02-14,00:00:00.00,0.0285457,13.3667,4.54
775,2012-02-15,00:00:00.00,0.886371,13.0531,4.93
776,2012-02-16,00:00:00.00,0.255147,12.7572,4.23
777,2012-02-17,00:00:00.00,7.38923,12.5215,4.55
778,2012-02-18,00:00:00.00,0.0120093,12.4822,6.94
779,2012-02-19,00:00:00.00,1.92955,12.7386,8.25
780,2012-02-20,00:00:00.00,0.158975,12.8116,7.59
781,2012-02-21,00:00:00.00,8.95935e-308,12.4348,6.43
782,2012-02-22,00:00:00.00,0.959124,11.985,5.94
783,2012-02-23,00:00:00.00,2.16108,11.6482,5.9
784,2012-02-24,00:00:00.00,1.25345,11.5377,6.87
785,2012-02-25,00:00:00.00,4.94957,11.9765,9.1
786,2012-02-26,00:00:00.00,0.947094,13.2371,14.5
787,2012-02-27,00:00:00.00,0.170856,14.1009,10.7
788,2012-02-28,00:00:00.00,0.000448882,13.658,9.26
789,2012-02-29,00:00:00.00,0.0279861,12.7806,7.7
790,2012-03-01,00:00:00.00,2.25335,12.1393,6.74
791,2012-03-02,00:00:00.00,0.214164,11.794,8.84
792,2012-03-03,00:00:00.00,10.8685,11.7348,11.7
793,2012-03-04,00:00:00.00,0.31256,12.3071,27.8
794,2012-03-05,00:00:00.00,0.688109,13.8584,19.7
795,2012-03-06,00:00:00.00,0.0963552,14.7376,13.9
796,2012-03-07,00:00:00.00,0.00432857,14.0047,10.5
797,2012-03-08,00:00:00.00,0,12.9943,7.56
798,2012-03-09,00:00:00.00,6.33215,12.3885,6.75
799,2012-03-10,00:00:00.00,0.536827,12.2942,7.11
800,2012-03-11,00:00:00.00,0.00451853,12.6148,6.74
801,2012-03-12,00:00:00.00,0,12.7254,5.94
802,2012-03-13,00:00:00.00,15.0375,12.4499,5.85
803,2012-03-14,00:00:00.00,3.35,12.641,20.2
804,2012-03-15,00:00:00.00,0.0204789,13.8841,17.4
805,2012-03-16,00:00:00.00,3.6188,14.7767,12.6
806,2012-03-17,00:00:00.00,0.0213294,14.2934,10.5
807,2012-03-18,00:00:00.00,0.0117351,13.4829,8.53
808,2012-03-19,00:00:00.00,0,12.8799,7.21
809,2012-03-20,00:00:00.00,0.00109875,12.4266,6.34
810,2012-03-21,00:00:00.00,0.000159233,12.0576,5.61
811,2012-03-22,00:00:00.00,0.000351853,11.7391,5.07
812,2012-03-23,00:00:00.00,0.0220584,11.4581,4.64
813,2012-03-24,00:00:00.00,1.24751,11.1946,4.31
814,2012-03-25,00:00:00.00,2.72102,10.9473,4.1
815,2012-03-26,00:00:00.00,0.187378,10.7349,4.07
816,2012-03-27,00:00:00.00,0.0442921,10.5702,3.96
817,2012-03-28,00:00:00.00,0.00703061,10.3933,3.57
818,2012-03-29,00:00:00.00,0.0126576,10.1685,3.34
819,2012-03-30,00:00:00.00,0.0295353,9.94014,3.21
820,2012-03-31,00:00:00.00,5.7175,9.75241,3.08
821,2012-04-01,00:00:00.00,0.00275635,9.66888,3.13
822,2012-04-02,00:00:00.00,0.0928853,9.72735,3.24
823,2012-04-03,00:00:00.00,0.00238772,9.70347,3.13
824,2012-04-04,00:00:00.00,0.241561,9.4661,2.98
825,2012-04-05,00:00:00.00,0.052479,9.18906,2.83
826,2012-04-06,00:00:00.00,0.00172743,8.96741,2.72
827,2012-04-07,00:00:00.00,0,8.79445,2.62
828,2012-04-08,00:00:00.00,2.554e-308,8.63862,2.51
829,2012-04-09,00:00:00.00,0.111538,8.48764,2.43
830,2012-04-10,00:00:00.00,0.0658723,8.34077,2.39
831,2012-04-11,00:00:00.00,0.975064,8.19758,2.38
832,2012-04-12,00:00:00.00,2.45448,8.06246,2.37
833,2012-04-13,00:00:00.00,0.00100154,7.94837,2.39
834,2012-04-14,00:00:00.00,0.00682882,7.86322,2.32
835,2012-04-15,00:00:00.00,0.44437,7.76606,2.26
836,2012-04-16,00:00:00.00,11.0578,7.68514,2.43
837,2012-04-17,00:00:00.00,0.0133423,7.81532,2.84
838,2012-04-18,00:00:00.00,0,8.2872,2.82
839,2012-04-19,00:00:00.00,0.00157363,8.54433,2.45
840,2012-04-20,00:00:00.00,1.68101,8.23977,2.28
841,2012-04-21,00:00:00.00,3.48784,7.81957,2.23
842,2012-04-22,00:00:00.00,2.92225,7.56614,2.28
843,2012-04-23,00:00:00.00,0.00530982,7.48698,2.29
844,2012-04-24,00:00:00.00,0.126316,7.46313,2.23
845,2012-04-25,00:00:00.00,0.531564,7.37533,2.13
846,2012-04-26,00:00:00.00,0.00157141,7.22007,2.06
847,2012-04-27,00:00:00.00,0.175029,7.06416,2.01
848,2012-04-28,00:00:00.00,0.00815195,6.93444,1.99
849,2012-04-29,00:00:00.00,0.00136561,6.82223,1.93
850,2012-04-30,00:00:00.00,0,6.716,1.86
851,2012-05-01,00:00:00.00,14.0344,6.68209,1.89
852,2012-05-02,00:00:00.00,0.425541,6.93112,2.12
853,2012-05-03,00:00:00.00,0.273314,7.60503,2.62
854,2012-05-04,00:00:00.00,11.3632,8.03824,2.55
855,2012-05-05,00:00:00.00,7.00371,7.94398,3.63
856,2012-05-06,00:00:00.00,0.0147662,8.05308,5.24
857,2012-05-07,00:00:00.00,0.000117776,8.29264,3.97
858,2012-05-08,00:00:00.00,5.02913,8.13381,3.15
859,2012-05-09,00:00:00.00,8.23337,7.76305,2.88
860,2012-05-10,00:00:00.00,0.571808,7.65748,3.13
861,2012-05-11,00:00:00.00,0.00257059,7.85755,3.5
862,2012-05-12,00:00:00.00,0.000187626,7.89612,2.98
863,2012-05-13,00:00:00.00,1.63786,7.60375,2.6
864,2012-05-14,00:00:00.00,0.20275,7.27106,2.37
865,2012-05-15,00:00:00.00,0.0433798,7.04583,2.18
866,2012-05-16,00:00:00.00,0.0275508,6.89948,2.04
867,2012-05-17,00:00:00.00,1.09857,6.77445,1.91
868,2012-05-18,00:00:00.00,0,6.65176,1.81
869,2012-05-19,00:00:00.00,0.00663432,6.5324,1.74
870,2012-05-20,00:00:00.00,0.0012807,6.41658,1.68
871,2012-05-21,00:00:00.00,0.00905461,6.30311,1.6
872,2012-05-22,00:00:00.00,1.44636,6.19111,1.54
873,2012-05-23,00:00:00.00,0.572666,6.08072,1.51
874,2012-05-24,00:00:00.00,0.00644634,5.97306,1.53
875,2012-05-25,00:00:00.00,1.8946e-308,5.86864,1.52
876,2012-05-26,00:00:00.00,0.0753191,5.76669,1.42
877,2012-05-27,00:00:00.00,0.241947,5.66628,1.37
878,2012-05-28,00:00:00.00,7.35043,5.58271,1.4
879,2012-05-29,00:00:00.00,0.760282,5.56242,2.98
880,2012-05-30,00:00:00.00,2.47819,5.63387,2.87
881,2012-05-31,00:00:00.00,2.18216,5.64668,2.44
882,2012-06-01,00:00:00.00,0.0553496,5.50344,2.04
883,2012-06-02,00:00:00.00,27.7475,5.44157,1.76
884,2012-06-03,00:00:00.00,1.71191,5.89247,2.17
885,2012-06-04,00:00:00.00,4.6863,7.09494,3.21
886,2012-06-05,00:00:00.00,3.10833,7.85478,3.42
887,2012-06-06,00:00:00.00,0.0813096,7.40144,3.16
888,2012-06-07,00:00:00.00,0.000981416,6.63456,2.91
889,2012-06-08,00:00:00.00,0.00346385,6.13937,2.89
890,2012-06-09,00:00:00.00,0.0159135,5.91663,2.44
891,2012-06-10,00:00:00.00,2.98401,5.78986,2.01
892,2012-06-11,00:00:00.00,0.0497517,5.67943,1.81
893,2012-06-12,00:00:00.00,1.11483,5.57602,1.65
894,2012-06-13,00:00:00.00,2.33429,5.4756,1.53
895,2012-06-14,00:00:00.00,0,5.37781,1.44
896,2012-06-15,00:00:00.00,0.000878697,5.28302,1.35
897,2012-06-16,00:00:00.00,0.000553253,5.19092,1.23
898,2012-06-17,00:00:00.00,0.000566001,5.10055,1.17
899,2012-06-18,00:00:00.00,18.6079,5.07338,2.86
900,2012-06-19,00:00:00.00,0.0483785,5.29363,3.52
901,2012-06-20,00:00:00.00,0.00517499,5.87653,2.64
902,2012-06-21,00:00:00.00,0.00211751,6.21029,1.78
903,2012-06-22,00:00:00.00,21.3111,5.96699,1.47
904,2012-06-23,00:00:00.00,0.17748,5.85951,2.8
905,2012-06-24,00:00:00.00,0.0426784,6.36384,3.42
906,2012-06-25,00:00:00.00,0.817223,6.72553,1.8
907,2012-06-26,00:00:00.00,0.0409947,6.35899,1.38
908,2012-06-27,00:00:00.00,0.00311902,5.81205,1.27
909,2012-06-28,00:00:00.00,0.00116078,5.47602,1.11
910,2012-06-29,00:00:00.00,0.0668428,5.32202,1.03
911,2012-06-30,00:00:00.00,0.00290658,5.21966,0.958
912,2012-07-01,00:00:00.00,0.0155519,5.11953,0.884
913,2012-07-02,00:00:00.00,0.0349403,5.02162,0.825
914,2012-07-03,00:00:00.00,0.175552,4.92607,0.779
915,2012-07-04,00:00:00.00,11.147,4.85737,0.766
916,2012-07-05,00:00:00.00,0.329622,4.88731,0.793
917,2012-07-06,00:00:00.00,2.06889,5.05802,1.09
918,2012-07-07,00:00:00.00,4.85362e-308,5.13401,0.968
919,2012-07-08,00:00:00.00,2.7578e-308,4.96022,0.923
920,2012-07-09,00:00:00.00,0.01452,4.72622,0.84
921,2012-07-10,00:00:00.00,0.0582337,4.56428,0.822
922,2012-07-11,00:00:00.00,0.0156038,4.46498,0.767
923,2012-07-12,00:00:00.00,0.0100253,4.38459,0.696
924,2012-07-13,00:00:00.00,8.49855e-308,4.30646,0.649
925,2012-07-14,00:00:00.00,0.00906348,4.23036,0.595
926,2012-07-15,00:00:00.00,0.00197362,4.15607,0.574
927,2012-07-16,00:00:00.00,18.4157,4.12873,0.796
928,2012-07-17,00:00:00.00,0.692677,4.28127,0.668
929,2012-07-18,00:00:00.00,7.29545e-308,4.69079,0.864
930,2012-07-19,00:00:00.00,0.103199,4.92129,0.944
931,2012-07-20,00:00:00.00,10.5132,4.70068,0.852
932,2012-07-21,00:00:00.00,1.07809,4.44689,0.791
933,2012-07-22,00:00:00.00,0.00183308,4.45297,0.815
934,2012-07-23,00:00:00.00,0.0687261,4.49255,0.702
935,2012-07-24,00:00:00.00,0.00308418,4.34062,0.663
936,2012-07-25,00:00:00.00,0.00434393,4.13284,0.628
937,2012-07-26,00:00:00.00,1.5438,3.99148,0.569
938,2012-07-27,00:00:00.00,17.0985,3.94767,0.655
939,2012-07-28,00:00:00.00,7.91565,4.09052,0.765
940,2012-07-29,00:00:00.00,10.847,4.53208,3.31
941,2012-07-30,00:00:00.00,0.0143572,4.97917,2.25
942,2012-07-31,00:00:00.00,0.0342061,5.08645,1.59
943,2012-08-01,00:00:00.00,0.0118907,4.86268,1.24
944,2012-08-02,00:00:00.00,0.0487961,4.49095,1
945,2012-08-03,00:00:00.00,0.00397453,4.20435,0.868
946,2012-08-04,00:00:00.00,0.0311194,4.04948,0.757
947,2012-08-05,00:00:00.00,0.0540204,3.964,0.718
948,2012-08-06,00:00:00.00,6.50452,3.90392,0.717
949,2012-08-07,00:00:00.00,0.00544841,3.87557,0.756
950,2012-08-08,00:00:00.00,2.20998e-308,3.89125,0.773
951,2012-08-09,00:00:00.00,0.0225611,3.87873,0.633
952,2012-08-10,00:00:00.00,5.88903,3.79529,0.65
953,2012-08-11,00:00:00.00,30.4327,3.80211,0.709
954,2012-08-12,00:00:00.00,6.36569,4.20973,0.999
955,2012-08-13,00:00:00.00,3.0394,5.13032,1.09
956,2012-08-14,00:00:00.00,0.750391,5.71045,1.11
957,2012-08-15,00:00:00.00,11.4954,5.37245,1.02
958,2012-08-16,00:00:00.00,0.0897122,4.83557,1.05
959,2012-08-17,00:00:00.00,0.480272,4.70485,1.22
960,2012-08-18,00:00:00.00,0.510915,4.72189,1.01
961,2012-08-19,00:00:00.00,0.0103677,4.53942,0.894
962,2012-08-20,00:00:00.00,0.0124057,4.29328,0.84
963,2012-08-21,00:00:00.00,0.00357864,4.13136,0.765
964,2012-08-22,00:00:00.00,0.203069,4.0422,0.727
965,2012-08-23,00:00:00.00,0.21763,3.97427,0.718
966,2012-08-24,00:00:00.00,0,3.90813,0.7
967,2012-08-25,00:00:00.00,0,3.84371,0.647
968,2012-08-26,00:00:00.00,3.175e-308,3.78085,0.58
969,2012-08-27,00:00:00.00,0.00125158,3.71943,0.565
970,2012-08-28,00:00:00.00,3.05673,3.65948,0.562
971,2012-08-29,00:00:00.00,0.0544961,3.60119,0.556
972,2012-08-30,00:00:00.00,7.10921e-308,3.54483,0.592
973,2012-08-31,00:00:00.00,0,3.49025,0.575
974,2012-09-01,00:00:00.00,0,3.4369,0.554
975,2012-09-02,00:00:00.00,1.08313e-308,3.38455,0.531
976,2012-09-03,00:00:00.00,0.00127586,3.33324,0.514
977,2012-09-04,00:00:00.00,0.00144076,3.28304,0.493
978,2012-09-05,00:00:00.00,28.3773,3.30401,0.766
979,2012-09-06,00:00:00.00,0.72206,3.60044,1.05
980,2012-09-07,00:00:00.00,0.128116,4.28841,1.2
981,2012-09-08,00:00:00.00,7.04948,4.71179,0.78
982,2012-09-09,00:00:00.00,23.6594,4.50573,0.862
983,2012-09-10,00:00:00.00,0.564615,4.42894,1.06
984,2012-09-11,00:00:00.00,0.320162,4.90169,1.22
985,2012-09-12,00:00:00.00,0.00464117,5.18366,0.96
986,2012-09-13,00:00:00.00,9.9045e-308,4.79271,0.782
987,2012-09-14,00:00:00.00,0.00115118,4.26107,0.686
988,2012-09-15,00:00:00.00,11.9002,3.99507,0.69
989,2012-09-16,00:00:00.00,0.00785045,4.03267,0.668
990,2012-09-17,00:00:00.00,0.00581692,4.28841,0.829
991,2012-09-18,00:00:00.00,0.137207,4.42552,0.752
992,2012-09-19,00:00:00.00,17.912,4.29951,0.748
993,2012-09-20,00:00:00.00,0.195299,4.29596,0.817
994,2012-09-21,00:00:00.00,2.1798,4.67579,1.03
995,2012-09-22,00:00:00.00,1.11768,4.93204,0.889
996,2012-09-23,00:00:00.00,3.23583,4.67681,0.906
997,2012-09-24,00:00:00.00,0.0582366,4.30312,0.828
998,2012-09-25,00:00:00.00,2.82143e-308,4.11138,0.806
999,2012-09-26,00:00:00.00,0.00420604,4.0393,0.77
1000,2012-09-27,00:00:00.00,0.000311687,3.96173,0.814
1001,2012-09-28,00:00:00.00,0.00413216,3.87425,0.84
1002,2012-09-29,00:00:00.00,0.0155509,3.8009,0.771
1003,2012-09-30,00:00:00.00,0.0865868,3.74005,0.693
1004,2012-10-01,00:00:00.00,0.00428161,3.68377,0.664
1005,2012-10-02,00:00:00.00,0.349826,3.62902,0.65
1006,2012-10-03,00:00:00.00,0.598443,3.57574,0.654
1007,2012-10-04,00:00:00.00,0.593705,3.52391,0.645
1008,2012-10-05,00:00:00.00,0.293813,3.47349,0.618
1009,2012-10-06,00:00:00.00,7.5466,3.44196,0.638
1010,2012-10-07,00:00:00.00,0.270349,3.48025,0.654
1011,2012-10-08,00:00:00.00,0.01013,3.6155,0.695
1012,2012-10-09,00:00:00.00,0.0010058,3.68294,0.791
1013,2012-10-10,00:00:00.00,0.000898707,3.56867,0.732
1014,2012-10-11,00:00:00.00,3.73711,3.4139,0.7
1015,2012-10-12,00:00:00.00,0.275748,3.34216,0.673
1016,2012-10-13,00:00:00.00,2.33035,3.35926,0.694
1017,2012-10-14,00:00:00.00,11.3056,3.40585,0.713
1018,2012-10-15,00:00:00.00,5.79963,3.52946,0.755
1019,2012-10-16,00:00:00.00,0.882893,3.83779,0.936
1020,2012-10-17,00:00:00.00,0.00338436,4.08619,1.08
1021,2012-10-18,00:00:00.00,5.42167,3.99165,0.981
1022,2012-10-19,00:00:00.00,4.19796,3.75464,0.912
1023,2012-10-20,00:00:00.00,6.20359,3.70344,0.885
1024,2012-10-21,00:00:00.00,5.34558,3.85092,0.969
1025,2012-10-22,00:00:00.00,0.104138,4.03601,1.06
1026,2012-10-23,00:00:00.00,0.931441,4.123,1.11
1027,2012-10-24,00:00:00.00,8.13265,4.03056,1.11
1028,2012-10-25,00:00:00.00,0.434109,3.90053,1.09
1029,2012-10-26,00:00:00.00,0.0100619,3.93761,1.27
1030,2012-10-27,00:00:00.00,5.00428,3.99131,1.19
1031,2012-10-28,00:00:00.00,7.44866,3.9334,1.12
1032,2012-10-29,00:00:00.00,3.91293,3.99267,1.14
1033,2012-10-30,00:00:00.00,21.0087,4.30701,1.38
1034,2012-10-31,00:00:00.00,17.747,4.86694,5.23
1035,2012-11-01,00:00:00.00,8.89756,5.85792,9.78
1036,2012-11-02,00:00:00.00,1.50607,6.99262,9.93
1037,2012-11-03,00:00:00.00,8.01394,7.41509,7.26
1038,2012-11-04,00:00:00.00,6.22439,7.02242,5.27
1039,2012-11-05,00:00:00.00,0.260543,6.59126,6.66
1040,2012-11-06,00:00:00.00,0.0421575,6.45054,6.3
1041,2012-11-07,00:00:00.00,0.00502435,6.22734,4.38
1042,2012-11-08,00:00:00.00,0.00117097,5.84178,3.14
1043,2012-11-09,00:00:00.00,0.00742436,5.52116,2.5
1044,2012-11-10,00:00:00.00,0.63144,5.3431,2.14
1045,2012-11-11,00:00:00.00,0.178756,5.24302,1.91
1046,2012-11-12,00:00:00.00,0.0327758,5.16094,1.76
1047,2012-11-13,00:00:00.00,9.9819,5.123,1.82
1048,2012-11-14,00:00:00.00,0.0513718,5.25178,2.12
1049,2012-11-15,00:00:00.00,0.000689651,5.62218,2.25
1050,2012-11-16,00:00:00.00,0.000838391,5.82732,2.12
1051,2012-11-17,00:00:00.00,0.00551213,5.6012,1.9
1052,2012-11-18,00:00:00.00,0.000138296,5.27246,1.74
1053,2012-11-19,00:00:00.00,0.000797106,5.06522,1.63
1054,2012-11-20,00:00:00.00,0.00345074,4.96291,1.56
1055,2012-11-21,00:00:00.00,0,4.89093,1.51
1056,2012-11-22,00:00:00.00,0.0154677,4.82104,1.48
1057,2012-11-23,00:00:00.00,0.0476386,4.75314,1.44
1058,2012-11-24,00:00:00.00,4.90962,4.70551,1.42
1059,2012-11-25,00:00:00.00,0.309075,4.73224,1.43
1060,2012-11-26,00:00:00.00,1.45049,4.86478,1.42
1061,2012-11-27,00:00:00.00,0.00319518,4.92601,1.35
1062,2012-11-28,00:00:00.00,0.00088607,4.79851,1.32
1063,2012-11-29,00:00:00.00,0.0110637,4.62533,1.26
1064,2012-11-30,00:00:00.00,0.00293067,4.50758,1.2
1065,2012-12-01,00:00:00.00,0.0710502,4.43776,1.18
1066,2012-12-02,00:00:00.00,0.00486789,4.38215,1.17
1067,2012-12-03,00:00:00.00,8.47772,4.36236,1.25
1068,2012-12-04,00:00:00.00,0.181437,4.47963,1.35
1069,2012-12-05,00:00:00.00,7.78539,4.82437,1.92
1070,2012-12-06,00:00:00.00,0.0883019,5.15792,2.52
1071,2012-12-07,00:00:00.00,0,5.31229,2.8
1072,2012-12-08,00:00:00.00,1.32457,5.25399,2.57
1073,2012-12-09,00:00:00.00,5.72935,5.00124,2.34
1074,2012-12-10,00:00:00.00,2.89748,4.85477,2.28
1075,2012-12-11,00:00:00.00,2.64109,4.95529,2.6
1076,2012-12-12,00:00:00.00,0.152403,5.08163,3.01
1077,2012-12-13,00:00:00.00,8.3531e-308,5.03895,2.82
1078,2012-12-14,00:00:00.00,0.00106325,4.8826,2.38
1079,2012-12-15,00:00:00.00,0.000258685,4.70837,2.11
1080,2012-12-16,00:00:00.00,1.04036,4.58961,1.9
1081,2012-12-17,00:00:00.00,6.82478,4.58006,2.03
1082,2012-12-18,00:00:00.00,0.051889,4.7594,2.93
1083,2012-12-19,00:00:00.00,0.204239,5.08628,3.57
1084,2012-12-20,00:00:00.00,0.370342,5.20815,3.07
1085,2012-12-21,00:00:00.00,16.8546,5.06965,3
1086,2012-12-22,00:00:00.00,5.25736,5.20434,11.1
1087,2012-12-23,00:00:00.00,0.543384,5.97944,14.5
1088,2012-12-24,00:00:00.00,0.00242301,6.63055,10.2
1089,2012-12-25,00:00:00.00,1.08464,6.40509,7.88
1090,2012-12-26,00:00:00.00,0.000222323,5.79041,5.73
1091,2012-12-27,00:00:00.00,12.9508,5.36094,4.21
1092,2012-12-28,00:00:00.00,4.02295,5.1823,3.66
1093,2012-12-29,00:00:00.00,0.352922,5.10432,3.19
1094,2012-12-30,00:00:00.00,4.7963,5.04064,2.65
1095,2012-12-31,00:00:00.00,0.205284,4.97885,2.44
1096,2013-01-01,00:00:00.00,0.0428762,4.91877,2.36
1097,2013-01-02,00:00:00.00,0.713582,4.86027,2.28
1098,2013-01-03,00:00:00.00,0.0311575,4.80329,2.09
1099,2013-01-04,00:00:00.00,0.0444959,4.74785,1.93
1100,2013-01-05,00:00:00.00,0.00743567,4.69395,1.9
1101,2013-01-06,00:00:00.00,0.462657,4.64151,1.91
1102,2013-01-07,00:00:00.00,2.72009,4.59364,2.14
1103,2013-01-08,00:00:00.00,0.0294681,4.55991,2.19
1104,2013-01-09,00:00:00.00,0,4.54581,2.21
1105,2013-01-10,00:00:00.00,0.0407551,4.51998,2.25
1106,2013-01-11,00:00:00.00,0.00193452,4.46137,3.03
1107,2013-01-12,00:00:00.00,12.9672,4.45256,12.4
1108,2013-01-13,00:00:00.00,0.00026768,4.81592,47.1
1109,2013-01-14,00:00:00.00,25.4532,6.20853,75.2
1110,2013-01-15,00:00:00.00,0.293505,8.80628,69.4
1111,2013-01-16,00:00:00.00,0.00292207,11.1569,39.7
1112,2013-01-17,00:00:00.00,0.0163673,11.2601,26
1113,2013-01-18,00:00:00.00,0.153746,9.6139,15.9
1114,2013-01-19,00:00:00.00,0.0453235,8.17076,9.31
1115,2013-01-20,00:00:00.00,0.0685821,7.50865,6.46
1116,2013-01-21,00:00:00.00,0.374862,7.28449,5.05
1117,2013-01-22,00:00:00.00,0.454363,7.15841,3.72
1118,2013-01-23,00:00:00.00,0.433239,7.03737,2.61
1119,2013-01-24,00:00:00.00,0.841757,6.92144,2.26
1120,2013-01-25,00:00:00.00,2.83007,6.81053,2.18
1121,2013-01-26,00:00:00.00,5.26398,6.70426,2.14
1122,2013-01-27,00:00:00.00,1.17941,6.60208,2.11
1123,2013-01-28,00:00:00.00,0.274851,6.50351,2.15
1124,2013-01-29,00:00:00.00,12.8153,6.4662,2.59
1125,2013-01-30,00:00:00.00,25.9807,6.82057,20.8
1126,2013-01-31,00:00:00.00,5.66195,8.30538,85.9
1127,2013-02-01,00:00:00.00,1.64982,11.141,65.8
1128,2013-02-02,00:00:00.00,2.17951,13.5797,42.2
1129,2013-02-03,00:00:00.00,3.61953,13.5486,25.2
1130,2013-02-04,00:00:00.00,1.14449,11.8402,15.4
1131,2013-02-05,00:00:00.00,0.834275,10.405,9.55
1132,2013-02-06,00:00:00.00,0.253252,9.71397,6.39
1133,2013-02-07,00:00:00.00,0.113562,9.42097,4.49
1134,2013-02-08,00:00:00.00,0.969733,9.21766,3.25
1135,2013-02-09,00:00:00.00,20.6702,9.03661,2.51
1136,2013-02-10,00:00:00.00,0.0514415,8.91432,2.21
1137,2013-02-11,00:00:00.00,0.71915,8.8751,2.22
1138,2013-02-12,00:00:00.00,2.97087,8.80235,3.61
1139,2013-02-13,00:00:00.00,0.0280036,8.65126,8.01
1140,2013-02-14,00:00:00.00,0.00647944,8.54153,8.28
1141,2013-02-15,00:00:00.00,3.05856,8.42875,7.65
1142,2013-02-16,00:00:00.00,1.6458,8.2551,7.93
1143,2013-02-17,00:00:00.00,1.29738,8.08897,6.82
1144,2013-02-18,00:00:00.00,0.734518,7.94254,4.63
1145,2013-02-19,00:00:00.00,0.0880294,7.79534,3.49
1146,2013-02-20,00:00:00.00,16.242,7.69411,14
1147,2013-02-21,00:00:00.00,0.985845,7.76929,25.4
1148,2013-02-22,00:00:00.00,1.26219,8.10265,14.3
1149,2013-02-23,00:00:00.00,4.53218,8.27101,10.1
1150,2013-02-24,00:00:00.00,0.481811,8.01632,11.4
1151,2013-02-25,00:00:00.00,0.744453,7.67267,7.46
1152,2013-02-26,00:00:00.00,0.00709517,7.43831,5.97
1153,2013-02-27,00:00:00.00,7.57802,7.3149,5.67
1154,2013-02-28,00:00:00.00,8.83412,7.31234,19.7
1155,2013-03-01,00:00:00.00,1.69399,7.51938,46.5
1156,2013-03-02,00:00:00.00,0.0399669,7.82565,36.4
1157,2013-03-03,00:00:00.00,0.0204834,7.85521,21
1158,2013-03-04,00:00:00.00,0.227487,7.56953,12.6
1159,2013-03-05,00:00:00.00,0.134259,7.26715,8.1
1160,2013-03-06,00:00:00.00,0.00182606,7.07479,6.33
1161,2013-03-07,00:00:00.00,0.000302022,6.95623,7.35
1162,2013-03-08,00:00:00.00,0.142164,6.85717,10.3
1163,2013-03-09,00:00:00.00,0.0158052,6.76065,8.53
1164,2013-03-10,00:00:00.00,0.00177532,6.66654,10.3
1165,2013-03-11,00:00:00.00,0.038698,6.57474,16.4
1166,2013-03-12,00:00:00.00,17.7161,7.01153,29.5
1167,2013-03-13,00:00:00.00,1.58219,9.67736,51.9
1168,2013-03-14,00:00:00.00,2.54935,16.4656,46.5
1169,2013-03-15,00:00:00.00,0.182103,20.8533,35
1170,2013-03-16,00:00:00.00,1.39115,18.6595,20.7
1171,2013-03-17,00:00:00.00,2.79998,15.2489,14.5
1172,2013-03-18,00:00:00.00,0.132416,13.2797,10.7
1173,2013-03-19,00:00:00.00,1.78044,12.5556,8.76
1174,2013-03-20,00:00:00.00,0.611648,12.1909,7.63
1175,2013-03-21,00:00:00.00,0.0361272,11.8497,6.55
1176,2013-03-22,00:00:00.00,3.54989,11.5295,5.74
1177,2013-03-23,00:00:00.00,0.473071,11.2282,5.16
1178,2013-03-24,00:00:00.00,0.00538173,10.9441,4.67
1179,2013-03-25,00:00:00.00,0.00233053,10.6756,4.4
1180,2013-03-26,00:00:00.00,0.120552,10.4208,4.42
1181,2013-03-27,00:00:00.00,0.016519,10.1785,4.46
1182,2013-03-28,00:00:00.00,0.144631,9.99847,4.76
1183,2013-03-29,00:00:00.00,0.117813,10.0443,5.25
1184,2013-03-30,00:00:00.00,0.00549886,10.4529,5.64
1185,2013-03-31,00:00:00.00,0.0001175,10.7073,5.47
1186,2013-04-01,00:00:00.00,1.25095,10.404,5.08
1187,2013-04-02,00:00:00.00,1.55141,9.91446,4.9
1188,2013-04-03,00:00:00.00,0.115781,9.53637,4.49
1189,2013-04-04,00:00:00.00,0.113387,9.29137,4.01
1190,2013-04-05,00:00:00.00,0.0103667,9.10051,3.65
1191,2013-04-06,00:00:00.00,0.00208817,8.92156,3.42
1192,2013-04-07,00:00:00.00,0.0327919,8.74922,3.25
1193,2013-04-08,00:00:00.00,0.0220196,8.58352,3.06
1194,2013-04-09,00:00:00.00,5.77241,8.45134,2.98
1195,2013-04-10,00:00:00.00,31.2018,8.64877,3.7
1196,2013-04-11,00:00:00.00,17.7085,10.0369,51.1
1197,2013-04-12,00:00:00.00,26.9309,13.5726,103
1198,2013-04-13,00:00:00.00,17.0428,17.9526,174
1199,2013-04-14,00:00:00.00,0.281109,21.6416,135
1200,2013-04-15,00:00:00.00,0.00730163,23.4723,59.1
1201,2013-04-16,00:00:00.00,0.101962,22.1726,33.2
1202,2013-04-17,00:00:00.00,1.79774,19.4642,20.6
1203,2013-04-18,00:00:00.00,6.66859,17.4826,14.8
1204,2013-04-19,00:00:00.00,9.13746,16.6439,21
1205,2013-04-20,00:00:00.00,9.267,16.8961,35.7
1206,2013-04-21,00:00:00.00,0.536112,17.7844,25
1207,2013-04-22,00:00:00.00,0.0042642,18.4175,18.9
1208,2013-04-23,00:00:00.00,3.74566e-308,17.9907,15.5
1209,2013-04-24,00:00:00.00,0.305365,16.8115,11
1210,2013-04-25,00:00:00.00,16.6945,15.909,9.66
1211,2013-04-26,00:00:00.00,3.66105,15.9685,16
1212,2013-04-27,00:00:00.00,9.5414e-308,17.3133,14.4
1213,2013-04-28,00:00:00.00,2.08314e-308,18.1321,11.7
1214,2013-04-29,00:00:00.00,8.60694,17.3318,9.48
1215,2013-04-30,00:00:00.00,0.896848,16.3706,8.76
1216,2013-05-01,00:00:00.00,0.174623,16.1175,9.01
1217,2013-05-02,00:00:00.00,0.000526735,15.9192,7.95
1218,2013-05-03,00:00:00.00,0,15.2233,6.86
1219,2013-05-04,00:00:00.00,0,14.4619,5.88
1220,2013-05-05,00:00:00.00,0,13.8502,5.12
1221,2013-05-06,00:00:00.00,8.62653e-308,13.3702,4.56
1222,2013-05-07,00:00:00.00,0,12.9449,4.16
1223,2013-05-08,00:00:00.00,0.00177562,12.5434,3.79
1224,2013-05-09,00:00:00.00,1.14831,12.1637,4.31
1225,2013-05-10,00:00:00.00,0.235555,11.8042,4.41
1226,2013-05-11,00:00:00.00,4.33406,11.473,3.55
1227,2013-05-12,00:00:00.00,2.58555,11.1978,3.48
1228,2013-05-13,00:00:00.00,1.50418,10.9996,3.38
1229,2013-05-14,00:00:00.00,0.041699,10.7857,3.24
1230,2013-05-15,00:00:00.00,1.29905,10.4964,3.04
1231,2013-05-16,00:00:00.00,0.414118,10.1994,2.94
1232,2013-05-17,00:00:00.00,0.00952847,9.93167,2.88
1233,2013-05-18,00:00:00.00,8.3934e-308,9.69026,2.74
1234,2013-05-19,00:00:00.00,0.00476039,9.4613,2.65
1235,2013-05-20,00:00:00.00,0.0223187,9.23961,2.61
1236,2013-05-21,00:00:00.00,0.0177311,9.025,2.54
1237,2013-05-22,00:00:00.00,0.0841004,8.81682,2.45
1238,2013-05-23,00:00:00.00,0.212904,8.61453,2.33
1239,2013-05-24,00:00:00.00,2.33875,8.41826,2.19
1240,2013-05-25,00:00:00.00,0.180252,8.22925,2.08
1241,2013-05-26,00:00:00.00,0.0160116,8.04954,2.02
1242,2013-05-27,00:00:00.00,0,7.87902,1.97
1243,2013-05-28,00:00:00.00,0.860543,7.7153,1.91
1244,2013-05-29,00:00:00.00,42.5971,7.80647,4.05
1245,2013-05-30,00:00:00.00,23.9142,9.07107,33.2
1246,2013-05-31,00:00:00.00,0.0281775,12.6712,36.7
1247,2013-06-01,00:00:00.00,3.91773,16.2103,20.6
1248,2013-06-02,00:00:00.00,5.78045,16.2601,17.5
1249,2013-06-03,00:00:00.00,5.04654,14.1608,16.7
1250,2013-06-04,00:00:00.00,0.000228651,12.5444,11.9
1251,2013-06-05,00:00:00.00,0.00144848,11.8613,9.61
1252,2013-06-06,00:00:00.00,0.000302696,11.4715,7.11
1253,2013-06-07,00:00:00.00,1.21022,11.0501,4.98
1254,2013-06-08,00:00:00.00,0.158522,10.6527,4.02
1255,2013-06-09,00:00:00.00,0.00614656,10.3184,3.69
1256,2013-06-10,00:00:00.00,0.744429,10.0254,3.3
1257,2013-06-11,00:00:00.00,16.6487,9.8411,3.01
1258,2013-06-12,00:00:00.00,0.451489,10.0354,3.32
1259,2013-06-13,00:00:00.00,0.277157,10.8091,3.76
1260,2013-06-14,00:00:00.00,16.3757,11.2943,5.08
1261,2013-06-15,00:00:00.00,0.0362614,11.213,6.49
1262,2013-06-16,00:00:00.00,0.0179671,11.5335,5.15
1263,2013-06-17,00:00:00.00,4.45886,11.6826,3.86
1264,2013-06-18,00:00:00.00,4.06498,11.0762,3.26
1265,2013-06-19,00:00:00.00,0.718017,10.3663,2.91
1266,2013-06-20,00:00:00.00,0.00148808,9.87713,2.9
1267,2013-06-21,00:00:00.00,0.000965953,9.55928,2.65
1268,2013-06-22,00:00:00.00,8.11149e-308,9.29563,2.31
1269,2013-06-23,00:00:00.00,0.938729,9.04593,2.08
1270,2013-06-24,00:00:00.00,0.0632598,8.80989,1.94
1271,2013-06-25,00:00:00.00,0.116583,8.58419,1.81
1272,2013-06-26,00:00:00.00,1.38483,8.36696,1.7
1273,2013-06-27,00:00:00.00,3.28648,8.15794,1.62
1274,2013-06-28,00:00:00.00,6.49631,7.9705,1.6
1275,2013-06-29,00:00:00.00,17.7551,7.92501,1.75
1276,2013-06-30,00:00:00.00,0.0988751,8.29637,2.37
1277,2013-07-01,00:00:00.00,0.00247245,9.13434,3.05
1278,2013-07-02,00:00:00.00,0.678852,9.50134,2.66
1279,2013-07-03,00:00:00.00,0.106624,8.97458,2.25
1280,2013-07-04,00:00:00.00,2.80354,8.30042,1.99
1281,2013-07-05,00:00:00.00,6.05187,7.87993,1.79
1282,2013-07-06,00:00:00.00,14.6915,7.75902,4.74
1283,2013-07-07,00:00:00.00,8.77597,8.03327,8.16
1284,2013-07-08,00:00:00.00,1.05562,8.75646,5.28
1285,2013-07-09,00:00:00.00,11.2332,9.32494,4.33
1286,2013-07-10,00:00:00.00,2.64463,9.2879,10.9
1287,2013-07-11,00:00:00.00,4.99644,9.12811,13.4
1288,2013-07-12,00:00:00.00,0.0155643,8.93524,7.77
1289,2013-07-13,00:00:00.00,0.00836673,8.54509,5.93
1290,2013-07-14,00:00:00.00,4.47493e-308,8.14654,4.33
1291,2013-07-15,00:00:00.00,5.32312e-308,7.83155,3.22
1292,2013-07-16,00:00:00.00,0.060759,7.60269,2.6
1293,2013-07-17,00:00:00.00,0.0173877,7.41389,2.23
1294,2013-07-18,00:00:00.00,1.70675,7.23932,2
1295,2013-07-19,00:00:00.00,0.194079,7.07289,1.85
1296,2013-07-20,00:00:00.00,2.25228,6.91263,1.7
1297,2013-07-21,00:00:00.00,1.26534,6.75858,1.57
1298,2013-07-22,00:00:00.00,0.000235086,6.61063,1.48
1299,2013-07-23,00:00:00.00,0.0496709,6.4685,1.39
1300,2013-07-24,00:00:00.00,5.01305,6.33649,1.35
1301,2013-07-25,00:00:00.00,0.00755853,6.23003,1.35
1302,2013-07-26,00:00:00.00,0.0035896,6.15943,1.39
1303,2013-07-27,00:00:00.00,0.00214249,6.07231,1.29
1304,2013-07-28,00:00:00.00,5.37868,5.94226,1.28
1305,2013-07-29,00:00:00.00,1.27316,5.83383,1.24
1306,2013-07-30,00:00:00.00,0.689665,5.78869,1.25
1307,2013-07-31,00:00:00.00,0.00380787,5.72909,1.24
1308,2013-08-01,00:00:00.00,17.912,5.66003,1.19
1309,2013-08-02,00:00:00.00,14.6681,5.87985,1.44
1310,2013-08-03,00:00:00.00,3.98268,6.71282,2.6
1311,2013-08-04,00:00:00.00,0.21856,7.62911,2.27
1312,2013-08-05,00:00:00.00,0.0269023,7.67508,1.75
1313,2013-08-06,00:00:00.00,0.00315275,7.00521,1.61
1314,2013-08-07,00:00:00.00,1.35243,6.37263,1.43
1315,2013-08-08,00:00:00.00,13.6985,6.08456,1.4
1316,2013-08-09,00:00:00.00,0.056045,6.15782,1.42
1317,2013-08-10,00:00:00.00,7.90027e-308,6.548,1.47
1318,2013-08-11,00:00:00.00,0.00790771,6.751,1.32
1319,2013-08-12,00:00:00.00,0.0980135,6.46888,1.27
1320,2013-08-13,00:00:00.00,0.52619,6.07679,1.23
1321,2013-08-14,00:00:00.00,0.815342,5.81657,1.16
1322,2013-08-15,00:00:00.00,2.21989,5.67101,1.17
1323,2013-08-16,00:00:00.00,0.00500063,5.56029,1.15
1324,2013-08-17,00:00:00.00,0.000116493,5.45406,1.12
1325,2013-08-18,00:00:00.00,0.0128902,5.35136,1.08
1326,2013-08-19,00:00:00.00,0.00924033,5.25106,1.09
1327,2013-08-20,00:00:00.00,2.8155e-308,5.15287,1.03
1328,2013-08-21,00:00:00.00,0.0123648,5.05702,0.967
1329,2013-08-22,00:00:00.00,0.00423604,4.96367,0.946
1330,2013-08-23,00:00:00.00,1.00856,4.87283,0.938
1331,2013-08-24,00:00:00.00,0.0832738,4.7845,0.916
1332,2013-08-25,00:00:00.00,0.000565101,4.69883,0.921
1333,2013-08-26,00:00:00.00,0.0137116,4.61575,0.864
1334,2013-08-27,00:00:00.00,0.935763,4.53494,0.85
1335,2013-08-28,00:00:00.00,2.06484,4.45627,0.839
1336,2013-08-29,00:00:00.00,29.8642,4.47924,1.38
1337,2013-08-30,00:00:00.00,0.0593936,4.8991,1.76
1338,2013-08-31,00:00:00.00,0.114173,5.90353,1.91
1339,2013-09-01,00:00:00.00,0.0550138,6.50671,1.42
1340,2013-09-02,00:00:00.00,0.115825,6.05088,1.19
1341,2013-09-03,00:00:00.00,0.106224,5.33748,1.08
1342,2013-09-04,00:00:00.00,0.866927,4.92201,1.02
1343,2013-09-05,00:00:00.00,0.0336407,4.76371,0.975
1344,2013-09-06,00:00:00.00,0,4.67806,0.94
1345,2013-09-07,00:00:00.00,0.00022505,4.59515,0.899
1346,2013-09-08,00:00:00.00,1.80519,4.51471,0.854
1347,2013-09-09,00:00:00.00,0.430884,4.43674,0.84
1348,2013-09-10,00:00:00.00,0.611544,4.3614,0.845
1349,2013-09-11,00:00:00.00,0.302255,4.2885,0.821
1350,2013-09-12,00:00:00.00,33.7958,4.32914,0.828
1351,2013-09-13,00:00:00.00,21.9717,4.89235,1.18
1352,2013-09-14,00:00:00.00,1.16352,6.43876,6.66
1353,2013-09-15,00:00:00.00,0.00328113,8.01556,9.07
1354,2013-09-16,00:00:00.00,1.46721,8.06349,8.59
1355,2013-09-17,00:00:00.00,0.707299,6.96492,5.25
1356,2013-09-18,00:00:00.00,0.0505198,6.00325,2.68
1357,2013-09-19,00:00:00.00,0.0382996,5.56312,1.98
1358,2013-09-20,00:00:00.00,0.0168777,5.40307,1.68
1359,2013-09-21,00:00:00.00,51.8764,5.52232,1.88
1360,2013-09-22,00:00:00.00,40.1476,6.74615,18.1
1361,2013-09-23,00:00:00.00,1.48452,10.3127,46.9
1362,2013-09-24,00:00:00.00,0.159683,14.4113,58.7
1363,2013-09-25,00:00:00.00,4.99877e-308,15.0632,45.2
1364,2013-09-26,00:00:00.00,0,12.7496,18.9
1365,2013-09-27,00:00:00.00,0,10.5958,10.7
1366,2013-09-28,00:00:00.00,0.00239439,9.55187,6.42
1367,2013-09-29,00:00:00.00,7.63125e-308,9.14735,4.42
1368,2013-09-30,00:00:00.00,1.73727,8.88796,3.57
1369,2013-10-01,00:00:00.00,1.60039,8.64286,3.14
1370,2013-10-02,00:00:00.00,0.00281659,8.41192,2.88
1371,2013-10-03,00:00:00.00,0.00449429,8.19421,2.56
1372,2013-10-04,00:00:00.00,2.20513,7.98751,2.39
1373,2013-10-05,00:00:00.00,5.32613,7.80717,2.3
1374,2013-10-06,00:00:00.00,5.31426,7.72123,2.35
1375,2013-10-07,00:00:00.00,24.9002,7.94769,3.17
1376,2013-10-08,00:00:00.00,14.6016,8.84241,29
1377,2013-10-09,00:00:00.00,0.000211288,10.6962,37.6
1378,2013-10-10,00:00:00.00,0,12.2975,20.5
1379,2013-10-11,00:00:00.00,0.00172974,12.0967,16.1
1380,2013-10-12,00:00:00.00,0.00156561,10.7944,11.4
1381,2013-10-13,00:00:00.00,0.0276205,9.71618,6.52
1382,2013-10-14,00:00:00.00,2.03324,9.15905,4.61
1383,2013-10-15,00:00:00.00,0.0461336,8.8756,3.83
1384,2013-10-16,00:00:00.00,0.0977456,8.66122,3.37
1385,2013-10-17,00:00:00.00,3.91327,8.46727,3.09
1386,2013-10-18,00:00:00.00,7.25999,8.3602,2.99
1387,2013-10-19,00:00:00.00,0.22136,8.48495,2.91
1388,2013-10-20,00:00:00.00,6.74203,8.81954,3.03
1389,2013-10-21,00:00:00.00,0.0283515,9.01547,3.06
1390,2013-10-22,00:00:00.00,4.86294,9.04749,3.25
1391,2013-10-23,00:00:00.00,0.00351897,8.98443,3.25
1392,2013-10-24,00:00:00.00,1.64523,8.82681,3.39
1393,2013-10-25,00:00:00.00,1.85157,8.61391,3.25
1394,2013-10-26,00:00:00.00,1.20129,8.32921,3.09
1395,2013-10-27,00:00:00.00,4.37412,8.11409,3.12
1396,2013-10-28,00:00:00.00,0.443819,8.01602,3.91
1397,2013-10-29,00:00:00.00,0.00950358,8.04096,5.68
1398,2013-10-30,00:00:00.00,0.0165796,7.99121,5.6
1399,2013-10-31,00:00:00.00,0.000131036,7.75228,4.33
1400,2013-11-01,00:00:00.00,31.6788,7.675,4.53
1401,2013-11-02,00:00:00.00,1.37153,8.42967,24.9
1402,2013-11-03,00:00:00.00,6.45296,10.5042,25.6
1403,2013-11-04,00:00:00.00,0.000322797,11.9489,24.5
1404,2013-11-05,00:00:00.00,0.000176785,11.5655,20.1
1405,2013-11-06,00:00:00.00,0.0238558,10.5857,13.1
1406,2013-11-07,00:00:00.00,8.40135,9.75169,8.58
1407,2013-11-08,00:00:00.00,0.395891,9.47387,6.78
1408,2013-11-09,00:00:00.00,0.343284,9.7257,6.82
1409,2013-11-10,00:00:00.00,0.0730848,9.85251,6.48
1410,2013-11-11,00:00:00.00,0.141965,9.48746,6.13
1411,2013-11-12,00:00:00.00,7.15186,9.05888,5.32
1412,2013-11-13,00:00:00.00,6.39376,8.90457,5.21
1413,2013-11-14,00:00:00.00,0.134787,9.106,5.72
1414,2013-11-15,00:00:00.00,0.000232576,9.26632,6.16
1415,2013-11-16,00:00:00.00,8.58688e-308,9.07188,7.02
1416,2013-11-17,00:00:00.00,0.00272876,8.79666,7.01
1417,2013-11-18,00:00:00.00,11.183,8.7888,6.55
1418,2013-11-19,00:00:00.00,0.0596285,9.08353,13.8
1419,2013-11-20,00:00:00.00,0.0592362,9.65047,10.6
1420,2013-11-21,00:00:00.00,0.00353769,9.87896,6.59
1421,2013-11-22,00:00:00.00,3.80373,9.43567,5.44
1422,2013-11-23,00:00:00.00,7.15161,9.02154,5.81
1423,2013-11-24,00:00:00.00,0.510766,9.12072,9.09
1424,2013-11-25,00:00:00.00,3.75443,9.57089,7.47
1425,2013-11-26,00:00:00.00,0.3399,9.65379,6.04
1426,2013-11-27,00:00:00.00,0.0250181,9.22152,5.13
1427,2013-11-28,00:00:00.00,12.5486,8.76593,4.53
1428,2013-11-29,00:00:00.00,3.53648,8.53384,4.25
1429,2013-11-30,00:00:00.00,0.0105331,8.50542,4.12
1430,2013-12-01,00:00:00.00,0,8.45012,4.12
1431,2013-12-02,00:00:00.00,0.0865866,8.25269,4.07
1432,2013-12-03,00:00:00.00,0.0925898,8.02998,4.31
1433,2013-12-04,00:00:00.00,0.149393,7.84894,4.73
1434,2013-12-05,00:00:00.00,1.6261,7.7103,5.23
1435,2013-12-06,00:00:00.00,1.31119,7.73898,6.22
1436,2013-12-07,00:00:00.00,0.00316789,8.33682,8.82
1437,2013-12-08,00:00:00.00,0.0207762,9.74057,15.7
1438,2013-12-09,00:00:00.00,0.134255,10.5348,19.3
1439,2013-12-10,00:00:00.00,0.49363,9.92153,12.7
1440,2013-12-11,00:00:00.00,0.0647102,9.03531,8.59
1441,2013-12-12,00:00:00.00,0.5847,8.50345,6.29
1442,2013-12-13,00:00:00.00,0.145305,8.2704,5.24
1443,2013-12-14,00:00:00.00,0.91531,8.12324,4.92
1444,2013-12-15,00:00:00.00,11.1299,7.98259,4.64
1445,2013-12-16,00:00:00.00,2.79393,7.84792,4.45
1446,2013-12-17,00:00:00.00,0.402254,7.71876,4.28
1447,2013-12-18,00:00:00.00,8.14113,7.59477,4.18
1448,2013-12-19,00:00:00.00,1.13053,7.47568,4.12
1449,2013-12-20,00:00:00.00,0.396288,7.36119,4.07
1450,2013-12-21,00:00:00.00,9.56726,7.29775,4.07
1451,2013-12-22,00:00:00.00,15.828,7.48935,5.06
1452,2013-12-23,00:00:00.00,13.16,8.37753,33.8
1453,2013-12-24,00:00:00.00,0.263616,10.1035,55.2
1454,2013-12-25,00:00:00.00,7.28412,12.0842,35.2
1455,2013-12-26,00:00:00.00,2.41169,12.617,28
1456,2013-12-27,00:00:00.00,3.62356,11.451,21.7
1457,2013-12-28,00:00:00.00,2.14645,10.2223,15.2
1458,2013-12-29,00:00:00.00,0.000173983,9.55935,9.85
1459,2013-12-30,00:00:00.00,0.0944416,9.27768,7.78
1460,2013-12-31,00:00:00.00,0.110749,9.09618,6.65
1461,2014-01-01,00:00:00.00,2.6093,8.92294,5.13
1462,2014-01-02,00:00:00.00,1.71879,8.75777,3.92
1463,2014-01-03,00:00:00.00,3.70624,8.60043,3.27
1464,2014-01-04,00:00:00.00,0.0754085,8.45042,3.19
1465,2014-01-05,00:00:00.00,1.83948,8.30726,3.23
1466,2014-01-06,00:00:00.00,18.638,8.19289,3.27
1467,2014-01-07,00:00:00.00,6.06173,8.17477,3.2
1468,2014-01-08,00:00:00.00,0.239027,8.29761,3.09
1469,2014-01-09,00:00:00.00,0.0127694,8.33134,3.04
1470,2014-01-10,00:00:00.00,0.853247,8.13703,3.03
1471,2014-01-11,00:00:00.00,5.46936,7.91302,3.23
1472,2014-01-12,00:00:00.00,20.7384,7.93849,15.4
1473,2014-01-13,00:00:00.00,0.0688281,8.62702,54.9
1474,2014-01-14,00:00:00.00,0.033404,10.0783,54.1
1475,2014-01-15,00:00:00.00,0.181674,10.8319,53.9
1476,2014-01-16,00:00:00.00,0.227023,10.1876,47.1
1477,2014-01-17,00:00:00.00,3.06926,9.30256,32.2
1478,2014-01-18,00:00:00.00,5.15546,8.78438,20.7
1479,2014-01-19,00:00:00.00,1.98782,8.57304,14.5
1480,2014-01-20,00:00:00.00,0.156544,8.46243,10.6
1481,2014-01-21,00:00:00.00,0.903434,8.34585,7.84
1482,2014-01-22,00:00:00.00,0.318696,8.20486,5.73
1483,2014-01-23,00:00:00.00,1.46268,8.06265,4.7
1484,2014-01-24,00:00:00.00,1.14389,7.93279,3.96
1485,2014-01-25,00:00:00.00,2.53267,7.81426,3.48
1486,2014-01-26,00:00:00.00,12.3424,7.70214,3.4
1487,2014-01-27,00:00:00.00,4.43143,7.59423,3.32
1488,2014-01-28,00:00:00.00,3.62122,7.49005,3.25
1489,2014-01-29,00:00:00.00,0.0414184,7.38937,3.2
1490,2014-01-30,00:00:00.00,0.0157745,7.29224,3.24
1491,2014-01-31,00:00:00.00,0.578858,7.19866,3.29
1492,2014-02-01,00:00:00.00,0.332375,7.10839,3.34
1493,2014-02-02,00:00:00.00,13.8355,7.03901,3.36
1494,2014-02-03,00:00:00.00,0.826994,7.04473,3.24
1495,2014-02-04,00:00:00.00,0.0189426,7.16063,3.11
1496,2014-02-05,00:00:00.00,1.72825,7.20414,2.97
1497,2014-02-06,00:00:00.00,16.8339,7.06145,2.84
1498,2014-02-07,00:00:00.00,0.427287,6.87849,2.71
1499,2014-02-08,00:00:00.00,0.0267109,6.74587,2.58
1500,2014-02-09,00:00:00.00,2.2194,6.65712,2.47
1501,2014-02-10,00:00:00.00,4.61545,6.58223,2.37
1502,2014-02-11,00:00:00.00,1.15534,6.5097,2.26
1503,2014-02-12,00:00:00.00,0.177406,6.43921,2.15
1504,2014-02-13,00:00:00.00,0.00808484,6.37053,2.08
1505,2014-02-14,00:00:00.00,0.0240928,6.30365,2.06
1506,2014-02-15,00:00:00.00,1.35699,6.23847,2.04
1507,2014-02-16,00:00:00.00,0.226879,6.17468,2.02
1508,2014-02-17,00:00:00.00,0.392356,6.1121,2
1509,2014-02-18,00:00:00.00,5.24255,6.05085,2.06
1510,2014-02-19,00:00:00.00,5.55804,5.9911,2.14
1511,2014-02-20,00:00:00.00,0.0418637,5.93275,2.23
1512,2014-02-21,00:00:00.00,8.31311,5.90421,2.75
1513,2014-02-22,00:00:00.00,0.489936,5.99133,5.71
1514,2014-02-23,00:00:00.00,0,6.24822,12.6
1515,2014-02-24,00:00:00.00,0.023508,6.38944,23.3
1516,2014-02-25,00:00:00.00,0.158593,6.23119,24
1517,2014-02-26,00:00:00.00,0.184089,6.00295,19.8
1518,2014-02-27,00:00:00.00,0.119552,5.85608,15.8
1519,2014-02-28,00:00:00.00,0.587145,5.77985,12.8
1520,2014-03-01,00:00:00.00,0.0201349,5.72423,10.7
1521,2014-03-02,00:00:00.00,2.13554,5.67029,9.56
1522,2014-03-03,00:00:00.00,2.7932,5.61779,9.13
1523,2014-03-04,00:00:00.00,0.00363858,5.56638,8.32
1524,2014-03-05,00:00:00.00,0.0368643,5.51602,7.57
1525,2014-03-06,00:00:00.00,0.0052039,5.46694,7.37
1526,2014-03-07,00:00:00.00,4.84844e-308,5.41897,7.32
1527,2014-03-08,00:00:00.00,0,5.37166,6.96
1528,2014-03-09,00:00:00.00,0.00751936,5.32468,7.08
1529,2014-03-10,00:00:00.00,0.00723818,5.27787,7.18
1530,2014-03-11,00:00:00.00,0.012682,5.23129,7.2
1531,2014-03-12,00:00:00.00,0.0839518,5.18509,11.3
1532,2014-03-13,00:00:00.00,12.0669,5.13913,32.4
1533,2014-03-14,00:00:00.00,0.00252407,5.09334,40.9
1534,2014-03-15,00:00:00.00,0.0758625,5.04815,37
1535,2014-03-16,00:00:00.00,0.128248,5.004,55
1536,2014-03-17,00:00:00.00,0.00098579,4.96064,69.3
1537,2014-03-18,00:00:00.00,0.000565438,4.91773,55.6
1538,2014-03-19,00:00:00.00,0.000501273,4.87552,42.7
1539,2014-03-20,00:00:00.00,4.00269,4.84718,50.6
1540,2014-03-21,00:00:00.00,0.496392,4.87092,85.5
1541,2014-03-22,00:00:00.00,0.0804292,4.96914,76.5
1542,2014-03-23,00:00:00.00,2.36937,5.01603,57.4
1543,2014-03-24,00:00:00.00,0.16744,4.92808,51.2
1544,2014-03-25,00:00:00.00,0.139547,4.80718,34.3
1545,2014-03-26,00:00:00.00,2.42361,4.72524,23.9
1546,2014-03-27,00:00:00.00,0.0283563,4.67663,14.2
1547,2014-03-28,00:00:00.00,4.23878,4.63733,9.78
1548,2014-03-29,00:00:00.00,2.57351,4.60272,13
1549,2014-03-30,00:00:00.00,0,4.5854,32.7
1550,2014-03-31,00:00:00.00,0,4.59219,25.2
1551,2014-04-01,00:00:00.00,0.000126957,4.58272,26.2
1552,2014-04-02,00:00:00.00,0.027242,4.7889,30.6
1553,2014-04-03,00:00:00.00,4.9021e-308,6.1617,32.6
1554,2014-04-04,00:00:00.00,0.321173,9.86253,27
1555,2014-04-05,00:00:00.00,8.78648,14.0879,22.9
1556,2014-04-06,00:00:00.00,0.14989,17.1787,28.3
1557,2014-04-07,00:00:00.00,0,22.2464,20.3
1558,2014-04-08,00:00:00.00,4.67557,27.3937,17.3
1559,2014-04-09,00:00:00.00,4.06103,31.994,22.1
1560,2014-04-10,00:00:00.00,0.000320363,35.547,20.7
1561,2014-04-11,00:00:00.00,1.33278,33.8878,15.9
1562,2014-04-12,00:00:00.00,0.0020795,29.6068,13.3
1563,2014-04-13,00:00:00.00,6.02906,26.066,10
1564,2014-04-14,00:00:00.00,1.32812,24.0514,10.3
1565,2014-04-15,00:00:00.00,0.413937,23.1294,11.4
1566,2014-04-16,00:00:00.00,6.31669,22.2671,9.61
1567,2014-04-17,00:00:00.00,0.0113874,21.0621,8.84
1568,2014-04-18,00:00:00.00,5.11581e-308,19.9065,8.14
1569,2014-04-19,00:00:00.00,0.0464235,18.9409,7.45
1570,2014-04-20,00:00:00.00,0.000413733,18.1802,6.64
1571,2014-04-21,00:00:00.00,0.000192222,17.5958,5.75
1572,2014-04-22,00:00:00.00,0.00437101,17.0136,5.08
1573,2014-04-23,00:00:00.00,5.71062,16.3856,4.74
1574,2014-04-24,00:00:00.00,0.610869,15.9318,4.71
1575,2014-04-25,00:00:00.00,0.0054019,15.7789,4.52
1576,2014-04-26,00:00:00.00,5.98038,15.5597,4.17
1577,2014-04-27,00:00:00.00,0.213197,15.1627,4.31
1578,2014-04-28,00:00:00.00,1.9978e-308,14.979,4.71
1579,2014-04-29,00:00:00.00,0.0105505,14.7251,4.29
1580,2014-04-30,00:00:00.00,22.7258,14.367,7.93
1581,2014-05-01,00:00:00.00,9.84514,14.8867,41.4
1582,2014-05-02,00:00:00.00,0.918706,17.1968,31.1
1583,2014-05-03,00:00:00.00,1.88681,19.1892,19.4
1584,2014-05-04,00:00:00.00,6.8221,18.7237,15.5
1585,2014-05-05,00:00:00.00,0.428749,17.296,14.8
1586,2014-05-06,00:00:00.00,0.000512597,16.4909,12.2
1587,2014-05-07,00:00:00.00,0.000234168,16.0237,9.63
1588,2014-05-08,00:00:00.00,0.509917,15.3439,7.85
1589,2014-05-09,00:00:00.00,0.702478,14.6538,6.72
1590,2014-05-10,00:00:00.00,1.15382,14.0839,6.13
1591,2014-05-11,00:00:00.00,3.69409,13.6233,6.32
1592,2014-05-12,00:00:00.00,0.00109157,13.2239,5.93
1593,2014-05-13,00:00:00.00,7.15277,12.9008,5.1
1594,2014-05-14,00:00:00.00,7.57715,12.7438,5.22
1595,2014-05-15,00:00:00.00,8.66292,12.9496,7.55
1596,2014-05-16,00:00:00.00,25.0296,13.6581,66.7
1597,2014-05-17,00:00:00.00,0.000382895,15.1499,87.2
1598,2014-05-18,00:00:00.00,0.387138,17.5109,33.7
1599,2014-05-19,00:00:00.00,0.0635945,18.3704,22.8
1600,2014-05-20,00:00:00.00,0.0222598,16.942,14
1601,2014-05-21,00:00:00.00,5.13389,15.3509,8.62
1602,2014-05-22,00:00:00.00,11.6595,14.497,8.96
1603,2014-05-23,00:00:00.00,0.0256879,14.516,10.7
1604,2014-05-24,00:00:00.00,0.278605,15.1026,11.5
1605,2014-05-25,00:00:00.00,0.0108344,15.1887,9.95
1606,2014-05-26,00:00:00.00,0.000152527,14.4513,6.81
1607,2014-05-27,00:00:00.00,7.01743e-308,13.6308,5.35
1608,2014-05-28,00:00:00.00,8.93676,13.0635,4.56
1609,2014-05-29,00:00:00.00,0.0201348,12.8331,4.39
1610,2014-05-30,00:00:00.00,0.00769148,12.925,4.74
1611,2014-05-31,00:00:00.00,0.000403451,12.855,3.99
1612,2014-06-01,00:00:00.00,1.9317e-308,12.3748,3.43
1613,2014-06-02,00:00:00.00,0.0102809,11.8332,3.07
1614,2014-06-03,00:00:00.00,6.56639,11.4137,2.86
1615,2014-06-04,00:00:00.00,1.15494,11.1581,2.99
1616,2014-06-05,00:00:00.00,0.00342176,11.0493,3.51
1617,2014-06-06,00:00:00.00,0.0480517,10.8819,3.09
1618,2014-06-07,00:00:00.00,0,10.5483,2.73
1619,2014-06-08,00:00:00.00,0,10.191,2.46
1620,2014-06-09,00:00:00.00,1.73548,9.88335,2.29
1621,2014-06-10,00:00:00.00,0.000206958,9.62012,2.2
1622,2014-06-11,00:00:00.00,0.000929053,9.37726,2.14
1623,2014-06-12,00:00:00.00,4.70641,9.14887,2.04
1624,2014-06-13,00:00:00.00,1.74851,8.94646,2.11
1625,2014-06-14,00:00:00.00,2.03462,8.77971,2.35
1626,2014-06-15,00:00:00.00,0.00287145,8.60715,2.43
1627,2014-06-16,00:00:00.00,0.000132723,8.40182,2.2
1628,2014-06-17,00:00:00.00,0.0473491,8.19413,2.01
1629,2014-06-18,00:00:00.00,0.0211343,8.00084,1.84
1630,2014-06-19,00:00:00.00,12.1425,7.86815,1.75
1631,2014-06-20,00:00:00.00,0.627256,7.93591,1.79
1632,2014-06-21,00:00:00.00,0.0252205,8.30094,2
1633,2014-06-22,00:00:00.00,9.09027e-308,8.47093,1.85
1634,2014-06-23,00:00:00.00,8.529e-308,8.14511,1.74
1635,2014-06-24,00:00:00.00,5.6552,7.7231,1.6
1636,2014-06-25,00:00:00.00,11.4323,7.49982,1.68
1637,2014-06-26,00:00:00.00,0.0924624,7.60065,1.95
1638,2014-06-27,00:00:00.00,0.0440786,7.95844,2.07
1639,2014-06-28,00:00:00.00,0.0026563,8.07141,1.97
1640,2014-06-29,00:00:00.00,0.0565789,7.7365,1.81
1641,2014-06-30,00:00:00.00,13.6934,7.37956,1.65
1642,2014-07-01,00:00:00.00,0.310544,7.35546,1.63
1643,2014-07-02,00:00:00.00,2.10424,7.74076,1.88
1644,2014-07-03,00:00:00.00,0.059814,7.94436,1.87
1645,2014-07-04,00:00:00.00,0.529074,7.62009,1.68
1646,2014-07-05,00:00:00.00,2.29667e-308,7.1831,1.5
1647,2014-07-06,00:00:00.00,0,6.88399,1.38
1648,2014-07-07,00:00:00.00,0.00131227,6.70449,1.26
1649,2014-07-08,00:00:00.00,31.0712,6.70049,3.15
1650,2014-07-09,00:00:00.00,36.4812,7.45382,7.41
1651,2014-07-10,00:00:00.00,0.0962406,9.90565,23.9
1652,2014-07-11,00:00:00.00,0.017126,13.0847,16.6
1653,2014-07-12,00:00:00.00,0.000267713,13.8835,8.95
1654,2014-07-13,00:00:00.00,1.17979e-308,12.1814,5.34
1655,2014-07-14,00:00:00.00,2.94795,10.4292,3.42
1656,2014-07-15,00:00:00.00,1.18481,9.50926,2.68
1657,2014-07-16,00:00:00.00,1.70062,9.12072,2.29
1658,2014-07-17,00:00:00.00,0.770498,8.86501,2.06
1659,2014-07-18,00:00:00.00,0.0246282,8.62314,1.86
1660,2014-07-19,00:00:00.00,0.00461472,8.39312,1.68
1661,2014-07-20,00:00:00.00,3.98738,8.17399,1.54
1662,2014-07-21,00:00:00.00,1.4175,7.96809,1.5
1663,2014-07-22,00:00:00.00,1.1558e-308,7.77824,1.64
1664,2014-07-23,00:00:00.00,0,7.59458,1.51
1665,2014-07-24,00:00:00.00,1.48148,7.40878,1.4
1666,2014-07-25,00:00:00.00,4.89459e-308,7.22675,1.32
1667,2014-07-26,00:00:00.00,2.07678e-308,7.05353,1.25
1668,2014-07-27,00:00:00.00,0.10269,6.88914,1.19
1669,2014-07-28,00:00:00.00,10.6977,6.76485,1.17
1670,2014-07-29,00:00:00.00,5.20727,6.78936,1.31
1671,2014-07-30,00:00:00.00,0.238404,7.05537,1.46
1672,2014-07-31,00:00:00.00,0.139483,7.24436,1.41
1673,2014-08-01,00:00:00.00,2.40225,7.05312,1.39
1674,2014-08-02,00:00:00.00,1.34228,6.69256,1.33
1675,2014-08-03,00:00:00.00,1.24077,6.40445,1.26
1676,2014-08-04,00:00:00.00,0.0699968,6.22266,1.21
1677,2014-08-05,00:00:00.00,6.44463,6.09896,1.25
1678,2014-08-06,00:00:00.00,10.4031,6.06214,1.33
1679,2014-08-07,00:00:00.00,0.00383074,6.22191,1.47
1680,2014-08-08,00:00:00.00,0.00103004,6.52379,1.53
1681,2014-08-09,00:00:00.00,0.00039708,6.58159,1.28
1682,2014-08-10,00:00:00.00,4.6484e-308,6.28703,1.17
1683,2014-08-11,00:00:00.00,0,5.95061,1.08
1684,2014-08-12,00:00:00.00,17.9227,5.79482,1.06
1685,2014-08-13,00:00:00.00,3.87483,5.98233,1.12
1686,2014-08-14,00:00:00.00,0.0658999,6.58016,1.5
1687,2014-08-15,00:00:00.00,0.0705468,6.92634,1.36
1688,2014-08-16,00:00:00.00,2.32542e-308,6.59422,1.23
1689,2014-08-17,00:00:00.00,1.59087,6.09375,1.19
1690,2014-08-18,00:00:00.00,0.225886,5.77233,1.13
1691,2014-08-19,00:00:00.00,0.00033472,5.61263,1.11
1692,2014-08-20,00:00:00.00,5.73576,5.51168,1.07
1693,2014-08-21,00:00:00.00,8.28983,5.47343,1.06
1694,2014-08-22,00:00:00.00,0.666007,5.57582,1.07
1695,2014-08-23,00:00:00.00,0.00981283,5.76372,1.42
1696,2014-08-24,00:00:00.00,0.0334876,5.77251,1.29
1697,2014-08-25,00:00:00.00,0.0132875,5.54404,1.23
1698,2014-08-26,00:00:00.00,0.000528753,5.29242,1.11
1699,2014-08-27,00:00:00.00,0.213571,5.12449,1.04
1700,2014-08-28,00:00:00.00,0.000521252,5.01587,0.986
1701,2014-08-29,00:00:00.00,2.89449e-308,4.92375,0.923
1702,2014-08-30,00:00:00.00,0.00086248,4.83439,0.877
1703,2014-08-31,00:00:00.00,0.0040972,4.74775,0.844
1704,2014-09-01,00:00:00.00,0.30789,4.66364,0.841
1705,2014-09-02,00:00:00.00,21.933,4.65298,0.894
1706,2014-09-03,00:00:00.00,10.6767,4.95679,0.997
1707,2014-09-04,00:00:00.00,0.0871678,5.79825,1.58
1708,2014-09-05,00:00:00.00,0.584926,6.53109,1.52
1709,2014-09-06,00:00:00.00,48.4305,6.58879,1.44
1710,2014-09-07,00:00:00.00,7.63214,6.97925,6.01
1711,2014-09-08,00:00:00.00,0.000390221,8.88074,12.7
1712,2014-09-09,00:00:00.00,0.0147564,10.3662,7.25
1713,2014-09-10,00:00:00.00,0.119342,9.65396,4.97
1714,2014-09-11,00:00:00.00,49.3825,8.45701,3.96
1715,2014-09-12,00:00:00.00,2.21261,8.82763,17
1716,2014-09-13,00:00:00.00,1.74729,11.4772,21.8
1717,2014-09-14,00:00:00.00,8.09142,13.2457,13.3
1718,2014-09-15,00:00:00.00,0.00146797,12.3251,15.6
1719,2014-09-16,00:00:00.00,2.99644,11.0795,10.7
1720,2014-09-17,00:00:00.00,0.450709,10.3625,6.22
1721,2014-09-18,00:00:00.00,0.000139975,9.8555,4.57
1722,2014-09-19,00:00:00.00,0.000293928,9.42316,3.59
1723,2014-09-20,00:00:00.00,0.000121104,9.05309,2.93
1724,2014-09-21,00:00:00.00,2.90861,8.76774,2.51
1725,2014-09-22,00:00:00.00,14.0646,8.60612,5.01
1726,2014-09-23,00:00:00.00,0.264427,8.76769,11.1
1727,2014-09-24,00:00:00.00,0.000798657,9.37682,7.31
1728,2014-09-25,00:00:00.00,0.00155904,9.66839,5.62
1729,2014-09-26,00:00:00.00,0.00322307,9.21184,3.93
1730,2014-09-27,00:00:00.00,0,8.61358,2.87
1731,2014-09-28,00:00:00.00,0.016167,8.20639,2.38
1732,2014-09-29,00:00:00.00,0.00808957,7.96248,2.11
1733,2014-09-30,00:00:00.00,0.104108,7.76936,1.92
1734,2014-10-01,00:00:00.00,18.4188,7.67806,1.88
1735,2014-10-02,00:00:00.00,0.042096,7.97206,2.05
1736,2014-10-03,00:00:00.00,0.0269704,8.85051,2.5
1737,2014-10-04,00:00:00.00,13.7015,9.40889,2.76
1738,2014-10-05,00:00:00.00,6.4897,9.2939,6.58
1739,2014-10-06,00:00:00.00,0.164524,9.5268,8.38
1740,2014-10-07,00:00:00.00,10.9939,9.96317,6.82
1741,2014-10-08,00:00:00.00,1.10398,9.99444,7.2
1742,2014-10-09,00:00:00.00,0.00688658,9.97914,7.02
1743,2014-10-10,00:00:00.00,0.020928,9.82838,6.78
1744,2014-10-11,00:00:00.00,0.00527074,9.29827,5.99
1745,2014-10-12,00:00:00.00,0.591198,8.7586,4.44
1746,2014-10-13,00:00:00.00,8.15507e-308,8.3908,3.49
1747,2014-10-14,00:00:00.00,3.86946,8.16922,3.06
1748,2014-10-15,00:00:00.00,9.68277,8.08705,2.9
1749,2014-10-16,00:00:00.00,5.28235,8.29816,6.17
1750,2014-10-17,00:00:00.00,1.00177,8.84244,11
1751,2014-10-18,00:00:00.00,0.989539,9.20345,8.54
1752,2014-10-19,00:00:00.00,7.62619,9.00097,7.75
1753,2014-10-20,00:00:00.00,0.273925,8.66577,7.08
1754,2014-10-21,00:00:00.00,2.34799,8.68198,6.21
1755,2014-10-22,00:00:00.00,2.43664,8.73469,5.91
1756,2014-10-23,00:00:00.00,0.00346861,8.52458,5.89
1757,2014-10-24,00:00:00.00,0.0111614,8.26469,5.19
1758,2014-10-25,00:00:00.00,0.0212153,8.01747,4.46
1759,2014-10-26,00:00:00.00,0.00939523,7.77538,3.91
1760,2014-10-27,00:00:00.00,0.000179602,7.56274,3.5
1761,2014-10-28,00:00:00.00,0.0908839,7.38737,3.18
1762,2014-10-29,00:00:00.00,2.95455,7.24538,2.96
1763,2014-10-30,00:00:00.00,0.70825,7.14706,2.86
1764,2014-10-31,00:00:00.00,0.256468,7.10421,2.79
1765,2014-11-01,00:00:00.00,7.63554,7.07149,2.71
1766,2014-11-02,00:00:00.00,1.31916,7.11262,2.91
1767,2014-11-03,00:00:00.00,0.0358942,7.37008,3.7
1768,2014-11-04,00:00:00.00,0.0769279,7.49709,3.38
1769,2014-11-05,00:00:00.00,3.33649,7.25818,3.1
1770,2014-11-06,00:00:00.00,0.0177055,6.98578,2.88
1771,2014-11-07,00:00:00.00,6.49076,6.92446,2.79
1772,2014-11-08,00:00:00.00,3.53588,7.04435,4.51
1773,2014-11-09,00:00:00.00,3.7743,7.31981,12.9
1774,2014-11-10,00:00:00.00,0.0473625,7.57934,10.1
1775,2014-11-11,00:00:00.00,0.0212385,7.58799,7.42
1776,2014-11-12,00:00:00.00,0.0330546,7.35527,5.7
1777,2014-11-13,00:00:00.00,0.00455674,7.02118,4.7
1778,2014-11-14,00:00:00.00,0.171764,6.75981,3.98
1779,2014-11-15,00:00:00.00,0.259808,6.59411,3.49
1780,2014-11-16,00:00:00.00,0.00294307,6.47738,3.15
1781,2014-11-17,00:00:00.00,2.54542,6.37487,2.89
1782,2014-11-18,00:00:00.00,5.90944,6.27629,2.8
1783,2014-11-19,00:00:00.00,0.294355,6.18157,2.56
1784,2014-11-20,00:00:00.00,6.30751,6.09046,2.34
1785,2014-11-21,00:00:00.00,3.94445,6.00254,2.22
1786,2014-11-22,00:00:00.00,0.101973,5.91751,2.15
1787,2014-11-23,00:00:00.00,2.14297,5.83805,2.3
1788,2014-11-24,00:00:00.00,4.95552,5.79498,7.09
1789,2014-11-25,00:00:00.00,20.7794,6.09355,40.4
1790,2014-11-26,00:00:00.00,0.125562,7.47436,51.4
1791,2014-11-27,00:00:00.00,0.0902523,10.2842,27.3
1792,2014-11-28,00:00:00.00,2.51899,11.8583,24.2
1793,2014-11-29,00:00:00.00,0.769463,10.7616,16.3
1794,2014-11-30,00:00:00.00,0.388003,9.17709,9.83
1795,2014-12-01,00:00:00.00,0.419401,8.29797,7.28
1796,2014-12-02,00:00:00.00,0.0227909,7.98596,7
1797,2014-12-03,00:00:00.00,0.0994877,7.83092,6.48
1798,2014-12-04,00:00:00.00,0.236317,7.68526,5.68
1799,2014-12-05,00:00:00.00,0,7.54821,4.89
1800,2014-12-06,00:00:00.00,7.77284e-308,7.41749,4.28
1801,2014-12-07,00:00:00.00,6.5634e-308,7.29198,3.88
1802,2014-12-08,00:00:00.00,0,7.17127,3.57
1803,2014-12-09,00:00:00.00,0.00273826,7.05502,3.3
1804,2014-12-10,00:00:00.00,0.163715,6.94307,3.19
1805,2014-12-11,00:00:00.00,0.0329062,6.8352,3.1
1806,2014-12-12,00:00:00.00,6.35009e-308,6.73118,2.99
1807,2014-12-13,00:00:00.00,0.0240984,6.63082,2.86
1808,2014-12-14,00:00:00.00,0.240641,6.53522,2.78
1809,2014-12-15,00:00:00.00,0.342161,6.45162,2.68
1810,2014-12-16,00:00:00.00,0.195607,6.39285,2.66
1811,2014-12-17,00:00:00.00,7.53058,6.39459,2.71
1812,2014-12-18,00:00:00.00,2.37142,6.54491,3.11
1813,2014-12-19,00:00:00.00,0.227677,6.92556,4.85
1814,2014-12-20,00:00:00.00,0.0416686,7.15358,5.04
1815,2014-12-21,00:00:00.00,0.0203034,6.939,4.74
1816,2014-12-22,00:00:00.00,0.00093571,6.5943,4.09
1817,2014-12-23,00:00:00.00,6.9831e-308,6.35993,3.62
1818,2014-12-24,00:00:00.00,0.44407,6.23743,3.34
1819,2014-12-25,00:00:00.00,18.4129,6.26374,3.95
1820,2014-12-26,00:00:00.00,0.559865,6.74095,22.6
1821,2014-12-27,00:00:00.00,0.000691195,7.90628,17.9
1822,2014-12-28,00:00:00.00,1.88722,8.63711,11.9
1823,2014-12-29,00:00:00.00,0.578091,8.21727,9.81
1824,2014-12-30,00:00:00.00,0.0839931,7.56633,7.19
1825,2014-12-31,00:00:00.00,0.0175395,7.18076,5.23
