<?xml version="1.0" encoding="UTF-8"?>
<metadata xml:lang="en"><Esri><CreaDate>20180430</CreaDate><CreaTime>11483000</CreaTime><ArcGISFormat>1.0</ArcGISFormat><ArcGISstyle>FGDC CSDGM Metadata</ArcGISstyle><SyncOnce>FALSE</SyncOnce><DataProperties><itemProps><itemName Sync="TRUE">Watershed_Interfluve_Altered_Attributed_Mainland</itemName><nativeExtBox><westBL Sync="TRUE">884475.000000</westBL><eastBL Sync="TRUE">1439475.000000</eastBL><southBL Sync="TRUE">1990605.000000</southBL><northBL Sync="TRUE">2461811.080500</northBL><exTypeCode Sync="TRUE">1</exTypeCode></nativeExtBox><itemLocation><linkage Sync="TRUE">file://\\SNRE-2UA3331Z3Z\G\GLAHF\Watersheds\BiNational\GLAHF_ARC\final_data_package\LE_Great_Lakes_Hydrography_Dataset_v1.gdb</linkage><protocol Sync="TRUE">Local Area Network</protocol></itemLocation><imsContentType Sync="TRUE">002</imsContentType></itemProps><coordRef><type Sync="TRUE">Projected</type><geogcsn Sync="TRUE">GCS_North_American_1983</geogcsn><csUnits Sync="TRUE">Linear Unit: Meter (1.000000)</csUnits><projcsn Sync="TRUE">USA_Contiguous_Albers_Equal_Area_Conic_USGS_version</projcsn><peXml Sync="TRUE">&lt;ProjectedCoordinateSystem xsi:type='typens:ProjectedCoordinateSystem' xmlns:xsi='http://www.w3.org/2001/XMLSchema-instance' xmlns:xs='http://www.w3.org/2001/XMLSchema' xmlns:typens='http://www.esri.com/schemas/ArcGIS/10.1'&gt;&lt;WKT&gt;PROJCS[&amp;quot;USA_Contiguous_Albers_Equal_Area_Conic_USGS_version&amp;quot;,GEOGCS[&amp;quot;GCS_North_American_1983&amp;quot;,DATUM[&amp;quot;D_North_American_1983&amp;quot;,SPHEROID[&amp;quot;GRS_1980&amp;quot;,6378137.0,298.257222101]],PRIMEM[&amp;quot;Greenwich&amp;quot;,0.0],UNIT[&amp;quot;Degree&amp;quot;,0.0174532925199433]],PROJECTION[&amp;quot;Albers&amp;quot;],PARAMETER[&amp;quot;False_Easting&amp;quot;,0.0],PARAMETER[&amp;quot;False_Northing&amp;quot;,0.0],PARAMETER[&amp;quot;Central_Meridian&amp;quot;,-96.0],PARAMETER[&amp;quot;Standard_Parallel_1&amp;quot;,29.5],PARAMETER[&amp;quot;Standard_Parallel_2&amp;quot;,45.5],PARAMETER[&amp;quot;Latitude_Of_Origin&amp;quot;,23.0],UNIT[&amp;quot;Meter&amp;quot;,1.0],AUTHORITY[&amp;quot;ESRI&amp;quot;,102039]]&lt;/WKT&gt;&lt;XOrigin&gt;-16901100&lt;/XOrigin&gt;&lt;YOrigin&gt;-6972200&lt;/YOrigin&gt;&lt;XYScale&gt;10000&lt;/XYScale&gt;&lt;ZOrigin&gt;-100000&lt;/ZOrigin&gt;&lt;ZScale&gt;10000&lt;/ZScale&gt;&lt;MOrigin&gt;-100000&lt;/MOrigin&gt;&lt;MScale&gt;10000&lt;/MScale&gt;&lt;XYTolerance&gt;0.001&lt;/XYTolerance&gt;&lt;ZTolerance&gt;0.001&lt;/ZTolerance&gt;&lt;MTolerance&gt;0.001&lt;/MTolerance&gt;&lt;HighPrecision&gt;true&lt;/HighPrecision&gt;&lt;WKID&gt;102039&lt;/WKID&gt;&lt;LatestWKID&gt;102039&lt;/LatestWKID&gt;&lt;/ProjectedCoordinateSystem&gt;</peXml></coordRef><lineage><Process ToolSource="c:\program files (x86)\arcgis\desktop10.6\ArcToolbox\Toolboxes\Data Management Tools.tbx\DefineProjection" Date="20180406" Time="115028">DefineProjection Watershed_Interfluve_Altered_Attributed_Mainland PROJCS['USA_Contiguous_Albers_Equal_Area_Conic_USGS_version',GEOGCS['GCS_North_American_1983',DATUM['D_North_American_1983',SPHEROID['GRS_1980',6378137.0,298.257222101]],PRIMEM['Greenwich',0.0],UNIT['Degree',0.0174532925199433]],PROJECTION['Albers'],PARAMETER['False_Easting',0.0],PARAMETER['False_Northing',0.0],PARAMETER['Central_Meridian',-96.0],PARAMETER['Standard_Parallel_1',29.5],PARAMETER['Standard_Parallel_2',45.5],PARAMETER['Latitude_Of_Origin',23.0],UNIT['Meter',1.0]]</Process></lineage></DataProperties><SyncDate>20150527</SyncDate><SyncTime>14562300</SyncTime><ModDate>20150527</ModDate><ModTime>14562300</ModTime><scaleRange><minScale>150000000</minScale><maxScale>5000</maxScale></scaleRange><ArcGISProfile>FGDC</ArcGISProfile></Esri><mdLang><languageCode value="eng"/><countryCode value="USA" Sync="TRUE"/></mdLang><mdChar><CharSetCd value="004"/></mdChar><mdHrLv><ScopeCd value="005"/></mdHrLv><mdContact><rpIndName>Lacey Mason</rpIndName><rpOrgName>University of Michigan SNRE, In</rpOrgName><rpPosName>Computer Research Specialist</rpPosName><rpCntInfo><cntPhone><voiceNum>734-663-3554 x 12155</voiceNum></cntPhone><cntAddress><delPoint>400 North Ingalls Building, NIB 400 G250</delPoint><city>Ann Arbor</city><adminArea>MI</adminArea><postCode>48109-5480</postCode><country>US</country><eMailAdd>lmas@umich.edu</eMailAdd></cntAddress></rpCntInfo><role><RoleCd value="007"/></role></mdContact><mdStanName>ArcGIS Metadata</mdStanName><mdStanVer>1.0</mdStanVer><dataIdInfo><idCitation><presForm><PresFormCd value="005"/></presForm><presForm><fgdcGeoform>vector digital data</fgdcGeoform></presForm><resTitle Sync="TRUE">Watershed_Interfluve_Altered_Attributed_Mainland</resTitle></idCitation><idAbs>&lt;DIV STYLE="text-align:Left;"&gt;&lt;DIV&gt;&lt;DIV&gt;&lt;P STYLE="margin:0 0 14 0;"&gt;&lt;SPAN&gt;&lt;SPAN&gt;The GLHDv1.0 (2014) was created as a part of the GLAHF project, a geospatial database and framework for the aquatic environment of the Great Lakes. This data package contains a consistent, basin-wide watershed and interfluve layer and supporting datasets, including modified vector layers from official hydrology base datasets, and intermediate reference layers created during delineation of the watersheds and interfluves. Several base hydrology sources were utilized, including the National Hydrography Dataset Plus Version 2 (NHD+v2), the Ontario Integrated Hydrology Data Version 1.0 (OIHDv1.0), the 1:24,000 National Hydrography Dataset (NHD), and the 30m x 30m National Elevation Dataset (NED). An ArcHydro process flow was used that began with modified flow direction grids from base datasets and delineated a synthetic drainage network, associated reach-catchments, sub watersheds, and basin-wide, consistent tributary catchments boundaries. Coastal interfluves, the area between the delineated aggregated reach catchments and the shoreline (Gilliam et al. 1997), were also delineated basin-wide in a secondary processing step. Watersheds and interfluves were developed following the stream interfluves delineation methods outlined in Hollenhorst et al. (2007) using ArcHydro processing guidance from Merwade (2010). The final watersheds and interfluves layers and pour point layers, all synthetic reference layers, and modified official hydrology layers were packaged by entire Great Lakes Basin and by each Great Lake basin. Connecting channels are included with the downstream lake. A few pre-processing steps were performed to prepare the base flow direction grids for delienation: 1) the Great Lakes shoreline was enforced into the OIHDv1.0 flow direction grids; 2) EPA identified bays were used to enforce additional embayments into the shoreline to create a more detailed shoreline; 3) connecting channels were enforced at the shoreline for the NHD+v2 grids, and 4) the original hydrology datasets were modified to reflect these changes in the shoreline. Please see the Read Me document included in this data package for more details on methods and background.&lt;/SPAN&gt;&lt;/SPAN&gt;&lt;/P&gt;&lt;P STYLE="margin:0 0 14 0;"&gt;&lt;SPAN /&gt;&lt;/P&gt;&lt;P STYLE="margin:0 0 14 0;"&gt;&lt;SPAN&gt;This layer contains the final, post processed mainland &lt;/SPAN&gt;&lt;SPAN&gt;watershed boundaries along with the interfluves that were added in a secondary processing step outside of ArcHydro. A copy was made of the Watershed_Original layer, interfluves were added, and some watershed and interfluve polygons were then edited based upon specified criteria. Attributes from the nearest downstream reach from the OIHDv1.0, NHD+v2 or NHD (and names from the National Hydro Network (NHN) and the Geographic Extent Layer (GEL) for Canadian watershds) were attributed to each watershed point, as long as the reach was within 200 meters. This data was then attributed to watershed polygon that corresponded to every point. Since attributes were added from the hydrology source used to delineate data for that watershed, each watershed or watershed point is linked to only the NHD+v2, OIHDv1, or NHD; therefore no watershed polygon or point will have attributes for all fields associated from the original hydrology. Please see the Attribute Description document included with the data package and the Fields section of this metadata record for more details.&lt;/SPAN&gt;&lt;/P&gt;&lt;P STYLE="margin:0 0 0 0;"&gt;&lt;SPAN /&gt;&lt;/P&gt;&lt;/DIV&gt;&lt;/DIV&gt;&lt;/DIV&gt;</idAbs><idPurp>The Great Lakes Hydrography Dataset Version 1 (GLHDv1.0), 2014, contains a consistent, binational, basin-wide watershed and interfluve layer and several related reference layers. The watershed and interfluve layer was specifically created to be incorporated into the Great Lakes Aquatic Habitat Framework (GLAHF) Great Lakes aquatic habitat classification and nearshore fish habitat assessment to summarize landscape variables consistently across the basin. The dataset was also intended to be used for a wide range of applications in the region, including nutrient modeling, data summaries, and hydrology.</idPurp><idCredit>1) The National Hydrography Dataset Plus Version 2 (1:100,000), 2012; 2) Ontario Integrated Hydrology Data Version 1, 2012; 3) The National Elevation Dataset; 4) The National Hydrography Dataset (1:24,000); 5) Hollenhorst, T.P., Brown, T.N., Johnson, L.B., Ciborowski, J.H. and Host, G.E. 2007. Methods for generating multi-scale watershed delineations for indicator development in Great Lakes coastal ecosystems. Journal of Great Lakes Research 33 (Special Issue 3:13-26, 6) Merwade, Venkatesh. 2010. Watershed and Stream Network Delineation using ArcHydro Tools. &lt;http://web.ics.purdue.edu/~vmerwade/education/terrain_processing.pdf&gt;,: and, 7) Gilliam, J.W., Osmond, D.L., and Evans, R.O. 1997. Selected agricultural best management practices to control nitrogen in the Neuse River basin. North Carolina Agricultural Research Service technical bulletin 311, North Carolina State University, Raleigh, North Carolina. 8) The Great Lakes Aquatic Habitat Framework (GLAHF) project has been funded by the Great Lakes Fishery Trust and lead by the University of Michigan School of Natural Resources and Environment, with partners from Michigan Department of Natural Resources-Institute for Fisheries Research, NOAA Great Lakes Environmental Research Laboratory, International Joint Commission, Michigan State University, The Nature Conservancy, Ontario Ministry of Natural Resources, University of Minnesota-Duluth, U.S. Fish &amp; Wildlife Service, U.S. Geological Survey and many collaborating partners in both the USA and Canada. More information about this project can be found at http://ifr.snre.umich.edu/projects/glahf/.</idCredit><idPoC><rpIndName>Lacey Mason</rpIndName><rpOrgName>University of Michigan SNRE, Institute for Fisheries Research</rpOrgName><rpPosName>Computer Research Specialist</rpPosName><rpCntInfo><cntPhone><voiceNum>734-663-3554 x.12155</voiceNum></cntPhone><cntAddress addressType="both"><delPoint>400 North Ingalls Building, NIB 400 G250</delPoint><city>Ann Arbor</city><adminArea>MI</adminArea><postCode>48109-5480</postCode><country>US</country><eMailAdd>lmas@umich.edu</eMailAdd></cntAddress></rpCntInfo><role><RoleCd value="007"/></role></idPoC><idPoC><rpIndName>Danielle Forsyth</rpIndName><rpOrgName>Michigan DNR, Insitute for Fisheries Research</rpOrgName><rpPosName>Resource Analyst</rpPosName><rpCntInfo><cntAddress addressType="both"><delPoint>400 North Ingalls Building, NIB 400 G250</delPoint><city>Ann Arbor</city><adminArea>MI</adminArea><postCode>48109-5480</postCode><country>US</country><eMailAdd>ForsythD1@michigan.gov</eMailAdd></cntAddress></rpCntInfo><role><RoleCd value="007"/></role></idPoC><idPoC><rpIndName>Catherine Riseng</rpIndName><rpOrgName>University of Michigan SNRE</rpOrgName><rpPosName>Research Associate</rpPosName><rpCntInfo><cntPhone><voiceNum>734-763-9422</voiceNum></cntPhone><cntAddress addressType="both"><delPoint>440 Church St., G170 Dana</delPoint><city>Ann Arbor</city><adminArea>MI</adminArea><postCode>48109-1041</postCode><eMailAdd>criseng@umich.edu</eMailAdd></cntAddress></rpCntInfo><role><RoleCd value="007"/></role></idPoC><placeKeys><keyword>Great Lakes, Laurentian Great Lakes, Erie, Huron, Michigan, Ontario, Superior, St. Clair, Niagara River, St. Marys River, Ontario, Minnesota, Wisconsin, Illinois, Indiana, Michigan, Ohio, Pennsylvania, New York, framework</keyword></placeKeys><themeKeys><keyword>Great Lakes, Laurentian Great Lakes, framework</keyword></themeKeys><themeKeys><keyword>inlandWaters</keyword><keyword>planningCadastre</keyword></themeKeys><searchKeys><keyword>Planning Cadaster</keyword><keyword>Great Lakes</keyword><keyword>Laurentian Great Lakes</keyword><keyword>Erie</keyword><keyword>Huron</keyword><keyword>Michigan</keyword><keyword>Ontario</keyword><keyword>Superior</keyword><keyword>St. Clair</keyword><keyword>Niagara River</keyword><keyword>St.</keyword><keyword>Marys River</keyword><keyword>Ontario</keyword><keyword>Minnesota</keyword><keyword>Wisconsin</keyword><keyword>Illinois</keyword><keyword>Indiana</keyword><keyword>Michigan</keyword><keyword>Ohio</keyword><keyword>Pennsylvania</keyword><keyword>New York</keyword><keyword>framework</keyword><keyword>inlandWaters</keyword><keyword>Great Lakes</keyword><keyword>Laurentian Great Lakes</keyword><keyword>framework</keyword></searchKeys><spatRpType><SpatRepTypCd value="001"/></spatRpType><dataLang><languageCode value="eng"/><countryCode value="USA" Sync="TRUE"/></dataLang><dataExt><geoEle><GeoBndBox><westBL>-93.447646</westBL><eastBL>-72.212938</eastBL><southBL>39.250714</southBL><northBL>51.263898</northBL></GeoBndBox></geoEle></dataExt><envirDesc Sync="TRUE">Microsoft Windows 7 Version 6.1 (Build 7601) Service Pack 1; Esri ArcGIS 10.1.1.3143</envirDesc><dataExt><geoEle xmlns=""><GeoBndBox esriExtentType="search"><exTypeCode Sync="TRUE">1</exTypeCode><westBL Sync="TRUE">-85.455059</westBL><eastBL Sync="TRUE">-77.901985</eastBL><northBL Sync="TRUE">44.675620</northBL><southBL Sync="TRUE">39.769496</southBL></GeoBndBox></geoEle></dataExt><tpCat><TopicCatCd value="015"/></tpCat><tpCat><TopicCatCd value="012"/></tpCat></dataIdInfo><eainfo><detailed Name="Watershed_Interfluve_Altered_Attributed_Mainland" xmlns=""><enttyp><enttypl Sync="TRUE">Watershed_Interfluve_Altered_Attributed_Mainland</enttypl><enttypt Sync="TRUE">Feature Class</enttypt><enttypc Sync="TRUE">775</enttypc><enttypd>This layer contains the edited, post processed watershed and interfluve layer, that has been attributed with fields from the OIHDv1.0, NHD+v2, NHD, NHN, and GEL. Please note that the mainland watersheds will not have any fields from the NHD (for islands only) but the island watersheds have some fields associated with the NHD+V2 because NHD+V2 derived island catchments were merged with the NED/NHD derived island catchments. </enttypd><enttypds>This layer contains the edited, post processed watershed and interfluve layer, that has been attributed with fields from the OIHDv1.0 NHD+v2, NHD, NHN, and GEL. Please note that the mainland watersheds will not have any fields from the NHD (for islands only) but the island watersheds have some fields associated with the NHD+V2 because NHD+V2 derived island catchments were merged with the NED/NHD derived island catchments. </enttypds></enttyp><attr xmlns=""><attrlabl>OrigUnit</attrlabl><attalias Sync="TRUE">OrigUnit</attalias><attrtype Sync="TRUE">String</attrtype><attwidth Sync="TRUE">50</attwidth><atprecis Sync="TRUE">0</atprecis><attscale Sync="TRUE">0</attscale><attrdef>Two digit code that corresponds to the original NHD+v2 (4A, 4B, 4C, 4D), OIHDv1.0 (NC, NE, SW, SE), or island (LE, LH, LM, LO, LS) processing unit of the flow direction grid used to delineate the layer. </attrdef><attrdefs>NHD+v2, NHD, OIHDv1, GLHD</attrdefs></attr><attr xmlns=""><attrlabl>HydroID</attrlabl><attalias Sync="TRUE">HydroID</attalias><attrtype Sync="TRUE">Integer</attrtype><attwidth Sync="TRUE">4</attwidth><atprecis Sync="TRUE">0</atprecis><attscale Sync="TRUE">0</attscale><attrdef>Unique identifier created using the “Assign HydroID” tool in ArcHydro. (Note that HydroID does not include interfluves, and so the number is not truly unique in the Watershed_Interfluve_Altered_Attributed layers because interfluve all have a value of -281)</attrdef><attrdefs>ArcHydro</attrdefs></attr><attr xmlns=""><attrlabl Sync="TRUE">Interfluve</attrlabl><attalias Sync="TRUE">Interfluve</attalias><attrtype Sync="TRUE">String</attrtype><attwidth Sync="TRUE">50</attwidth><atprecis Sync="TRUE">0</atprecis><attscale Sync="TRUE">0</attscale><attrdef>Identifies the features as either a watershed feature (blank) or an interfluve feature (“Interfluve”).</attrdef><attrdefs>GLHD</attrdefs></attr><attr xmlns=""><attrlabl>Shape</attrlabl><attrdef>Feature geometry.</attrdef><attrdefs>ESRI</attrdefs><attrdomv><udom>Coordinates defining the features.</udom></attrdomv><attalias Sync="TRUE">Shape</attalias><attrtype Sync="TRUE">Geometry</attrtype><attwidth Sync="TRUE">0</attwidth><atprecis Sync="TRUE">0</atprecis><attscale Sync="TRUE">0</attscale></attr><attr xmlns=""><attrlabl Sync="TRUE">GLHDID</attrlabl><attalias Sync="TRUE">GLHDID</attalias><attrtype Sync="TRUE">Integer</attrtype><attwidth Sync="TRUE">4</attwidth><atprecis Sync="TRUE">0</atprecis><attscale Sync="TRUE">0</attscale><attrdef>Unique ID created by the GLHD team that numbers all of the watersheds and interfluves sequentially counterclockwise across the basin, beginning with the mainland boundary water area between Minnesota and Ontario.  Island numbers start at 10,000 and are also numbered sequentially counterclockwise across the basin.</attrdef><attrdefs>GLHD</attrdefs></attr><attr xmlns=""><attrlabl>Shape_Area</attrlabl><attrdef>Area of feature in internal units squared.</attrdef><attrdefs>ESRI</attrdefs><attrdomv><udom>Positive real numbers that are automatically generated.</udom></attrdomv><attalias Sync="TRUE">Shape_Area</attalias><attrtype Sync="TRUE">Double</attrtype><attwidth Sync="TRUE">8</attwidth><atprecis Sync="TRUE">0</atprecis><attscale Sync="TRUE">0</attscale></attr><attr xmlns=""><attrlabl Sync="TRUE">FDATE</attrlabl><attalias Sync="TRUE">FDATE</attalias><attrtype Sync="TRUE">Date</attrtype><attwidth Sync="TRUE">8</attwidth><atprecis Sync="TRUE">0</atprecis><attscale Sync="TRUE">0</attscale><attrdef>Currency date of NHD+v2 most downstream reach. (In the Island feature class, this field is called FDate_NHDPlus, in the Mainland feature class, this field is called FDate)</attrdef><attrdefs>NHD+v2</attrdefs></attr><attr xmlns=""><attrlabl>Country</attrlabl><attalias Sync="TRUE">Country</attalias><attrtype Sync="TRUE">String</attrtype><attwidth Sync="TRUE">254</attwidth><atprecis Sync="TRUE">0</atprecis><attscale Sync="TRUE">0</attscale><attrdef>Name of the country that contains the feature. (Binational, Canada, US)  If the feature is located within both the US and Canada, this field is populated with "Binational."</attrdef><attrdefs>GLHD</attrdefs></attr><attr xmlns=""><attrlabl Sync="TRUE">COMID</attrlabl><attalias Sync="TRUE">COMID</attalias><attrtype Sync="TRUE">Integer</attrtype><attwidth Sync="TRUE">4</attwidth><atprecis Sync="TRUE">0</atprecis><attscale Sync="TRUE">0</attscale><attrdef>NHD+v2 identifier of downstream most reach</attrdef><attrdefs>NHD+v2</attrdefs></attr><attr xmlns=""><attrlabl Sync="TRUE">RESOLUTION</attrlabl><attalias Sync="TRUE">RESOLUTION</attalias><attrtype Sync="TRUE">String</attrtype><attwidth Sync="TRUE">7</attwidth><atprecis Sync="TRUE">0</atprecis><attscale Sync="TRUE">0</attscale><attrdef>Text description of dataset resolution of the NHD+v2 most downstream reach</attrdef><attrdefs>NHD+v2</attrdefs></attr><attr xmlns=""><attrlabl Sync="TRUE">GNIS_ID</attrlabl><attalias Sync="TRUE">GNIS_ID</attalias><attrtype Sync="TRUE">String</attrtype><attwidth Sync="TRUE">10</attwidth><atprecis Sync="TRUE">0</atprecis><attscale Sync="TRUE">0</attscale><attrdef>Geographic Names Information System ID that corresponds to GNIS_Name of the NHD+v2 most downstream reach.</attrdef><attrdefs>NHD+v2</attrdefs></attr><attr xmlns=""><attrlabl Sync="TRUE">GNIS_NAME</attrlabl><attalias Sync="TRUE">GNIS_NAME</attalias><attrtype Sync="TRUE">String</attrtype><attwidth Sync="TRUE">65</attwidth><atprecis Sync="TRUE">0</atprecis><attscale Sync="TRUE">0</attscale><attrdef>GNIS name associated with the NHD+v2 most downstream reach</attrdef><attrdefs>NHD+v2</attrdefs></attr><attr xmlns=""><attrlabl Sync="TRUE">LengthKM</attrlabl><attalias Sync="TRUE">LengthKM</attalias><attrtype Sync="TRUE">Single</attrtype><attwidth Sync="TRUE">4</attwidth><atprecis Sync="TRUE">0</atprecis><attscale Sync="TRUE">0</attscale><attrdef>The length in kilometers of the NHD+v2 most downstream reach</attrdef><attrdefs>NHD+v2</attrdefs></attr><attr xmlns=""><attrlabl Sync="TRUE">REACHCODE</attrlabl><attalias Sync="TRUE">REACHCODE</attalias><attrtype Sync="TRUE">String</attrtype><attwidth Sync="TRUE">14</attwidth><atprecis Sync="TRUE">0</atprecis><attscale Sync="TRUE">0</attscale><attrdef>NHD+v2 code assigned to the NHD+v2 most downstream reach</attrdef><attrdefs>NHD+v2</attrdefs></attr><attr xmlns=""><attrlabl Sync="TRUE">FLOWDIR</attrlabl><attalias Sync="TRUE">FLOWDIR</attalias><attrtype Sync="TRUE">String</attrtype><attwidth Sync="TRUE">15</attwidth><atprecis Sync="TRUE">0</atprecis><attscale Sync="TRUE">0</attscale><attrdef>Used to indicate whether the NHD+v2 most downstream reach is included in the NHD+v2 DEM; “With Digitized” = included and “Uninitialized” = not included.</attrdef><attrdefs>NHD+v2</attrdefs></attr><attr xmlns=""><attrlabl Sync="TRUE">WBAREACOMI</attrlabl><attalias Sync="TRUE">WBAREACOMI</attalias><attrtype Sync="TRUE">Integer</attrtype><attwidth Sync="TRUE">4</attwidth><atprecis Sync="TRUE">0</atprecis><attscale Sync="TRUE">0</attscale><attrdef>If the NHD+v2 most downstream reach is an artificial path that flows through a polygon water features, this is the associated ComID of the polygon water feature </attrdef><attrdefs>NHD+v2</attrdefs></attr><attr xmlns=""><attrlabl Sync="TRUE">FTYPE</attrlabl><attalias Sync="TRUE">FTYPE</attalias><attrtype Sync="TRUE">String</attrtype><attwidth Sync="TRUE">24</attwidth><atprecis Sync="TRUE">0</atprecis><attscale Sync="TRUE">0</attscale><attrdef>Corresponds to the NHD Feature Type of the NHD+v2 most downstream reach</attrdef><attrdefs>NHD+v2</attrdefs></attr><attr xmlns=""><attrlabl Sync="TRUE">FCODE</attrlabl><attalias Sync="TRUE">FCODE</attalias><attrtype Sync="TRUE">Integer</attrtype><attwidth Sync="TRUE">4</attwidth><atprecis Sync="TRUE">0</atprecis><attscale Sync="TRUE">0</attscale><attrdef>Code from NHD describing type of flow line of the NHD+v2 most downstream reach; corresponds to FTYPE.</attrdef><attrdefs>NHD+v2</attrdefs></attr><attr xmlns=""><attrlabl Sync="TRUE">ENABLED</attrlabl><attalias Sync="TRUE">ENABLED</attalias><attrtype Sync="TRUE">String</attrtype><attwidth Sync="TRUE">6</attwidth><atprecis Sync="TRUE">0</atprecis><attscale Sync="TRUE">0</attscale><attrdef>Is “True” for both OIHD and NHD+ derived data.</attrdef><attrdefs>NHD+v2, OIHDv1.0</attrdefs></attr><attr xmlns=""><attrlabl Sync="TRUE">GNIS_NBR</attrlabl><attalias Sync="TRUE">GNIS_NBR</attalias><attrtype Sync="TRUE">Integer</attrtype><attwidth Sync="TRUE">4</attwidth><atprecis Sync="TRUE">0</atprecis><attscale Sync="TRUE">0</attscale><attrdef>GNIS number of NHD+v2 most downstream reach</attrdef><attrdefs>NHD+v2</attrdefs></attr><attr xmlns=""><attrlabl Sync="TRUE">StreamOrde</attrlabl><attalias Sync="TRUE">StreamOrde</attalias><attrtype Sync="TRUE">SmallInteger</attrtype><attwidth Sync="TRUE">2</attwidth><atprecis Sync="TRUE">0</atprecis><attscale Sync="TRUE">0</attscale><attrdef>Modified Strahler stream order of the NHD+v2 most downstream reach; attributed from the NHD+v2 Value Added Attribute (VAA) table</attrdef><attrdefs>NHD+VAA</attrdefs></attr><attr xmlns=""><attrlabl Sync="TRUE">Tertiary</attrlabl><attalias Sync="TRUE">Tertiary</attalias><attrtype Sync="TRUE">String</attrtype><attwidth Sync="TRUE">10</attwidth><atprecis Sync="TRUE">0</atprecis><attscale Sync="TRUE">0</attscale><attrdef>Corresponding 3 digit Canadian tertiary watershed code of the OIHDv1.0 most downstream reach</attrdef><attrdefs>OIHDv1.0</attrdefs></attr><attr xmlns=""><attrlabl Sync="TRUE">WCRS_TYPE</attrlabl><attalias Sync="TRUE">WCRS_TYPE</attalias><attrtype Sync="TRUE">String</attrtype><attwidth Sync="TRUE">20</attwidth><atprecis Sync="TRUE">0</atprecis><attscale Sync="TRUE">0</attscale><attrdef>Watercourse type (default is Stream) of the OIHDv1.0 most downstream reach</attrdef><attrdefs>OIHDv1.0</attrdefs></attr><attr xmlns=""><attrlabl Sync="TRUE">PERMANENCY</attrlabl><attalias Sync="TRUE">PERMANENCY</attalias><attrtype Sync="TRUE">String</attrtype><attwidth Sync="TRUE">20</attwidth><atprecis Sync="TRUE">0</atprecis><attscale Sync="TRUE">0</attscale><attrdef>Permanency of the OIHDv1.0 most downstream reach</attrdef><attrdefs>OIHDv1.0</attrdefs></attr><attr xmlns=""><attrlabl Sync="TRUE">FLOW_CLASS</attrlabl><attalias Sync="TRUE">FLOW_CLASS</attalias><attrtype Sync="TRUE">String</attrtype><attwidth Sync="TRUE">20</attwidth><atprecis Sync="TRUE">0</atprecis><attscale Sync="TRUE">0</attscale><attrdef>Describes the route of water flow of the OIHDv1.0 most downstream reach.  Two codes: Primary (main route) or secondary (alternate routes such as braided streams).</attrdef><attrdefs>OIHDv1.0</attrdefs></attr><attr xmlns=""><attrlabl Sync="TRUE">STRAHLER</attrlabl><attalias Sync="TRUE">STRAHLER</attalias><attrtype Sync="TRUE">Integer</attrtype><attwidth Sync="TRUE">4</attwidth><atprecis Sync="TRUE">0</atprecis><attscale Sync="TRUE">0</attscale><attrdef>Strahler stream order the OIHDv1.0 most downstream reach</attrdef><attrdefs>OIHDv1.0</attrdefs></attr><attr xmlns=""><attrlabl Sync="TRUE">SHREVE</attrlabl><attalias Sync="TRUE">SHREVE</attalias><attrtype Sync="TRUE">Integer</attrtype><attwidth Sync="TRUE">4</attwidth><atprecis Sync="TRUE">0</atprecis><attscale Sync="TRUE">0</attscale><attrdef>Shreve stream order of the OIHDv1.0 most downstream reach</attrdef><attrdefs>OIHDv1.0</attrdefs></attr><attr xmlns=""><attrlabl>Shape_Length</attrlabl><attrdef>Length of feature in internal units.</attrdef><attrdefs>ESRI</attrdefs><attrdomv><udom>Positive real numbers that are automatically generated.</udom></attrdomv><attalias Sync="TRUE">Shape_Length</attalias><attrtype Sync="TRUE">Double</attrtype><attwidth Sync="TRUE">8</attwidth><atprecis Sync="TRUE">0</atprecis><attscale Sync="TRUE">0</attscale></attr><attr xmlns=""><attrlabl>Lake</attrlabl><attalias Sync="TRUE">Lake</attalias><attrtype Sync="TRUE">String</attrtype><attwidth Sync="TRUE">254</attwidth><atprecis Sync="TRUE">0</atprecis><attscale Sync="TRUE">0</attscale><attrdef>Abbreviated name of Lake Basin in which the feature resides (Erie, Huron, Michigan, Ontario, or Superior).</attrdef><attrdefs>GLHD</attrdefs></attr><attr xmlns=""><attrlabl>OBJECTID</attrlabl><attrdef>Internal feature number.</attrdef><attrdefs>ESRI</attrdefs><attrdomv><udom>Sequential unique whole numbers that are automatically generated.</udom></attrdomv><attalias Sync="TRUE">OBJECTID</attalias><attrtype Sync="TRUE">OID</attrtype><attwidth Sync="TRUE">4</attwidth><atprecis Sync="TRUE">0</atprecis><attscale Sync="TRUE">0</attscale></attr><attr xmlns=""><attrlabl Sync="TRUE">Main_Islan</attrlabl><attalias Sync="TRUE">Main_Islan</attalias><attrtype Sync="TRUE">String</attrtype><attwidth Sync="TRUE">254</attwidth><atprecis Sync="TRUE">0</atprecis><attscale Sync="TRUE">0</attscale><attrdef>Describes whether the feature is part of the mainland (Mainland) or islands (Island).</attrdef><attrdefs>GLHD</attrdefs></attr><attr xmlns=""><attrlabl Sync="TRUE">CAN_Name</attrlabl><attalias Sync="TRUE">CAN_Name</attalias><attrtype Sync="TRUE">String</attrtype><attwidth Sync="TRUE">150</attwidth><atprecis Sync="TRUE">0</atprecis><attscale Sync="TRUE">0</attscale><attrdef>Names attributed from the nearest downstream reach in the National Hydro Network (NHN) or the Geographic Names Extent (GEL) layer within 200m (names are not included in the OIHDv1.0 drainage network)</attrdef><attrdefs>NHN, GEL</attrdefs></attr><attr xmlns=""><attrlabl Sync="TRUE">W_Link</attrlabl><attalias Sync="TRUE">W_Link</attalias><attrtype Sync="TRUE">String</attrtype><attwidth Sync="TRUE">254</attwidth><atprecis Sync="TRUE">0</atprecis><attscale Sync="TRUE">0</attscale><attrdef>An ID that links each watershed feature in Watersehd_Interfluve_Altered_Attributed_Island or Watershed_Interfluve_Altered_Attributed_Mainland to corresponding watershed pour points in Watershed_Altered_Attributed_Island or WatershedPoint_Altered_Attributed_Mainland.  The number was originally derived in ArcHydro and was combined with the OrigUnit abbreviation along with an "I" for island features or an "M" for mainland features</attrdef><attrdefs>ArcHydro, GLHD</attrdefs></attr><attr xmlns=""><attrlabl Sync="TRUE">ShreveDL</attrlabl><attalias Sync="TRUE">ShreveDL</attalias><attrtype Sync="TRUE">SmallInteger</attrtype><attwidth Sync="TRUE">2</attwidth><atprecis Sync="TRUE">0</atprecis><attscale Sync="TRUE">0</attscale><attrdef>Shreve stream order of the most downstream reach within 100m of a pour point of the network created using the Stream Order tool (This network was roughly equivalent to the network in the DrainageLine feature class in the Synthetic_Intermediate_Layers feature dataset)</attrdef><attrdefs>GLHD/ESRI</attrdefs></attr><attr xmlns=""><attrlabl Sync="TRUE">StrahlerDL</attrlabl><attalias Sync="TRUE">StrahlerDL</attalias><attrtype Sync="TRUE">SmallInteger</attrtype><attwidth Sync="TRUE">2</attwidth><atprecis Sync="TRUE">0</atprecis><attscale Sync="TRUE">0</attscale><attrdef>Strahler stream order of the most downstream reach within 100m of a pour point of the network created using the Stream Order tool (This network was roughly equivalent to the network in the DrainageLine feature class in the Synthetic_Intermediate_Layers feature dataset)</attrdef><attrdefs>GLHD/ESRI</attrdefs></attr><attr xmlns=""><attrlabl Sync="TRUE">Type</attrlabl><attalias Sync="TRUE">Type</attalias><attrtype Sync="TRUE">String</attrtype><attwidth Sync="TRUE">50</attwidth><atprecis Sync="TRUE">0</atprecis><attscale Sync="TRUE">0</attscale><attrdef>Original name of layer assigned by ArcHydro.</attrdef><attrdefs>GLHD, ArcHydro</attrdefs></attr></detailed></eainfo><distInfo><distFormat><formatName Sync="TRUE">File Geodatabase Feature Class</formatName></distFormat></distInfo><mdHrLvName Sync="TRUE">dataset</mdHrLvName><refSysInfo><RefSystem><refSysID><identCode code="102039" Sync="TRUE" value="102039"/><idCodeSpace Sync="TRUE">ESRI</idCodeSpace><idVersion Sync="TRUE">10.1.1</idVersion></refSysID></RefSystem></refSysInfo><spatRepInfo><VectSpatRep><geometObjs Name="Watershed_Interfluve_Altered_Attributed_Mainland"><geoObjTyp><GeoObjTypCd value="002" Sync="TRUE"></GeoObjTypCd></geoObjTyp><geoObjCnt Sync="TRUE">775</geoObjCnt></geometObjs><topLvl><TopoLevCd value="001" Sync="TRUE"></TopoLevCd></topLvl></VectSpatRep></spatRepInfo><spdoinfo><ptvctinf><esriterm Name="Watershed_Interfluve_Altered_Attributed_Mainland"><efeatyp Sync="TRUE">Simple</efeatyp><efeageom code="4" Sync="TRUE"></efeageom><esritopo Sync="TRUE">FALSE</esritopo><efeacnt Sync="TRUE">775</efeacnt><spindex Sync="TRUE">TRUE</spindex><linrefer Sync="TRUE">FALSE</linrefer></esriterm></ptvctinf></spdoinfo><mdDateSt Sync="TRUE">20150527</mdDateSt></metadata>
