time,date,hour,precip [mm/day],sub12 [m3/s],sub12 (observed) [m3/s]
0,2010-01-01,00:00:00.00,---,0,
1,2010-01-02,00:00:00.00,0.320193,0.323561,1.7273
2,2010-01-03,00:00:00.00,0.244218,0.661597,1.4187
3,2010-01-04,00:00:00.00,0.889044,0.674241,1.3762
4,2010-01-05,00:00:00.00,1.60011,0.668865,1.3026
5,2010-01-06,00:00:00.00,0.653907,0.661826,1.2573
6,2010-01-07,00:00:00.00,0.0663672,0.654894,1.1921
7,2010-01-08,00:00:00.00,4.92655,0.648057,1.127
8,2010-01-09,00:00:00.00,2.47154,0.64132,1.0364
9,2010-01-10,00:00:00.00,0.171028,0.634728,1.076
10,2010-01-11,00:00:00.00,0.0125345,0.628321,1.0732
11,2010-01-12,00:00:00.00,2.00246,0.62209,0.9628
12,2010-01-13,00:00:00.00,0.26034,0.615982,0.9628
13,2010-01-14,00:00:00.00,0.0104236,0.609946,1.0052
14,2010-01-15,00:00:00.00,0.05636,0.603925,1.0166
15,2010-01-16,00:00:00.00,0.0969183,0.597882,1.0279
16,2010-01-17,00:00:00.00,0.00516857,0.59186,1.0392
17,2010-01-18,00:00:00.00,0,0.585916,1.0477
18,2010-01-19,00:00:00.00,0.0378706,0.58004,1.0591
19,2010-01-20,00:00:00.00,0.351444,0.574229,1.0704
20,2010-01-21,00:00:00.00,0.0609322,0.568511,1.0647
21,2010-01-22,00:00:00.00,0.001633,0.562883,0.9996
22,2010-01-23,00:00:00.00,0.0259765,0.557315,0.9231
23,2010-01-24,00:00:00.00,0.0574237,0.551751,0.8099
24,2010-01-25,00:00:00.00,5.49161,0.640219,1.0364
25,2010-01-26,00:00:00.00,3.29457,1.02361,3.2564
26,2010-01-27,00:00:00.00,1.03311,1.40857,5.0404
27,2010-01-28,00:00:00.00,0.344532,1.27017,3.6529
28,2010-01-29,00:00:00.00,0.308234,1.00093,2.4466
29,2010-01-30,00:00:00.00,0.000787981,0.948178,1.7471
30,2010-01-31,00:00:00.00,0.0598424,0.91991,1.5319
31,2010-02-01,00:00:00.00,0.279676,0.893763,1.362
32,2010-02-02,00:00:00.00,0.0224489,0.869405,1.1921
33,2010-02-03,00:00:00.00,1.86726,0.846623,1.1298
34,2010-02-04,00:00:00.00,0.482286,0.825204,1.0874
35,2010-02-05,00:00:00.00,0,0.804994,1.0619
36,2010-02-06,00:00:00.00,0,0.785883,1.0534
37,2010-02-07,00:00:00.00,0.0891,0.767791,1.0364
38,2010-02-08,00:00:00.00,0.312588,0.750719,1.0279
39,2010-02-09,00:00:00.00,0,0.734571,0.9798
40,2010-02-10,00:00:00.00,8.46366,0.71921,1.0279
41,2010-02-11,00:00:00.00,6.1695,0.704575,1.0364
42,2010-02-12,00:00:00.00,0.440407,0.690598,1.0364
43,2010-02-13,00:00:00.00,0.18277,0.677255,1.0534
44,2010-02-14,00:00:00.00,0.194728,0.66452,1.0534
45,2010-02-15,00:00:00.00,0.0192032,0.652307,1.0194
46,2010-02-16,00:00:00.00,0.151889,0.640549,1.0534
47,2010-02-17,00:00:00.00,2.38179,0.629214,1.0704
48,2010-02-18,00:00:00.00,0.185844,0.618262,1.0789
49,2010-02-19,00:00:00.00,0.0204763,0.607645,1.0959
50,2010-02-20,00:00:00.00,0,0.597338,1.0789
51,2010-02-21,00:00:00.00,0.0024236,0.587341,1.0959
52,2010-02-22,00:00:00.00,0.0254515,0.577609,1.0959
53,2010-02-23,00:00:00.00,10.7511,0.596854,1.0959
54,2010-02-24,00:00:00.00,0.440227,0.651654,1.0959
55,2010-02-25,00:00:00.00,1.4939,0.640638,1.0789
56,2010-02-26,00:00:00.00,2.41251,0.589769,1.0874
57,2010-02-27,00:00:00.00,6.62248,0.57567,1.0874
58,2010-02-28,00:00:00.00,2.30036,0.565936,1.1044
59,2010-03-01,00:00:00.00,0.11462,0.556694,1.1044
60,2010-03-02,00:00:00.00,0.00318894,0.547638,1.0789
61,2010-03-03,00:00:00.00,0.0413667,0.538632,1.0789
62,2010-03-04,00:00:00.00,0.0495423,0.529864,1.0789
63,2010-03-05,00:00:00.00,0,0.521326,1.0959
64,2010-03-06,00:00:00.00,0,0.512981,1.1213
65,2010-03-07,00:00:00.00,0,0.504792,1.1893
66,2010-03-08,00:00:00.00,0,0.496703,1.4583
67,2010-03-09,00:00:00.00,0.0018749,1.12257,1.7726
68,2010-03-10,00:00:00.00,0.0181287,4.20923,2.9733
69,2010-03-11,00:00:00.00,0.0917939,7.61692,12.5727
70,2010-03-12,00:00:00.00,0.484133,6.88903,19.2838
71,2010-03-13,00:00:00.00,3.66713,4.80008,22.6535
72,2010-03-14,00:00:00.00,9.93137,4.84178,22.9933
73,2010-03-15,00:00:00.00,3.64324,5.68875,25.2303
74,2010-03-16,00:00:00.00,0.242105,5.46073,21.9172
75,2010-03-17,00:00:00.00,7.9965e-308,4.34866,12.9974
76,2010-03-18,00:00:00.00,0,3.58513,8.3252
77,2010-03-19,00:00:00.00,0,3.11047,6.2014
78,2010-03-20,00:00:00.00,0.00278506,2.75428,5.0687
79,2010-03-21,00:00:00.00,1.9729,2.47679,4.1059
80,2010-03-22,00:00:00.00,0.322576,2.25786,3.3131
81,2010-03-23,00:00:00.00,1.24903,2.07477,2.7807
82,2010-03-24,00:00:00.00,0.0728531,1.91876,2.4975
83,2010-03-25,00:00:00.00,0,1.7873,2.2738
84,2010-03-26,00:00:00.00,0.315641,1.67331,2.036
85,2010-03-27,00:00:00.00,0.0157844,1.57406,1.716
86,2010-03-28,00:00:00.00,0.0479927,1.48709,1.4385
87,2010-03-29,00:00:00.00,7.80309,1.666,1.413
88,2010-03-30,00:00:00.00,0.658692,2.1348,2.0416
89,2010-03-31,00:00:00.00,0,2.10177,2.6986
90,2010-04-01,00:00:00.00,0.00057686,1.73816,2.2399
91,2010-04-02,00:00:00.00,0.000296008,1.60538,1.9539
92,2010-04-03,00:00:00.00,0,1.50812,1.7273
93,2010-04-04,00:00:00.00,1.48612,1.42134,1.6056
94,2010-04-05,00:00:00.00,0.0327073,1.34439,1.3592
95,2010-04-06,00:00:00.00,2.88392,1.27905,1.2459
96,2010-04-07,00:00:00.00,33.9858,2.76664,5.9182
97,2010-04-08,00:00:00.00,6.63861,6.80342,24.3242
98,2010-04-09,00:00:00.00,1.10372,7.85809,18.859
99,2010-04-10,00:00:00.00,0.0180224,5.54533,10.8454
100,2010-04-11,00:00:00.00,0.172955,4.29956,6.7111
101,2010-04-12,00:00:00.00,0.508983,3.62775,4.8988
102,2010-04-13,00:00:00.00,0.161383,3.14875,3.7095
103,2010-04-14,00:00:00.00,1.02071,2.78367,2.9733
104,2010-04-15,00:00:00.00,0.26141,2.49679,2.4891
105,2010-04-16,00:00:00.00,0,2.26408,2.1153
106,2010-04-17,00:00:00.00,0.000771902,2.06972,1.9482
107,2010-04-18,00:00:00.00,0.0402321,1.90546,1.6169
108,2010-04-19,00:00:00.00,0.0213573,1.76588,1.6027
109,2010-04-20,00:00:00.00,0,1.64564,1.4017
110,2010-04-21,00:00:00.00,0,1.54032,1.4272
111,2010-04-22,00:00:00.00,0.0015053,1.44698,1.2629
112,2010-04-23,00:00:00.00,0.023028,1.36366,1.2091
113,2010-04-24,00:00:00.00,0.0180963,1.28912,1.0166
114,2010-04-25,00:00:00.00,5.29361,1.30866,1.0449
115,2010-04-26,00:00:00.00,16.354,1.98309,1.0817
116,2010-04-27,00:00:00.00,0.0452774,3.13178,2.6901
117,2010-04-28,00:00:00.00,0,3.06313,2.2738
118,2010-04-29,00:00:00.00,0,2.30263,1.4187
119,2010-04-30,00:00:00.00,0.373122,2.04558,1.0194
120,2010-05-01,00:00:00.00,0.000191076,1.87172,0.8835
121,2010-05-02,00:00:00.00,4.03547,1.74051,1.0194
122,2010-05-03,00:00:00.00,23.6713,2.60638,1.7047
123,2010-05-04,00:00:00.00,1.04829,4.58097,13.7054
124,2010-05-05,00:00:00.00,0.081396,4.63995,10.1657
125,2010-05-06,00:00:00.00,2.09677,3.33052,4.8422
126,2010-05-07,00:00:00.00,0.0271682,2.83828,3.0299
127,2010-05-08,00:00:00.00,33.9578,4.75015,2.945
128,2010-05-09,00:00:00.00,1.41406,9.23784,19.397
129,2010-05-10,00:00:00.00,0.0104067,9.2425,21.0394
130,2010-05-11,00:00:00.00,0.0180654,6.00919,8.9198
131,2010-05-12,00:00:00.00,19.3988,6.34376,6.7394
132,2010-05-13,00:00:00.00,0.104378,8.54808,14.3566
133,2010-05-14,00:00:00.00,14.9327,9.33592,16.5654
134,2010-05-15,00:00:00.00,0.103497,9.3677,19.3121
135,2010-05-16,00:00:00.00,0.000548391,8.03971,13.2806
136,2010-05-17,00:00:00.00,0.000458558,5.73948,6.7111
137,2010-05-18,00:00:00.00,0.160826,4.61039,4.559
138,2010-05-19,00:00:00.00,2.10255,3.88129,3.5679
139,2010-05-20,00:00:00.00,0.0235537,3.35551,2.945
140,2010-05-21,00:00:00.00,0.00179723,2.95557,2.4069
141,2010-05-22,00:00:00.00,2.23271,2.63927,2.0388
142,2010-05-23,00:00:00.00,1.21346,2.38553,1.699
143,2010-05-24,00:00:00.00,0.0327192,2.17688,1.6141
144,2010-05-25,00:00:00.00,0.00153957,1.99928,1.6141
145,2010-05-26,00:00:00.00,0.000639398,1.84546,1.4187
146,2010-05-27,00:00:00.00,0,1.71107,1.4838
147,2010-05-28,00:00:00.00,0.00437201,1.59243,1.3535
148,2010-05-29,00:00:00.00,0,1.48699,1.2148
149,2010-05-30,00:00:00.00,0.000192089,1.39289,1.1072
150,2010-05-31,00:00:00.00,0,1.30832,1.0024
151,2010-06-01,00:00:00.00,4.88767,1.24965,0.9599
152,2010-06-02,00:00:00.00,0.245132,1.21791,0.9543
153,2010-06-03,00:00:00.00,23.9063,1.86431,0.9911
154,2010-06-04,00:00:00.00,1.28442,3.37229,1.5942
155,2010-06-05,00:00:00.00,4.88693,3.50608,2.1266
156,2010-06-06,00:00:00.00,6.126,2.73143,2.053
157,2010-06-07,00:00:00.00,16.0214,3.29786,3.3414
158,2010-06-08,00:00:00.00,0.00966823,4.42473,5.7483
159,2010-06-09,00:00:00.00,0.0931971,4.19237,3.5962
160,2010-06-10,00:00:00.00,5.84961,3.29898,2.4041
161,2010-06-11,00:00:00.00,0.244351,3.05907,2.0785
162,2010-06-12,00:00:00.00,0.393383,2.75119,1.7387
163,2010-06-13,00:00:00.00,0.0586848,2.3837,1.4725
164,2010-06-14,00:00:00.00,0.154084,2.13654,1.3054
165,2010-06-15,00:00:00.00,0.40042,1.93799,1.2658
166,2010-06-16,00:00:00.00,0.279114,1.7713,1.2431
167,2010-06-17,00:00:00.00,4.18523,1.63009,1.1072
168,2010-06-18,00:00:00.00,0.000774147,1.51003,1.0845
169,2010-06-19,00:00:00.00,0.727371,1.40535,1.0704
170,2010-06-20,00:00:00.00,0.504637,1.31209,0.9713
171,2010-06-21,00:00:00.00,0.000279787,1.22885,0.8976
172,2010-06-22,00:00:00.00,0.1106,1.15406,0.8212
173,2010-06-23,00:00:00.00,8.88982,1.20118,0.7872
174,2010-06-24,00:00:00.00,0.125419,1.38187,0.8382
175,2010-06-25,00:00:00.00,1.5548,1.33099,0.824
176,2010-06-26,00:00:00.00,0.0276554,1.13543,0.7787
177,2010-06-27,00:00:00.00,0.843566,1.05761,0.7192
178,2010-06-28,00:00:00.00,9.64124,1.12035,0.6881
179,2010-06-29,00:00:00.00,0.176839,1.32635,1.3451
180,2010-06-30,00:00:00.00,0.0463376,1.28061,2.1946
181,2010-07-01,00:00:00.00,0.00242492,1.07724,1.396
182,2010-07-02,00:00:00.00,0.00320616,1.00249,0.9939
183,2010-07-03,00:00:00.00,0.00373874,0.946867,0.7929
184,2010-07-04,00:00:00.00,0.00320775,0.896178,0.6994
185,2010-07-05,00:00:00.00,0.0049892,0.849704,0.6541
186,2010-07-06,00:00:00.00,0.00473655,0.806909,0.606
187,2010-07-07,00:00:00.00,0.00165611,0.767412,0.555
188,2010-07-08,00:00:00.00,0.593548,0.730943,0.5097
189,2010-07-09,00:00:00.00,8.83692,0.756521,0.5069
190,2010-07-10,00:00:00.00,0.704058,0.854335,0.5069
191,2010-07-11,00:00:00.00,1.02709e-308,0.822604,0.5267
192,2010-07-12,00:00:00.00,10.6451,0.801915,0.521
193,2010-07-13,00:00:00.00,16.3477,1.17922,0.7419
194,2010-07-14,00:00:00.00,0.100516,1.62774,1.0109
195,2010-07-15,00:00:00.00,0.000994404,1.48131,0.9599
196,2010-07-16,00:00:00.00,26.4771,1.66371,0.8438
197,2010-07-17,00:00:00.00,0.260413,2.72615,1.2459
198,2010-07-18,00:00:00.00,0.232769,2.73098,1.9624
199,2010-07-19,00:00:00.00,0.134186,1.98439,1.3026
200,2010-07-20,00:00:00.00,0.73323,1.74343,0.9854
201,2010-07-21,00:00:00.00,0.834548,1.58495,0.8099
202,2010-07-22,00:00:00.00,0.0119532,1.45099,0.7108
203,2010-07-23,00:00:00.00,2.95723,1.33633,0.6513
204,2010-07-24,00:00:00.00,1.97123,1.23756,0.5975
205,2010-07-25,00:00:00.00,1.432,1.15158,0.606
206,2010-07-26,00:00:00.00,0.394622,1.07568,0.7136
207,2010-07-27,00:00:00.00,0.00961915,1.00812,0.5975
208,2010-07-28,00:00:00.00,0.000292519,0.947555,0.521
209,2010-07-29,00:00:00.00,4.99815,0.904319,0.4729
210,2010-07-30,00:00:00.00,0.00342863,0.879125,0.4389
211,2010-07-31,00:00:00.00,0.00516033,0.834493,0.4276
212,2010-08-01,00:00:00.00,0.0505763,0.779006,0.4106
213,2010-08-02,00:00:00.00,0.0415021,0.739018,0.4361
214,2010-08-03,00:00:00.00,0.0338345,0.703508,0.4332
215,2010-08-04,00:00:00.00,0,0.670774,0.4276
216,2010-08-05,00:00:00.00,1.25303,0.640548,0.4163
217,2010-08-06,00:00:00.00,0.0732031,0.61264,0.4021
218,2010-08-07,00:00:00.00,0.142423,0.586769,0.3993
219,2010-08-08,00:00:00.00,0.106271,0.562702,0.3794
220,2010-08-09,00:00:00.00,0.245938,0.54029,0.3766
221,2010-08-10,00:00:00.00,2.67559,0.519401,0.3851
222,2010-08-11,00:00:00.00,0.0116843,0.499948,0.3794
223,2010-08-12,00:00:00.00,11.3039,0.549728,0.3851
224,2010-08-13,00:00:00.00,1.39919,0.684723,0.4446
225,2010-08-14,00:00:00.00,0.00179794,0.660185,1.1723
226,2010-08-15,00:00:00.00,0.0538195,0.539556,0.9373
227,2010-08-16,00:00:00.00,0.433455,0.509468,0.7136
228,2010-08-17,00:00:00.00,0.0719663,0.490441,0.6031
229,2010-08-18,00:00:00.00,0.0329658,0.47262,0.5409
230,2010-08-19,00:00:00.00,0.0207097,0.455885,0.4644
231,2010-08-20,00:00:00.00,6.13986,0.459156,0.4304
232,2010-08-21,00:00:00.00,0.0226783,0.486856,0.4106
233,2010-08-22,00:00:00.00,1.04867,0.469702,0.4502
234,2010-08-23,00:00:00.00,0.101951,0.426294,0.4587
235,2010-08-24,00:00:00.00,0.10316,0.409638,0.4361
236,2010-08-25,00:00:00.00,0.0565439,0.396562,0.4191
237,2010-08-26,00:00:00.00,0.0745862,0.384185,0.4021
238,2010-08-27,00:00:00.00,0.00423878,0.372459,0.3823
239,2010-08-28,00:00:00.00,0.0082978,0.361341,0.3681
240,2010-08-29,00:00:00.00,0.0124758,0.35078,0.3511
241,2010-08-30,00:00:00.00,0.00424876,0.340729,0.3455
242,2010-08-31,00:00:00.00,0.254509,0.331153,0.3398
243,2010-09-01,00:00:00.00,0.12485,0.322026,0.3228
244,2010-09-02,00:00:00.00,2.19475,0.313346,0.2973
245,2010-09-03,00:00:00.00,6.64865,0.321957,0.303
246,2010-09-04,00:00:00.00,1.04841,0.352646,0.3625
247,2010-09-05,00:00:00.00,0.391526,0.340854,0.3625
248,2010-09-06,00:00:00.00,0.212933,0.304485,0.3681
249,2010-09-07,00:00:00.00,1.00067,0.293996,0.3398
250,2010-09-08,00:00:00.00,0.030235,0.28665,0.3058
251,2010-09-09,00:00:00.00,0.000631811,0.279639,0.2744
252,2010-09-10,00:00:00.00,0.00494696,0.272926,0.2781
253,2010-09-11,00:00:00.00,0.0418242,0.266489,0.3143
254,2010-09-12,00:00:00.00,11.1821,0.30144,0.371
255,2010-09-13,00:00:00.00,0.170129,0.390773,0.3851
256,2010-09-14,00:00:00.00,0.615218,0.373769,0.4701
257,2010-09-15,00:00:00.00,4.15e-308,0.294876,0.4502
258,2010-09-16,00:00:00.00,2.748e-308,0.280755,0.4304
259,2010-09-17,00:00:00.00,18.6109,0.365597,0.5154
260,2010-09-18,00:00:00.00,0.471069,0.572,0.6145
261,2010-09-19,00:00:00.00,5.92455,0.56944,0.7589
262,2010-09-20,00:00:00.00,0.0579006,0.459079,0.6711
263,2010-09-21,00:00:00.00,0.000742992,0.428358,0.6513
264,2010-09-22,00:00:00.00,0.00021434,0.377852,0.6003
265,2010-09-23,00:00:00.00,4.15331,0.373536,0.5493
266,2010-09-24,00:00:00.00,0.00838185,0.386926,0.4814
267,2010-09-25,00:00:00.00,0.000254813,0.374711,0.4984
268,2010-09-26,00:00:00.00,0.000562496,0.347679,0.4729
269,2010-09-27,00:00:00.00,0.0013606,0.336396,0.4587
270,2010-09-28,00:00:00.00,1.70858,0.327272,0.4276
271,2010-09-29,00:00:00.00,42.0104,0.687999,0.6485
272,2010-09-30,00:00:00.00,0.0676599,1.57054,1.3847
273,2010-10-01,00:00:00.00,0.0184079,1.55668,1.4017
274,2010-10-02,00:00:00.00,0.117912,0.944583,0.9599
275,2010-10-03,00:00:00.00,19.3588,1.13707,0.8552
276,2010-10-04,00:00:00.00,0.494164,1.74553,0.9061
277,2010-10-05,00:00:00.00,0.0172236,1.72233,0.9713
278,2010-10-06,00:00:00.00,0.000280688,1.28359,0.8042
279,2010-10-07,00:00:00.00,0.00227368,1.16189,0.6768
280,2010-10-08,00:00:00.00,0.00665731,1.08434,0.572
281,2010-10-09,00:00:00.00,0,1.01584,0.5125
282,2010-10-10,00:00:00.00,0.00724848,0.954911,0.4701
283,2010-10-11,00:00:00.00,0,0.900376,0.4332
284,2010-10-12,00:00:00.00,1.28474,0.85137,0.3908
285,2010-10-13,00:00:00.00,0.0142482,0.807221,0.4106
286,2010-10-14,00:00:00.00,11.1632,0.92049,0.4389
287,2010-10-15,00:00:00.00,2.19589,1.23022,0.4786
288,2010-10-16,00:00:00.00,0.0633937,1.22112,0.6088
289,2010-10-17,00:00:00.00,0,0.978773,0.7504
290,2010-10-18,00:00:00.00,0.00120013,0.894948,0.6371
291,2010-10-19,00:00:00.00,0.0202808,0.846434,0.5522
292,2010-10-20,00:00:00.00,0.00798923,0.803685,0.5607
293,2010-10-21,00:00:00.00,8.44837,0.881001,0.5748
294,2010-10-22,00:00:00.00,3.71678,1.14514,0.5663
295,2010-10-23,00:00:00.00,0.0813104,1.2103,0.6173
296,2010-10-24,00:00:00.00,1.72949,1.02395,0.6598
297,2010-10-25,00:00:00.00,2.67335,0.933071,0.5918
298,2010-10-26,00:00:00.00,0.913486,0.921226,0.5493
299,2010-10-27,00:00:00.00,4.9864,0.936026,0.589
300,2010-10-28,00:00:00.00,0.0454906,1.00638,0.589
301,2010-10-29,00:00:00.00,0.00227941,0.965296,0.6173
302,2010-10-30,00:00:00.00,0.00086327,0.846294,0.6145
303,2010-10-31,00:00:00.00,0.042782,0.798855,0.5635
304,2010-11-01,00:00:00.00,0.00919223,0.762336,0.555
305,2010-11-02,00:00:00.00,0.016982,0.728927,0.5522
306,2010-11-03,00:00:00.00,0.0757805,0.698261,0.5125
307,2010-11-04,00:00:00.00,0.490838,0.670036,0.5097
308,2010-11-05,00:00:00.00,2.73124,0.672454,0.5239
309,2010-11-06,00:00:00.00,1.44465,0.715307,0.5409
310,2010-11-07,00:00:00.00,0.143499,0.701295,0.5493
311,2010-11-08,00:00:00.00,0.0139818,0.639155,0.5493
312,2010-11-09,00:00:00.00,0,0.606344,0.5493
313,2010-11-10,00:00:00.00,0.000972792,0.584515,0.5182
314,2010-11-11,00:00:00.00,0.189908,0.5647,0.5125
315,2010-11-12,00:00:00.00,0.0173526,0.54617,0.5097
316,2010-11-13,00:00:00.00,0.080154,0.52878,0.5097
317,2010-11-14,00:00:00.00,0.275823,0.512417,0.5182
318,2010-11-15,00:00:00.00,2.35572,0.517568,0.5409
319,2010-11-16,00:00:00.00,0,0.548795,0.5239
320,2010-11-17,00:00:00.00,7.82974,0.635348,0.521
321,2010-11-18,00:00:00.00,7.59873,0.940024,0.606
322,2010-11-19,00:00:00.00,0.0829299,1.17385,1.0987
323,2010-11-20,00:00:00.00,0.0290095,1.00047,1.1213
324,2010-11-21,00:00:00.00,1.035e-308,0.797154,0.926
325,2010-11-22,00:00:00.00,0.132331,0.74887,0.7929
326,2010-11-23,00:00:00.00,7.10724,0.830898,0.7447
327,2010-11-24,00:00:00.00,2.36397,1.08106,0.7391
328,2010-11-25,00:00:00.00,0.223757,1.12055,0.841
329,2010-11-26,00:00:00.00,19.2726,1.40022,0.8665
330,2010-11-27,00:00:00.00,0.163916,2.34369,0.9628
331,2010-11-28,00:00:00.00,0.0642827,2.36212,1.2006
332,2010-11-29,00:00:00.00,0,1.70966,0.9599
333,2010-11-30,00:00:00.00,0.00369264,1.52975,0.7929
334,2010-12-01,00:00:00.00,18.3675,2.04164,0.8099
335,2010-12-02,00:00:00.00,0.544918,3.28649,1.1327
336,2010-12-03,00:00:00.00,0.44762,3.29506,1.2884
337,2010-12-04,00:00:00.00,0.222506,2.44006,1.0449
338,2010-12-05,00:00:00.00,0.290258,2.13925,0.8835
339,2010-12-06,00:00:00.00,0.281528,1.93903,0.7844
340,2010-12-07,00:00:00.00,0.239611,1.77389,0.6853
341,2010-12-08,00:00:00.00,0.150703,1.63555,0.5975
342,2010-12-09,00:00:00.00,1.01333,1.51813,0.5947
343,2010-12-10,00:00:00.00,0.0595773,1.41734,0.5805
344,2010-12-11,00:00:00.00,2.18501,1.33937,0.5663
345,2010-12-12,00:00:00.00,0.13662,1.28222,0.5097
346,2010-12-13,00:00:00.00,23.7402,1.51142,0.4559
347,2010-12-14,00:00:00.00,1.94258,2.07269,0.4248
348,2010-12-15,00:00:00.00,0.576143,2.04687,0.4191
349,2010-12-16,00:00:00.00,0.120272,1.62845,0.4049
350,2010-12-17,00:00:00.00,0.0342069,1.49262,0.4021
351,2010-12-18,00:00:00.00,0.127905,1.40026,0.4049
352,2010-12-19,00:00:00.00,0.649811,1.31971,0.3964
353,2010-12-20,00:00:00.00,1.144,1.24886,0.3964
354,2010-12-21,00:00:00.00,0.0190884,1.18609,0.3964
355,2010-12-22,00:00:00.00,0.0608268,1.13008,0.4587
356,2010-12-23,00:00:00.00,0.653373,1.07979,0.4587
357,2010-12-24,00:00:00.00,0.0568267,1.03442,0.4842
358,2010-12-25,00:00:00.00,0.337909,0.993282,0.4729
359,2010-12-26,00:00:00.00,0.956589,0.955804,0.4587
360,2010-12-27,00:00:00.00,1.03308,0.921536,0.4587
361,2010-12-28,00:00:00.00,0.105978,0.890066,0.4446
362,2010-12-29,00:00:00.00,0.0902125,0.861063,0.4502
363,2010-12-30,00:00:00.00,0.00129253,0.834243,0.4446
364,2010-12-31,00:00:00.00,0.656163,0.809406,0.4502
365,2011-01-01,00:00:00.00,3.55267,1.86142,0.4899
366,2011-01-02,00:00:00.00,7.9188,5.00113,0.9543
367,2011-01-03,00:00:00.00,0.254118,6.23026,5.2103
368,2011-01-04,00:00:00.00,0.316963,4.64468,2.7241
369,2011-01-05,00:00:00.00,2.19541,3.60626,1.6509
370,2011-01-06,00:00:00.00,0.237145,3.10447,1.2912
371,2011-01-07,00:00:00.00,2.37958,2.74607,1.093
372,2011-01-08,00:00:00.00,0.881295,2.46633,0.8891
373,2011-01-09,00:00:00.00,2.55891,2.24251,0.79
374,2011-01-10,00:00:00.00,0.0210588,2.05972,0.7192
375,2011-01-11,00:00:00.00,0.00229873,1.90779,0.6796
376,2011-01-12,00:00:00.00,9.16226,1.77962,0.623
377,2011-01-13,00:00:00.00,2.55757,1.67008,0.6003
378,2011-01-14,00:00:00.00,0.320897,1.57546,0.5805
379,2011-01-15,00:00:00.00,0.631282,1.49301,0.6088
380,2011-01-16,00:00:00.00,3.94229,1.42051,0.6315
381,2011-01-17,00:00:00.00,0.0451216,1.35627,0.623
382,2011-01-18,00:00:00.00,0.437627,1.29908,0.623
383,2011-01-19,00:00:00.00,5.55728,1.3243,0.6315
384,2011-01-20,00:00:00.00,0.313765,1.438,0.623
385,2011-01-21,00:00:00.00,1.11708,1.40125,0.6116
386,2011-01-22,00:00:00.00,0.411805,1.27042,0.6088
387,2011-01-23,00:00:00.00,1.89431,1.21555,0.5493
388,2011-01-24,00:00:00.00,0.296895,1.17304,0.5267
389,2011-01-25,00:00:00.00,1.39064,1.1345,0.5182
390,2011-01-26,00:00:00.00,0.18553,1.09921,0.5295
391,2011-01-27,00:00:00.00,0.122322,1.06654,0.4955
392,2011-01-28,00:00:00.00,1.96621,1.03616,0.4899
393,2011-01-29,00:00:00.00,0.72567,1.00794,0.4786
394,2011-01-30,00:00:00.00,6.48518,0.981668,0.4672
395,2011-01-31,00:00:00.00,0.31305,0.95715,0.4559
396,2011-02-01,00:00:00.00,0.0723718,0.934307,0.4446
397,2011-02-02,00:00:00.00,4.01676,0.913025,0.4502
398,2011-02-03,00:00:00.00,15.9531,0.893037,0.4191
399,2011-02-04,00:00:00.00,0.00154641,0.874159,0.4389
400,2011-02-05,00:00:00.00,0,0.856386,0.4389
401,2011-02-06,00:00:00.00,0.975835,0.839614,0.4389
402,2011-02-07,00:00:00.00,0.767363,0.823627,0.4531
403,2011-02-08,00:00:00.00,0.879969,0.808279,0.4559
404,2011-02-09,00:00:00.00,0.261315,0.793607,0.5012
405,2011-02-10,00:00:00.00,0.105123,0.779738,0.5352
406,2011-02-11,00:00:00.00,0.0198274,0.76665,0.5352
407,2011-02-12,00:00:00.00,0.312246,0.754251,0.5409
408,2011-02-13,00:00:00.00,0.812151,0.742338,0.5409
409,2011-02-14,00:00:00.00,1.70617,0.736022,0.5267
410,2011-02-15,00:00:00.00,0.0860256,0.736396,0.5324
411,2011-02-16,00:00:00.00,7.74049e-308,0.725429,0.5635
412,2011-02-17,00:00:00.00,0.159939,0.707493,0.7419
413,2011-02-18,00:00:00.00,0.0538058,4.56657,0.9798
414,2011-02-19,00:00:00.00,0.0223677,16.1262,3.3131
415,2011-02-20,00:00:00.00,0,17.91,13.5355
416,2011-02-21,00:00:00.00,12.6943,9.92932,14.0168
417,2011-02-22,00:00:00.00,13.7288,6.93931,6.7111
418,2011-02-23,00:00:00.00,0,5.46036,4.6156
419,2011-02-24,00:00:00.00,0.020438,4.5261,3.5396
420,2011-02-25,00:00:00.00,3.22479,3.88299,2.7949
421,2011-02-26,00:00:00.00,3.63281,3.41536,2.5004
422,2011-02-27,00:00:00.00,4.25741,3.06021,2.2625
423,2011-02-28,00:00:00.00,1.50463,2.78146,2.2625
424,2011-03-01,00:00:00.00,10.8004,2.70353,2.7354
425,2011-03-02,00:00:00.00,0.00500475,2.80272,4.7289
426,2011-03-03,00:00:00.00,0.0170869,2.66243,4.8422
427,2011-03-04,00:00:00.00,0.0316038,2.37567,5.3236
428,2011-03-05,00:00:00.00,3.87749,2.33012,3.8511
429,2011-03-06,00:00:00.00,17.8162,4.42235,8.9481
430,2011-03-07,00:00:00.00,0.553241,8.62698,20.4164
431,2011-03-08,00:00:00.00,0.00107241,8.70909,22.2004
432,2011-03-09,00:00:00.00,2.98858e-308,5.91084,14.7814
433,2011-03-10,00:00:00.00,11.023,5.58888,11.6099
434,2011-03-11,00:00:00.00,5.77386,11.2501,19.397
435,2011-03-12,00:00:00.00,4.90058,20.9304,24.5507
436,2011-03-13,00:00:00.00,0.231796,20.5488,17.6131
437,2011-03-14,00:00:00.00,0.433551,12.9382,12.9408
438,2011-03-15,00:00:00.00,0.0428519,8.79258,12.3178
439,2011-03-16,00:00:00.00,2.33496,6.75074,12.7709
440,2011-03-17,00:00:00.00,3.17209,8.68689,16.9335
441,2011-03-18,00:00:00.00,0.000227886,13.5578,23.6729
442,2011-03-19,00:00:00.00,0.000702692,12.6066,19.1705
443,2011-03-20,00:00:00.00,0,8.25121,12.3745
444,2011-03-21,00:00:00.00,11.3779,7.83528,7.3341
445,2011-03-22,00:00:00.00,9.83115,10.8567,14.7814
446,2011-03-23,00:00:00.00,9.49594,14.5132,22.0588
447,2011-03-24,00:00:00.00,12.7272,14.9471,13.8469
448,2011-03-25,00:00:00.00,0.0694493,11.6831,13.3089
449,2011-03-26,00:00:00.00,0.0316314,8.28936,12.4028
450,2011-03-27,00:00:00.00,0.100184,6.59008,8.7782
451,2011-03-28,00:00:00.00,0.0162501,5.58013,6.3713
452,2011-03-29,00:00:00.00,0.00056345,4.89109,5.3519
453,2011-03-30,00:00:00.00,0.000591338,4.38893,5.2103
454,2011-03-31,00:00:00.00,0.000303248,4.00475,6.3147
455,2011-04-01,00:00:00.00,0.0330874,3.69923,8.3535
456,2011-04-02,00:00:00.00,0.077545,4.65984,11.5533
457,2011-04-03,00:00:00.00,1.46302,6.85985,12.601
458,2011-04-04,00:00:00.00,9.13515,7.83932,10.902
459,2011-04-05,00:00:00.00,0.824613,8.03514,16.622
460,2011-04-06,00:00:00.00,0.14275,7.27388,21.7757
461,2011-04-07,00:00:00.00,7.08797,6.41389,12.8558
462,2011-04-08,00:00:00.00,0.0154569,6.8564,10.7604
463,2011-04-09,00:00:00.00,0.503072,6.28297,9.118
464,2011-04-10,00:00:00.00,0.00972522,5.10728,6.6261
465,2011-04-11,00:00:00.00,1.36244,4.47098,5.2669
466,2011-04-12,00:00:00.00,2.30017,4.02106,4.7006
467,2011-04-13,00:00:00.00,0,3.67475,4.3891
468,2011-04-14,00:00:00.00,0.00264789,3.39442,3.7095
469,2011-04-15,00:00:00.00,0,3.15844,3.1715
470,2011-04-16,00:00:00.00,0.00116602,2.95753,2.7581
471,2011-04-17,00:00:00.00,13.9499,3.9039,2.6731
472,2011-04-18,00:00:00.00,0.566599,6.0513,3.1149
473,2011-04-19,00:00:00.00,2.10565,6.09787,3.1715
474,2011-04-20,00:00:00.00,7.58266,5.29742,3.0865
475,2011-04-21,00:00:00.00,9.42392,6.9693,10.5056
476,2011-04-22,00:00:00.00,0.0237343,8.51041,17.6697
477,2011-04-23,00:00:00.00,8.36607,8.38861,9.3729
478,2011-04-24,00:00:00.00,12.2103,9.96701,23.7012
479,2011-04-25,00:00:00.00,0.00299643,11.7026,32.5644
480,2011-04-26,00:00:00.00,3.54747,9.86768,16.7636
481,2011-04-27,00:00:00.00,1.19535,7.40989,9.7127
482,2011-04-28,00:00:00.00,12.1468,7.44573,9.7693
483,2011-04-29,00:00:00.00,27.4464,14.6917,36.5287
484,2011-04-30,00:00:00.00,1.84685,23.2464,46.1565
485,2011-05-01,00:00:00.00,0.0784353,19.1268,30.8654
486,2011-05-02,00:00:00.00,0.636281,10.9538,19.1139
487,2011-05-03,00:00:00.00,0.0157,7.99475,10.4489
488,2011-05-04,00:00:00.00,1.19681,6.43166,7.2491
489,2011-05-05,00:00:00.00,0.0538974,5.43655,5.5784
490,2011-05-06,00:00:00.00,0.00426365,4.74304,4.5307
491,2011-05-07,00:00:00.00,2.23295,4.22856,3.8228
492,2011-05-08,00:00:00.00,0.0911405,3.83475,3.4547
493,2011-05-09,00:00:00.00,0,3.51827,3.2564
494,2011-05-10,00:00:00.00,0.0536693,3.25231,2.7864
495,2011-05-11,00:00:00.00,0.65521,3.02579,2.5627
496,2011-05-12,00:00:00.00,0.0404196,2.82943,2.4381
497,2011-05-13,00:00:00.00,7.40628,2.93937,2.3531
498,2011-05-14,00:00:00.00,10.6638,4.00271,2.5655
499,2011-05-15,00:00:00.00,11.3164,6.21257,2.945
500,2011-05-16,00:00:00.00,31.0094,13.4864,18.3493
501,2011-05-17,00:00:00.00,1.15652,22.2507,39.0772
502,2011-05-18,00:00:00.00,5.34556,19.4561,29.7327
503,2011-05-19,00:00:00.00,14.8042,14.659,21.2093
504,2011-05-20,00:00:00.00,7.18513,16.3588,18.0095
505,2011-05-21,00:00:00.00,0.0074251,14.6764,23.7862
506,2011-05-22,00:00:00.00,0.914014,10.2691,15.6875
507,2011-05-23,00:00:00.00,2.32297,7.52589,9.2879
508,2011-05-24,00:00:00.00,1.5334,6.10399,6.796
509,2011-05-25,00:00:00.00,0.0380993,5.18769,5.5784
510,2011-05-26,00:00:00.00,35.8214,10.3707,7.419
511,2011-05-27,00:00:00.00,9.93388,23.6234,25.7966
512,2011-05-28,00:00:00.00,0.737159,24.8585,31.7149
513,2011-05-29,00:00:00.00,2.79007,14.7037,22.0871
514,2011-05-30,00:00:00.00,6.34522,10.0398,12.8558
515,2011-05-31,00:00:00.00,0.00035976,8.54063,10.2224
516,2011-06-01,00:00:00.00,0.438449,7.14733,8.3535
517,2011-06-02,00:00:00.00,0.137826,5.79363,5.6634
518,2011-06-03,00:00:00.00,0.000540694,4.96082,4.1626
519,2011-06-04,00:00:00.00,0.00328944,4.36314,3.3131
520,2011-06-05,00:00:00.00,0.022501,3.90204,2.826
521,2011-06-06,00:00:00.00,0,3.53005,2.4664
522,2011-06-07,00:00:00.00,0.0015027,3.22095,2.2399
523,2011-06-08,00:00:00.00,0.00532454,2.95786,2.2937
524,2011-06-09,00:00:00.00,0.139665,2.72867,1.7415
525,2011-06-10,00:00:00.00,0.288513,2.52729,1.498
526,2011-06-11,00:00:00.00,1.31374,2.3523,1.481
527,2011-06-12,00:00:00.00,0.288779,2.20121,1.5461
528,2011-06-13,00:00:00.00,0.00997286,2.06732,1.5659
529,2011-06-14,00:00:00.00,1.9217e-308,1.94589,1.5404
530,2011-06-15,00:00:00.00,0.00783539,1.83537,1.4413
531,2011-06-16,00:00:00.00,0.218901,1.73418,1.3875
532,2011-06-17,00:00:00.00,5.70752,1.72406,1.3564
533,2011-06-18,00:00:00.00,0.16149,1.80826,1.3422
534,2011-06-19,00:00:00.00,0.00132385,1.73984,1.3196
535,2011-06-20,00:00:00.00,0.00105381,1.57371,1.0194
536,2011-06-21,00:00:00.00,0.116168,1.48088,0.9713
537,2011-06-22,00:00:00.00,6.24515,1.47339,1.0194
538,2011-06-23,00:00:00.00,40.1156,3.83553,3.936
539,2011-06-24,00:00:00.00,6.00545,9.51642,13.5638
540,2011-06-25,00:00:00.00,2.15735,10.3554,12.7426
541,2011-06-26,00:00:00.00,0.0662621,6.76107,5.2386
542,2011-06-27,00:00:00.00,8.92207e-308,5.13907,3.1432
543,2011-06-28,00:00:00.00,1.66946,4.2338,2.2087
544,2011-06-29,00:00:00.00,0.0743266,3.60485,1.7387
545,2011-06-30,00:00:00.00,0,3.1377,1.4696
546,2011-07-01,00:00:00.00,1.39e-308,2.77513,1.2714
547,2011-07-02,00:00:00.00,0.00317316,2.48489,1.1383
548,2011-07-03,00:00:00.00,7.97714,2.41696,1.0449
549,2011-07-04,00:00:00.00,0.0158214,2.5519,1.9595
550,2011-07-05,00:00:00.00,0.00138248,2.39765,2.2059
551,2011-07-06,00:00:00.00,0.000695656,2.06482,1.3904
552,2011-07-07,00:00:00.00,0.0134367,1.87915,1.0534
553,2011-07-08,00:00:00.00,0.0136603,1.73056,0.8807
554,2011-07-09,00:00:00.00,0.00694058,1.60167,0.79
555,2011-07-10,00:00:00.00,0.0270198,1.48865,0.7136
556,2011-07-11,00:00:00.00,0.000154293,1.38841,0.6286
557,2011-07-12,00:00:00.00,2.10465,1.29911,0.5918
558,2011-07-13,00:00:00.00,0,1.21966,0.5805
559,2011-07-14,00:00:00.00,0.00339242,1.14817,0.6003
560,2011-07-15,00:00:00.00,0.00723404,1.08325,0.5805
561,2011-07-16,00:00:00.00,0.040059,1.02424,0.5493
562,2011-07-17,00:00:00.00,0.00239927,0.970189,0.5324
563,2011-07-18,00:00:00.00,0.00132009,0.920366,0.5069
564,2011-07-19,00:00:00.00,8.56576,0.955988,0.5125
565,2011-07-20,00:00:00.00,0.109495,1.08877,0.5975
566,2011-07-21,00:00:00.00,0.00302114,1.04992,0.6145
567,2011-07-22,00:00:00.00,0.00551884,0.904626,0.572
568,2011-07-23,00:00:00.00,0.266438,0.849548,0.504
569,2011-07-24,00:00:00.00,0.0325481,0.807605,0.4757
570,2011-07-25,00:00:00.00,0.076521,0.769007,0.4814
571,2011-07-26,00:00:00.00,0.018533,0.733354,0.4672
572,2011-07-27,00:00:00.00,0.00451447,0.70033,0.4361
573,2011-07-28,00:00:00.00,1.26233,0.669739,0.4106
574,2011-07-29,00:00:00.00,24.9163,0.992041,0.5069
575,2011-07-30,00:00:00.00,24.1214,2.34382,0.9061
576,2011-07-31,00:00:00.00,0.00129401,3.57908,1.3989
577,2011-08-01,00:00:00.00,0.00450978,3.12882,1.195
578,2011-08-02,00:00:00.00,0.00397436,2.27469,0.8127
579,2011-08-03,00:00:00.00,1.16403,1.98348,0.6258
580,2011-08-04,00:00:00.00,4.88397,1.81086,0.5692
581,2011-08-05,00:00:00.00,0.10623,1.69504,0.555
582,2011-08-06,00:00:00.00,0.0378187,1.55852,0.5522
583,2011-08-07,00:00:00.00,6.72651,1.4823,0.5239
584,2011-08-08,00:00:00.00,7.88334,1.61716,0.538
585,2011-08-09,00:00:00.00,0.475554,1.73793,0.9231
586,2011-08-10,00:00:00.00,16.9244,1.96034,2.2512
587,2011-08-11,00:00:00.00,0.43783,2.54148,2.4466
588,2011-08-12,00:00:00.00,0.00187568,2.46963,1.6424
589,2011-08-13,00:00:00.00,0.00154628,1.91385,1.0675
590,2011-08-14,00:00:00.00,9.10878,1.86382,0.8269
591,2011-08-15,00:00:00.00,1.19176,2.03716,0.824
592,2011-08-16,00:00:00.00,0.0349532,1.91985,0.8807
593,2011-08-17,00:00:00.00,0,1.62353,0.7872
594,2011-08-18,00:00:00.00,0,1.47644,0.6853
595,2011-08-19,00:00:00.00,0.0655339,1.36177,0.5862
596,2011-08-20,00:00:00.00,0.0119686,1.26218,0.5182
597,2011-08-21,00:00:00.00,24.4169,1.72524,0.5918
598,2011-08-22,00:00:00.00,0.911073,2.84976,0.8155
599,2011-08-23,00:00:00.00,0.00271538,2.85652,0.9061
600,2011-08-24,00:00:00.00,0.00511095,2.08541,0.7164
601,2011-08-25,00:00:00.00,8.93133,1.99853,0.64
602,2011-08-26,00:00:00.00,0.00305903,2.1634,0.5805
603,2011-08-27,00:00:00.00,0.00124319,2.02983,0.589
604,2011-08-28,00:00:00.00,0.200843,1.71386,0.5324
605,2011-08-29,00:00:00.00,0.0650381,1.55302,0.4955
606,2011-08-30,00:00:00.00,0,1.42793,0.4644
607,2011-08-31,00:00:00.00,0,1.32011,0.4474
608,2011-09-01,00:00:00.00,0.664602,1.22625,0.4106
609,2011-09-02,00:00:00.00,0.826241,1.14396,0.4417
610,2011-09-03,00:00:00.00,0.128237,1.07119,0.4446
611,2011-09-04,00:00:00.00,9.555,1.12443,0.4446
612,2011-09-05,00:00:00.00,2.10972,1.31682,0.4701
613,2011-09-06,00:00:00.00,0.496757,1.26732,0.9883
614,2011-09-07,00:00:00.00,0.116606,1.06714,0.841
615,2011-09-08,00:00:00.00,6.86793,1.07668,0.6683
616,2011-09-09,00:00:00.00,8.09309,1.32007,0.6853
617,2011-09-10,00:00:00.00,0.389878,1.52213,0.7108
618,2011-09-11,00:00:00.00,2.60013,1.36979,0.6994
619,2011-09-12,00:00:00.00,0.295138,1.15355,0.6371
620,2011-09-13,00:00:00.00,0.137327,1.07013,0.5748
621,2011-09-14,00:00:00.00,0.0344297,1.00654,0.5267
622,2011-09-15,00:00:00.00,6.7286,1.03632,0.521
623,2011-09-16,00:00:00.00,0.00828329,1.16955,0.5267
624,2011-09-17,00:00:00.00,0.00272775,1.12361,0.909
625,2011-09-18,00:00:00.00,0.000170998,0.967327,0.5352
626,2011-09-19,00:00:00.00,2.92232e-308,0.90573,0.4559
627,2011-09-20,00:00:00.00,20.8086,1.25323,0.4984
628,2011-09-21,00:00:00.00,0.00607118,2.08945,0.6768
629,2011-09-22,00:00:00.00,0.574563,2.08966,1.0732
630,2011-09-23,00:00:00.00,0.0702624,1.52189,0.9203
631,2011-09-24,00:00:00.00,13.981,1.69645,0.8891
632,2011-09-25,00:00:00.00,0.313607,2.29205,0.7306
633,2011-09-26,00:00:00.00,0.0463882,2.23538,0.7504
634,2011-09-27,00:00:00.00,7.94282,1.92646,0.7419
635,2011-09-28,00:00:00.00,1.03365,2.10044,1.0477
636,2011-09-29,00:00:00.00,1.5454,1.98562,1.5121
637,2011-09-30,00:00:00.00,4.39182,1.74807,1.2884
638,2011-10-01,00:00:00.00,8.82785,1.98562,1.0222
639,2011-10-02,00:00:00.00,1.7407,2.36012,1.1383
640,2011-10-03,00:00:00.00,0.105286,2.19683,1.0279
641,2011-10-04,00:00:00.00,0.570579,1.80669,0.9061
642,2011-10-05,00:00:00.00,0.00132304,1.63433,0.7334
643,2011-10-06,00:00:00.00,0.000661891,1.50666,0.6654
644,2011-10-07,00:00:00.00,0,1.39684,0.6824
645,2011-10-08,00:00:00.00,0.000319825,1.30132,0.6626
646,2011-10-09,00:00:00.00,0,1.21746,0.5522
647,2011-10-10,00:00:00.00,0,1.14321,0.4842
648,2011-10-11,00:00:00.00,0.000183963,1.077,0.4163
649,2011-10-12,00:00:00.00,0.000252708,1.01762,0.3823
650,2011-10-13,00:00:00.00,4.19987,1.0179,0.3936
651,2011-10-14,00:00:00.00,0.193939,1.08348,0.4389
652,2011-10-15,00:00:00.00,2.55961,1.06133,0.4814
653,2011-10-16,00:00:00.00,4.27321,1.06231,0.5522
654,2011-10-17,00:00:00.00,0.0322789,1.15179,0.5862
655,2011-10-18,00:00:00.00,0.000938601,1.08468,0.555
656,2011-10-19,00:00:00.00,1.85633,0.967477,0.5324
657,2011-10-20,00:00:00.00,35.8068,2.05821,0.7391
658,2011-10-21,00:00:00.00,22.1055,6.35232,8.042
659,2011-10-22,00:00:00.00,0.538465,9.59757,10.279
660,2011-10-23,00:00:00.00,0.00386267,7.85063,6.6828
661,2011-10-24,00:00:00.00,0.0949934,5.35833,3.8228
662,2011-10-25,00:00:00.00,4.8718,4.52269,2.5825
663,2011-10-26,00:00:00.00,3.12888,4.40262,1.9822
664,2011-10-27,00:00:00.00,0.715123,4.1221,1.8859
665,2011-10-28,00:00:00.00,1.21651,3.49446,1.8094
666,2011-10-29,00:00:00.00,0.129091,2.99575,1.6877
667,2011-10-30,00:00:00.00,4.64111,2.86179,1.5716
668,2011-10-31,00:00:00.00,0.149658,2.98043,1.4272
669,2011-11-01,00:00:00.00,0.827353,2.77622,1.2997
670,2011-11-02,00:00:00.00,0.00290174,2.37582,1.2516
671,2011-11-03,00:00:00.00,0.000142108,2.15363,1.229
672,2011-11-04,00:00:00.00,0.089022,1.98104,1.1865
673,2011-11-05,00:00:00.00,0.00874681,1.83597,1.1355
674,2011-11-06,00:00:00.00,0.00438096,1.71251,1.1157
675,2011-11-07,00:00:00.00,0,1.60607,0.9968
676,2011-11-08,00:00:00.00,0.00128571,1.5131,0.926
677,2011-11-09,00:00:00.00,1.16508,1.43141,0.9231
678,2011-11-10,00:00:00.00,6.20699,1.55832,0.943
679,2011-11-11,00:00:00.00,0.864067,1.91104,0.943
680,2011-11-12,00:00:00.00,0.0600236,1.87414,1.0902
681,2011-11-13,00:00:00.00,0.0385651,1.5848,1.1015
682,2011-11-14,00:00:00.00,1.49496,1.49289,1.0166
683,2011-11-15,00:00:00.00,6.03913,1.653,1.0421
684,2011-11-16,00:00:00.00,0.0540185,2.0222,1.2006
685,2011-11-17,00:00:00.00,0.0468484,1.96777,1.4017
686,2011-11-18,00:00:00.00,0.19602,1.66136,1.2686
687,2011-11-19,00:00:00.00,0.0297432,1.54733,1.1298
688,2011-11-20,00:00:00.00,0.0405314,1.46444,1.0364
689,2011-11-21,00:00:00.00,0.0808866,1.39107,0.9458
690,2011-11-22,00:00:00.00,0.0104831,1.32573,0.8948
691,2011-11-23,00:00:00.00,14.0024,1.83383,0.8523
692,2011-11-24,00:00:00.00,2.0447,3.10024,1.2884
693,2011-11-25,00:00:00.00,0.0139701,3.29528,2.1946
694,2011-11-26,00:00:00.00,0.00474924,2.54543,1.9963
695,2011-11-27,00:00:00.00,0.259195,2.22583,1.6339
696,2011-11-28,00:00:00.00,16.2769,2.95832,2.4211
697,2011-11-29,00:00:00.00,3.5923,4.9212,6.2297
698,2011-11-30,00:00:00.00,53.6493,13.602,18.0095
699,2011-12-01,00:00:00.00,6.30085,28.909,33.1307
700,2011-12-02,00:00:00.00,0.00640385,26.4888,26.1931
701,2011-12-03,00:00:00.00,4.4358,13.4136,14.6398
702,2011-12-04,00:00:00.00,0.526209,9.33062,9.0331
703,2011-12-05,00:00:00.00,12.3585,10.0795,8.0986
704,2011-12-06,00:00:00.00,4.33894,14.1521,12.3461
705,2011-12-07,00:00:00.00,0.349617,13.5644,10.5339
706,2011-12-08,00:00:00.00,0.0374286,9.24993,6.6828
707,2011-12-09,00:00:00.00,0,6.89952,4.8988
708,2011-12-10,00:00:00.00,2.85734,5.65834,3.8794
709,2011-12-11,00:00:00.00,0.038204,4.85465,3.1432
710,2011-12-12,00:00:00.00,0,4.28908,2.7326
711,2011-12-13,00:00:00.00,0,3.87031,2.2823
712,2011-12-14,00:00:00.00,0.0616432,3.54781,2.2031
713,2011-12-15,00:00:00.00,11.149,4.78195,2.5882
714,2011-12-16,00:00:00.00,5.99428,8.51868,7.1642
715,2011-12-17,00:00:00.00,0.180718,10.011,8.5517
716,2011-12-18,00:00:00.00,0.511528,7.88361,5.7766
717,2011-12-19,00:00:00.00,0.554055,6.05665,4.1343
718,2011-12-20,00:00:00.00,0.0406867,5.12777,3.4263
719,2011-12-21,00:00:00.00,0.0572121,4.50727,3.1149
720,2011-12-22,00:00:00.00,4.85013,4.4584,3.0582
721,2011-12-23,00:00:00.00,2.36672,5.24279,4.1626
722,2011-12-24,00:00:00.00,0.233871,5.66887,4.0493
723,2011-12-25,00:00:00.00,0.279978,5.02435,3.4263
724,2011-12-26,00:00:00.00,0.0508936,4.28566,2.945
725,2011-12-27,00:00:00.00,0.0296823,3.88381,2.7071
726,2011-12-28,00:00:00.00,8.32346,4.39605,2.6731
727,2011-12-29,00:00:00.00,0.168921,5.69769,3.0865
728,2011-12-30,00:00:00.00,1.64077,5.5696,3.1998
729,2011-12-31,00:00:00.00,8.92078,5.22946,2.86
730,2012-01-01,00:00:00.00,0.252046,6.86475,8.7782
731,2012-01-02,00:00:00.00,3.2282,8.25369,9.8259
732,2012-01-03,00:00:00.00,0.701966,7.66583,7.419
733,2012-01-04,00:00:00.00,0.367104,6.23496,4.3891
734,2012-01-05,00:00:00.00,0.0224736,5.19636,3.2848
735,2012-01-06,00:00:00.00,0.0252135,4.57505,2.86
736,2012-01-07,00:00:00.00,0.0115019,4.12758,2.5995
737,2012-01-08,00:00:00.00,0.0390685,3.79118,2.4919
738,2012-01-09,00:00:00.00,0.000560976,3.53354,2.591
739,2012-01-10,00:00:00.00,0.000686093,3.31766,2.3786
740,2012-01-11,00:00:00.00,4.70814e-308,3.13262,2.1606
741,2012-01-12,00:00:00.00,0.0450238,2.98003,2.0331
742,2012-01-13,00:00:00.00,8.36467,3.54708,2.1294
743,2012-01-14,00:00:00.00,3.70046,4.83831,3.1715
744,2012-01-15,00:00:00.00,0.355216,4.85193,3.0582
745,2012-01-16,00:00:00.00,0.0522733,3.98623,2.0728
746,2012-01-17,00:00:00.00,0.81001,3.62045,2.2427
747,2012-01-18,00:00:00.00,8.93078,3.96228,2.3701
748,2012-01-19,00:00:00.00,0.132698,4.91225,3.398
749,2012-01-20,00:00:00.00,1.07542,4.80873,3.4263
750,2012-01-21,00:00:00.00,2.40384,4.01532,3.483
751,2012-01-22,00:00:00.00,0.582399,3.647,3.0582
752,2012-01-23,00:00:00.00,0.648681,3.3848,2.9733
753,2012-01-24,00:00:00.00,13.5813,4.59751,2.7779
754,2012-01-25,00:00:00.00,0.0848423,7.31701,5.6917
755,2012-01-26,00:00:00.00,0.0686916,7.34794,5.0121
756,2012-01-27,00:00:00.00,2.8561,5.52618,3.398
757,2012-01-28,00:00:00.00,5.68562,5.06595,4.7572
758,2012-01-29,00:00:00.00,1.29496,5.03941,6.1164
759,2012-01-30,00:00:00.00,5.20033,4.64353,6.1164
760,2012-01-31,00:00:00.00,0.426871,4.08357,4.5024
761,2012-02-01,00:00:00.00,0.0846072,3.73085,4.0493
762,2012-02-02,00:00:00.00,0.133232,6.62931,8.4667
763,2012-02-03,00:00:00.00,0.140018,13.0021,10.4489
764,2012-02-04,00:00:00.00,0,12.921,7.1075
765,2012-02-05,00:00:00.00,0.000161576,8.33672,5.2103
766,2012-02-06,00:00:00.00,0.0801736,6.52479,4.3891
767,2012-02-07,00:00:00.00,0.00870357,5.48903,3.6812
768,2012-02-08,00:00:00.00,0.28519,4.78505,3.3414
769,2012-02-09,00:00:00.00,0.00163065,4.27746,2.945
770,2012-02-10,00:00:00.00,0.00448944,3.89499,2.5032
771,2012-02-11,00:00:00.00,7.26708,3.63296,2.1549
772,2012-02-12,00:00:00.00,3.37944,3.46301,1.8123
773,2012-02-13,00:00:00.00,0.53062,3.27328,1.699
774,2012-02-14,00:00:00.00,0.039291,3.07536,1.784
775,2012-02-15,00:00:00.00,1.11525,2.92429,1.9029
776,2012-02-16,00:00:00.00,0.0360033,2.79656,1.699
777,2012-02-17,00:00:00.00,11.0775,3.40548,2.1323
778,2012-02-18,00:00:00.00,0.402838,4.77392,4.7289
779,2012-02-19,00:00:00.00,1.47322,4.80988,5.5501
780,2012-02-20,00:00:00.00,0.00731007,3.91801,4.3042
781,2012-02-21,00:00:00.00,0,3.54772,3.2281
782,2012-02-22,00:00:00.00,1.57668,3.29545,2.6136
783,2012-02-23,00:00:00.00,0.573869,4.77875,2.6505
784,2012-02-24,00:00:00.00,1.26091,8.06835,3.0016
785,2012-02-25,00:00:00.00,8.14087,8.4606,3.4263
786,2012-02-26,00:00:00.00,0.106836,6.77578,4.2192
787,2012-02-27,00:00:00.00,0.0905675,5.80339,3.9077
788,2012-02-28,00:00:00.00,0.036354,4.87349,3.5679
789,2012-02-29,00:00:00.00,0.0417933,4.29767,3.5679
790,2012-03-01,00:00:00.00,13.5729,5.07594,4.1059
791,2012-03-02,00:00:00.00,2.09826,8.59198,10.0808
792,2012-03-03,00:00:00.00,10.9609,13.0079,12.3745
793,2012-03-04,00:00:00.00,0.469515,14.2553,14.385
794,2012-03-05,00:00:00.00,0.427243,11.2137,12.9974
795,2012-03-06,00:00:00.00,0.0511979,7.85673,6.8527
796,2012-03-07,00:00:00.00,0.034826,6.30609,4.6156
797,2012-03-08,00:00:00.00,0.000279356,5.35482,3.8228
798,2012-03-09,00:00:00.00,1.96779,4.74714,3.7378
799,2012-03-10,00:00:00.00,0.134402,4.36107,3.8794
800,2012-03-11,00:00:00.00,0,3.99716,3.5113
801,2012-03-12,00:00:00.00,0,3.65259,2.9733
802,2012-03-13,00:00:00.00,13.8644,4.79968,2.9166
803,2012-03-14,00:00:00.00,0.0741124,7.40437,5.6351
804,2012-03-15,00:00:00.00,0.00146439,7.37076,7.7588
805,2012-03-16,00:00:00.00,6.40212,6.0525,5.3802
806,2012-03-17,00:00:00.00,2.91449,6.28251,15.8008
807,2012-03-18,00:00:00.00,0.0118698,5.90486,23.418
808,2012-03-19,00:00:00.00,0.0178642,4.92929,11.1852
809,2012-03-20,00:00:00.00,0.0787651,4.27983,7.5323
810,2012-03-21,00:00:00.00,0.0604021,3.83423,6.881
811,2012-03-22,00:00:00.00,0.00276734,3.4852,4.9838
812,2012-03-23,00:00:00.00,5.1659e-308,3.19988,3.9644
813,2012-03-24,00:00:00.00,1.15507,2.96252,3.3414
814,2012-03-25,00:00:00.00,1.23804,2.76526,2.945
815,2012-03-26,00:00:00.00,0.33446,2.5994,2.6986
816,2012-03-27,00:00:00.00,0.00185969,2.45554,2.4891
817,2012-03-28,00:00:00.00,0,2.32925,2.2002
818,2012-03-29,00:00:00.00,0.00159082,2.21691,2.036
819,2012-03-30,00:00:00.00,0.183587,2.11489,1.8293
820,2012-03-31,00:00:00.00,9.96122,2.25344,1.682
821,2012-04-01,00:00:00.00,0.0116674,2.63954,1.7981
822,2012-04-02,00:00:00.00,0.0878241,2.79873,2.0756
823,2012-04-03,00:00:00.00,0.0701318,2.87256,1.9397
824,2012-04-04,00:00:00.00,0.051571,2.75752,1.7443
825,2012-04-05,00:00:00.00,0.0327443,2.43271,1.6452
826,2012-04-06,00:00:00.00,0.116689,2.2663,1.6226
827,2012-04-07,00:00:00.00,0.00510628,2.13503,1.5348
828,2012-04-08,00:00:00.00,0.00212902,2.01944,1.4753
829,2012-04-09,00:00:00.00,0.101714,1.91556,1.3592
830,2012-04-10,00:00:00.00,0.00199862,1.82144,1.2431
831,2012-04-11,00:00:00.00,0.142794,1.73615,1.2063
832,2012-04-12,00:00:00.00,0.210155,1.65903,1.1723
833,2012-04-13,00:00:00.00,0,1.58866,1.1298
834,2012-04-14,00:00:00.00,0.00425316,1.52328,1.1015
835,2012-04-15,00:00:00.00,0.651971,1.46212,1.093
836,2012-04-16,00:00:00.00,23.4195,2.54247,1.2884
837,2012-04-17,00:00:00.00,0.449087,5.08601,1.801
838,2012-04-18,00:00:00.00,0,5.32612,1.9454
839,2012-04-19,00:00:00.00,0.0147709,3.77768,1.5716
840,2012-04-20,00:00:00.00,3.47488,3.27462,1.3592
841,2012-04-21,00:00:00.00,7.7886,3.38637,1.2771
842,2012-04-22,00:00:00.00,0.197255,3.81747,1.3989
843,2012-04-23,00:00:00.00,0.00982101,3.5632,1.6226
844,2012-04-24,00:00:00.00,0.0169669,2.95285,1.4951
845,2012-04-25,00:00:00.00,0,2.63817,1.3309
846,2012-04-26,00:00:00.00,0.0620057,2.40126,1.1751
847,2012-04-27,00:00:00.00,1.14078,2.20483,1.076
848,2012-04-28,00:00:00.00,0,2.04025,1.0081
849,2012-04-29,00:00:00.00,0,1.89984,1.0279
850,2012-04-30,00:00:00.00,0.0333696,1.77772,0.9883
851,2012-05-01,00:00:00.00,10.8853,2.09124,0.9571
852,2012-05-02,00:00:00.00,0.654512,2.87542,1.1242
853,2012-05-03,00:00:00.00,8.08126,3.12671,1.5688
854,2012-05-04,00:00:00.00,12.0345,3.65617,1.5348
855,2012-05-05,00:00:00.00,43.8715,9.8425,11.7232
856,2012-05-06,00:00:00.00,0.0448628,19.6669,24.126
857,2012-05-07,00:00:00.00,0.0800038,17.8887,11.2135
858,2012-05-08,00:00:00.00,10.6797,10.9897,5.5501
859,2012-05-09,00:00:00.00,1.66852,9.89059,4.5873
860,2012-05-10,00:00:00.00,8.4856,8.89486,4.3042
861,2012-05-11,00:00:00.00,0.000156779,7.98606,4.1059
862,2012-05-12,00:00:00.00,5.57237e-308,6.74236,3.2281
863,2012-05-13,00:00:00.00,8.23363,5.73562,2.4607
864,2012-05-14,00:00:00.00,2.61283,5.81484,2.1606
865,2012-05-15,00:00:00.00,0.00014549,5.21551,2.254
866,2012-05-16,00:00:00.00,0.200481,4.21743,2.0473
867,2012-05-17,00:00:00.00,7.43345,4.02981,1.7103
868,2012-05-18,00:00:00.00,0.000409012,4.32374,1.5489
869,2012-05-19,00:00:00.00,0.000481792,4.01672,1.3875
870,2012-05-20,00:00:00.00,0,3.34537,1.229
871,2012-05-21,00:00:00.00,0.00772849,2.96927,1.0845
872,2012-05-22,00:00:00.00,1.59371,2.68257,1.0279
873,2012-05-23,00:00:00.00,0.0733565,2.44765,1.0024
874,2012-05-24,00:00:00.00,0.00342202,2.2507,0.9628
875,2012-05-25,00:00:00.00,3.07e-308,2.08087,0.9118
876,2012-05-26,00:00:00.00,0.10277,1.93201,0.8467
877,2012-05-27,00:00:00.00,3.7018,1.8021,0.8099
878,2012-05-28,00:00:00.00,10.5861,2.00311,0.8042
879,2012-05-29,00:00:00.00,0.0233672,2.54969,0.8127
880,2012-05-30,00:00:00.00,0.0701805,2.49664,0.9146
881,2012-05-31,00:00:00.00,0.00292369,2.04779,0.8269
882,2012-06-01,00:00:00.00,0.848162,1.86581,0.7447
883,2012-06-02,00:00:00.00,14.1379,2.26461,0.7646
884,2012-06-03,00:00:00.00,4.92628,3.36753,1.0902
885,2012-06-04,00:00:00.00,2.17707,3.53967,1.4045
886,2012-06-05,00:00:00.00,0.0216953,2.82121,1.2403
887,2012-06-06,00:00:00.00,0.0184723,2.43131,1.0506
888,2012-06-07,00:00:00.00,0.175805,2.19599,0.9231
889,2012-06-08,00:00:00.00,0.00469004,2.00486,0.8269
890,2012-06-09,00:00:00.00,0.136901,1.842,0.7589
891,2012-06-10,00:00:00.00,0.283428,1.70122,0.7023
892,2012-06-11,00:00:00.00,6.86985e-308,1.578,0.6513
893,2012-06-12,00:00:00.00,3.02643,1.46977,0.6031
894,2012-06-13,00:00:00.00,1.94535,1.37563,0.572
895,2012-06-14,00:00:00.00,0,1.29284,0.5578
896,2012-06-15,00:00:00.00,1.7e-308,1.218,0.6201
897,2012-06-16,00:00:00.00,0.00217674,1.14964,0.5975
898,2012-06-17,00:00:00.00,0.00117352,1.08693,0.5522
899,2012-06-18,00:00:00.00,11.8537,1.23113,0.6031
900,2012-06-19,00:00:00.00,1.37721,1.61148,0.5663
901,2012-06-20,00:00:00.00,1.31438,1.57645,0.5295
902,2012-06-21,00:00:00.00,0.0419598,1.27284,0.555
903,2012-06-22,00:00:00.00,0.938983,1.17333,0.5295
904,2012-06-23,00:00:00.00,0.618478,1.10315,0.4616
905,2012-06-24,00:00:00.00,0.0825558,1.04004,0.4361
906,2012-06-25,00:00:00.00,1.95251,0.982927,0.4361
907,2012-06-26,00:00:00.00,0.0239059,0.931254,0.3964
908,2012-06-27,00:00:00.00,0.0312267,0.884053,0.3766
909,2012-06-28,00:00:00.00,0,0.840406,0.3653
910,2012-06-29,00:00:00.00,0.0789658,0.799925,0.371
911,2012-06-30,00:00:00.00,0.0216142,0.762288,0.3568
912,2012-07-01,00:00:00.00,0.220698,0.727325,0.3341
913,2012-07-02,00:00:00.00,0.035564,0.694877,0.32
914,2012-07-03,00:00:00.00,0.00261134,0.664692,0.2973
915,2012-07-04,00:00:00.00,32.8506,1.14916,0.3993
916,2012-07-05,00:00:00.00,2.61617,2.31905,0.538
917,2012-07-06,00:00:00.00,5.93409,2.38368,0.6626
918,2012-07-07,00:00:00.00,0.0213745,1.67312,0.504
919,2012-07-08,00:00:00.00,0.0373823,1.48806,0.4927
920,2012-07-09,00:00:00.00,0.02397,1.35181,0.4446
921,2012-07-10,00:00:00.00,0.504734,1.24983,0.371
922,2012-07-11,00:00:00.00,0.00226152,1.16253,0.3171
923,2012-07-12,00:00:00.00,0.0198802,1.08548,0.3313
924,2012-07-13,00:00:00.00,0.00768632,1.0169,0.3058
925,2012-07-14,00:00:00.00,0.0463768,0.955454,0.2945
926,2012-07-15,00:00:00.00,0.0383719,0.900095,0.2761
927,2012-07-16,00:00:00.00,0.600406,0.850052,0.2693
928,2012-07-17,00:00:00.00,0.0411647,0.804652,0.2568
929,2012-07-18,00:00:00.00,0.0257344,0.76321,0.2696
930,2012-07-19,00:00:00.00,1.41495,0.725258,0.2888
931,2012-07-20,00:00:00.00,16.3119,0.86067,0.3483
932,2012-07-21,00:00:00.00,0.0418797,1.20391,0.3964
933,2012-07-22,00:00:00.00,0.00208197,1.17237,0.4417
934,2012-07-23,00:00:00.00,0.0123638,0.904211,0.3596
935,2012-07-24,00:00:00.00,0.0306514,0.833848,0.32
936,2012-07-25,00:00:00.00,0,0.789094,0.2945
937,2012-07-26,00:00:00.00,3.08172,0.748462,0.2888
938,2012-07-27,00:00:00.00,17.0176,0.882597,0.4701
939,2012-07-28,00:00:00.00,6.29113,1.26618,1.0194
940,2012-07-29,00:00:00.00,0.57927,1.32006,0.9713
941,2012-07-30,00:00:00.00,0,1.05051,0.7023
942,2012-07-31,00:00:00.00,0.455638,0.924845,0.5578
943,2012-08-01,00:00:00.00,1.37235,0.867473,0.4531
944,2012-08-02,00:00:00.00,0.00588066,0.819843,0.4248
945,2012-08-03,00:00:00.00,0.0395319,0.776591,0.4191
946,2012-08-04,00:00:00.00,0.104514,0.737074,0.3766
947,2012-08-05,00:00:00.00,1.4313,0.700929,0.3568
948,2012-08-06,00:00:00.00,2.42388,0.667894,0.3568
949,2012-08-07,00:00:00.00,0.0244004,0.637632,0.3426
950,2012-08-08,00:00:00.00,0,0.609643,0.3511
951,2012-08-09,00:00:00.00,0.0826352,0.583614,0.3341
952,2012-08-10,00:00:00.00,26.2489,0.826027,0.3568
953,2012-08-11,00:00:00.00,43.7524,2.40649,0.4984
954,2012-08-12,00:00:00.00,2.23876,4.67965,0.7476
955,2012-08-13,00:00:00.00,0.115947,4.47736,0.9316
956,2012-08-14,00:00:00.00,8.73263,3.22069,0.8155
957,2012-08-15,00:00:00.00,12.4174,3.51942,0.7164
958,2012-08-16,00:00:00.00,0.083462,3.96069,0.5975
959,2012-08-17,00:00:00.00,0.298942,3.49496,0.538
960,2012-08-18,00:00:00.00,0.0208102,2.7736,0.4672
961,2012-08-19,00:00:00.00,0.0187671,2.40208,0.4219
962,2012-08-20,00:00:00.00,0.0974689,2.12911,0.3908
963,2012-08-21,00:00:00.00,0.151367,1.90868,0.3596
964,2012-08-22,00:00:00.00,0.349862,1.72718,0.3398
965,2012-08-23,00:00:00.00,0.054812,1.57523,0.3228
966,2012-08-24,00:00:00.00,0,1.44603,0.3087
967,2012-08-25,00:00:00.00,0.0338443,1.33478,0.2973
968,2012-08-26,00:00:00.00,0,1.23801,0.2888
969,2012-08-27,00:00:00.00,0.694805,1.15316,0.2636
970,2012-08-28,00:00:00.00,9.25054,1.19845,0.2574
971,2012-08-29,00:00:00.00,0.0128254,1.38471,0.2772
972,2012-08-30,00:00:00.00,0.00620583,1.32822,0.3455
973,2012-08-31,00:00:00.00,0,1.12085,0.3398
974,2012-09-01,00:00:00.00,1.58723e-308,1.03827,0.32
975,2012-09-02,00:00:00.00,0.000132979,0.975802,0.303
976,2012-09-03,00:00:00.00,0.398101,0.919751,0.286
977,2012-09-04,00:00:00.00,0.021514,0.869235,0.2721
978,2012-09-05,00:00:00.00,12.7141,0.984912,0.2829
979,2012-09-06,00:00:00.00,0.65793,1.29368,0.2832
980,2012-09-07,00:00:00.00,6.2447e-308,1.25729,0.4219
981,2012-09-08,00:00:00.00,11.5407,1.16787,0.3993
982,2012-09-09,00:00:00.00,10.9143,1.64009,0.4332
983,2012-09-10,00:00:00.00,0.0132043,2.00142,0.5663
984,2012-09-11,00:00:00.00,0.0760578,1.74975,0.5833
985,2012-09-12,00:00:00.00,0.0436131,1.41749,0.4474
986,2012-09-13,00:00:00.00,0,1.29311,0.3936
987,2012-09-14,00:00:00.00,0.261665,1.20131,0.3653
988,2012-09-15,00:00:00.00,17.058,1.46031,0.3908
989,2012-09-16,00:00:00.00,0.00856015,2.11792,0.4361
990,2012-09-17,00:00:00.00,0.0520991,2.0841,0.5239
991,2012-09-18,00:00:00.00,0.0563351,1.59214,0.4219
992,2012-09-19,00:00:00.00,1.16234,1.43131,0.3681
993,2012-09-20,00:00:00.00,0.171935,1.32261,0.3766
994,2012-09-21,00:00:00.00,0.814283,1.22861,0.3851
995,2012-09-22,00:00:00.00,0.948148,1.14648,0.3964
996,2012-09-23,00:00:00.00,1.49049,1.07432,0.3879
997,2012-09-24,00:00:00.00,0.0632197,1.01051,0.3681
998,2012-09-25,00:00:00.00,0.000806327,0.953436,0.3455
999,2012-09-26,00:00:00.00,0.107721,0.901927,0.32
1000,2012-09-27,00:00:00.00,0.0878081,0.855261,0.3256
1001,2012-09-28,00:00:00.00,0.00238749,0.812826,0.3228
1002,2012-09-29,00:00:00.00,0.0743189,0.774112,0.3002
1003,2012-09-30,00:00:00.00,0.0485914,0.738643,0.303
1004,2012-10-01,00:00:00.00,0.00181076,0.706019,0.3002
1005,2012-10-02,00:00:00.00,0.433441,0.675946,0.2591
1006,2012-10-03,00:00:00.00,1.08072,0.648222,0.265
1007,2012-10-04,00:00:00.00,0.926416,0.622642,0.2755
1008,2012-10-05,00:00:00.00,0.878458,0.598919,0.2803
1009,2012-10-06,00:00:00.00,2.75574,0.591431,0.2917
1010,2012-10-07,00:00:00.00,0.0408894,0.602945,0.32
1011,2012-10-08,00:00:00.00,0.251706,0.582162,0.3228
1012,2012-10-09,00:00:00.00,0.00540137,0.542414,0.2973
1013,2012-10-10,00:00:00.00,0.00998078,0.522161,0.286
1014,2012-10-11,00:00:00.00,3.79942,0.535903,0.2815
1015,2012-10-12,00:00:00.00,0.440024,0.588539,0.3002
1016,2012-10-13,00:00:00.00,0.51039,0.569532,0.3313
1017,2012-10-14,00:00:00.00,13.334,0.677839,0.3936
1018,2012-10-15,00:00:00.00,2.99005,1.0615,0.4248
1019,2012-10-16,00:00:00.00,1.04153,1.07738,0.5663
1020,2012-10-17,00:00:00.00,0.0144544,0.805765,0.892
1021,2012-10-18,00:00:00.00,4.88083,0.780698,0.7589
1022,2012-10-19,00:00:00.00,10.744,1.04286,0.6456
1023,2012-10-20,00:00:00.00,4.58224,1.47297,0.6003
1024,2012-10-21,00:00:00.00,3.64931,1.58366,0.6343
1025,2012-10-22,00:00:00.00,0.21303,1.42292,0.5918
1026,2012-10-23,00:00:00.00,4.35689,1.32451,0.5862
1027,2012-10-24,00:00:00.00,11.9523,1.61291,0.6201
1028,2012-10-25,00:00:00.00,1.19264,2.14815,0.7136
1029,2012-10-26,00:00:00.00,0.0103028,2.02922,0.926
1030,2012-10-27,00:00:00.00,0.498658,1.60185,0.8127
1031,2012-10-28,00:00:00.00,0.000200428,1.45354,0.7108
1032,2012-10-29,00:00:00.00,0.0645283,1.34976,0.623
1033,2012-10-30,00:00:00.00,3.51636,1.3272,0.5748
1034,2012-10-31,00:00:00.00,12.8041,1.75469,0.6201
1035,2012-11-01,00:00:00.00,3.36151,2.5563,0.7362
1036,2012-11-02,00:00:00.00,0.345423,2.62891,1.0732
1037,2012-11-03,00:00:00.00,0.355029,2.10446,1.0336
1038,2012-11-04,00:00:00.00,0.388042,1.81881,0.892
1039,2012-11-05,00:00:00.00,0.179255,1.66238,0.7447
1040,2012-11-06,00:00:00.00,0.0980942,1.53622,0.623
1041,2012-11-07,00:00:00.00,0.0773809,1.42823,0.5607
1042,2012-11-08,00:00:00.00,9.7907e-308,1.33478,0.555
1043,2012-11-09,00:00:00.00,0,1.25311,0.5578
1044,2012-11-10,00:00:00.00,0.116607,1.18111,0.5239
1045,2012-11-11,00:00:00.00,0.443316,1.11721,0.5239
1046,2012-11-12,00:00:00.00,0.236925,1.06016,0.5125
1047,2012-11-13,00:00:00.00,7.62524,1.19187,0.5097
1048,2012-11-14,00:00:00.00,0.303865,1.53837,0.5069
1049,2012-11-15,00:00:00.00,0.00603405,1.50686,0.6088
1050,2012-11-16,00:00:00.00,0.000142508,1.2329,0.6485
1051,2012-11-17,00:00:00.00,0,1.14717,0.5918
1052,2012-11-18,00:00:00.00,0.00283111,1.0882,0.5493
1053,2012-11-19,00:00:00.00,0.0655558,1.03526,0.5125
1054,2012-11-20,00:00:00.00,0.099429,0.987508,0.4757
1055,2012-11-21,00:00:00.00,0.141698,0.944224,0.4701
1056,2012-11-22,00:00:00.00,0.00443159,0.904757,0.4559
1057,2012-11-23,00:00:00.00,1.40612,0.879256,0.4531
1058,2012-11-24,00:00:00.00,1.99829,0.899108,0.4701
1059,2012-11-25,00:00:00.00,0.339735,0.933412,0.4559
1060,2012-11-26,00:00:00.00,1.75437,0.891188,0.4786
1061,2012-11-27,00:00:00.00,0.0630213,0.822864,0.4701
1062,2012-11-28,00:00:00.00,0.00198022,0.790923,0.4616
1063,2012-11-29,00:00:00.00,0.0376858,0.764616,0.4502
1064,2012-11-30,00:00:00.00,0.0373145,0.740162,0.4248
1065,2012-12-01,00:00:00.00,0.782307,0.733665,0.4332
1066,2012-12-02,00:00:00.00,0.076034,0.747908,0.4417
1067,2012-12-03,00:00:00.00,5.56349,0.838236,0.4786
1068,2012-12-04,00:00:00.00,0.643683,1.04112,0.4814
1069,2012-12-05,00:00:00.00,3.52636,1.0882,0.5805
1070,2012-12-06,00:00:00.00,0.0045687,1.06433,0.7334
1071,2012-12-07,00:00:00.00,0,1.02188,0.8722
1072,2012-12-08,00:00:00.00,3.0684,0.965229,0.8099
1073,2012-12-09,00:00:00.00,5.46578,1.17266,0.7815
1074,2012-12-10,00:00:00.00,3.65812,1.4258,0.7844
1075,2012-12-11,00:00:00.00,0.862965,1.39257,0.807
1076,2012-12-12,00:00:00.00,0.219403,1.20279,0.824
1077,2012-12-13,00:00:00.00,1.58e-308,1.09875,0.7985
1078,2012-12-14,00:00:00.00,0.0012665,1.04574,0.6768
1079,2012-12-15,00:00:00.00,0.000191753,1.05601,0.5805
1080,2012-12-16,00:00:00.00,4.53892,1.24987,0.538
1081,2012-12-17,00:00:00.00,7.63351,1.71376,0.5182
1082,2012-12-18,00:00:00.00,0.0903795,2.14196,0.5097
1083,2012-12-19,00:00:00.00,0.379231,1.97162,0.5239
1084,2012-12-20,00:00:00.00,0.218449,1.59888,0.5267
1085,2012-12-21,00:00:00.00,11.2319,1.8964,0.555
1086,2012-12-22,00:00:00.00,3.04392,2.73679,0.6683
1087,2012-12-23,00:00:00.00,0.114697,2.78358,1.3422
1088,2012-12-24,00:00:00.00,0.00982031,2.20528,1.1638
1089,2012-12-25,00:00:00.00,1.32651,1.96057,0.9231
1090,2012-12-26,00:00:00.00,0.114308,1.80735,0.8891
1091,2012-12-27,00:00:00.00,9.01345,1.69422,0.7023
1092,2012-12-28,00:00:00.00,2.38543,1.61382,0.6003
1093,2012-12-29,00:00:00.00,0.248263,1.52136,0.538
1094,2012-12-30,00:00:00.00,2.96587,1.42411,0.6315
1095,2012-12-31,00:00:00.00,0.200999,1.34849,0.6513
1096,2013-01-01,00:00:00.00,0.0153528,1.28268,0.5493
1097,2013-01-02,00:00:00.00,0.104765,1.22403,0.5239
1098,2013-01-03,00:00:00.00,0.00753673,1.17155,0.5352
1099,2013-01-04,00:00:00.00,0.178444,1.12437,0.4332
1100,2013-01-05,00:00:00.00,0.0644463,1.08162,0.5267
1101,2013-01-06,00:00:00.00,1.08768,1.04264,0.4814
1102,2013-01-07,00:00:00.00,2.68228,1.02816,0.4587
1103,2013-01-08,00:00:00.00,0.0545241,1.04036,0.5154
1104,2013-01-09,00:00:00.00,0.00589689,1.01079,0.5012
1105,2013-01-10,00:00:00.00,0.628963,0.956018,0.4842
1106,2013-01-11,00:00:00.00,0.000535675,0.925247,0.5125
1107,2013-01-12,00:00:00.00,16.5338,1.449,0.8155
1108,2013-01-13,00:00:00.00,0.0114676,3.94474,2.7326
1109,2013-01-14,00:00:00.00,16.4126,8.2735,4.1343
1110,2013-01-15,00:00:00.00,0.0988107,10.4278,4.3325
1111,2013-01-16,00:00:00.00,0.000255648,8.39968,3.3414
1112,2013-01-17,00:00:00.00,0.0545866,5.85803,2.22
1113,2013-01-18,00:00:00.00,0.0563889,4.69553,1.784
1114,2013-01-19,00:00:00.00,0.233421,3.96005,1.3366
1115,2013-01-20,00:00:00.00,0.115149,3.43489,1.0732
1116,2013-01-21,00:00:00.00,0.298183,3.04221,0.8807
1117,2013-01-22,00:00:00.00,0.816899,2.73866,0.7957
1118,2013-01-23,00:00:00.00,0.0542202,2.49822,0.7079
1119,2013-01-24,00:00:00.00,1.81577,2.30373,0.64
1120,2013-01-25,00:00:00.00,2.09407,2.14328,0.623
1121,2013-01-26,00:00:00.00,2.27974,2.00856,0.623
1122,2013-01-27,00:00:00.00,0.426157,1.89378,0.5947
1123,2013-01-28,00:00:00.00,2.35161,1.79465,0.623
1124,2013-01-29,00:00:00.00,14.1654,2.36512,0.7079
1125,2013-01-30,00:00:00.00,18.6154,7.31108,2.0841
1126,2013-01-31,00:00:00.00,17.1752,18.4533,10.902
1127,2013-02-01,00:00:00.00,0.366497,22.3465,20.105
1128,2013-02-02,00:00:00.00,0.194736,15.1154,7.9287
1129,2013-02-03,00:00:00.00,4.96636,9.2549,4.2758
1130,2013-02-04,00:00:00.00,0.399113,6.89919,3.2564
1131,2013-02-05,00:00:00.00,0.727278,5.58569,2.7524
1132,2013-02-06,00:00:00.00,0.23067,4.73316,2.4721
1133,2013-02-07,00:00:00.00,0.153272,4.13768,1.9114
1134,2013-02-08,00:00:00.00,1.67036,3.69945,1.195
1135,2013-02-09,00:00:00.00,7.56201,3.36438,0.9175
1136,2013-02-10,00:00:00.00,0.254893,3.10066,0.8127
1137,2013-02-11,00:00:00.00,1.12233,2.88761,0.7362
1138,2013-02-12,00:00:00.00,1.12471,2.71206,0.6796
1139,2013-02-13,00:00:00.00,0.0550341,2.56546,1.1638
1140,2013-02-14,00:00:00.00,0.00461421,2.44004,1.5376
1141,2013-02-15,00:00:00.00,1.85744,2.33238,2.3984
1142,2013-02-16,00:00:00.00,0.495706,2.24051,2.3645
1143,2013-02-17,00:00:00.00,1.29223,2.15798,2.1266
1144,2013-02-18,00:00:00.00,0.15677,2.08307,1.733
1145,2013-02-19,00:00:00.00,0.125136,2.01659,1.5857
1146,2013-02-20,00:00:00.00,5.17906,2.02733,2.1209
1147,2013-02-21,00:00:00.00,0.311416,2.11632,2.86
1148,2013-02-22,00:00:00.00,0.307544,2.07635,2.2172
1149,2013-02-23,00:00:00.00,6.40146,1.95355,1.75
1150,2013-02-24,00:00:00.00,0.927812,1.88969,1.3309
1151,2013-02-25,00:00:00.00,1.01684,1.83642,1.2261
1152,2013-02-26,00:00:00.00,0.00485147,1.78708,1.2516
1153,2013-02-27,00:00:00.00,12.1796,1.98302,1.3366
1154,2013-02-28,00:00:00.00,9.80688,2.78946,1.6084
1155,2013-03-01,00:00:00.00,2.65002,3.49657,2.4154
1156,2013-03-02,00:00:00.00,0.595314,3.26097,3.4263
1157,2013-03-03,00:00:00.00,0.394302,2.77198,3.398
1158,2013-03-04,00:00:00.00,0.238135,2.55499,2.5004
1159,2013-03-05,00:00:00.00,0.0976086,2.40069,2.4777
1160,2013-03-06,00:00:00.00,0.0589449,2.27007,2.3305
1161,2013-03-07,00:00:00.00,0,2.15679,2.2653
1162,2013-03-08,00:00:00.00,0.410305,2.05704,2.4154
1163,2013-03-09,00:00:00.00,0.00744476,1.96853,3.7095
1164,2013-03-10,00:00:00.00,0.0942121,1.88913,6.0032
1165,2013-03-11,00:00:00.00,0.1229,6.71365,10.7604
1166,2013-03-12,00:00:00.00,7.76562,20.108,18.406
1167,2013-03-13,00:00:00.00,1.26342,22.3437,22.6252
1168,2013-03-14,00:00:00.00,0.578375,12.9258,17.5564
1169,2013-03-15,00:00:00.00,0.00283886,8.55151,8.7782
1170,2013-03-16,00:00:00.00,1.32447,6.59451,5.4652
1171,2013-03-17,00:00:00.00,4.20184,5.43572,4.3891
1172,2013-03-18,00:00:00.00,0.102504,4.66426,3.6246
1173,2013-03-19,00:00:00.00,1.60286,4.1147,3.1149
1174,2013-03-20,00:00:00.00,0.365638,3.70379,2.9166
1175,2013-03-21,00:00:00.00,0.0330499,3.38472,2.6448
1176,2013-03-22,00:00:00.00,0.469947,3.12955,2.3163
1177,2013-03-23,00:00:00.00,0.0358099,2.92048,2.1068
1178,2013-03-24,00:00:00.00,0.00518612,2.745,1.9709
1179,2013-03-25,00:00:00.00,0.00169173,2.59468,1.9114
1180,2013-03-26,00:00:00.00,0.0470808,2.46385,1.9907
1181,2013-03-27,00:00:00.00,0.0321969,2.85073,2.019
1182,2013-03-28,00:00:00.00,0.125898,3.77124,2.1096
1183,2013-03-29,00:00:00.00,0.019073,3.76097,2.2767
1184,2013-03-30,00:00:00.00,0.0244705,3.11421,2.3418
1185,2013-03-31,00:00:00.00,0.0136198,2.84365,2.3248
1186,2013-04-01,00:00:00.00,1.29096,2.64789,2.2342
1187,2013-04-02,00:00:00.00,0.580613,2.48408,2.1776
1188,2013-04-03,00:00:00.00,0.0323261,2.34471,2.0275
1189,2013-04-04,00:00:00.00,0.00194095,2.22319,1.801
1190,2013-04-05,00:00:00.00,3.70906e-308,2.11557,1.648
1191,2013-04-06,00:00:00.00,0.0445048,2.01873,1.5008
1192,2013-04-07,00:00:00.00,0.152152,1.93115,1.4045
1193,2013-04-08,00:00:00.00,0.174516,1.85127,1.3337
1194,2013-04-09,00:00:00.00,5.08878,1.95288,1.3252
1195,2013-04-10,00:00:00.00,43.8568,6.88258,1.5036
1196,2013-04-11,00:00:00.00,25.108,24.3252,20.6996
1197,2013-04-12,00:00:00.00,23.8747,40.7565,55.501
1198,2013-04-13,00:00:00.00,10.8851,41.5809,61.4476
1199,2013-04-14,00:00:00.00,1.46473,30.2313,47.5723
1200,2013-04-15,00:00:00.00,0.129238,17.0723,31.4317
1201,2013-04-16,00:00:00.00,0.67802,10.5741,18.1228
1202,2013-04-17,00:00:00.00,0.803502,7.93479,10.6755
1203,2013-04-18,00:00:00.00,16.9908,9.2235,7.7022
1204,2013-04-19,00:00:00.00,16.7337,17.0352,12.3461
1205,2013-04-20,00:00:00.00,13.5759,25.1668,33.4139
1206,2013-04-21,00:00:00.00,0.491686,24.3198,37.3782
1207,2013-04-22,00:00:00.00,0.00209709,16.5383,22.6252
1208,2013-04-23,00:00:00.00,0.000749989,10.4903,11.7798
1209,2013-04-24,00:00:00.00,6.22647,8.67973,7.6739
1210,2013-04-25,00:00:00.00,13.6658,10.8043,10.279
1211,2013-04-26,00:00:00.00,2.62298,13.9989,17.7547
1212,2013-04-27,00:00:00.00,2.3708e-308,12.4579,14.2151
1213,2013-04-28,00:00:00.00,5.121e-308,8.86204,8.665
1214,2013-04-29,00:00:00.00,6.07029,7.65841,6.3147
1215,2013-04-30,00:00:00.00,0.569495,7.61571,5.5501
1216,2013-05-01,00:00:00.00,3.54614,6.87925,5.4935
1217,2013-05-02,00:00:00.00,0,5.77898,5.0121
1218,2013-05-03,00:00:00.00,0,5.10387,4.3325
1219,2013-05-04,00:00:00.00,0.00517331,4.57081,3.5396
1220,2013-05-05,00:00:00.00,0.000609206,4.1555,2.9166
1221,2013-05-06,00:00:00.00,0,3.81555,2.5032
1222,2013-05-07,00:00:00.00,0,3.52925,2.1719
1223,2013-05-08,00:00:00.00,0,3.28257,1.9454
1224,2013-05-09,00:00:00.00,0.00617446,3.06575,1.7953
1225,2013-05-10,00:00:00.00,0.420188,2.87271,1.648
1226,2013-05-11,00:00:00.00,11.9172,3.5093,1.5376
1227,2013-05-12,00:00:00.00,1.21978,5.00051,1.6933
1228,2013-05-13,00:00:00.00,0.120301,4.99799,1.7245
1229,2013-05-14,00:00:00.00,0.00192508,3.95659,1.5489
1230,2013-05-15,00:00:00.00,0.710925,3.5055,1.3989
1231,2013-05-16,00:00:00.00,0.0791537,3.18585,1.3366
1232,2013-05-17,00:00:00.00,0.000144895,2.91983,1.2544
1233,2013-05-18,00:00:00.00,0.00654252,2.69362,1.161
1234,2013-05-19,00:00:00.00,0.00121425,2.49947,1.0421
1235,2013-05-20,00:00:00.00,1.875e-308,2.32947,0.943
1236,2013-05-21,00:00:00.00,0.44506,2.17794,0.8948
1237,2013-05-22,00:00:00.00,0.601289,2.04224,0.892
1238,2013-05-23,00:00:00.00,2.17758,1.92129,0.8665
1239,2013-05-24,00:00:00.00,4.18123,1.88858,0.8297
1240,2013-05-25,00:00:00.00,0.112743,1.94371,0.8467
1241,2013-05-26,00:00:00.00,0.00557415,1.86763,0.9571
1242,2013-05-27,00:00:00.00,0,1.70811,0.8637
1243,2013-05-28,00:00:00.00,0.860841,1.61363,0.773
1244,2013-05-29,00:00:00.00,38.2689,3.95688,0.8212
1245,2013-05-30,00:00:00.00,3.92189,9.684,1.7868
1246,2013-05-31,00:00:00.00,1.61941,10.2143,4.8705
1247,2013-06-01,00:00:00.00,11.9309,7.3606,3.9644
1248,2013-06-02,00:00:00.00,3.15008,7.43519,3.8511
1249,2013-06-03,00:00:00.00,0.346141,6.50208,3.3697
1250,2013-06-04,00:00:00.00,0.00147709,4.95323,2.3645
1251,2013-06-05,00:00:00.00,0.0798304,4.12974,1.7868
1252,2013-06-06,00:00:00.00,0.110776,3.56392,1.4045
1253,2013-06-07,00:00:00.00,0.334567,3.13625,1.2233
1254,2013-06-08,00:00:00.00,0.136882,2.80124,1.2828
1255,2013-06-09,00:00:00.00,0.0183267,2.53095,1.0874
1256,2013-06-10,00:00:00.00,0.466128,2.30727,0.943
1257,2013-06-11,00:00:00.00,17.5148,2.9483,1.8972
1258,2013-06-12,00:00:00.00,0.251905,4.50884,6.6545
1259,2013-06-13,00:00:00.00,1.20359,4.49053,7.6172
1260,2013-06-14,00:00:00.00,14.387,4.17818,7.7871
1261,2013-06-15,00:00:00.00,0.0102843,5.26095,9.2879
1262,2013-06-16,00:00:00.00,0.318193,4.98363,5.4368
1263,2013-06-17,00:00:00.00,3.95497,3.80976,2.945
1264,2013-06-18,00:00:00.00,3.41111,3.25884,2.3758
1265,2013-06-19,00:00:00.00,2.02139,2.88053,2.053
1266,2013-06-20,00:00:00.00,0,2.58321,2.2314
1267,2013-06-21,00:00:00.00,0,2.33991,1.8661
1268,2013-06-22,00:00:00.00,0.0906359,2.1354,1.4527
1269,2013-06-23,00:00:00.00,0.036357,1.96081,1.2063
1270,2013-06-24,00:00:00.00,0,1.80953,1.11
1271,2013-06-25,00:00:00.00,2.13592,1.67767,1.0194
1272,2013-06-26,00:00:00.00,6.20806,1.63111,0.9458
1273,2013-06-27,00:00:00.00,1.34939,1.66928,0.9373
1274,2013-06-28,00:00:00.00,9.29364,1.77825,0.9401
1275,2013-06-29,00:00:00.00,5.27151,2.06854,0.9458
1276,2013-06-30,00:00:00.00,0.149514,2.09845,1.6509
1277,2013-07-01,00:00:00.00,0,1.80011,2.0615
1278,2013-07-02,00:00:00.00,0.637564,1.61345,1.6509
1279,2013-07-03,00:00:00.00,0.23894,1.49867,1.2459
1280,2013-07-04,00:00:00.00,0.496047,1.40101,1.0109
1281,2013-07-05,00:00:00.00,0.35801,1.3138,0.8948
1282,2013-07-06,00:00:00.00,0.0836155,1.2352,0.7929
1283,2013-07-07,00:00:00.00,11.9995,1.39491,0.7136
1284,2013-07-08,00:00:00.00,6.82347,1.90982,0.64
1285,2013-07-09,00:00:00.00,31.5435,3.40305,0.8382
1286,2013-07-10,00:00:00.00,0.451073,6.04337,3.5962
1287,2013-07-11,00:00:00.00,2.57433,6.07058,7.3624
1288,2013-07-12,00:00:00.00,0,4.1638,4.3325
1289,2013-07-13,00:00:00.00,0,3.42494,2.4551
1290,2013-07-14,00:00:00.00,0,2.95121,1.6933
1291,2013-07-15,00:00:00.00,0,2.58757,1.2997
1292,2013-07-16,00:00:00.00,0.602834,2.29949,1.0845
1293,2013-07-17,00:00:00.00,0.14995,2.06569,0.9146
1294,2013-07-18,00:00:00.00,0.0512641,1.87185,0.8523
1295,2013-07-19,00:00:00.00,0.513979,1.70836,0.9656
1296,2013-07-20,00:00:00.00,4.24158,1.56966,1.1468
1297,2013-07-21,00:00:00.00,5.53779,1.49066,1.0222
1298,2013-07-22,00:00:00.00,0.000879535,1.46762,0.8014
1299,2013-07-23,00:00:00.00,0.118192,1.3795,0.7646
1300,2013-07-24,00:00:00.00,4.86379,1.27714,0.7023
1301,2013-07-25,00:00:00.00,0.0105764,1.2434,0.7985
1302,2013-07-26,00:00:00.00,0.00272771,1.17452,1.4243
1303,2013-07-27,00:00:00.00,0.263646,1.08299,1.0307
1304,2013-07-28,00:00:00.00,14.2939,1.2882,0.7929
1305,2013-07-29,00:00:00.00,1.86539,1.81334,0.6626
1306,2013-07-30,00:00:00.00,2.89116,1.78472,0.6173
1307,2013-07-31,00:00:00.00,0,1.39312,0.5748
1308,2013-08-01,00:00:00.00,20.989,1.81673,0.5947
1309,2013-08-02,00:00:00.00,1.16912,2.91419,0.7589
1310,2013-08-03,00:00:00.00,0.0182552,2.91683,1.0024
1311,2013-08-04,00:00:00.00,0.000647991,2.15923,1.0024
1312,2013-08-05,00:00:00.00,0.000697061,1.90096,0.8325
1313,2013-08-06,00:00:00.00,0.0253529,1.7276,0.6654
1314,2013-08-07,00:00:00.00,2.44076,1.58175,0.6031
1315,2013-08-08,00:00:00.00,6.96603,1.55054,0.6938
1316,2013-08-09,00:00:00.00,0.00907479,1.63228,1.0704
1317,2013-08-10,00:00:00.00,0.0118412,1.54296,0.7985
1318,2013-08-11,00:00:00.00,0.00235778,1.3495,0.6994
1319,2013-08-12,00:00:00.00,0.00211188,1.24804,0.6173
1320,2013-08-13,00:00:00.00,1.11589,1.16625,0.538
1321,2013-08-14,00:00:00.00,0.0720718,1.09388,0.4984
1322,2013-08-15,00:00:00.00,0.000212013,1.02929,0.5125
1323,2013-08-16,00:00:00.00,0.0112081,0.971091,0.5239
1324,2013-08-17,00:00:00.00,0.000576756,0.918386,0.4955
1325,2013-08-18,00:00:00.00,0.0767812,0.870392,0.4729
1326,2013-08-19,00:00:00.00,0.0393035,0.826501,0.4361
1327,2013-08-20,00:00:00.00,0.000369775,0.78622,0.4049
1328,2013-08-21,00:00:00.00,0,0.749112,0.4106
1329,2013-08-22,00:00:00.00,0,0.714813,0.4616
1330,2013-08-23,00:00:00.00,0.208809,0.683044,0.5493
1331,2013-08-24,00:00:00.00,0.00223348,0.653609,0.4474
1332,2013-08-25,00:00:00.00,1.58205e-308,0.626294,0.3851
1333,2013-08-26,00:00:00.00,0,0.600843,0.3653
1334,2013-08-27,00:00:00.00,3.12637,0.577153,0.3653
1335,2013-08-28,00:00:00.00,16.2347,0.724993,0.4021
1336,2013-08-29,00:00:00.00,6.36482,1.13452,0.4163
1337,2013-08-30,00:00:00.00,0,1.21157,0.5522
1338,2013-08-31,00:00:00.00,4.59742,0.957557,0.5635
1339,2013-09-01,00:00:00.00,0.132471,0.869384,0.7023
1340,2013-09-02,00:00:00.00,0.791757,0.823135,1.4498
1341,2013-09-03,00:00:00.00,0.0344605,0.763555,1.1355
1342,2013-09-04,00:00:00.00,0.0657687,0.725601,0.8353
1343,2013-09-05,00:00:00.00,0.0808014,0.692509,0.6739
1344,2013-09-06,00:00:00.00,5.36e-308,0.661979,0.5607
1345,2013-09-07,00:00:00.00,0,0.633739,0.4899
1346,2013-09-08,00:00:00.00,2.75009,0.607642,0.4446
1347,2013-09-09,00:00:00.00,0.164391,0.583579,0.4191
1348,2013-09-10,00:00:00.00,0.190071,0.561136,0.4474
1349,2013-09-11,00:00:00.00,0.0382827,0.53998,0.4701
1350,2013-09-12,00:00:00.00,5.2796,0.541452,0.3936
1351,2013-09-13,00:00:00.00,2.65918,0.570215,0.4276
1352,2013-09-14,00:00:00.00,0.276242,0.550371,0.4304
1353,2013-09-15,00:00:00.00,0,0.501687,0.4786
1354,2013-09-16,00:00:00.00,3.96348,0.499155,0.4616
1355,2013-09-17,00:00:00.00,0.374798,0.522173,0.487
1356,2013-09-18,00:00:00.00,0.000431281,0.504568,0.4587
1357,2013-09-19,00:00:00.00,0,0.463032,0.4049
1358,2013-09-20,00:00:00.00,0.104876,0.445601,0.3879
1359,2013-09-21,00:00:00.00,8.57386,0.490445,0.4163
1360,2013-09-22,00:00:00.00,1.5352,0.61001,0.487
1361,2013-09-23,00:00:00.00,0.0189293,0.588846,0.4587
1362,2013-09-24,00:00:00.00,0.0497324,0.483409,0.4332
1363,2013-09-25,00:00:00.00,0.000189865,0.459028,0.4389
1364,2013-09-26,00:00:00.00,8.73539e-308,0.444272,0.4502
1365,2013-09-27,00:00:00.00,0,0.430301,0.4219
1366,2013-09-28,00:00:00.00,0.0834946,0.417058,0.4106
1367,2013-09-29,00:00:00.00,0.00309816,0.404493,0.4163
1368,2013-09-30,00:00:00.00,4.65096,0.41463,0.4474
1369,2013-10-01,00:00:00.00,0.384219,0.453117,0.504
1370,2013-10-02,00:00:00.00,0.0937147,0.438246,0.4644
1371,2013-10-03,00:00:00.00,0.150966,0.392041,0.4729
1372,2013-10-04,00:00:00.00,1.44204,0.377541,0.4559
1373,2013-10-05,00:00:00.00,1.65906,0.367068,0.4786
1374,2013-10-06,00:00:00.00,5.56851,0.385373,0.5748
1375,2013-10-07,00:00:00.00,9.25675,0.508395,0.7532
1376,2013-10-08,00:00:00.00,1.86712,0.650921,0.8212
1377,2013-10-09,00:00:00.00,0.0695341,0.58834,0.8353
1378,2013-10-10,00:00:00.00,0.0297214,0.462618,0.7815
1379,2013-10-11,00:00:00.00,0.118026,0.435246,0.6286
1380,2013-10-12,00:00:00.00,0.00747405,0.421651,0.5522
1381,2013-10-13,00:00:00.00,0.0698609,0.409026,0.4984
1382,2013-10-14,00:00:00.00,0,0.397043,0.4502
1383,2013-10-15,00:00:00.00,0,0.385667,0.4899
1384,2013-10-16,00:00:00.00,2.85323,0.385328,0.555
1385,2013-10-17,00:00:00.00,1.6984,0.399008,0.5437
1386,2013-10-18,00:00:00.00,5.67407,0.427888,0.5125
1387,2013-10-19,00:00:00.00,0.140214,0.492408,0.5352
1388,2013-10-20,00:00:00.00,4.64714,0.507243,0.5635
1389,2013-10-21,00:00:00.00,0.638522,0.508787,0.5578
1390,2013-10-22,00:00:00.00,2.57043,0.498122,0.5295
1391,2013-10-23,00:00:00.00,0.196995,0.46072,0.487
1392,2013-10-24,00:00:00.00,0.154131,0.441486,0.4701
1393,2013-10-25,00:00:00.00,0.0136595,0.410384,0.4304
1394,2013-10-26,00:00:00.00,0.249284,0.397006,0.4106
1395,2013-10-27,00:00:00.00,0.883274,0.386113,0.3879
1396,2013-10-28,00:00:00.00,0.0442353,0.375807,0.354
1397,2013-10-29,00:00:00.00,0.0038233,0.365985,0.3625
1398,2013-10-30,00:00:00.00,0.0823571,0.356591,0.3766
1399,2013-10-31,00:00:00.00,0.171225,0.347631,0.3681
1400,2013-11-01,00:00:00.00,35.5028,0.772902,0.4672
1401,2013-11-02,00:00:00.00,2.39155,1.84635,0.9316
1402,2013-11-03,00:00:00.00,7.22758,2.05033,2.002
1403,2013-11-04,00:00:00.00,0.109121,1.64157,1.9199
1404,2013-11-05,00:00:00.00,0.0146978,1.48898,1.5772
1405,2013-11-06,00:00:00.00,0.0149568,1.2476,1.3762
1406,2013-11-07,00:00:00.00,6.79001,1.28251,1.2686
1407,2013-11-08,00:00:00.00,0.375584,1.48442,1.1893
1408,2013-11-09,00:00:00.00,0.0656817,1.42563,1.2176
1409,2013-11-10,00:00:00.00,0.601523,1.20452,1.2148
1410,2013-11-11,00:00:00.00,0.195725,1.11663,1.1327
1411,2013-11-12,00:00:00.00,4.24426,1.1076,1.0534
1412,2013-11-13,00:00:00.00,0.0329508,1.16811,0.9769
1413,2013-11-14,00:00:00.00,0.00600248,1.1162,0.9741
1414,2013-11-15,00:00:00.00,0.000955843,0.996321,0.9883
1415,2013-11-16,00:00:00.00,0,0.938648,1.0137
1416,2013-11-17,00:00:00.00,0.0339557,0.892237,1.0591
1417,2013-11-18,00:00:00.00,17.6841,1.24479,1.127
1418,2013-11-19,00:00:00.00,0.264885,2.08854,1.2233
1419,2013-11-20,00:00:00.00,0.0469945,2.09565,1.6254
1420,2013-11-21,00:00:00.00,0.0263231,1.53267,1.7585
1421,2013-11-22,00:00:00.00,3.01643,1.44712,1.5999
1422,2013-11-23,00:00:00.00,4.28631,1.58468,1.4753
1423,2013-11-24,00:00:00.00,0.0868556,1.705,1.3564
1424,2013-11-25,00:00:00.00,0.137366,1.55969,1.2969
1425,2013-11-26,00:00:00.00,0.363538,1.36102,1.0449
1426,2013-11-27,00:00:00.00,0.313674,1.26557,1.0364
1427,2013-11-28,00:00:00.00,0.864921,1.19001,0.9684
1428,2013-11-29,00:00:00.00,0.734224,1.12334,0.9769
1429,2013-11-30,00:00:00.00,0.0327735,1.06413,0.9061
1430,2013-12-01,00:00:00.00,0.00177204,1.01116,0.8807
1431,2013-12-02,00:00:00.00,0.348507,0.96347,0.841
1432,2013-12-03,00:00:00.00,0.0520937,0.920367,0.8467
1433,2013-12-04,00:00:00.00,4.24318,0.911684,0.8467
1434,2013-12-05,00:00:00.00,0.627194,0.941062,0.824
1435,2013-12-06,00:00:00.00,0.253048,1.03674,0.8665
1436,2013-12-07,00:00:00.00,0,1.24452,0.9061
1437,2013-12-08,00:00:00.00,0.0253013,1.21257,0.9345
1438,2013-12-09,00:00:00.00,0.761402,1.01274,0.8778
1439,2013-12-10,00:00:00.00,0.912284,0.953452,0.824
1440,2013-12-11,00:00:00.00,0.249049,0.913185,0.8127
1441,2013-12-12,00:00:00.00,0.600453,0.876572,0.773
1442,2013-12-13,00:00:00.00,0.21783,0.843167,0.7674
1443,2013-12-14,00:00:00.00,0.576414,0.812565,0.7306
1444,2013-12-15,00:00:00.00,13.2476,0.784385,0.7362
1445,2013-12-16,00:00:00.00,1.32229,0.758345,0.7079
1446,2013-12-17,00:00:00.00,0.953063,0.734252,0.6938
1447,2013-12-18,00:00:00.00,3.23613,0.711913,0.6683
1448,2013-12-19,00:00:00.00,0.596263,0.691102,0.6598
1449,2013-12-20,00:00:00.00,0.395246,0.671631,0.64
1450,2013-12-21,00:00:00.00,7.3144,0.764733,0.6541
1451,2013-12-22,00:00:00.00,12.7998,1.12449,0.7674
1452,2013-12-23,00:00:00.00,14.1687,1.56015,0.9175
1453,2013-12-24,00:00:00.00,1.40873,1.75551,2.0898
1454,2013-12-25,00:00:00.00,1.20188,1.55223,2.9166
1455,2013-12-26,00:00:00.00,2.87401,1.27831,2.1634
1456,2013-12-27,00:00:00.00,3.38078,1.19299,1.6509
1457,2013-12-28,00:00:00.00,0.664048,1.13314,1.3422
1458,2013-12-29,00:00:00.00,0.00218401,1.07958,1.1298
1459,2013-12-30,00:00:00.00,0.767748,1.04139,1.0364
1460,2013-12-31,00:00:00.00,0.241065,1.01902,0.9514
1461,2014-01-01,00:00:00.00,2.47969,0.97987,0.8637
1462,2014-01-02,00:00:00.00,2.86252,0.931361,0.8099
1463,2014-01-03,00:00:00.00,3.24646,0.896266,0.7674
1464,2014-01-04,00:00:00.00,0.0484425,0.865182,0.7447
1465,2014-01-05,00:00:00.00,3.0396,0.83665,0.7192
1466,2014-01-06,00:00:00.00,26.6203,0.875863,0.7051
1467,2014-01-07,00:00:00.00,3.04798,0.99353,0.6824
1468,2014-01-08,00:00:00.00,0.159463,0.970729,0.6768
1469,2014-01-09,00:00:00.00,0.102644,0.861284,0.6909
1470,2014-01-10,00:00:00.00,0.620413,0.826564,0.7136
1471,2014-01-11,00:00:00.00,2.40534,0.807652,0.7277
1472,2014-01-12,00:00:00.00,12.546,1.0862,0.9826
1473,2014-01-13,00:00:00.00,0.0552088,1.71107,1.3366
1474,2014-01-14,00:00:00.00,0.00102331,1.70743,2.2823
1475,2014-01-15,00:00:00.00,0.700323,1.29657,2.8883
1476,2014-01-16,00:00:00.00,0.31808,1.19986,2.86
1477,2014-01-17,00:00:00.00,6.19083,1.14345,2.6674
1478,2014-01-18,00:00:00.00,1.49645,1.09284,2.3276
1479,2014-01-19,00:00:00.00,0.412314,1.04719,2.0077
1480,2014-01-20,00:00:00.00,0.428757,1.00584,1.7047
1481,2014-01-21,00:00:00.00,0.6634,0.96822,1.4838
1482,2014-01-22,00:00:00.00,0.31795,0.933884,1.3932
1483,2014-01-23,00:00:00.00,0.755073,0.902561,1.2176
1484,2014-01-24,00:00:00.00,0.777122,0.873908,1.1157
1485,2014-01-25,00:00:00.00,0.257982,0.847532,1.0591
1486,2014-01-26,00:00:00.00,4.64985,0.823121,0.9826
1487,2014-01-27,00:00:00.00,4.71105,0.8004,0.9514
1488,2014-01-28,00:00:00.00,2.96051,0.779253,0.8835
1489,2014-01-29,00:00:00.00,0.187998,0.759631,0.8722
1490,2014-01-30,00:00:00.00,0.126554,0.741396,0.8552
1491,2014-01-31,00:00:00.00,0.979621,0.724324,0.8269
1492,2014-02-01,00:00:00.00,0.239902,0.70814,0.8099
1493,2014-02-02,00:00:00.00,10.2549,0.705834,0.8014
1494,2014-02-03,00:00:00.00,0.214873,0.719921,0.7759
1495,2014-02-04,00:00:00.00,0.0137748,0.705568,0.7447
1496,2014-02-05,00:00:00.00,0.895046,0.674098,0.7362
1497,2014-02-06,00:00:00.00,10.6492,0.658905,0.7136
1498,2014-02-07,00:00:00.00,0.409078,0.64612,0.7051
1499,2014-02-08,00:00:00.00,0.175803,0.634038,0.6824
1500,2014-02-09,00:00:00.00,0.716559,0.622611,0.6683
1501,2014-02-10,00:00:00.00,1.03899,0.61175,0.657
1502,2014-02-11,00:00:00.00,0.361792,0.601362,0.64
1503,2014-02-12,00:00:00.00,0.17237,0.59144,0.6343
1504,2014-02-13,00:00:00.00,0.000151004,0.58202,0.6088
1505,2014-02-14,00:00:00.00,0.748233,0.573001,0.6088
1506,2014-02-15,00:00:00.00,0.800257,0.564229,0.6088
1507,2014-02-16,00:00:00.00,0.465287,0.555683,0.6088
1508,2014-02-17,00:00:00.00,1.29429,0.547468,0.6315
1509,2014-02-18,00:00:00.00,6.45016,0.539605,0.657
1510,2014-02-19,00:00:00.00,3.63509,0.531998,0.6881
1511,2014-02-20,00:00:00.00,0.248226,0.524481,0.7334
1512,2014-02-21,00:00:00.00,8.98093,0.846943,0.9118
1513,2014-02-22,00:00:00.00,0.817741,1.61199,1.5971
1514,2014-02-23,00:00:00.00,0.00363391,1.62463,2.1577
1515,2014-02-24,00:00:00.00,0.0427437,1.13073,2.2908
1516,2014-02-25,00:00:00.00,0.138278,1.04133,1.9793
1517,2014-02-26,00:00:00.00,0.144891,0.999967,1.4555
1518,2014-02-27,00:00:00.00,0.193102,0.962371,1.2658
1519,2014-02-28,00:00:00.00,0.6553,0.928138,1.0647
1520,2014-03-01,00:00:00.00,0.104473,0.8969,0.9401
1521,2014-03-02,00:00:00.00,5.52802,0.868178,0.8325
1522,2014-03-03,00:00:00.00,2.68728,0.841501,0.773
1523,2014-03-04,00:00:00.00,0.000119779,0.816826,0.7504
1524,2014-03-05,00:00:00.00,0.10775,0.794087,0.7079
1525,2014-03-06,00:00:00.00,0.00448342,0.772847,0.6881
1526,2014-03-07,00:00:00.00,0.000266641,0.752851,0.6881
1527,2014-03-08,00:00:00.00,0.00396269,0.733946,0.657
1528,2014-03-09,00:00:00.00,0.383587,0.715867,0.6626
1529,2014-03-10,00:00:00.00,0.000289951,0.698597,0.6768
1530,2014-03-11,00:00:00.00,0.123801,0.682139,0.7164
1531,2014-03-12,00:00:00.00,0.417113,1.41213,0.875
1532,2014-03-13,00:00:00.00,14.4099,3.20234,1.3677
1533,2014-03-14,00:00:00.00,0.0445632,3.36643,2.339
1534,2014-03-15,00:00:00.00,0.317514,2.28855,3.1998
1535,2014-03-16,00:00:00.00,0.199041,2.01023,4.3042
1536,2014-03-17,00:00:00.00,0.0465824,1.8478,5.805
1537,2014-03-18,00:00:00.00,0.0226328,1.71154,7.8721
1538,2014-03-19,00:00:00.00,0.00828432,1.59552,10.5339
1539,2014-03-20,00:00:00.00,2.76611,1.52906,8.5517
1540,2014-03-21,00:00:00.00,0.244191,1.51065,12.601
1541,2014-03-22,00:00:00.00,0.769499,1.43604,15.7158
1542,2014-03-23,00:00:00.00,5.53112,1.37545,19.3121
1543,2014-03-24,00:00:00.00,0.0616996,1.40244,21.266
1544,2014-03-25,00:00:00.00,0.0872946,1.34541,18.2927
1545,2014-03-26,00:00:00.00,0.781839,1.23531,15.2061
1546,2014-03-27,00:00:00.00,0.014658,1.17394,10.7604
1547,2014-03-28,00:00:00.00,2.56919,1.12291,7.3624
1548,2014-03-29,00:00:00.00,1.52451,1.07715,9.656
1549,2014-03-30,00:00:00.00,1.79025e-308,1.03561,18.4343
1550,2014-03-31,00:00:00.00,0,0.996984,17.4149
1551,2014-04-01,00:00:00.00,0,2.50831,16.2539
1552,2014-04-02,00:00:00.00,0.269055,13.6009,18.6608
1553,2014-04-03,00:00:00.00,0.00197304,33.991,18.321
1554,2014-04-04,00:00:00.00,0.886103,37.0417,13.677
1555,2014-04-05,00:00:00.00,7.88956,37.1773,10.3356
1556,2014-04-06,00:00:00.00,0.390009,47.6744,10.5622
1557,2014-04-07,00:00:00.00,0,34.2785,9.3162
1558,2014-04-08,00:00:00.00,5.50457,15.5695,6.9659
1559,2014-04-09,00:00:00.00,2.08684,11.7689,7.3907
1560,2014-04-10,00:00:00.00,0.00086865,9.28695,8.4101
1561,2014-04-11,00:00:00.00,0.007511,7.14094,6.6261
1562,2014-04-12,00:00:00.00,0.000271084,5.93735,5.0121
1563,2014-04-13,00:00:00.00,3.13536,5.19524,4.0493
1564,2014-04-14,00:00:00.00,3.57014,4.78784,3.7945
1565,2014-04-15,00:00:00.00,1.35379,4.48613,3.9077
1566,2014-04-16,00:00:00.00,4.52318,4.1139,3.7095
1567,2014-04-17,00:00:00.00,0.0810977,3.77026,3.5962
1568,2014-04-18,00:00:00.00,3.30811e-308,3.51436,3.398
1569,2014-04-19,00:00:00.00,1.00968,3.47222,3.1998
1570,2014-04-20,00:00:00.00,0,3.61926,3.3131
1571,2014-04-21,00:00:00.00,7.06419e-308,3.48164,3.4263
1572,2014-04-22,00:00:00.00,0.169421,3.15963,3.1998
1573,2014-04-23,00:00:00.00,3.52838,3.06502,2.86
1574,2014-04-24,00:00:00.00,0.0955611,3.1036,2.7694
1575,2014-04-25,00:00:00.00,0.00409849,2.97727,2.5712
1576,2014-04-26,00:00:00.00,4.9888,2.96269,2.288
1577,2014-04-27,00:00:00.00,0.0024844,3.23837,2.2257
1578,2014-04-28,00:00:00.00,0.000654368,3.14106,2.1974
1579,2014-04-29,00:00:00.00,0.113589,2.79732,2.036
1580,2014-04-30,00:00:00.00,14.9412,3.69672,2.8883
1581,2014-05-01,00:00:00.00,7.1088,6.33393,10.364
1582,2014-05-02,00:00:00.00,1.14039,7.31086,11.8364
1583,2014-05-03,00:00:00.00,1.62979,5.86672,7.5889
1584,2014-05-04,00:00:00.00,3.93537,4.85508,5.6634
1585,2014-05-05,00:00:00.00,0.554319,4.49168,4.8988
1586,2014-05-06,00:00:00.00,0.0281861,4.0483,4.2192
1587,2014-05-07,00:00:00.00,0,3.5534,3.5113
1588,2014-05-08,00:00:00.00,7.36672,3.60934,3.0582
1589,2014-05-09,00:00:00.00,1.87124,4.09801,3.8511
1590,2014-05-10,00:00:00.00,2.65705,3.91663,5.9749
1591,2014-05-11,00:00:00.00,0.0315979,3.31019,5.2669
1592,2014-05-12,00:00:00.00,0.0294248,2.99317,4.1059
1593,2014-05-13,00:00:00.00,18.7674,4.076,4.2475
1594,2014-05-14,00:00:00.00,22.1299,9.48557,7.7305
1595,2014-05-15,00:00:00.00,12.5971,16.5697,10.1657
1596,2014-05-16,00:00:00.00,23.6378,22.7519,20.1899
1597,2014-05-17,00:00:00.00,1.369e-308,25.1364,27.8921
1598,2014-05-18,00:00:00.00,0.483785,18.3966,16.9052
1599,2014-05-19,00:00:00.00,0.00876966,10.6194,8.7216
1600,2014-05-20,00:00:00.00,0.0043866,7.70934,5.6067
1601,2014-05-21,00:00:00.00,4.74825,6.32014,4.1909
1602,2014-05-22,00:00:00.00,4.46676,5.68764,7.8438
1603,2014-05-23,00:00:00.00,0,5.1165,9.2313
1604,2014-05-24,00:00:00.00,0.0138216,4.43922,7.3624
1605,2014-05-25,00:00:00.00,0,3.90527,4.7006
1606,2014-05-26,00:00:00.00,4.79169e-308,3.51178,3.5396
1607,2014-05-27,00:00:00.00,2.39585e-308,3.1917,2.86
1608,2014-05-28,00:00:00.00,17.0567,4.12428,2.4522
1609,2014-05-29,00:00:00.00,3.52769,6.33445,2.5287
1610,2014-05-30,00:00:00.00,0.00287415,6.30366,2.8119
1611,2014-05-31,00:00:00.00,0.00117123,4.70678,2.322
1612,2014-06-01,00:00:00.00,0,4.0033,1.968
1613,2014-06-02,00:00:00.00,1.13855e-308,3.52545,1.7103
1614,2014-06-03,00:00:00.00,8.55867,3.49146,1.5036
1615,2014-06-04,00:00:00.00,1.38907,3.84007,1.413
1616,2014-06-05,00:00:00.00,0.969022,3.62372,1.4895
1617,2014-06-06,00:00:00.00,0.000138648,3.05463,1.4838
1618,2014-06-07,00:00:00.00,6.1e-308,2.74621,1.3139
1619,2014-06-08,00:00:00.00,0.0119972,2.50669,1.1921
1620,2014-06-09,00:00:00.00,0.186414,2.30302,1.0959
1621,2014-06-10,00:00:00.00,0,2.12792,1.0336
1622,2014-06-11,00:00:00.00,0.046801,1.97565,1.1383
1623,2014-06-12,00:00:00.00,6.87233,1.98342,1.0704
1624,2014-06-13,00:00:00.00,5.4377,2.21415,1.0166
1625,2014-06-14,00:00:00.00,0.440451,2.25001,1.0166
1626,2014-06-15,00:00:00.00,7.56726e-308,2.00685,0.9628
1627,2014-06-16,00:00:00.00,0.000789889,1.81196,0.9033
1628,2014-06-17,00:00:00.00,0.0543522,1.68798,0.8778
1629,2014-06-18,00:00:00.00,0.431227,1.58074,0.8495
1630,2014-06-19,00:00:00.00,11.7487,1.79689,0.9401
1631,2014-06-20,00:00:00.00,0.340062,2.36537,1.6594
1632,2014-06-21,00:00:00.00,2.3742,2.32538,2.5429
1633,2014-06-22,00:00:00.00,0.0157547,1.88245,1.8434
1634,2014-06-23,00:00:00.00,0.00900474,1.71599,1.4017
1635,2014-06-24,00:00:00.00,4.8059,1.61425,1.1695
1636,2014-06-25,00:00:00.00,12.2638,1.87558,1.0987
1637,2014-06-26,00:00:00.00,0.3107,2.46544,1.3847
1638,2014-06-27,00:00:00.00,0.00252528,2.39664,1.6679
1639,2014-06-28,00:00:00.00,0.00127022,1.92462,1.3366
1640,2014-06-29,00:00:00.00,0.108253,1.74164,1.1129
1641,2014-06-30,00:00:00.00,6.13258,1.6638,1.0477
1642,2014-07-01,00:00:00.00,0.274384,1.66021,0.9713
1643,2014-07-02,00:00:00.00,9.21608,1.7261,1.0279
1644,2014-07-03,00:00:00.00,0.879516,1.90747,1.4243
1645,2014-07-04,00:00:00.00,4.00803,1.8361,1.2997
1646,2014-07-05,00:00:00.00,0.000155423,1.58649,1.0534
1647,2014-07-06,00:00:00.00,0,1.46574,0.926
1648,2014-07-07,00:00:00.00,1.93496,1.3583,0.8184
1649,2014-07-08,00:00:00.00,22.6854,1.91983,1.11
1650,2014-07-09,00:00:00.00,18.5218,4.12687,3.8794
1651,2014-07-10,00:00:00.00,0.102033,5.82656,7.419
1652,2014-07-11,00:00:00.00,1.4718e-308,4.97268,6.4279
1653,2014-07-12,00:00:00.00,0,3.66488,3.2281
1654,2014-07-13,00:00:00.00,0.38978,3.0874,2.1124
1655,2014-07-14,00:00:00.00,5.80986,2.76127,1.6226
1656,2014-07-15,00:00:00.00,1.23891,2.58619,1.396
1657,2014-07-16,00:00:00.00,2.84171,2.3433,1.2346
1658,2014-07-17,00:00:00.00,0.33786,2.06748,1.1355
1659,2014-07-18,00:00:00.00,0.00372712,1.87578,1.1015
1660,2014-07-19,00:00:00.00,0.000769616,1.71741,0.9968
1661,2014-07-20,00:00:00.00,0.1999,1.58156,0.8863
1662,2014-07-21,00:00:00.00,0.21883,1.464,0.807
1663,2014-07-22,00:00:00.00,0.000448067,1.36117,0.7447
1664,2014-07-23,00:00:00.00,0.000221482,1.27011,0.7023
1665,2014-07-24,00:00:00.00,0.127519,1.18891,0.6513
1666,2014-07-25,00:00:00.00,0.000136384,1.11644,0.5918
1667,2014-07-26,00:00:00.00,0.115129,1.05144,0.5635
1668,2014-07-27,00:00:00.00,0.784064,0.992707,0.5663
1669,2014-07-28,00:00:00.00,18.5053,1.29402,0.5607
1670,2014-07-29,00:00:00.00,1.9699,2.02564,0.5918
1671,2014-07-30,00:00:00.00,6.07359,2.0987,0.5833
1672,2014-07-31,00:00:00.00,0.567465,1.75678,0.5918
1673,2014-08-01,00:00:00.00,0.319261,1.61393,0.5607
1674,2014-08-02,00:00:00.00,3.05055,1.42223,0.5692
1675,2014-08-03,00:00:00.00,0.00581843,1.31394,0.6145
1676,2014-08-04,00:00:00.00,0.00454323,1.22522,0.657
1677,2014-08-05,00:00:00.00,0.313059,1.14609,0.6003
1678,2014-08-06,00:00:00.00,8.20855,1.1778,0.589
1679,2014-08-07,00:00:00.00,0.0671244,1.32983,0.5097
1680,2014-08-08,00:00:00.00,0.0673262,1.27574,0.4644
1681,2014-08-09,00:00:00.00,0,1.09373,0.4191
1682,2014-08-10,00:00:00.00,0,1.01835,0.4021
1683,2014-08-11,00:00:00.00,0.000678555,0.960234,0.3794
1684,2014-08-12,00:00:00.00,46.4411,2.17277,0.824
1685,2014-08-13,00:00:00.00,7.96772,5.48711,2.0388
1686,2014-08-14,00:00:00.00,0.247274,6.29391,5.2103
1687,2014-08-15,00:00:00.00,8.0758e-308,4.38052,5.4935
1688,2014-08-16,00:00:00.00,0,3.43588,2.7496
1689,2014-08-17,00:00:00.00,1.02767,2.92553,1.6282
1690,2014-08-18,00:00:00.00,0.0391795,2.5504,1.1921
1691,2014-08-19,00:00:00.00,0.0157121,2.25678,0.9656
1692,2014-08-20,00:00:00.00,23.6604,2.90025,0.9571
1693,2014-08-21,00:00:00.00,2.52363,4.52963,1.9709
1694,2014-08-22,00:00:00.00,0.454778,4.47576,2.7949
1695,2014-08-23,00:00:00.00,0.000884491,3.25746,1.5772
1696,2014-08-24,00:00:00.00,0.00109692,2.76153,1.1383
1697,2014-08-25,00:00:00.00,0.0439314,2.4273,0.926
1698,2014-08-26,00:00:00.00,0,2.16188,0.8127
1699,2014-08-27,00:00:00.00,3.15026,1.94666,0.7504
1700,2014-08-28,00:00:00.00,0.120248,1.76964,0.6768
1701,2014-08-29,00:00:00.00,0,1.62099,0.6286
1702,2014-08-30,00:00:00.00,0.0273663,1.49369,0.589
1703,2014-08-31,00:00:00.00,3.68917,1.38611,0.5635
1704,2014-09-01,00:00:00.00,5.43537,1.3522,0.5352
1705,2014-09-02,00:00:00.00,18.3385,1.87395,0.6258
1706,2014-09-03,00:00:00.00,0.297518,2.84436,0.7759
1707,2014-09-04,00:00:00.00,0.00020967,2.77117,0.8863
1708,2014-09-05,00:00:00.00,7.8273e-308,2.08458,0.8495
1709,2014-09-06,00:00:00.00,16.7142,2.36611,0.7532
1710,2014-09-07,00:00:00.00,5.64018,3.41189,3.0016
1711,2014-09-08,00:00:00.00,0.000395702,3.5925,3.398
1712,2014-09-09,00:00:00.00,0,2.85567,2.2257
1713,2014-09-10,00:00:00.00,0.00165682,2.4022,1.4583
1714,2014-09-11,00:00:00.00,20.7314,2.97539,1.7783
1715,2014-09-12,00:00:00.00,0.253687,4.48445,4.5024
1716,2014-09-13,00:00:00.00,0.903278,4.40707,2.945
1717,2014-09-14,00:00:00.00,13.0494,3.89277,2.7552
1718,2014-09-15,00:00:00.00,0.00018635,4.63537,3.1432
1719,2014-09-16,00:00:00.00,2.4921,4.34026,2.6363
1720,2014-09-17,00:00:00.00,0.111761,3.37107,1.9284
1721,2014-09-18,00:00:00.00,0.00804317,2.89457,1.5291
1722,2014-09-19,00:00:00.00,0.142999,2.54782,1.2799
1723,2014-09-20,00:00:00.00,0,2.27736,1.0959
1724,2014-09-21,00:00:00.00,3.24366,2.08864,0.9968
1725,2014-09-22,00:00:00.00,17.3465,2.70459,1.1553
1726,2014-09-23,00:00:00.00,0.103376,4.0865,1.9369
1727,2014-09-24,00:00:00.00,0.00505609,4.02264,2.3333
1728,2014-09-25,00:00:00.00,0.0162325,3.00971,1.7953
1729,2014-09-26,00:00:00.00,0.00725646,2.60401,1.3649
1730,2014-09-27,00:00:00.00,0,2.32646,1.1242
1731,2014-09-28,00:00:00.00,0.0654506,2.10164,1.0024
1732,2014-09-29,00:00:00.00,0.0327329,1.91583,0.8976
1733,2014-09-30,00:00:00.00,0.0867428,1.75965,0.8297
1734,2014-10-01,00:00:00.00,4.93637,1.73878,0.8042
1735,2014-10-02,00:00:00.00,0.200642,1.85137,0.807
1736,2014-10-03,00:00:00.00,0.912923,1.76001,0.807
1737,2014-10-04,00:00:00.00,9.82146,1.83854,0.7929
1738,2014-10-05,00:00:00.00,5.94751,2.54759,0.8722
1739,2014-10-06,00:00:00.00,0.247867,2.89555,1.0704
1740,2014-10-07,00:00:00.00,1.87811,2.48931,1.1213
1741,2014-10-08,00:00:00.00,0.113294,2.11044,1.0081
1742,2014-10-09,00:00:00.00,0.0270952,1.91981,0.909
1743,2014-10-10,00:00:00.00,0,1.76125,0.8127
1744,2014-10-11,00:00:00.00,0,1.63201,0.7815
1745,2014-10-12,00:00:00.00,0,1.52136,0.7391
1746,2014-10-13,00:00:00.00,0,1.42502,0.7051
1747,2014-10-14,00:00:00.00,1.91622,1.34209,0.6909
1748,2014-10-15,00:00:00.00,18.4256,1.91523,0.7391
1749,2014-10-16,00:00:00.00,1.14139,3.26729,1.3649
1750,2014-10-17,00:00:00.00,0.597387,3.32149,2.002
1751,2014-10-18,00:00:00.00,0.809113,2.45027,1.8349
1752,2014-10-19,00:00:00.00,1.42241,2.17037,1.5716
1753,2014-10-20,00:00:00.00,0.0818501,1.99705,1.3422
1754,2014-10-21,00:00:00.00,6.54599,2.07109,1.1808
1755,2014-10-22,00:00:00.00,0.877845,2.39429,1.127
1756,2014-10-23,00:00:00.00,0,2.29991,1.0704
1757,2014-10-24,00:00:00.00,0.00404266,1.93718,1.0364
1758,2014-10-25,00:00:00.00,0.00202891,1.77366,1.0279
1759,2014-10-26,00:00:00.00,0.00911468,1.65003,0.9854
1760,2014-10-27,00:00:00.00,0.0014105,1.54313,0.943
1761,2014-10-28,00:00:00.00,0.16924,1.44991,0.9203
1762,2014-10-29,00:00:00.00,4.88365,1.49218,0.9203
1763,2014-10-30,00:00:00.00,0.119007,1.67715,0.9684
1764,2014-10-31,00:00:00.00,0.0233826,1.62173,0.9684
1765,2014-11-01,00:00:00.00,5.92996,1.60309,0.9599
1766,2014-11-02,00:00:00.00,0.793107,1.90679,1.498
1767,2014-11-03,00:00:00.00,0.00107146,1.85664,2.3022
1768,2014-11-04,00:00:00.00,0.000136059,1.57158,1.9793
1769,2014-11-05,00:00:00.00,0.566013,1.46108,1.6622
1770,2014-11-06,00:00:00.00,1.9548e-308,1.37963,1.5659
1771,2014-11-07,00:00:00.00,3.81382,1.40917,1.4895
1772,2014-11-08,00:00:00.00,0.0302521,1.55624,1.3989
1773,2014-11-09,00:00:00.00,2.27188,1.54812,1.43
1774,2014-11-10,00:00:00.00,0.0133173,1.46095,1.5404
1775,2014-11-11,00:00:00.00,0.0975524,1.38858,1.5914
1776,2014-11-12,00:00:00.00,0.496487,1.2802,1.5206
1777,2014-11-13,00:00:00.00,0.076705,1.21639,1.4498
1778,2014-11-14,00:00:00.00,0.449744,1.16287,1.3309
1779,2014-11-15,00:00:00.00,0.180502,1.11462,1.229
1780,2014-11-16,00:00:00.00,0.080961,1.07091,1.1808
1781,2014-11-17,00:00:00.00,1.20231,1.03115,1.0392
1782,2014-11-18,00:00:00.00,0.671006,0.994854,0.9628
1783,2014-11-19,00:00:00.00,0.121728,0.961564,0.9061
1784,2014-11-20,00:00:00.00,2.16116,0.930945,0.9061
1785,2014-11-21,00:00:00.00,0.403695,0.902712,0.8778
1786,2014-11-22,00:00:00.00,0.028033,0.876575,0.8495
1787,2014-11-23,00:00:00.00,2.85474,0.879454,0.8467
1788,2014-11-24,00:00:00.00,6.62205,1.31917,0.9599
1789,2014-11-25,00:00:00.00,15.751,2.9722,6.7394
1790,2014-11-26,00:00:00.00,0.113985,4.58344,10.279
1791,2014-11-27,00:00:00.00,0.160007,4.1419,7.3057
1792,2014-11-28,00:00:00.00,0.471911,3.06989,3.936
1793,2014-11-29,00:00:00.00,0.844252,2.67412,2.7581
1794,2014-11-30,00:00:00.00,0.567476,2.40868,2.1861
1795,2014-12-01,00:00:00.00,0.961059,2.23079,1.9907
1796,2014-12-02,00:00:00.00,0.0774075,2.12477,1.9114
1797,2014-12-03,00:00:00.00,0.0568087,1.98097,1.7556
1798,2014-12-04,00:00:00.00,0.933308,1.81861,1.5716
1799,2014-12-05,00:00:00.00,0.0136713,1.70151,1.4442
1800,2014-12-06,00:00:00.00,0.00138159,1.60293,1.3819
1801,2014-12-07,00:00:00.00,0.0628339,1.51689,1.3111
1802,2014-12-08,00:00:00.00,0,1.44121,1.2459
1803,2014-12-09,00:00:00.00,1.42094,1.38974,1.1893
1804,2014-12-10,00:00:00.00,1.42571,1.43835,1.1525
1805,2014-12-11,00:00:00.00,0.144626,1.54433,1.1383
1806,2014-12-12,00:00:00.00,0.0051369,1.48379,1.1044
1807,2014-12-13,00:00:00.00,0.0289163,1.34538,1.0336
1808,2014-12-14,00:00:00.00,0.0554965,1.28275,1.178
1809,2014-12-15,00:00:00.00,0.285972,1.23404,1.0109
1810,2014-12-16,00:00:00.00,0.375717,1.19146,1.0477
1811,2014-12-17,00:00:00.00,6.25554,1.36908,1.3139
1812,2014-12-18,00:00:00.00,0.818011,1.79842,2.3928
1813,2014-12-19,00:00:00.00,0.535921,1.78727,2.4721
1814,2014-12-20,00:00:00.00,0.0903218,1.48645,1.9822
1815,2014-12-21,00:00:00.00,2.892e-308,1.3967,1.6707
1816,2014-12-22,00:00:00.00,0.0284663,1.33645,1.4413
1817,2014-12-23,00:00:00.00,0.223721,1.28241,1.481
1818,2014-12-24,00:00:00.00,2.50545,1.30283,1.2431
1819,2014-12-25,00:00:00.00,19.7482,2.39389,2.8883
1820,2014-12-26,00:00:00.00,0.425913,4.60747,11.0153
1821,2014-12-27,00:00:00.00,0.00200922,4.73402,13.0541
1822,2014-12-28,00:00:00.00,0.943813,3.41585,7.5889
1823,2014-12-29,00:00:00.00,0.148133,2.99439,4.9271
1824,2014-12-30,00:00:00.00,0.0478942,2.7004,3.7661
1825,2014-12-31,00:00:00.00,0.021631,2.4416,2.6108
