time,date,hour,precip [mm/day],02GA018 [m3/s],02GA018 (observed) [m3/s]
0,2010-01-01,00:00:00.00,---,0,
1,2010-01-02,00:00:00.00,3.84926,0.0212178,4.09
2,2010-01-03,00:00:00.00,0.63295,0.0715888,2.4
3,2010-01-04,00:00:00.00,0.395528,0.100754,2.8
4,2010-01-05,00:00:00.00,0.17789,0.100611,3.3
5,2010-01-06,00:00:00.00,1.44921,0.100301,2.5
6,2010-01-07,00:00:00.00,0.275696,0.0999929,1.97
7,2010-01-08,00:00:00.00,0.271647,0.0996863,1.82
8,2010-01-09,00:00:00.00,4.23004,0.0993813,1.74
9,2010-01-10,00:00:00.00,0.0165472,0.0990779,1.68
10,2010-01-11,00:00:00.00,0.0186162,0.098776,1.61
11,2010-01-12,00:00:00.00,2.89596,0.0984756,1.8
12,2010-01-13,00:00:00.00,0.518273,0.0981767,1.78
13,2010-01-14,00:00:00.00,0.0027746,0.0978793,1.7
14,2010-01-15,00:00:00.00,0.00135369,0.0975834,1.61
15,2010-01-16,00:00:00.00,0.158832,0.097289,1.49
16,2010-01-17,00:00:00.00,0.0380131,0.0969961,1.49
17,2010-01-18,00:00:00.00,0.0203715,0.0967046,1.47
18,2010-01-19,00:00:00.00,0.00284587,0.0964146,1.48
19,2010-01-20,00:00:00.00,0.688211,0.096126,1.41
20,2010-01-21,00:00:00.00,0.174852,0.0958389,1.36
21,2010-01-22,00:00:00.00,0.00131258,0.0955531,1.26
22,2010-01-23,00:00:00.00,0.00310198,0.0952688,1.33
23,2010-01-24,00:00:00.00,0.0122845,0.0949859,1.3
24,2010-01-25,00:00:00.00,4.40436,0.160292,1.35
25,2010-01-26,00:00:00.00,9.7671,0.541004,3.99
26,2010-01-27,00:00:00.00,2.23745,0.878071,15.8
27,2010-01-28,00:00:00.00,2.661,0.506605,11.4
28,2010-01-29,00:00:00.00,4.28097,0.110892,5.83
29,2010-01-30,00:00:00.00,1.21691,0.108267,4.61
30,2010-01-31,00:00:00.00,0.00492726,0.107909,4.48
31,2010-02-01,00:00:00.00,2.79116,0.107553,4.19
32,2010-02-02,00:00:00.00,1.82172,0.1072,3.64
33,2010-02-03,00:00:00.00,1.09584,0.106848,2.9
34,2010-02-04,00:00:00.00,2.85486,0.106498,2.38
35,2010-02-05,00:00:00.00,0.199639,0.10615,2.05
36,2010-02-06,00:00:00.00,0.00448507,0.105804,1.89
37,2010-02-07,00:00:00.00,0.000864452,0.105459,1.71
38,2010-02-08,00:00:00.00,0.00236984,0.105117,1.52
39,2010-02-09,00:00:00.00,0,0.104777,1.41
40,2010-02-10,00:00:00.00,0.489473,0.104438,1.33
41,2010-02-11,00:00:00.00,3.84171,0.104102,1.36
42,2010-02-12,00:00:00.00,0.152628,0.103767,1.32
43,2010-02-13,00:00:00.00,0.306569,0.103434,1.28
44,2010-02-14,00:00:00.00,0.338722,0.103102,1.22
45,2010-02-15,00:00:00.00,0.325552,0.102773,1.18
46,2010-02-16,00:00:00.00,0.834338,0.102446,1.15
47,2010-02-17,00:00:00.00,0.793852,0.10212,1.19
48,2010-02-18,00:00:00.00,0.0891843,0.101796,1.26
49,2010-02-19,00:00:00.00,0.0265711,0.101473,1.21
50,2010-02-20,00:00:00.00,0.04069,0.101153,1.19
51,2010-02-21,00:00:00.00,0.00342129,0.100834,1.16
52,2010-02-22,00:00:00.00,0.000269575,0.100517,1.18
53,2010-02-23,00:00:00.00,11.9226,0.100202,1.23
54,2010-02-24,00:00:00.00,3.58782,0.102587,1.21
55,2010-02-25,00:00:00.00,0.091066,0.106002,1.18
56,2010-02-26,00:00:00.00,1.89973,0.10307,1.15
57,2010-02-27,00:00:00.00,7.18604,0.0990918,1.12
58,2010-02-28,00:00:00.00,1.28724,0.0987632,1.09
59,2010-03-01,00:00:00.00,0.0604757,0.0984574,1.21
60,2010-03-02,00:00:00.00,0.0031916,0.0981533,1.4
61,2010-03-03,00:00:00.00,0.000245919,0.0978507,1.43
62,2010-03-04,00:00:00.00,0.00251346,0.0975498,1.5
63,2010-03-05,00:00:00.00,0.00032852,0.0972505,1.57
64,2010-03-06,00:00:00.00,0.000388251,0.0969528,1.59
65,2010-03-07,00:00:00.00,0,0.0966566,1.59
66,2010-03-08,00:00:00.00,0,0.0963619,1.79
67,2010-03-09,00:00:00.00,0,0.0960686,2.14
68,2010-03-10,00:00:00.00,0,0.0957765,3.25
69,2010-03-11,00:00:00.00,0.00132026,0.095486,6.09
70,2010-03-12,00:00:00.00,0.0738134,0.0951975,15.9
71,2010-03-13,00:00:00.00,0.723765,0.094911,56.2
72,2010-03-14,00:00:00.00,11.0649,0.388892,90.4
73,2010-03-15,00:00:00.00,10.6025,1.07634,105
74,2010-03-16,00:00:00.00,0.252342,1.17897,52.9
75,2010-03-17,00:00:00.00,0.00133645,0.505501,29.1
76,2010-03-18,00:00:00.00,0.000448166,0.120336,18.6
77,2010-03-19,00:00:00.00,3.26522e-308,2.62945,13.4
78,2010-03-20,00:00:00.00,6.5304e-308,6.15802,9.64
79,2010-03-21,00:00:00.00,0.164696,3.80793,7.16
80,2010-03-22,00:00:00.00,0.360615,0.343542,5.65
81,2010-03-23,00:00:00.00,4.78898,0.389614,4.61
82,2010-03-24,00:00:00.00,0.0962158,0.587558,4.32
83,2010-03-25,00:00:00.00,0.0335106,0.447469,3.96
84,2010-03-26,00:00:00.00,0.00174601,0.251088,3.45
85,2010-03-27,00:00:00.00,0.000265486,0.248882,3
86,2010-03-28,00:00:00.00,0.00148146,0.247824,2.55
87,2010-03-29,00:00:00.00,4.30174,0.342251,2.35
88,2010-03-30,00:00:00.00,4.13248,0.587967,2.71
89,2010-03-31,00:00:00.00,4.0266e-308,0.653822,2.8
90,2010-04-01,00:00:00.00,3.92117e-308,0.413508,2.65
91,2010-04-02,00:00:00.00,0.0104885,0.256745,2.44
92,2010-04-03,00:00:00.00,0.0020977,0.254934,2.22
93,2010-04-04,00:00:00.00,0.193951,0.254042,2.01
94,2010-04-05,00:00:00.00,0.363996,0.25318,1.84
95,2010-04-06,00:00:00.00,0.108895,0.252347,1.69
96,2010-04-07,00:00:00.00,16.5198,0.934616,2.17
97,2010-04-08,00:00:00.00,2.26587,1.87786,3.64
98,2010-04-09,00:00:00.00,24.5129,2.37294,16.4
99,2010-04-10,00:00:00.00,0.230374,3.0412,27.3
100,2010-04-11,00:00:00.00,0.0185021,1.94092,11.4
101,2010-04-12,00:00:00.00,0.293933,0.39799,6.64
102,2010-04-13,00:00:00.00,0,0.389096,4.97
103,2010-04-14,00:00:00.00,0,0.389128,3.9
104,2010-04-15,00:00:00.00,0,0.389236,3.22
105,2010-04-16,00:00:00.00,0,0.389418,2.77
106,2010-04-17,00:00:00.00,0.187891,0.389673,2.53
107,2010-04-18,00:00:00.00,0.772197,0.39,2.3
108,2010-04-19,00:00:00.00,0.236254,0.390398,2.1
109,2010-04-20,00:00:00.00,0,0.390866,1.89
110,2010-04-21,00:00:00.00,0,0.391402,1.66
111,2010-04-22,00:00:00.00,0,0.392006,1.49
112,2010-04-23,00:00:00.00,2.9855e-308,0.392676,1.37
113,2010-04-24,00:00:00.00,0,0.393411,1.26
114,2010-04-25,00:00:00.00,0,0.394211,1.2
115,2010-04-26,00:00:00.00,15.7653,1.10425,1.32
116,2010-04-27,00:00:00.00,0.461723,2.08369,1.74
117,2010-04-28,00:00:00.00,0.00031269,1.42199,1.6
118,2010-04-29,00:00:00.00,5.1004e-308,0.486078,1.19
119,2010-04-30,00:00:00.00,0.000108909,0.482683,1.04
120,2010-05-01,00:00:00.00,0.0136768,0.484744,0.953
121,2010-05-02,00:00:00.00,2.44855,0.486879,0.977
122,2010-05-03,00:00:00.00,0.252384,0.489087,1.03
123,2010-05-04,00:00:00.00,10.6,0.885996,1.42
124,2010-05-05,00:00:00.00,0.0362149,1.43207,5.64
125,2010-05-06,00:00:00.00,10.1924,1.45429,3.72
126,2010-05-07,00:00:00.00,0.633983,1.46939,2.71
127,2010-05-08,00:00:00.00,11.1843,1.62356,2.46
128,2010-05-09,00:00:00.00,20.8294,2.96272,35.7
129,2010-05-10,00:00:00.00,0.21569,4.07437,30.4
130,2010-05-11,00:00:00.00,0.000385052,2.41769,11.8
131,2010-05-12,00:00:00.00,4.91615,1.13387,6.45
132,2010-05-13,00:00:00.00,1.52543,1.35406,5.13
133,2010-05-14,00:00:00.00,10.6031,1.74386,4.4
134,2010-05-15,00:00:00.00,1.94594,2.26592,12.7
135,2010-05-16,00:00:00.00,0.0182355,1.82662,12.2
136,2010-05-17,00:00:00.00,0.000998018,1.19314,6.08
137,2010-05-18,00:00:00.00,0.00117948,1.20062,4.21
138,2010-05-19,00:00:00.00,0.0785673,1.21177,3.21
139,2010-05-20,00:00:00.00,6.331e-308,1.22286,2.57
140,2010-05-21,00:00:00.00,0.000964927,1.2339,2.08
141,2010-05-22,00:00:00.00,0.0067149,1.24487,1.73
142,2010-05-23,00:00:00.00,4.0005,1.27295,1.57
143,2010-05-24,00:00:00.00,0.414688,1.30723,1.59
144,2010-05-25,00:00:00.00,0.000344459,1.3035,1.45
145,2010-05-26,00:00:00.00,0.000124436,1.2933,1.19
146,2010-05-27,00:00:00.00,1.11089e-308,1.30373,1.04
147,2010-05-28,00:00:00.00,0.000562551,1.31416,0.905
148,2010-05-29,00:00:00.00,0.0320351,1.32447,0.801
149,2010-05-30,00:00:00.00,0.0694298,1.33466,0.731
150,2010-05-31,00:00:00.00,6.24262e-308,1.34471,0.634
151,2010-06-01,00:00:00.00,0.133936,1.35462,0.629
152,2010-06-02,00:00:00.00,9.12942,1.69387,0.766
153,2010-06-03,00:00:00.00,17.6342,3.0632,0.936
154,2010-06-04,00:00:00.00,9.37639,4.43558,1.45
155,2010-06-05,00:00:00.00,3.28393,3.85319,4.41
156,2010-06-06,00:00:00.00,7.6475,2.74808,4.22
157,2010-06-07,00:00:00.00,23.5355,4.18405,6.89
158,2010-06-08,00:00:00.00,0.000158697,6.04899,13.3
159,2010-06-09,00:00:00.00,0,4.61797,5.53
160,2010-06-10,00:00:00.00,13.731,3.77922,3.72
161,2010-06-11,00:00:00.00,3.38384,4.90821,6.23
162,2010-06-12,00:00:00.00,0.00183544,4.3301,9.75
163,2010-06-13,00:00:00.00,0.51802,3.46464,4.64
164,2010-06-14,00:00:00.00,0.506493,3.47552,2.95
165,2010-06-15,00:00:00.00,0.432641,3.48523,2.18
166,2010-06-16,00:00:00.00,0.00012111,3.49381,1.65
167,2010-06-17,00:00:00.00,12.8806,4.22318,1.61
168,2010-06-18,00:00:00.00,0.182483,5.20303,1.76
169,2010-06-19,00:00:00.00,0.0101856,4.72947,1.4
170,2010-06-20,00:00:00.00,0.0564348,4.00078,1.22
171,2010-06-21,00:00:00.00,0.0992611,3.999,1.14
172,2010-06-22,00:00:00.00,0,3.99622,1.01
173,2010-06-23,00:00:00.00,12.4768,4.64047,1.12
174,2010-06-24,00:00:00.00,0.187138,5.51653,1.66
175,2010-06-25,00:00:00.00,5.2571,5.13667,1.71
176,2010-06-26,00:00:00.00,6.78382e-308,4.54373,3.22
177,2010-06-27,00:00:00.00,3.43425,4.53413,3.6
178,2010-06-28,00:00:00.00,0.214746,4.49912,2.41
179,2010-06-29,00:00:00.00,26.2311,6.42831,30.5
180,2010-06-30,00:00:00.00,0.0558779,9.02009,26.9
181,2010-07-01,00:00:00.00,0,7.83132,7.7
182,2010-07-02,00:00:00.00,0.0210243,5.9615,3.66
183,2010-07-03,00:00:00.00,0,5.90812,2.69
184,2010-07-04,00:00:00.00,0,5.85514,2.06
185,2010-07-05,00:00:00.00,0,5.80259,1.72
186,2010-07-06,00:00:00.00,0.00032698,5.75046,1.51
187,2010-07-07,00:00:00.00,1.7446e-308,5.6988,1.23
188,2010-07-08,00:00:00.00,0.294485,5.6476,1.13
189,2010-07-09,00:00:00.00,2.78881,5.59688,0.976
190,2010-07-10,00:00:00.00,20.1249,6.93921,1.17
191,2010-07-11,00:00:00.00,0.00216763,8.76436,1.2
192,2010-07-12,00:00:00.00,0.698873,7.94711,1.06
193,2010-07-13,00:00:00.00,15.5952,7.6448,1.01
194,2010-07-14,00:00:00.00,0.201323,8.93838,0.968
195,2010-07-15,00:00:00.00,8.20318e-308,8.35513,1.32
196,2010-07-16,00:00:00.00,0.179193,7.39356,1.24
197,2010-07-17,00:00:00.00,16.3514,8.37771,1.08
198,2010-07-18,00:00:00.00,0.120493,9.75315,1.41
199,2010-07-19,00:00:00.00,0.36263,9.13032,1.51
200,2010-07-20,00:00:00.00,6.71446,8.22,1.53
201,2010-07-21,00:00:00.00,0.0322023,8.23979,1.34
202,2010-07-22,00:00:00.00,0.314596,8.11333,1.13
203,2010-07-23,00:00:00.00,0.0167638,7.94283,0.841
204,2010-07-24,00:00:00.00,19.8117,9.32471,2.34
205,2010-07-25,00:00:00.00,11.5655,12.0911,7.78
206,2010-07-26,00:00:00.00,0.3706,12.1226,5.22
207,2010-07-27,00:00:00.00,0.000231618,10.2934,2.86
208,2010-07-28,00:00:00.00,0.0193937,9.63355,1.84
209,2010-07-29,00:00:00.00,8.97619,9.72814,1.42
210,2010-07-30,00:00:00.00,0.0530828,9.99922,1.19
211,2010-07-31,00:00:00.00,0,9.76027,0.837
212,2010-08-01,00:00:00.00,0.642449,9.35148,0.664
213,2010-08-02,00:00:00.00,0.676455,9.14416,0.615
214,2010-08-03,00:00:00.00,0.118477,8.94673,0.602
215,2010-08-04,00:00:00.00,0.0437184,8.75848,0.485
216,2010-08-05,00:00:00.00,0.0213781,8.57874,0.659
217,2010-08-06,00:00:00.00,0.13387,8.40693,0.71
218,2010-08-07,00:00:00.00,0.240797,8.2425,0.666
219,2010-08-08,00:00:00.00,0.115396,8.08497,0.504
220,2010-08-09,00:00:00.00,3.68993,7.93388,0.496
221,2010-08-10,00:00:00.00,5.95848,7.87452,0.45
222,2010-08-11,00:00:00.00,0.0993122,7.83348,0.529
223,2010-08-12,00:00:00.00,0,7.70808,0.536
224,2010-08-13,00:00:00.00,1.8452e-308,7.57127,0.551
225,2010-08-14,00:00:00.00,2.1807e-308,7.43963,0.518
226,2010-08-15,00:00:00.00,0.0013624,7.31284,0.556
227,2010-08-16,00:00:00.00,0.124613,7.19064,0.862
228,2010-08-17,00:00:00.00,0.00172575,7.07277,0.596
229,2010-08-18,00:00:00.00,0,6.95898,0.434
230,2010-08-19,00:00:00.00,0.00313535,6.84905,0.365
231,2010-08-20,00:00:00.00,0.170084,6.74278,0.305
232,2010-08-21,00:00:00.00,0,6.63997,0.375
233,2010-08-22,00:00:00.00,2.95621,6.54045,0.34
234,2010-08-23,00:00:00.00,6.229,6.54359,0.356
235,2010-08-24,00:00:00.00,2.48455,6.61203,0.345
236,2010-08-25,00:00:00.00,0.226763,6.53318,0.355
237,2010-08-26,00:00:00.00,1.05164e-308,6.39105,0.322
238,2010-08-27,00:00:00.00,0.00241721,6.2986,0.313
239,2010-08-28,00:00:00.00,0.00121345,6.20894,0.33
240,2010-08-29,00:00:00.00,7.67184e-308,6.12193,0.206
241,2010-08-30,00:00:00.00,0,6.03745,0.202
242,2010-08-31,00:00:00.00,2.26711e-308,5.95539,0.185
243,2010-09-01,00:00:00.00,4.66008e-308,5.87563,0.152
244,2010-09-02,00:00:00.00,2.34092e-308,5.79807,0.162
245,2010-09-03,00:00:00.00,6.3206,5.81361,0.438
246,2010-09-04,00:00:00.00,13.2443,6.82562,1.01
247,2010-09-05,00:00:00.00,9.0459,8.41528,0.876
248,2010-09-06,00:00:00.00,5.30618,8.63279,1.1
249,2010-09-07,00:00:00.00,0.522665,7.69368,0.907
250,2010-09-08,00:00:00.00,0.505693,7.07509,0.626
251,2010-09-09,00:00:00.00,3.68105,6.96411,0.495
252,2010-09-10,00:00:00.00,2.17513,6.89666,0.445
253,2010-09-11,00:00:00.00,0.145691,6.79105,0.421
254,2010-09-12,00:00:00.00,0.567744,6.6815,0.403
255,2010-09-13,00:00:00.00,5.66082,6.68833,0.401
256,2010-09-14,00:00:00.00,1.11079,6.77856,0.417
257,2010-09-15,00:00:00.00,0.00528632,6.69272,0.393
258,2010-09-16,00:00:00.00,0.0222163,6.52598,0.367
259,2010-09-17,00:00:00.00,22.2641,8.17851,0.645
260,2010-09-18,00:00:00.00,0.0264505,10.4364,1.48
261,2010-09-19,00:00:00.00,0.321064,9.44164,1.04
262,2010-09-20,00:00:00.00,0.324149,7.81579,0.708
263,2010-09-21,00:00:00.00,0.0478469,7.66506,0.58
264,2010-09-22,00:00:00.00,0.00200467,7.5206,0.49
265,2010-09-23,00:00:00.00,2.23445,7.382,0.427
266,2010-09-24,00:00:00.00,0.259208,7.24892,0.458
267,2010-09-25,00:00:00.00,0.191937,7.12099,0.468
268,2010-09-26,00:00:00.00,2.16448,7.00044,0.425
269,2010-09-27,00:00:00.00,0.125233,6.88484,0.422
270,2010-09-28,00:00:00.00,2.86023,6.80442,0.43
271,2010-09-29,00:00:00.00,36.5076,10.2112,1.62
272,2010-09-30,00:00:00.00,0.529239,14.6116,6.59
273,2010-10-01,00:00:00.00,0.0179416,12.7057,4.44
274,2010-10-02,00:00:00.00,0.0568952,9.70451,2.71
275,2010-10-03,00:00:00.00,7.71523,9.88696,1.76
276,2010-10-04,00:00:00.00,0.278511,10.2864,1.59
277,2010-10-05,00:00:00.00,0.282419,9.98604,1.37
278,2010-10-06,00:00:00.00,0.612385,9.47538,1.18
279,2010-10-07,00:00:00.00,8.09348,9.6946,1.38
280,2010-10-08,00:00:00.00,0.222411,10.1355,1.47
281,2010-10-09,00:00:00.00,0.0140813,9.82804,1.2
282,2010-10-10,00:00:00.00,0,9.30388,1.01
283,2010-10-11,00:00:00.00,0.00348695,9.08463,0.881
284,2010-10-12,00:00:00.00,2.6001,8.91691,0.802
285,2010-10-13,00:00:00.00,0.59574,8.7651,0.819
286,2010-10-14,00:00:00.00,0.399534,8.58027,0.703
287,2010-10-15,00:00:00.00,21.3147,10.3758,1.99
288,2010-10-16,00:00:00.00,0.034014,12.8317,2.71
289,2010-10-17,00:00:00.00,0.000120656,11.7619,1.9
290,2010-10-18,00:00:00.00,4.6721e-308,9.99439,1.36
291,2010-10-19,00:00:00.00,0.0196675,9.73933,1.08
292,2010-10-20,00:00:00.00,0.0712508,9.49827,0.955
293,2010-10-21,00:00:00.00,0.00224049,9.27006,0.863
294,2010-10-22,00:00:00.00,12.118,10.0352,1.01
295,2010-10-23,00:00:00.00,1.91554,11.2683,1.47
296,2010-10-24,00:00:00.00,3.66865,10.8731,1.43
297,2010-10-25,00:00:00.00,6.48742,10.5408,2.02
298,2010-10-26,00:00:00.00,0.582037,10.7865,4.8
299,2010-10-27,00:00:00.00,10.3222,11.0769,4.8
300,2010-10-28,00:00:00.00,0.851888,11.711,4.84
301,2010-10-29,00:00:00.00,0.786319,11.2241,4.85
302,2010-10-30,00:00:00.00,1.64913,10.4586,3.43
303,2010-10-31,00:00:00.00,0.0179736,10.2192,2.4
304,2010-11-01,00:00:00.00,0.0221564,9.96015,1.88
305,2010-11-02,00:00:00.00,0.00104938,9.70928,1.55
306,2010-11-03,00:00:00.00,0.000195514,9.47202,1.31
307,2010-11-04,00:00:00.00,1.38622,9.2644,1.16
308,2010-11-05,00:00:00.00,1.22211,9.08599,1.1
309,2010-11-06,00:00:00.00,0.812606,8.90222,1.08
310,2010-11-07,00:00:00.00,0.0172568,8.70884,1.03
311,2010-11-08,00:00:00.00,0.000940812,8.52179,0.905
312,2010-11-09,00:00:00.00,0.00111187,8.3434,0.825
313,2010-11-10,00:00:00.00,0,8.17308,0.744
314,2010-11-11,00:00:00.00,0,8.01026,0.676
315,2010-11-12,00:00:00.00,0,7.85443,0.659
316,2010-11-13,00:00:00.00,0,7.70513,0.657
317,2010-11-14,00:00:00.00,0.171038,7.56194,0.649
318,2010-11-15,00:00:00.00,1.72572,7.45755,0.636
319,2010-11-16,00:00:00.00,0.0197313,7.36344,0.601
320,2010-11-17,00:00:00.00,0.70771,7.23983,0.634
321,2010-11-18,00:00:00.00,17.3252,8.58427,1.44
322,2010-11-19,00:00:00.00,2.1212,10.586,2.28
323,2010-11-20,00:00:00.00,0.121162,9.82808,2.25
324,2010-11-21,00:00:00.00,4.335e-308,8.38767,1.86
325,2010-11-22,00:00:00.00,0.00474617,8.21383,1.64
326,2010-11-23,00:00:00.00,8.64906,8.62188,1.51
327,2010-11-24,00:00:00.00,7.50481,10.0085,3.28
328,2010-11-25,00:00:00.00,0.0437139,10.3505,5.19
329,2010-11-26,00:00:00.00,0.726993,9.36132,4.13
330,2010-11-27,00:00:00.00,11.4946,8.98686,5.18
331,2010-11-28,00:00:00.00,2.93746,9.06573,5.85
332,2010-11-29,00:00:00.00,0.258184,8.91555,4.5
333,2010-11-30,00:00:00.00,0.0327821,8.65417,3.14
334,2010-12-01,00:00:00.00,14.7601,9.77777,4.71
335,2010-12-02,00:00:00.00,8.7395,12.6139,32.6
336,2010-12-03,00:00:00.00,2.22415,13.2029,24.1
337,2010-12-04,00:00:00.00,1.32609,11.3572,9.4
338,2010-12-05,00:00:00.00,0.794473,10.3974,5.89
339,2010-12-06,00:00:00.00,0.419477,10.1209,4.67
340,2010-12-07,00:00:00.00,10.9689,9.86026,3.76
341,2010-12-08,00:00:00.00,4.10667,9.61402,2.9
342,2010-12-09,00:00:00.00,6.47604,9.38103,2.38
343,2010-12-10,00:00:00.00,1.98509,9.16021,2.07
344,2010-12-11,00:00:00.00,2.36866,8.95059,2.2
345,2010-12-12,00:00:00.00,0.637544,8.75133,2
346,2010-12-13,00:00:00.00,15.9537,9.10691,1.82
347,2010-12-14,00:00:00.00,3.81474,9.70581,1.66
348,2010-12-15,00:00:00.00,1.00489,9.36179,1.58
349,2010-12-16,00:00:00.00,3.89707,8.77384,1.48
350,2010-12-17,00:00:00.00,2.55596,8.58298,1.53
351,2010-12-18,00:00:00.00,2.98811,8.40108,1.58
352,2010-12-19,00:00:00.00,0.740921,8.2275,1.54
353,2010-12-20,00:00:00.00,0.763965,8.06166,1.5
354,2010-12-21,00:00:00.00,0.591331,7.90303,1.44
355,2010-12-22,00:00:00.00,0.330929,7.75113,1.4
356,2010-12-23,00:00:00.00,0.0518824,7.60551,1.38
357,2010-12-24,00:00:00.00,0.0115208,7.46579,1.33
358,2010-12-25,00:00:00.00,0.032525,7.33159,1.28
359,2010-12-26,00:00:00.00,0.000172782,7.20257,1.26
360,2010-12-27,00:00:00.00,0.0197431,7.07842,1.22
361,2010-12-28,00:00:00.00,0.0347976,6.95885,1.18
362,2010-12-29,00:00:00.00,0.204989,6.84361,1.24
363,2010-12-30,00:00:00.00,0.231132,6.73245,1.22
364,2010-12-31,00:00:00.00,0.294582,6.62513,1.21
365,2011-01-01,00:00:00.00,1.9336,6.55595,1.4
366,2011-01-02,00:00:00.00,12.2344,7.48284,32.5
367,2011-01-03,00:00:00.00,0.880435,8.63472,107
368,2011-01-04,00:00:00.00,1.06622,8.02322,25.8
369,2011-01-05,00:00:00.00,4.99564,7.14044,12.7
370,2011-01-06,00:00:00.00,7.91081,7.01728,8.11
371,2011-01-07,00:00:00.00,3.53937,6.89868,5.79
372,2011-01-08,00:00:00.00,3.61883,6.78438,4.58
373,2011-01-09,00:00:00.00,0.223538,6.67413,3.8
374,2011-01-10,00:00:00.00,0.410184,6.56771,3.32
375,2011-01-11,00:00:00.00,0.471877,6.46492,2.94
376,2011-01-12,00:00:00.00,1.04871,6.36555,2.59
377,2011-01-13,00:00:00.00,9.23256,6.26943,2.3
378,2011-01-14,00:00:00.00,0.957861,6.17639,2.07
379,2011-01-15,00:00:00.00,1.29442,6.08628,1.91
380,2011-01-16,00:00:00.00,9.85477,5.99895,1.77
381,2011-01-17,00:00:00.00,1.1397,5.91427,1.66
382,2011-01-18,00:00:00.00,0.0571036,5.83211,1.61
383,2011-01-19,00:00:00.00,0.948616,5.75235,1.58
384,2011-01-20,00:00:00.00,0.695689,5.67489,1.51
385,2011-01-21,00:00:00.00,1.22923,5.59961,1.43
386,2011-01-22,00:00:00.00,8.67366,5.52642,1.37
387,2011-01-23,00:00:00.00,3.35379,5.45522,1.31
388,2011-01-24,00:00:00.00,1.00098,5.38594,1.25
389,2011-01-25,00:00:00.00,0.774792,5.31849,1.19
390,2011-01-26,00:00:00.00,1.06465,5.25279,1.15
391,2011-01-27,00:00:00.00,0.238275,5.18877,1.11
392,2011-01-28,00:00:00.00,2.01684,5.12637,1.08
393,2011-01-29,00:00:00.00,1.76425,5.06551,1.06
394,2011-01-30,00:00:00.00,2.6281,5.00614,1.04
395,2011-01-31,00:00:00.00,0.730245,4.9482,1.02
396,2011-02-01,00:00:00.00,0.0457778,4.89163,0.996
397,2011-02-02,00:00:00.00,0.673236,4.83639,0.977
398,2011-02-03,00:00:00.00,15.4725,4.78242,0.957
399,2011-02-04,00:00:00.00,0.351296,4.72967,0.926
400,2011-02-05,00:00:00.00,0.0103962,4.67812,0.915
401,2011-02-06,00:00:00.00,4.28547,4.6277,0.914
402,2011-02-07,00:00:00.00,4.69868,4.57838,0.925
403,2011-02-08,00:00:00.00,1.53204,4.53012,0.916
404,2011-02-09,00:00:00.00,0.213771,4.48289,0.897
405,2011-02-10,00:00:00.00,0.26813,4.43665,0.887
406,2011-02-11,00:00:00.00,0.125765,4.39137,0.878
407,2011-02-12,00:00:00.00,0.702503,4.34702,0.862
408,2011-02-13,00:00:00.00,6.84596,4.30356,0.847
409,2011-02-14,00:00:00.00,2.33238,4.26097,0.858
410,2011-02-15,00:00:00.00,0.0580995,4.21922,0.876
411,2011-02-16,00:00:00.00,4.8e-308,4.17829,0.873
412,2011-02-17,00:00:00.00,0.159318,4.13814,0.853
413,2011-02-18,00:00:00.00,0.195328,4.09876,0.971
414,2011-02-19,00:00:00.00,0.336374,4.06012,16.9
415,2011-02-20,00:00:00.00,0.810913,4.0222,65.4
416,2011-02-21,00:00:00.00,0.0323629,3.98498,39.1
417,2011-02-22,00:00:00.00,9.6078,3.94844,21.4
418,2011-02-23,00:00:00.00,5.51608e-308,3.91255,11.4
419,2011-02-24,00:00:00.00,0.00533982,3.87731,10.3
420,2011-02-25,00:00:00.00,2.90401,3.84269,8.49
421,2011-02-26,00:00:00.00,0.932613,3.80867,6.68
422,2011-02-27,00:00:00.00,3.82332,3.77524,4.67
423,2011-02-28,00:00:00.00,7.95437,3.75227,4.55
424,2011-03-01,00:00:00.00,17.1904,4.04191,6.96
425,2011-03-02,00:00:00.00,0.00204477,4.4232,15.2
426,2011-03-03,00:00:00.00,0.0910543,4.21408,11.8
427,2011-03-04,00:00:00.00,0.0137239,3.90187,7.39
428,2011-03-05,00:00:00.00,3.35151,3.86796,5.17
429,2011-03-06,00:00:00.00,27.8603,5.5687,26.2
430,2011-03-07,00:00:00.00,7.55933,7.88455,81.3
431,2011-03-08,00:00:00.00,0,6.76952,34.2
432,2011-03-09,00:00:00.00,0,5.02469,18.5
433,2011-03-10,00:00:00.00,8.85248,5.02081,12.5
434,2011-03-11,00:00:00.00,11.0398,5.70481,27.9
435,2011-03-12,00:00:00.00,21.4231,7.26438,89.3
436,2011-03-13,00:00:00.00,1.00151,7.76465,45.6
437,2011-03-14,00:00:00.00,0.921286,6.69588,21.7
438,2011-03-15,00:00:00.00,0.0273051,5.98429,13.8
439,2011-03-16,00:00:00.00,0.115437,5.89574,11.6
440,2011-03-17,00:00:00.00,6.56071,5.91363,22.5
441,2011-03-18,00:00:00.00,0.000558292,6.02527,63.1
442,2011-03-19,00:00:00.00,0.448664,5.95757,115
443,2011-03-20,00:00:00.00,0.07286,5.79766,70.4
444,2011-03-21,00:00:00.00,9.33789e-308,5.71496,24
445,2011-03-22,00:00:00.00,8.08543,5.99419,18.9
446,2011-03-23,00:00:00.00,0.275882,6.44955,24.4
447,2011-03-24,00:00:00.00,24.6596,6.23162,17
448,2011-03-25,00:00:00.00,1.09271,5.83581,11.2
449,2011-03-26,00:00:00.00,0.00698197,5.75207,9.66
450,2011-03-27,00:00:00.00,1.83466e-308,5.67076,7.9
451,2011-03-28,00:00:00.00,0,5.59189,6.71
452,2011-03-29,00:00:00.00,0,5.51536,5.51
453,2011-03-30,00:00:00.00,0.00194855,5.44106,4.81
454,2011-03-31,00:00:00.00,0.00924657,5.36888,4.85
455,2011-04-01,00:00:00.00,0.166085,5.29873,7.63
456,2011-04-02,00:00:00.00,0.000220597,5.23052,15
457,2011-04-03,00:00:00.00,0.0051119,5.16416,24.1
458,2011-04-04,00:00:00.00,0.98239,5.09957,15.5
459,2011-04-05,00:00:00.00,20.6052,6.42259,27.5
460,2011-04-06,00:00:00.00,1.27672,8.24708,50.7
461,2011-04-07,00:00:00.00,0.687902,7.40943,19
462,2011-04-08,00:00:00.00,0.0640769,6.05592,12
463,2011-04-09,00:00:00.00,0.00021303,5.96493,9.78
464,2011-04-10,00:00:00.00,0,5.87686,8.51
465,2011-04-11,00:00:00.00,3.76397,5.83194,7.89
466,2011-04-12,00:00:00.00,0.162858,23.1269,8.9
467,2011-04-13,00:00:00.00,0.00042166,57.7659,7.89
468,2011-04-14,00:00:00.00,0,84.4866,5.83
469,2011-04-15,00:00:00.00,0,93.9202,4.49
470,2011-04-16,00:00:00.00,0,81.1795,3.59
471,2011-04-17,00:00:00.00,20.4286,68.2964,3.75
472,2011-04-18,00:00:00.00,3.58137,65.2058,7.18
473,2011-04-19,00:00:00.00,0.104944,57.0382,9.2
474,2011-04-20,00:00:00.00,0.157822,48.6824,8.25
475,2011-04-21,00:00:00.00,23.5578,48.5181,22.4
476,2011-04-22,00:00:00.00,0.800698,50.3194,29.9
477,2011-04-23,00:00:00.00,0.0516393,45.0308,13.8
478,2011-04-24,00:00:00.00,13.9782,41.4585,20
479,2011-04-25,00:00:00.00,0.164982,40.8026,21.1
480,2011-04-26,00:00:00.00,3.0633,37.4428,11.5
481,2011-04-27,00:00:00.00,8.63541,34.8876,10.6
482,2011-04-28,00:00:00.00,13.5387,36.1387,13.9
483,2011-04-29,00:00:00.00,6.87109,37.3097,39.7
484,2011-04-30,00:00:00.00,0.733474,34.6698,29.3
485,2011-05-01,00:00:00.00,0.0635813,31.1892,13.7
486,2011-05-02,00:00:00.00,5.49936,29.2828,9.24
487,2011-05-03,00:00:00.00,1.1901,27.7386,7.54
488,2011-05-04,00:00:00.00,6.24538,26.5559,6.35
489,2011-05-05,00:00:00.00,0.143368,25.5601,6.07
490,2011-05-06,00:00:00.00,0,24.1178,4.83
491,2011-05-07,00:00:00.00,8.67203,23.5208,4.21
492,2011-05-08,00:00:00.00,2.80792,23.3573,5.61
493,2011-05-09,00:00:00.00,0.000569753,22.2512,4.19
494,2011-05-10,00:00:00.00,0,20.905,3.03
495,2011-05-11,00:00:00.00,0.215585,19.8895,2.43
496,2011-05-12,00:00:00.00,0.166331,18.9769,2.17
497,2011-05-13,00:00:00.00,0.0072417,18.1521,2.04
498,2011-05-14,00:00:00.00,1.72658,17.4028,1.96
499,2011-05-15,00:00:00.00,26.8789,20.6937,10.7
500,2011-05-16,00:00:00.00,20.0111,28.686,16.1
501,2011-05-17,00:00:00.00,7.94455,31.8095,20.7
502,2011-05-18,00:00:00.00,0.74681,28.0478,13.2
503,2011-05-19,00:00:00.00,3.60092,24.7002,9.59
504,2011-05-20,00:00:00.00,20.5663,26.4534,49.3
505,2011-05-21,00:00:00.00,0.000444415,29.1151,41.2
506,2011-05-22,00:00:00.00,3.999e-308,26.9542,14.3
507,2011-05-23,00:00:00.00,2.07811,23.9514,8.88
508,2011-05-24,00:00:00.00,6.6232,22.902,7.86
509,2011-05-25,00:00:00.00,2.27004,22.0408,22.6
510,2011-05-26,00:00:00.00,0.017402,20.9353,12.9
511,2011-05-27,00:00:00.00,18.2437,22.3515,13.9
512,2011-05-28,00:00:00.00,3.94558,24.6981,16.2
513,2011-05-29,00:00:00.00,0.744368,23.2218,11
514,2011-05-30,00:00:00.00,4.6618,20.9118,8.72
515,2011-05-31,00:00:00.00,12.0631,21.1351,21.1
516,2011-06-01,00:00:00.00,0,21.6202,12.4
517,2011-06-02,00:00:00.00,2.021e-308,20.4861,7.43
518,2011-06-03,00:00:00.00,0.0166291,19.09,4.9
519,2011-06-04,00:00:00.00,0,18.2214,3.53
520,2011-06-05,00:00:00.00,12.791,18.6095,3.61
521,2011-06-06,00:00:00.00,0.0426566,19.4456,3.71
522,2011-06-07,00:00:00.00,0.000152168,18.5185,2.61
523,2011-06-08,00:00:00.00,15.0764,18.689,2.3
524,2011-06-09,00:00:00.00,1.94115,19.9424,2.32
525,2011-06-10,00:00:00.00,0.412792,18.892,2.12
526,2011-06-11,00:00:00.00,0.0197172,17.347,1.81
527,2011-06-12,00:00:00.00,0.0749049,16.631,1.66
528,2011-06-13,00:00:00.00,0.0454526,15.9772,1.67
529,2011-06-14,00:00:00.00,0.0470758,15.3778,1.48
530,2011-06-15,00:00:00.00,0,14.8261,1.25
531,2011-06-16,00:00:00.00,2.2868e-308,14.3166,1.12
532,2011-06-17,00:00:00.00,0.000289883,13.8444,1.05
533,2011-06-18,00:00:00.00,0.0688849,13.4055,1.04
534,2011-06-19,00:00:00.00,0,12.9964,0.993
535,2011-06-20,00:00:00.00,0,12.614,0.915
536,2011-06-21,00:00:00.00,1.05815e-308,12.2557,0.858
537,2011-06-22,00:00:00.00,0.347475,11.9193,0.855
538,2011-06-23,00:00:00.00,3.04139,11.6027,0.943
539,2011-06-24,00:00:00.00,23.1662,13.7604,3.49
540,2011-06-25,00:00:00.00,12.3679,17.993,6.88
541,2011-06-26,00:00:00.00,2.04218,18.0527,5.91
542,2011-06-27,00:00:00.00,0.0760915,15.3718,4.12
543,2011-06-28,00:00:00.00,0.000180755,14.2985,2.87
544,2011-06-29,00:00:00.00,0.998175,13.8097,3.39
545,2011-06-30,00:00:00.00,0.0808211,13.3564,3.6
546,2011-07-01,00:00:00.00,0,12.9349,2.17
547,2011-07-02,00:00:00.00,0,12.5419,1.71
548,2011-07-03,00:00:00.00,0.00061429,12.1745,1.43
549,2011-07-04,00:00:00.00,12.0525,12.6193,1.33
550,2011-07-05,00:00:00.00,0,13.3788,1.18
551,2011-07-06,00:00:00.00,0.016694,12.8506,0.967
552,2011-07-07,00:00:00.00,0.00969697,12.0114,1.04
553,2011-07-08,00:00:00.00,0.00195891,11.6737,1.19
554,2011-07-09,00:00:00.00,0.0044624,11.3564,1.15
555,2011-07-10,00:00:00.00,0.000247931,11.0577,1.07
556,2011-07-11,00:00:00.00,0.0314296,10.7758,1.07
557,2011-07-12,00:00:00.00,0.00244016,10.5094,0.975
558,2011-07-13,00:00:00.00,0.439104,10.2571,0.81
559,2011-07-14,00:00:00.00,0,10.0179,0.681
560,2011-07-15,00:00:00.00,0.000608103,9.79056,0.693
561,2011-07-16,00:00:00.00,0,9.57431,0.384
562,2011-07-17,00:00:00.00,0,9.36828,0.38
563,2011-07-18,00:00:00.00,0,9.17172,0.343
564,2011-07-19,00:00:00.00,0.940318,8.98395,0.336
565,2011-07-20,00:00:00.00,0.0149151,8.80439,0.276
566,2011-07-21,00:00:00.00,0.0110917,8.63247,0.247
567,2011-07-22,00:00:00.00,0.000257441,8.46767,0.39
568,2011-07-23,00:00:00.00,0.281125,8.30954,0.488
569,2011-07-24,00:00:00.00,0.10936,8.15766,0.455
570,2011-07-25,00:00:00.00,0.487231,8.01165,0.505
571,2011-07-26,00:00:00.00,1.07408,7.87114,0.501
572,2011-07-27,00:00:00.00,0.00415537,7.73581,0.396
573,2011-07-28,00:00:00.00,8.0238e-308,7.60537,0.331
574,2011-07-29,00:00:00.00,7.03973,7.60358,0.402
575,2011-07-30,00:00:00.00,14.1432,8.75591,0.902
576,2011-07-31,00:00:00.00,0.000409315,9.83809,0.82
577,2011-08-01,00:00:00.00,0.399582,9.07143,0.633
578,2011-08-02,00:00:00.00,0.112138,8.23379,0.491
579,2011-08-03,00:00:00.00,0.00689776,8.07926,0.483
580,2011-08-04,00:00:00.00,4.73005,7.9673,0.487
581,2011-08-05,00:00:00.00,0.606294,7.86646,0.512
582,2011-08-06,00:00:00.00,0.00232523,7.73298,0.502
583,2011-08-07,00:00:00.00,1.0901,7.5977,0.473
584,2011-08-08,00:00:00.00,6.74124,7.5857,0.489
585,2011-08-09,00:00:00.00,0.128617,7.63902,0.691
586,2011-08-10,00:00:00.00,16.0799,8.63943,0.786
587,2011-08-11,00:00:00.00,3.46097,9.97697,1.45
588,2011-08-12,00:00:00.00,0.440412,9.3474,0.861
589,2011-08-13,00:00:00.00,0.027261,8.29897,0.875
590,2011-08-14,00:00:00.00,0.00324305,8.13695,0.729
591,2011-08-15,00:00:00.00,9.1098,8.33109,0.732
592,2011-08-16,00:00:00.00,2.20182,8.70386,0.894
593,2011-08-17,00:00:00.00,0.0353273,8.47389,0.697
594,2011-08-18,00:00:00.00,0.571352,8.06626,0.559
595,2011-08-19,00:00:00.00,0.0380854,7.91292,0.53
596,2011-08-20,00:00:00.00,0,7.76584,0.614
597,2011-08-21,00:00:00.00,8.08635,7.85243,0.606
598,2011-08-22,00:00:00.00,7.58816,8.53675,0.656
599,2011-08-23,00:00:00.00,8.78517,9.37875,0.807
600,2011-08-24,00:00:00.00,0.0194517,9.41804,0.66
601,2011-08-25,00:00:00.00,3.60863,8.78301,0.966
602,2011-08-26,00:00:00.00,20.1348,10.0258,1.43
603,2011-08-27,00:00:00.00,0.0452251,12.0774,0.841
604,2011-08-28,00:00:00.00,0.0882081,11.1429,0.673
605,2011-08-29,00:00:00.00,0.00361322,9.63909,0.737
606,2011-08-30,00:00:00.00,0.0239396,9.40832,0.646
607,2011-08-31,00:00:00.00,0.0267649,9.18946,0.509
608,2011-09-01,00:00:00.00,0,8.98158,0.419
609,2011-09-02,00:00:00.00,4.98636,8.86924,0.481
610,2011-09-03,00:00:00.00,0.0093603,8.77832,0.507
611,2011-09-04,00:00:00.00,3.05004,8.6062,0.503
612,2011-09-05,00:00:00.00,6.58105,8.57658,0.615
613,2011-09-06,00:00:00.00,7.12541,9.11942,0.672
614,2011-09-07,00:00:00.00,0.0081221,9.36509,0.609
615,2011-09-08,00:00:00.00,1.294,8.88136,0.522
616,2011-09-09,00:00:00.00,0.423637,8.54115,0.494
617,2011-09-10,00:00:00.00,0.00340638,8.36327,0.474
618,2011-09-11,00:00:00.00,0.0280636,8.19338,0.467
619,2011-09-12,00:00:00.00,0.345614,8.03092,0.454
620,2011-09-13,00:00:00.00,0.570294,7.87541,0.49
621,2011-09-14,00:00:00.00,0.117022,7.72638,0.496
622,2011-09-15,00:00:00.00,0.204496,7.58341,0.475
623,2011-09-16,00:00:00.00,7.6999,7.80916,0.514
624,2011-09-17,00:00:00.00,0.347327,8.21702,0.538
625,2011-09-18,00:00:00.00,0.00372945,7.98589,0.529
626,2011-09-19,00:00:00.00,0.00279113,7.57255,0.5
627,2011-09-20,00:00:00.00,18.7466,8.95042,0.569
628,2011-09-21,00:00:00.00,5.72109,11.2359,0.889
629,2011-09-22,00:00:00.00,2.83742,10.6869,0.918
630,2011-09-23,00:00:00.00,0.143974,9.11687,0.776
631,2011-09-24,00:00:00.00,13.7354,9.88323,0.724
632,2011-09-25,00:00:00.00,0.236016,11.1183,0.75
633,2011-09-26,00:00:00.00,0.216787,10.5129,0.8
634,2011-09-27,00:00:00.00,0.581054,9.50569,0.789
635,2011-09-28,00:00:00.00,29.5368,12.3307,1.32
636,2011-09-29,00:00:00.00,0.297491,16.1149,1.77
637,2011-09-30,00:00:00.00,5.04459,14.749,1.83
638,2011-10-01,00:00:00.00,6.67926,12.9619,1.89
639,2011-10-02,00:00:00.00,0.638698,13.078,1.32
640,2011-10-03,00:00:00.00,3.64033,12.6,1.37
641,2011-10-04,00:00:00.00,8.04113,12.9805,2.2
642,2011-10-05,00:00:00.00,0.0478727,13.3652,1.94
643,2011-10-06,00:00:00.00,0.0275302,12.7235,1.37
644,2011-10-07,00:00:00.00,0.0231421,12.0569,1.08
645,2011-10-08,00:00:00.00,0.0273145,11.6832,0.974
646,2011-10-09,00:00:00.00,0,11.3342,0.86
647,2011-10-10,00:00:00.00,0,11.0074,0.757
648,2011-10-11,00:00:00.00,0.0432221,10.7008,0.691
649,2011-10-12,00:00:00.00,0.0465189,10.4126,0.671
650,2011-10-13,00:00:00.00,7.26502,10.5169,0.736
651,2011-10-14,00:00:00.00,5.03527,11.2286,0.924
652,2011-10-15,00:00:00.00,35.9743,15.8426,2.06
653,2011-10-16,00:00:00.00,9.58978,22.1075,7.93
654,2011-10-17,00:00:00.00,3.04791,21.1324,11.8
655,2011-10-18,00:00:00.00,0.20824,17.1656,9.57
656,2011-10-19,00:00:00.00,0.0446115,15.9442,6.3
657,2011-10-20,00:00:00.00,6.67389,15.7215,4.08
658,2011-10-21,00:00:00.00,30.2403,20.5461,15.5
659,2011-10-22,00:00:00.00,2.10861,25.7184,27.7
660,2011-10-23,00:00:00.00,0.372969,23.0832,12.9
661,2011-10-24,00:00:00.00,0.000464774,19.4525,8.26
662,2011-10-25,00:00:00.00,4.54202,18.7793,5.93
663,2011-10-26,00:00:00.00,4.31333,18.6387,4.55
664,2011-10-27,00:00:00.00,8.50703,19.2992,6.59
665,2011-10-28,00:00:00.00,1.44974,19.5589,14.6
666,2011-10-29,00:00:00.00,0.0476597,18.4108,9.39
667,2011-10-30,00:00:00.00,0.222157,17.253,6.63
668,2011-10-31,00:00:00.00,0.00212388,16.4895,4.76
669,2011-11-01,00:00:00.00,0.0135427,15.796,3.59
670,2011-11-02,00:00:00.00,0.0707735,15.1634,2.89
671,2011-11-03,00:00:00.00,0,14.5839,2.51
672,2011-11-04,00:00:00.00,0.000757878,14.0511,2.21
673,2011-11-05,00:00:00.00,0.00738318,13.5594,1.98
674,2011-11-06,00:00:00.00,0.000148915,13.1042,1.75
675,2011-11-07,00:00:00.00,0,12.6815,1.57
676,2011-11-08,00:00:00.00,0.0421301,12.2879,1.46
677,2011-11-09,00:00:00.00,0.259383,11.9204,1.42
678,2011-11-10,00:00:00.00,4.90933,11.8151,1.34
679,2011-11-11,00:00:00.00,0.19319,11.8223,1.35
680,2011-11-12,00:00:00.00,1.6576,11.5596,1.28
681,2011-11-13,00:00:00.00,0.157046,11.2117,1.25
682,2011-11-14,00:00:00.00,0.026898,10.915,1.22
683,2011-11-15,00:00:00.00,12.3661,11.8162,1.41
684,2011-11-16,00:00:00.00,0.55848,13.1405,2.25
685,2011-11-17,00:00:00.00,0.0199134,12.4505,2.12
686,2011-11-18,00:00:00.00,0.200363,11.3236,1.79
687,2011-11-19,00:00:00.00,0.271225,11.0131,1.57
688,2011-11-20,00:00:00.00,0.0656799,10.7209,1.4
689,2011-11-21,00:00:00.00,0.291471,10.4453,1.29
690,2011-11-22,00:00:00.00,6.43808e-308,10.185,1.17
691,2011-11-23,00:00:00.00,0.104127,9.93868,1.07
692,2011-11-24,00:00:00.00,17.1064,10.7533,1.51
693,2011-11-25,00:00:00.00,0.0100483,11.9518,2.17
694,2011-11-26,00:00:00.00,0.001005,11.4542,2.27
695,2011-11-27,00:00:00.00,1.2526e-308,10.585,2.2
696,2011-11-28,00:00:00.00,17.9058,12.3465,2.69
697,2011-11-29,00:00:00.00,1.68335,14.8709,11.6
698,2011-11-30,00:00:00.00,48.175,20.8309,35.8
699,2011-12-01,00:00:00.00,7.58433,28.8952,113
700,2011-12-02,00:00:00.00,0.000785605,26.6553,48.2
701,2011-12-03,00:00:00.00,1.16203,20.89,17
702,2011-12-04,00:00:00.00,0.468324,19.5977,11.2
703,2011-12-05,00:00:00.00,13.5106,20.3791,9.67
704,2011-12-06,00:00:00.00,14.3633,24.695,47.8
705,2011-12-07,00:00:00.00,8.62753,26.9278,45.4
706,2011-12-08,00:00:00.00,0.166876,24.2157,23.6
707,2011-12-09,00:00:00.00,0.337782,21.6388,13.3
708,2011-12-10,00:00:00.00,3.12122,20.4385,9.03
709,2011-12-11,00:00:00.00,0.100286,19.3747,6.99
710,2011-12-12,00:00:00.00,0.00770774,18.4183,5.27
711,2011-12-13,00:00:00.00,0,17.5578,4.68
712,2011-12-14,00:00:00.00,1.9362e-308,16.7803,3.95
713,2011-12-15,00:00:00.00,4.27347,16.3066,3.61
714,2011-12-16,00:00:00.00,21.682,19.3156,25.6
715,2011-12-17,00:00:00.00,1.95303,22.8182,48.9
716,2011-12-18,00:00:00.00,0.94104,20.9398,18.8
717,2011-12-19,00:00:00.00,1.97267,18.231,11.1
718,2011-12-20,00:00:00.00,0.0241426,17.3922,8.21
719,2011-12-21,00:00:00.00,0.104696,16.6333,7.79
720,2011-12-22,00:00:00.00,5.78324,16.2348,7.03
721,2011-12-23,00:00:00.00,0.503034,15.926,10.9
722,2011-12-24,00:00:00.00,0.944518,15.3519,13
723,2011-12-25,00:00:00.00,0.0170644,14.7711,9.91
724,2011-12-26,00:00:00.00,0.16439,14.2366,7.41
725,2011-12-27,00:00:00.00,0.403903,13.7432,6.35
726,2011-12-28,00:00:00.00,6.11018,13.4807,5.62
727,2011-12-29,00:00:00.00,3.11473,13.2734,5.55
728,2011-12-30,00:00:00.00,2.61648,12.8855,3.96
729,2011-12-31,00:00:00.00,3.14437,12.5747,5.05
730,2012-01-01,00:00:00.00,9.97328,13.2676,9.03
731,2012-01-02,00:00:00.00,10.0617,14.9686,22.6
732,2012-01-03,00:00:00.00,4.4431,15.1056,54.4
733,2012-01-04,00:00:00.00,1.86961,13.8112,22
734,2012-01-05,00:00:00.00,0.115599,13.0685,11.5
735,2012-01-06,00:00:00.00,0.00847476,12.6544,10.5
736,2012-01-07,00:00:00.00,0.00145247,12.2683,9.07
737,2012-01-08,00:00:00.00,0.00609541,11.9075,8.83
738,2012-01-09,00:00:00.00,0.0348651,11.5694,11
739,2012-01-10,00:00:00.00,0.0013498,11.2519,10
740,2012-01-11,00:00:00.00,0.00889287,10.9532,8.37
741,2012-01-12,00:00:00.00,0.0518001,10.6715,7.38
742,2012-01-13,00:00:00.00,3.91713,10.5488,7.78
743,2012-01-14,00:00:00.00,1.85716,10.4594,20.8
744,2012-01-15,00:00:00.00,1.26195,10.231,15
745,2012-01-16,00:00:00.00,0.00181599,9.98745,6.16
746,2012-01-17,00:00:00.00,0.135064,9.75637,5.12
747,2012-01-18,00:00:00.00,11.8152,10.6371,5.86
748,2012-01-19,00:00:00.00,0.928152,11.9137,12.2
749,2012-01-20,00:00:00.00,5.1652,11.2819,10.3
750,2012-01-21,00:00:00.00,2.34866,10.2396,6.5
751,2012-01-22,00:00:00.00,2.78255,9.99198,5.1
752,2012-01-23,00:00:00.00,0.000358043,9.75725,4.44
753,2012-01-24,00:00:00.00,5.24806,9.75613,5.71
754,2012-01-25,00:00:00.00,0.4203,9.90435,19.3
755,2012-01-26,00:00:00.00,0.13679,9.71064,12.5
756,2012-01-27,00:00:00.00,0.815942,9.37665,8.37
757,2012-01-28,00:00:00.00,10.623,9.43781,7.71
758,2012-01-29,00:00:00.00,3.27804,9.66675,7.16
759,2012-01-30,00:00:00.00,3.96356,9.46268,6.38
760,2012-01-31,00:00:00.00,5.24029,9.09704,5.59
761,2012-02-01,00:00:00.00,3.09644,8.98888,5.27
762,2012-02-02,00:00:00.00,0.00676593,8.90159,28.3
763,2012-02-03,00:00:00.00,0.000943324,8.73269,32.7
764,2012-02-04,00:00:00.00,0.0185043,8.55522,14.3
765,2012-02-05,00:00:00.00,0.0306271,8.38549,10.9
766,2012-02-06,00:00:00.00,0.000805457,8.22298,9.15
767,2012-02-07,00:00:00.00,0.00866339,8.06721,8.41
768,2012-02-08,00:00:00.00,0.0362853,7.91774,8.01
769,2012-02-09,00:00:00.00,2.14689e-308,7.77419,7.27
770,2012-02-10,00:00:00.00,0,7.63618,5.95
771,2012-02-11,00:00:00.00,0.369404,7.50338,4.56
772,2012-02-12,00:00:00.00,7.84831,7.37549,3.5
773,2012-02-13,00:00:00.00,3.23907,7.25222,2.98
774,2012-02-14,00:00:00.00,0.0638671,7.1333,2.79
775,2012-02-15,00:00:00.00,0.216331,7.0185,2.65
776,2012-02-16,00:00:00.00,0.291514,6.90759,2.53
777,2012-02-17,00:00:00.00,3.6656,6.83772,2.48
778,2012-02-18,00:00:00.00,0.270968,6.77706,2.42
779,2012-02-19,00:00:00.00,6.28948,6.7242,2.36
780,2012-02-20,00:00:00.00,0.0900304,6.67402,2.28
781,2012-02-21,00:00:00.00,0.00034138,6.58194,2.06
782,2012-02-22,00:00:00.00,1.1389,6.48455,2.21
783,2012-02-23,00:00:00.00,1.48469,6.39069,3.94
784,2012-02-24,00:00:00.00,0.258768,6.29976,8.7
785,2012-02-25,00:00:00.00,10.149,6.40233,10.2
786,2012-02-26,00:00:00.00,2.07382,6.62527,8.1
787,2012-02-27,00:00:00.00,0.002811,6.50465,6.44
788,2012-02-28,00:00:00.00,0.00361597,6.26362,5.35
789,2012-02-29,00:00:00.00,0.0519868,6.17495,5.8
790,2012-03-01,00:00:00.00,0.156383,6.08888,6.93
791,2012-03-02,00:00:00.00,0.0205922,6.00531,6.86
792,2012-03-03,00:00:00.00,0.0575187,5.92412,8.2
793,2012-03-04,00:00:00.00,11.1416,6.32236,39.3
794,2012-03-05,00:00:00.00,2.53863,6.92915,30.1
795,2012-03-06,00:00:00.00,0.0287242,6.6422,13.2
796,2012-03-07,00:00:00.00,0.0672868,6.14279,7.88
797,2012-03-08,00:00:00.00,0,6.05624,6.89
798,2012-03-09,00:00:00.00,8.55533,6.41303,32.4
799,2012-03-10,00:00:00.00,2.50628,6.96831,37.5
800,2012-03-11,00:00:00.00,0.346829,6.70254,14.3
801,2012-03-12,00:00:00.00,1.40627e-308,6.23498,10.4
802,2012-03-13,00:00:00.00,2.43544,6.16754,13
803,2012-03-14,00:00:00.00,9.23457,6.6511,32.1
804,2012-03-15,00:00:00.00,0.0159497,7.26681,26.2
805,2012-03-16,00:00:00.00,0.4902,20.828,13.7
806,2012-03-17,00:00:00.00,0.639778,38.5732,10.8
807,2012-03-18,00:00:00.00,0.000807613,32.4421,9.09
808,2012-03-19,00:00:00.00,0.042345,21.3696,7.81
809,2012-03-20,00:00:00.00,0.0422149,20.1515,6.74
810,2012-03-21,00:00:00.00,0.000151835,19.0722,5.73
811,2012-03-22,00:00:00.00,7.47736e-308,18.1095,4.73
812,2012-03-23,00:00:00.00,0.0372434,17.2456,4.01
813,2012-03-24,00:00:00.00,0.0812301,16.4662,3.45
814,2012-03-25,00:00:00.00,3.06508,15.8433,2.99
815,2012-03-26,00:00:00.00,0.521081,15.2918,2.68
816,2012-03-27,00:00:00.00,0.0043097,14.7038,2.34
817,2012-03-28,00:00:00.00,0.00554634,14.1489,1.97
818,2012-03-29,00:00:00.00,0.0445362,13.6381,1.8
819,2012-03-30,00:00:00.00,0.393899,13.1661,1.72
820,2012-03-31,00:00:00.00,0.604892,12.7288,1.63
821,2012-04-01,00:00:00.00,0.302759,12.3224,1.57
822,2012-04-02,00:00:00.00,2.78691,12.0119,1.54
823,2012-04-03,00:00:00.00,0.0197404,11.7347,1.53
824,2012-04-04,00:00:00.00,0.0114824,11.4069,1.39
825,2012-04-05,00:00:00.00,0.0198493,11.0867,1.28
826,2012-04-06,00:00:00.00,0.00327633,10.7858,1.16
827,2012-04-07,00:00:00.00,0,10.5025,1.08
828,2012-04-08,00:00:00.00,0,10.2352,1
829,2012-04-09,00:00:00.00,0.116426,9.98253,0.953
830,2012-04-10,00:00:00.00,0.0152272,9.74331,0.915
831,2012-04-11,00:00:00.00,0.288743,9.51644,0.892
832,2012-04-12,00:00:00.00,0.567601,9.30095,0.917
833,2012-04-13,00:00:00.00,0,9.09597,0.897
834,2012-04-14,00:00:00.00,7.07397e-308,8.90071,0.888
835,2012-04-15,00:00:00.00,0.629963,8.71448,0.846
836,2012-04-16,00:00:00.00,4.24621,8.60358,0.905
837,2012-04-17,00:00:00.00,0.0228171,8.51005,1.02
838,2012-04-18,00:00:00.00,0.00138878,8.35342,0.92
839,2012-04-19,00:00:00.00,0.000332462,8.19085,0.796
840,2012-04-20,00:00:00.00,5.3652e-308,8.03506,0.759
841,2012-04-21,00:00:00.00,0.0713533,7.88561,0.793
842,2012-04-22,00:00:00.00,7.05831,8.05046,0.998
843,2012-04-23,00:00:00.00,0.00346806,8.37948,1.06
844,2012-04-24,00:00:00.00,1.54684,8.17553,0.987
845,2012-04-25,00:00:00.00,1.44504,7.80835,1.06
846,2012-04-26,00:00:00.00,0.0957287,7.66671,1.18
847,2012-04-27,00:00:00.00,1.05101,7.53056,1.13
848,2012-04-28,00:00:00.00,0.95839,7.39957,1.07
849,2012-04-29,00:00:00.00,0,7.27344,0.982
850,2012-04-30,00:00:00.00,0.217583,7.15187,0.919
851,2012-05-01,00:00:00.00,6.99298,7.30441,0.935
852,2012-05-02,00:00:00.00,4.61842,7.80981,1.23
853,2012-05-03,00:00:00.00,0.0313959,7.72872,1.43
854,2012-05-04,00:00:00.00,0.495139,7.29145,1.35
855,2012-05-05,00:00:00.00,14.3066,8.05223,1.62
856,2012-05-06,00:00:00.00,0.000259369,9.14905,1.83
857,2012-05-07,00:00:00.00,8.96717e-308,8.63597,2.05
858,2012-05-08,00:00:00.00,0.498828,7.77635,1.4
859,2012-05-09,00:00:00.00,6.24507,7.75887,1.24
860,2012-05-10,00:00:00.00,3.20788,7.81741,1.33
861,2012-05-11,00:00:00.00,0.0298615,7.7019,0.796
862,2012-05-12,00:00:00.00,0.011003,7.51545,0.681
863,2012-05-13,00:00:00.00,0.263044,7.38132,0.571
864,2012-05-14,00:00:00.00,1.20736,7.25232,0.514
865,2012-05-15,00:00:00.00,3.25287e-308,7.12814,0.568
866,2012-05-16,00:00:00.00,3.84145e-308,7.00851,0.645
867,2012-05-17,00:00:00.00,1.95973,6.89316,0.782
868,2012-05-18,00:00:00.00,0.000173594,6.78185,0.745
869,2012-05-19,00:00:00.00,0.000205157,6.67437,0.761
870,2012-05-20,00:00:00.00,2.5716e-308,6.57051,0.685
871,2012-05-21,00:00:00.00,0,6.47007,0.769
872,2012-05-22,00:00:00.00,0.000112441,6.37288,0.794
873,2012-05-23,00:00:00.00,0.41661,6.27877,0.774
874,2012-05-24,00:00:00.00,0.0202145,6.18759,0.759
875,2012-05-25,00:00:00.00,0.0207554,6.09919,0.786
876,2012-05-26,00:00:00.00,0.10538,6.01345,0.799
877,2012-05-27,00:00:00.00,0,5.93022,0.732
878,2012-05-28,00:00:00.00,1.86343,5.84941,0.627
879,2012-05-29,00:00:00.00,0.09956,5.77089,0.627
880,2012-05-30,00:00:00.00,2.71502,5.69457,0.68
881,2012-05-31,00:00:00.00,0.205816,5.62034,0.683
882,2012-06-01,00:00:00.00,0.00626589,5.54812,0.642
883,2012-06-02,00:00:00.00,45.1466,9.33412,1.53
884,2012-06-03,00:00:00.00,1.76583,14.4006,7.03
885,2012-06-04,00:00:00.00,9.87845,12.7425,10.7
886,2012-06-05,00:00:00.00,0.749891,9.93803,7.36
887,2012-06-06,00:00:00.00,1.08105,9.60084,4.78
888,2012-06-07,00:00:00.00,3.39017,9.05869,3.34
889,2012-06-08,00:00:00.00,0.00647076,8.85097,2.52
890,2012-06-09,00:00:00.00,0,8.65354,2.05
891,2012-06-10,00:00:00.00,7.96974,8.6387,1.87
892,2012-06-11,00:00:00.00,0.42647,8.73893,3.43
893,2012-06-12,00:00:00.00,0.165065,8.58379,4.19
894,2012-06-13,00:00:00.00,4.40899,8.33661,3.2
895,2012-06-14,00:00:00.00,0.0173592,8.18127,2.23
896,2012-06-15,00:00:00.00,0,8.0179,1.62
897,2012-06-16,00:00:00.00,0.0140689,7.85889,1.34
898,2012-06-17,00:00:00.00,0,7.70669,1.14
899,2012-06-18,00:00:00.00,4.11261,7.56084,1.03
900,2012-06-19,00:00:00.00,0.668412,7.42093,1.06
901,2012-06-20,00:00:00.00,0.0402373,7.28661,1.06
902,2012-06-21,00:00:00.00,0.000375189,7.15751,0.94
903,2012-06-22,00:00:00.00,6.27587,7.08961,0.818
904,2012-06-23,00:00:00.00,3.39031,7.03485,0.796
905,2012-06-24,00:00:00.00,1.89133e-308,6.92576,0.774
906,2012-06-25,00:00:00.00,0.00541875,6.81003,0.814
907,2012-06-26,00:00:00.00,1.11804,6.69844,0.758
908,2012-06-27,00:00:00.00,0.00684334,6.59076,0.72
909,2012-06-28,00:00:00.00,0.00107298,6.48678,0.653
910,2012-06-29,00:00:00.00,0.000884079,6.38629,0.637
911,2012-06-30,00:00:00.00,0.00163196,6.28912,0.583
912,2012-07-01,00:00:00.00,0.00192868,6.19508,0.45
913,2012-07-02,00:00:00.00,0,6.10403,0.375
914,2012-07-03,00:00:00.00,0,6.0158,0.332
915,2012-07-04,00:00:00.00,1.09172,5.93027,0.323
916,2012-07-05,00:00:00.00,0.402788,5.84731,0.326
917,2012-07-06,00:00:00.00,0.00804879,5.7668,0.307
918,2012-07-07,00:00:00.00,0.000189804,5.68861,0.265
919,2012-07-08,00:00:00.00,0,5.61265,0.243
920,2012-07-09,00:00:00.00,0.0355768,5.53881,0.242
921,2012-07-10,00:00:00.00,0.00125578,5.467,0.281
922,2012-07-11,00:00:00.00,0.000843568,5.39713,0.284
923,2012-07-12,00:00:00.00,0,5.32912,0.267
924,2012-07-13,00:00:00.00,0,5.26288,0.25
925,2012-07-14,00:00:00.00,0.0240708,5.19835,0.201
926,2012-07-15,00:00:00.00,0.201452,5.13546,0.192
927,2012-07-16,00:00:00.00,0.284238,5.07415,0.358
928,2012-07-17,00:00:00.00,3.78995,5.01434,0.402
929,2012-07-18,00:00:00.00,0.000321034,4.95598,0.323
930,2012-07-19,00:00:00.00,0.763291,4.89902,0.374
931,2012-07-20,00:00:00.00,0.890539,4.84339,0.309
932,2012-07-21,00:00:00.00,2.29917,4.78906,0.268
933,2012-07-22,00:00:00.00,0.00161634,4.73598,0.253
934,2012-07-23,00:00:00.00,0.196019,4.68409,0.25
935,2012-07-24,00:00:00.00,0.348574,4.63336,0.287
936,2012-07-25,00:00:00.00,0.0194253,4.58374,0.247
937,2012-07-26,00:00:00.00,3.0207e-308,4.5352,0.224
938,2012-07-27,00:00:00.00,29.1642,6.36749,0.743
939,2012-07-28,00:00:00.00,2.42724,8.86401,0.742
940,2012-07-29,00:00:00.00,1.94589,7.70742,0.565
941,2012-07-30,00:00:00.00,0.000830699,5.86823,0.414
942,2012-07-31,00:00:00.00,0,5.78476,0.315
943,2012-08-01,00:00:00.00,0.795413,5.70381,0.307
944,2012-08-02,00:00:00.00,0.039849,5.62527,0.254
945,2012-08-03,00:00:00.00,0.0097956,5.54902,0.237
946,2012-08-04,00:00:00.00,0.0685135,5.47495,0.233
947,2012-08-05,00:00:00.00,0,5.40297,0.237
948,2012-08-06,00:00:00.00,5.11731,5.36284,0.251
949,2012-08-07,00:00:00.00,0.0036211,5.32944,0.314
950,2012-08-08,00:00:00.00,0,5.26705,0.286
951,2012-08-09,00:00:00.00,0.594167,5.20068,0.231
952,2012-08-10,00:00:00.00,9.62494,5.45679,0.224
953,2012-08-11,00:00:00.00,28.7367,8.157,0.39
954,2012-08-12,00:00:00.00,4.7363,10.9246,0.686
955,2012-08-13,00:00:00.00,1.96792,9.29059,0.771
956,2012-08-14,00:00:00.00,0.115102,7.23295,0.59
957,2012-08-15,00:00:00.00,6.37312,7.21349,0.482
958,2012-08-16,00:00:00.00,0.089466,7.24142,0.429
959,2012-08-17,00:00:00.00,0.00908694,7.13159,0.369
960,2012-08-18,00:00:00.00,3.29803,6.9812,0.353
961,2012-08-19,00:00:00.00,0.073537,6.86115,0.332
962,2012-08-20,00:00:00.00,0.0379882,6.74394,0.283
963,2012-08-21,00:00:00.00,3.93874e-308,6.63074,0.239
964,2012-08-22,00:00:00.00,0.0004849,6.52163,0.231
965,2012-08-23,00:00:00.00,1.614e-308,6.41638,0.227
966,2012-08-24,00:00:00.00,0,6.31477,0.225
967,2012-08-25,00:00:00.00,0,6.21661,0.214
968,2012-08-26,00:00:00.00,0,6.12171,0.211
969,2012-08-27,00:00:00.00,0.018017,6.02991,0.212
970,2012-08-28,00:00:00.00,7.06331,6.07236,0.232
971,2012-08-29,00:00:00.00,0.0271535,6.22083,0.23
972,2012-08-30,00:00:00.00,0.00543869,6.13656,0.225
973,2012-08-31,00:00:00.00,0,5.94756,0.222
974,2012-09-01,00:00:00.00,0,5.86122,0.199
975,2012-09-02,00:00:00.00,0.00460463,5.77756,0.213
976,2012-09-03,00:00:00.00,0.00295879,5.69643,0.222
977,2012-09-04,00:00:00.00,0.0158358,5.61773,0.219
978,2012-09-05,00:00:00.00,12.3926,6.15201,0.372
979,2012-09-06,00:00:00.00,0.172387,6.94039,0.927
980,2012-09-07,00:00:00.00,0.184416,6.57198,0.696
981,2012-09-08,00:00:00.00,0.173206,5.94431,0.449
982,2012-09-09,00:00:00.00,27.995,8.02508,0.616
983,2012-09-10,00:00:00.00,2.05651,10.8477,0.874
984,2012-09-11,00:00:00.00,0.0221587,9.60582,0.694
985,2012-09-12,00:00:00.00,0.0175285,7.59133,0.623
986,2012-09-13,00:00:00.00,0,7.44492,0.578
987,2012-09-14,00:00:00.00,0,7.30461,0.557
988,2012-09-15,00:00:00.00,11.9887,7.88345,0.553
989,2012-09-16,00:00:00.00,0.118735,8.75311,0.59
990,2012-09-17,00:00:00.00,0.0547822,8.33042,0.569
991,2012-09-18,00:00:00.00,0.000584922,7.61066,0.499
992,2012-09-19,00:00:00.00,28.1974,9.97482,0.709
993,2012-09-20,00:00:00.00,0.564488,13.1672,1.21
994,2012-09-21,00:00:00.00,3.13109,11.8628,0.935
995,2012-09-22,00:00:00.00,0.153822,9.68895,0.748
996,2012-09-23,00:00:00.00,9.6645,10.0482,0.76
997,2012-09-24,00:00:00.00,1.60048,10.664,0.692
998,2012-09-25,00:00:00.00,1.70327,10.2763,0.564
999,2012-09-26,00:00:00.00,0,9.62484,0.513
1000,2012-09-27,00:00:00.00,0.00059375,9.38487,0.538
1001,2012-09-28,00:00:00.00,0.134973,9.15777,0.472
1002,2012-09-29,00:00:00.00,0.000213612,8.94251,0.436
1003,2012-09-30,00:00:00.00,2.2341,8.75604,0.465
1004,2012-10-01,00:00:00.00,11.0059,9.3636,0.602
1005,2012-10-02,00:00:00.00,0.00298724,10.2225,0.581
1006,2012-10-03,00:00:00.00,0.158219,9.73779,0.518
1007,2012-10-04,00:00:00.00,1.24488,8.97814,0.53
1008,2012-10-05,00:00:00.00,0.123304,8.77281,0.538
1009,2012-10-06,00:00:00.00,1.07756,8.57762,0.536
1010,2012-10-07,00:00:00.00,6.05658,8.63061,0.517
1011,2012-10-08,00:00:00.00,1.11425,8.83917,0.514
1012,2012-10-09,00:00:00.00,0.297942,8.65814,0.504
1013,2012-10-10,00:00:00.00,0.00831854,8.32766,0.506
1014,2012-10-11,00:00:00.00,4.53999,8.28811,0.518
1015,2012-10-12,00:00:00.00,0.481283,8.29882,0.548
1016,2012-10-13,00:00:00.00,3.05634,8.23053,0.585
1017,2012-10-14,00:00:00.00,3.22973,8.25558,0.608
1018,2012-10-15,00:00:00.00,25.1625,10.7494,1.74
1019,2012-10-16,00:00:00.00,2.52426,13.8225,3.54
1020,2012-10-17,00:00:00.00,0.721807,12.4469,5.22
1021,2012-10-18,00:00:00.00,3.10626,10.3876,2.81
1022,2012-10-19,00:00:00.00,0.486038,10.2169,1.88
1023,2012-10-20,00:00:00.00,0.122614,9.96502,1.55
1024,2012-10-21,00:00:00.00,10.2862,10.4859,1.51
1025,2012-10-22,00:00:00.00,0.198034,11.3239,1.47
1026,2012-10-23,00:00:00.00,0.159187,10.8423,1.29
1027,2012-10-24,00:00:00.00,26.6717,12.9318,4
1028,2012-10-25,00:00:00.00,1.11065,16.4535,12.7
1029,2012-10-26,00:00:00.00,0.131042,14.9697,9.89
1030,2012-10-27,00:00:00.00,3.88302,12.6705,6.38
1031,2012-10-28,00:00:00.00,18.9874,14.8261,9.8
1032,2012-10-29,00:00:00.00,2.33568,17.4172,12
1033,2012-10-30,00:00:00.00,16.18,17.7564,13.8
1034,2012-10-31,00:00:00.00,10.2221,19.3749,21.7
1035,2012-11-01,00:00:00.00,7.03075,20.834,19.2
1036,2012-11-02,00:00:00.00,2.77309,19.8369,16.7
1037,2012-11-03,00:00:00.00,1.4317,18.3538,13.4
1038,2012-11-04,00:00:00.00,0.0115493,17.2608,8.29
1039,2012-11-05,00:00:00.00,0.00605921,16.4863,5.68
1040,2012-11-06,00:00:00.00,0.00499485,15.7754,3.79
1041,2012-11-07,00:00:00.00,0.0178054,15.128,2.65
1042,2012-11-08,00:00:00.00,0.000456516,14.536,2.05
1043,2012-11-09,00:00:00.00,0.00184452,13.9925,1.66
1044,2012-11-10,00:00:00.00,0.0061875,13.4918,1.41
1045,2012-11-11,00:00:00.00,0.170579,13.0289,1.31
1046,2012-11-12,00:00:00.00,0.0296991,12.5997,1.22
1047,2012-11-13,00:00:00.00,9.86824,13.0878,1.11
1048,2012-11-14,00:00:00.00,1.24882,13.9312,1.49
1049,2012-11-15,00:00:00.00,0.000816331,13.3373,1.47
1050,2012-11-16,00:00:00.00,0,12.3958,1.33
1051,2012-11-17,00:00:00.00,0,12.0109,1.3
1052,2012-11-18,00:00:00.00,0.00851213,11.6515,1.2
1053,2012-11-19,00:00:00.00,0.0331562,11.3151,1.12
1054,2012-11-20,00:00:00.00,0.239029,10.9996,1.04
1055,2012-11-21,00:00:00.00,0.000851098,10.7029,0.979
1056,2012-11-22,00:00:00.00,0.0659168,10.4234,0.926
1057,2012-11-23,00:00:00.00,0.163389,10.1597,0.891
1058,2012-11-24,00:00:00.00,4.5774,10.1199,0.93
1059,2012-11-25,00:00:00.00,3.22872,10.2848,1.04
1060,2012-11-26,00:00:00.00,0.78027,10.1159,0.987
1061,2012-11-27,00:00:00.00,0.226856,9.75306,0.951
1062,2012-11-28,00:00:00.00,0.0125497,9.52431,0.915
1063,2012-11-29,00:00:00.00,0.169077,9.30713,0.859
1064,2012-11-30,00:00:00.00,0.0762758,9.10062,0.827
1065,2012-12-01,00:00:00.00,0.539612,8.90398,0.809
1066,2012-12-02,00:00:00.00,0.919995,8.71649,0.778
1067,2012-12-03,00:00:00.00,18.4255,10.3324,4.4
1068,2012-12-04,00:00:00.00,0.149637,12.5489,17.6
1069,2012-12-05,00:00:00.00,8.38556,12.2186,13.8
1070,2012-12-06,00:00:00.00,0.121441,11.6356,12.6
1071,2012-12-07,00:00:00.00,0.000812859,11.2767,10.3
1072,2012-12-08,00:00:00.00,0.487798,10.5205,7.66
1073,2012-12-09,00:00:00.00,4.80064,10.3963,6.37
1074,2012-12-10,00:00:00.00,2.05063,10.3072,6.41
1075,2012-12-11,00:00:00.00,4.79524,10.2344,8.46
1076,2012-12-12,00:00:00.00,0.621084,10.1678,9
1077,2012-12-13,00:00:00.00,0.0817686,9.94373,8.36
1078,2012-12-14,00:00:00.00,0.000201222,9.70134,6.43
1079,2012-12-15,00:00:00.00,8.7986e-308,9.47168,5.07
1080,2012-12-16,00:00:00.00,0.31085,9.25374,4.26
1081,2012-12-17,00:00:00.00,9.32956,9.78615,4.35
1082,2012-12-18,00:00:00.00,0.508907,10.6167,8.1
1083,2012-12-19,00:00:00.00,0.237886,10.4144,11.7
1084,2012-12-20,00:00:00.00,0.118474,10.1358,8.97
1085,2012-12-21,00:00:00.00,3.703,10.127,7.05
1086,2012-12-22,00:00:00.00,11.5604,11.1548,11.7
1087,2012-12-23,00:00:00.00,0.572964,12.2551,14.4
1088,2012-12-24,00:00:00.00,0.0463956,11.3961,10.5
1089,2012-12-25,00:00:00.00,0.00436106,10.449,7.43
1090,2012-12-26,00:00:00.00,0.0882155,10.177,5.54
1091,2012-12-27,00:00:00.00,0.72877,9.92016,4.03
1092,2012-12-28,00:00:00.00,8.38421,9.6773,2.17
1093,2012-12-29,00:00:00.00,0.253712,9.44726,3.78
1094,2012-12-30,00:00:00.00,4.71713,9.229,3.19
1095,2012-12-31,00:00:00.00,0.438385,9.02162,2.69
1096,2013-01-01,00:00:00.00,0.0875515,8.82429,2.27
1097,2013-01-02,00:00:00.00,0.249968,8.63627,2.2
1098,2013-01-03,00:00:00.00,0.137805,8.45688,1.88
1099,2013-01-04,00:00:00.00,0.229063,8.28552,1.83
1100,2013-01-05,00:00:00.00,0.126256,8.12164,1.7
1101,2013-01-06,00:00:00.00,0.194197,7.96473,1.63
1102,2013-01-07,00:00:00.00,7.74556,7.8964,1.6
1103,2013-01-08,00:00:00.00,0.561542,7.84625,1.48
1104,2013-01-09,00:00:00.00,0,7.71589,1.46
1105,2013-01-10,00:00:00.00,0.000425009,7.5752,1.45
1106,2013-01-11,00:00:00.00,2.0533e-308,7.44001,1.58
1107,2013-01-12,00:00:00.00,14.1349,8.04515,2.23
1108,2013-01-13,00:00:00.00,0.0959716,8.94216,24.2
1109,2013-01-14,00:00:00.00,15.6533,9.88579,55.8
1110,2013-01-15,00:00:00.00,0.296438,11.0008,72
1111,2013-01-16,00:00:00.00,0.0193636,10.229,24.9
1112,2013-01-17,00:00:00.00,0.000214107,8.95888,13.3
1113,2013-01-18,00:00:00.00,0.296476,8.76094,9.62
1114,2013-01-19,00:00:00.00,1.89985,8.57243,6.65
1115,2013-01-20,00:00:00.00,0.200758,8.39267,4.74
1116,2013-01-21,00:00:00.00,2.20283,8.22105,3.75
1117,2013-01-22,00:00:00.00,2.12638,8.05699,2.99
1118,2013-01-23,00:00:00.00,2.6752,7.89999,2.47
1119,2013-01-24,00:00:00.00,1.7025,7.74958,2.17
1120,2013-01-25,00:00:00.00,0.403198,7.60533,2.01
1121,2013-01-26,00:00:00.00,1.78931,7.46685,1.89
1122,2013-01-27,00:00:00.00,0.619421,7.33379,1.79
1123,2013-01-28,00:00:00.00,0.12372,7.20581,1.68
1124,2013-01-29,00:00:00.00,10.8676,7.22554,1.63
1125,2013-01-30,00:00:00.00,21.8835,9.15539,3.69
1126,2013-01-31,00:00:00.00,12.6332,12.4797,59.5
1127,2013-02-01,00:00:00.00,5.21664,12.8537,103
1128,2013-02-02,00:00:00.00,11.7811,10.7911,26.7
1129,2013-02-03,00:00:00.00,2.93345,9.70912,12.1
1130,2013-02-04,00:00:00.00,1.08424,9.47093,8.24
1131,2013-02-05,00:00:00.00,1.76002,9.24534,6.59
1132,2013-02-06,00:00:00.00,0.224677,9.03132,5.62
1133,2013-02-07,00:00:00.00,1.27523,8.828,4.53
1134,2013-02-08,00:00:00.00,2.91627,8.63456,3.51
1135,2013-02-09,00:00:00.00,29.7917,8.45026,2.74
1136,2013-02-10,00:00:00.00,0.568225,8.27446,2.43
1137,2013-02-11,00:00:00.00,0,8.10655,2.73
1138,2013-02-12,00:00:00.00,2.36835,7.98581,3.48
1139,2013-02-13,00:00:00.00,0.525907,7.8777,4.2
1140,2013-02-14,00:00:00.00,0.0833578,7.73428,4.45
1141,2013-02-15,00:00:00.00,2.07183,7.5893,4.27
1142,2013-02-16,00:00:00.00,3.358,7.45017,3.9
1143,2013-02-17,00:00:00.00,2.44574,7.31652,3.54
1144,2013-02-18,00:00:00.00,0.111495,7.18802,3.3
1145,2013-02-19,00:00:00.00,0.0318816,7.06436,3.2
1146,2013-02-20,00:00:00.00,8.34894,7.07,3.18
1147,2013-02-21,00:00:00.00,1.44488,7.16896,3.19
1148,2013-02-22,00:00:00.00,0.310471,7.07203,3.19
1149,2013-02-23,00:00:00.00,0.544024,6.88492,3.17
1150,2013-02-24,00:00:00.00,1.53521,6.77194,3.13
1151,2013-02-25,00:00:00.00,1.9286,6.66291,3.07
1152,2013-02-26,00:00:00.00,0.00208697,6.55763,3
1153,2013-02-27,00:00:00.00,0.115066,6.4559,2.96
1154,2013-02-28,00:00:00.00,13.9577,6.66662,2.93
1155,2013-03-01,00:00:00.00,5.66229,7.1732,2.93
1156,2013-03-02,00:00:00.00,0.00327693,7.04104,2.93
1157,2013-03-03,00:00:00.00,0.028309,6.61002,2.92
1158,2013-03-04,00:00:00.00,0.109126,6.50582,2.89
1159,2013-03-05,00:00:00.00,0.0528088,6.40511,2.85
1160,2013-03-06,00:00:00.00,0.000708166,6.30773,2.8
1161,2013-03-07,00:00:00.00,0.0437071,6.21349,2.76
1162,2013-03-08,00:00:00.00,3.66232,6.14656,2.74
1163,2013-03-09,00:00:00.00,0.00785573,6.08627,2.74
1164,2013-03-10,00:00:00.00,0.000428241,6.00347,2.79
1165,2013-03-11,00:00:00.00,3.85436e-308,5.9186,3.81
1166,2013-03-12,00:00:00.00,14.5318,6.82855,22.4
1167,2013-03-13,00:00:00.00,6.66581,8.49758,125
1168,2013-03-14,00:00:00.00,3.2759,8.21479,97.3
1169,2013-03-15,00:00:00.00,0.874214,7.02279,40.9
1170,2013-03-16,00:00:00.00,0.956778,6.77413,26.1
1171,2013-03-17,00:00:00.00,0.846399,6.66267,20.1
1172,2013-03-18,00:00:00.00,0.0546798,6.55515,15.7
1173,2013-03-19,00:00:00.00,0.818025,6.45133,12.4
1174,2013-03-20,00:00:00.00,4.92459,6.35378,11.5
1175,2013-03-21,00:00:00.00,2.88998,6.25998,9.28
1176,2013-03-22,00:00:00.00,0.764766,6.16649,8.43
1177,2013-03-23,00:00:00.00,0.439198,6.07547,7.85
1178,2013-03-24,00:00:00.00,0.0312364,5.98731,7.1
1179,2013-03-25,00:00:00.00,0,5.90186,8.02
1180,2013-03-26,00:00:00.00,0,5.81899,9.41
1181,2013-03-27,00:00:00.00,0,5.73858,11.5
1182,2013-03-28,00:00:00.00,0.0226761,5.66052,19.8
1183,2013-03-29,00:00:00.00,0.165184,5.58469,30.2
1184,2013-03-30,00:00:00.00,8.5324e-308,5.511,41.1
1185,2013-03-31,00:00:00.00,0,5.43935,51.5
1186,2013-04-01,00:00:00.00,0.0700866,5.36964,45.9
1187,2013-04-02,00:00:00.00,1.35168,5.30181,37.4
1188,2013-04-03,00:00:00.00,0.382933,5.23576,22.3
1189,2013-04-04,00:00:00.00,0.21221,5.17142,14.9
1190,2013-04-05,00:00:00.00,0.000253582,5.10873,11.8
1191,2013-04-06,00:00:00.00,0.000291948,5.04761,14
1192,2013-04-07,00:00:00.00,0.00893931,4.98801,13.6
1193,2013-04-08,00:00:00.00,0.532005,4.92986,11.8
1194,2013-04-09,00:00:00.00,6.77627,5.09268,16.8
1195,2013-04-10,00:00:00.00,16.1611,6.55872,21.6
1196,2013-04-11,00:00:00.00,31.8803,10.6772,87.2
1197,2013-04-12,00:00:00.00,9.36804,13.5836,89.9
1198,2013-04-13,00:00:00.00,17.3727,12.2415,65.7
1199,2013-04-14,00:00:00.00,2.4203,10.8088,81.6
1200,2013-04-15,00:00:00.00,0.860408,11.3091,34.4
1201,2013-04-16,00:00:00.00,0.0175218,20.9083,18.6
1202,2013-04-17,00:00:00.00,1.27653,51.9865,13.8
1203,2013-04-18,00:00:00.00,0.0302589,71.224,11.2
1204,2013-04-19,00:00:00.00,26.7678,63.5915,16.5
1205,2013-04-20,00:00:00.00,8.6511,59.0247,58
1206,2013-04-21,00:00:00.00,0.7912,53.7526,38.7
1207,2013-04-22,00:00:00.00,0.0212415,45.355,17.3
1208,2013-04-23,00:00:00.00,0.000137501,40.2965,12.2
1209,2013-04-24,00:00:00.00,0,36.2698,9.88
1210,2013-04-25,00:00:00.00,9.68207,34.3189,8.7
1211,2013-04-26,00:00:00.00,3.84132,33.4902,9.13
1212,2013-04-27,00:00:00.00,0.0467977,31.3039,10.1
1213,2013-04-28,00:00:00.00,2.35396e-308,28.6925,9.11
1214,2013-04-29,00:00:00.00,2.7041,26.6503,7.73
1215,2013-04-30,00:00:00.00,8.24315,25.6512,8.32
1216,2013-05-01,00:00:00.00,0.0316551,24.9982,7.74
1217,2013-05-02,00:00:00.00,0.0574296,23.6103,6.56
1218,2013-05-03,00:00:00.00,0.0111688,22.1826,5.25
1219,2013-05-04,00:00:00.00,0.00228731,20.9847,4.21
1220,2013-05-05,00:00:00.00,0,19.9193,3.47
1221,2013-05-06,00:00:00.00,1.38859e-308,18.9656,2.87
1222,2013-05-07,00:00:00.00,1.64106e-308,18.1068,2.44
1223,2013-05-08,00:00:00.00,1.46078e-308,17.3294,2.15
1224,2013-05-09,00:00:00.00,0.624006,16.6221,1.91
1225,2013-05-10,00:00:00.00,0.214933,15.9757,1.79
1226,2013-05-11,00:00:00.00,20.744,17.9904,1.92
1227,2013-05-12,00:00:00.00,2.51573,20.7787,2.84
1228,2013-05-13,00:00:00.00,2.59532,19.3811,4.83
1229,2013-05-14,00:00:00.00,0.661936,17.1571,3.13
1230,2013-05-15,00:00:00.00,0.185714,16.4604,2.33
1231,2013-05-16,00:00:00.00,0.47623,15.8185,1.93
1232,2013-05-17,00:00:00.00,0,15.2295,1.66
1233,2013-05-18,00:00:00.00,0,14.6872,1.44
1234,2013-05-19,00:00:00.00,0,14.1859,1.25
1235,2013-05-20,00:00:00.00,0,13.7212,1.08
1236,2013-05-21,00:00:00.00,0.164273,13.289,1.04
1237,2013-05-22,00:00:00.00,6.807,13.0778,1.99
1238,2013-05-23,00:00:00.00,4.92873,13.0151,14.8
1239,2013-05-24,00:00:00.00,1.90319,12.7434,10.8
1240,2013-05-25,00:00:00.00,1.99263,12.3534,6.11
1241,2013-05-26,00:00:00.00,0.0129529,12.0076,3.6
1242,2013-05-27,00:00:00.00,0,11.6825,2.45
1243,2013-05-28,00:00:00.00,1.6304e-308,11.3764,1.91
1244,2013-05-29,00:00:00.00,13.321,12.1762,2.07
1245,2013-05-30,00:00:00.00,25.2433,16.519,7.59
1246,2013-05-31,00:00:00.00,6.61865,19.9353,12.5
1247,2013-06-01,00:00:00.00,0.160016,17.6828,8.13
1248,2013-06-02,00:00:00.00,13.0735,16.1658,14.8
1249,2013-06-03,00:00:00.00,14.0265,18.7086,21.4
1250,2013-06-04,00:00:00.00,0.000671262,19.6534,18.9
1251,2013-06-05,00:00:00.00,0,17.7702,9.63
1252,2013-06-06,00:00:00.00,0,16.3809,6.2
1253,2013-06-07,00:00:00.00,0.752031,15.7173,4.52
1254,2013-06-08,00:00:00.00,3.76405,15.137,3.75
1255,2013-06-09,00:00:00.00,0.00674176,14.609,3.22
1256,2013-06-10,00:00:00.00,1.63049e-308,14.0955,2.72
1257,2013-06-11,00:00:00.00,23.3784,16.309,2.76
1258,2013-06-12,00:00:00.00,6.0902,19.7066,16.9
1259,2013-06-13,00:00:00.00,6.37035,18.7659,26.9
1260,2013-06-14,00:00:00.00,7.78811,17.0594,10.4
1261,2013-06-15,00:00:00.00,0.316939,16.8036,8.11
1262,2013-06-16,00:00:00.00,0.000305218,16.0389,5.45
1263,2013-06-17,00:00:00.00,7.85208,15.7303,4.42
1264,2013-06-18,00:00:00.00,0.583883,15.5443,4.66
1265,2013-06-19,00:00:00.00,0.190847,15.0133,3.71
1266,2013-06-20,00:00:00.00,0.0017456,14.4347,2.82
1267,2013-06-21,00:00:00.00,4.871e-308,13.9265,2.18
1268,2013-06-22,00:00:00.00,0,13.4563,1.81
1269,2013-06-23,00:00:00.00,4.7269,13.0371,1.58
1270,2013-06-24,00:00:00.00,3.83453,12.6502,1.86
1271,2013-06-25,00:00:00.00,0.00140481,12.2719,1.58
1272,2013-06-26,00:00:00.00,6.6291,12.0521,1.36
1273,2013-06-27,00:00:00.00,0.0225729,11.8716,1.78
1274,2013-06-28,00:00:00.00,0.122566,11.5646,1.54
1275,2013-06-29,00:00:00.00,45.6838,17.1669,8.91
1276,2013-06-30,00:00:00.00,0.186341,24.458,90.7
1277,2013-07-01,00:00:00.00,0.0396022,21.7224,36.8
1278,2013-07-02,00:00:00.00,0.0248695,17.0736,11.6
1279,2013-07-03,00:00:00.00,0.0146046,16.3364,6.93
1280,2013-07-04,00:00:00.00,2.49639,15.6656,4.8
1281,2013-07-05,00:00:00.00,7.82679,15.3527,4.98
1282,2013-07-06,00:00:00.00,18.2934,17.3826,7.72
1283,2013-07-07,00:00:00.00,0.29637,19.3202,5.08
1284,2013-07-08,00:00:00.00,11.7332,18.6402,4.29
1285,2013-07-09,00:00:00.00,0.59718,18.0085,6.78
1286,2013-07-10,00:00:00.00,5.25438,17.3364,6.93
1287,2013-07-11,00:00:00.00,3.98168,16.3688,4.9
1288,2013-07-12,00:00:00.00,0.0733983,15.7152,4.06
1289,2013-07-13,00:00:00.00,2.1e-308,15.0996,3.45
1290,2013-07-14,00:00:00.00,0,14.5346,2.47
1291,2013-07-15,00:00:00.00,6.1493e-308,14.0144,1.8
1292,2013-07-16,00:00:00.00,0.00014062,13.5336,1.45
1293,2013-07-17,00:00:00.00,7.19566e-308,13.0879,1.18
1294,2013-07-18,00:00:00.00,0.00445167,12.6735,0.982
1295,2013-07-19,00:00:00.00,0.000724156,12.2871,0.878
1296,2013-07-20,00:00:00.00,0.769207,11.9259,0.921
1297,2013-07-21,00:00:00.00,18.2468,13.2411,1.89
1298,2013-07-22,00:00:00.00,0.000315898,15.1045,1.83
1299,2013-07-23,00:00:00.00,0.00181322,14.1818,1.59
1300,2013-07-24,00:00:00.00,0.752842,12.6835,1.33
1301,2013-07-25,00:00:00.00,0.215913,12.293,1.11
1302,2013-07-26,00:00:00.00,0.000214528,11.9282,0.95
1303,2013-07-27,00:00:00.00,0.000253533,11.5867,0.839
1304,2013-07-28,00:00:00.00,3.85941,11.2767,0.81
1305,2013-07-29,00:00:00.00,10.8221,11.696,0.876
1306,2013-07-30,00:00:00.00,0.329355,12.3757,1.02
1307,2013-07-31,00:00:00.00,0.0166965,11.8965,0.737
1308,2013-08-01,00:00:00.00,5.48888,11.2627,0.565
1309,2013-08-02,00:00:00.00,32.8909,15.1045,1.88
1310,2013-08-03,00:00:00.00,4.79156,19.9782,5.05
1311,2013-08-04,00:00:00.00,6.52841,18.3028,5.7
1312,2013-08-05,00:00:00.00,5.9004e-308,15.3737,2.73
1313,2013-08-06,00:00:00.00,1.53461e-308,14.8243,1.62
1314,2013-08-07,00:00:00.00,0.0179131,14.2704,1.28
1315,2013-08-08,00:00:00.00,6.90952,14.0027,1.36
1316,2013-08-09,00:00:00.00,3.73171,13.8145,1.88
1317,2013-08-10,00:00:00.00,0.0317233,13.4002,1.57
1318,2013-08-11,00:00:00.00,0.0177632,12.9573,1.12
1319,2013-08-12,00:00:00.00,0.00259123,12.5432,0.891
1320,2013-08-13,00:00:00.00,0.626298,12.1574,0.812
1321,2013-08-14,00:00:00.00,0.343549,11.797,0.761
1322,2013-08-15,00:00:00.00,0.0441464,11.4594,0.668
1323,2013-08-16,00:00:00.00,0.00614382,11.1426,0.596
1324,2013-08-17,00:00:00.00,0,10.8447,0.552
1325,2013-08-18,00:00:00.00,0,10.5638,0.559
1326,2013-08-19,00:00:00.00,0,10.2986,0.531
1327,2013-08-20,00:00:00.00,0.0201344,10.0477,0.527
1328,2013-08-21,00:00:00.00,0,9.80999,0.504
1329,2013-08-22,00:00:00.00,0.00586131,9.58436,0.526
1330,2013-08-23,00:00:00.00,2.88349,9.3699,0.501
1331,2013-08-24,00:00:00.00,0.093059,9.16576,0.502
1332,2013-08-25,00:00:00.00,0.00329422,8.97118,0.45
1333,2013-08-26,00:00:00.00,0,8.78546,0.411
1334,2013-08-27,00:00:00.00,0.743213,8.60799,0.451
1335,2013-08-28,00:00:00.00,0.509537,8.43819,0.606
1336,2013-08-29,00:00:00.00,0.669531,8.27556,0.695
1337,2013-08-30,00:00:00.00,0.0219135,8.11962,0.589
1338,2013-08-31,00:00:00.00,0.546268,7.96995,0.605
1339,2013-09-01,00:00:00.00,6.9388,8.0036,1.23
1340,2013-09-02,00:00:00.00,4.4649,8.30009,1.66
1341,2013-09-03,00:00:00.00,1.78511,8.2322,1.61
1342,2013-09-04,00:00:00.00,1.04414,7.90201,1.3
1343,2013-09-05,00:00:00.00,0.0264102,7.75931,0.842
1344,2013-09-06,00:00:00.00,0.111913,7.62209,0.627
1345,2013-09-07,00:00:00.00,0,7.49004,0.52
1346,2013-09-08,00:00:00.00,9.66705,7.87678,0.506
1347,2013-09-09,00:00:00.00,0.0471435,8.48644,0.526
1348,2013-09-10,00:00:00.00,0,8.17511,0.505
1349,2013-09-11,00:00:00.00,0.162874,7.63709,0.506
1350,2013-09-12,00:00:00.00,1.46928,7.5026,0.507
1351,2013-09-13,00:00:00.00,11.2828,8.02886,0.802
1352,2013-09-14,00:00:00.00,0.409679,8.8216,0.899
1353,2013-09-15,00:00:00.00,0.0200125,8.43271,0.718
1354,2013-09-16,00:00:00.00,0.270405,7.77112,0.593
1355,2013-09-17,00:00:00.00,1.44199,7.62962,0.585
1356,2013-09-18,00:00:00.00,0.0436335,7.49364,0.53
1357,2013-09-19,00:00:00.00,5.66345e-308,7.36283,0.503
1358,2013-09-20,00:00:00.00,0.407641,7.2369,0.475
1359,2013-09-21,00:00:00.00,3.45408,7.1469,1.36
1360,2013-09-22,00:00:00.00,79.4902,16.5846,35.6
1361,2013-09-23,00:00:00.00,0.310159,28.8498,38.5
1362,2013-09-24,00:00:00.00,8.587e-308,24.3655,14.7
1363,2013-09-25,00:00:00.00,0.0205748,16.6963,7.5
1364,2013-09-26,00:00:00.00,0,15.9606,4.86
1365,2013-09-27,00:00:00.00,0,15.2919,3.43
1366,2013-09-28,00:00:00.00,1.436e-308,14.6814,2.61
1367,2013-09-29,00:00:00.00,0.00562646,14.1217,2.15
1368,2013-09-30,00:00:00.00,0.161299,13.6068,1.87
1369,2013-10-01,00:00:00.00,2.83908,13.1784,1.72
1370,2013-10-02,00:00:00.00,0.0673319,12.7904,1.65
1371,2013-10-03,00:00:00.00,0,12.3833,1.48
1372,2013-10-04,00:00:00.00,0.00338639,11.9957,1.3
1373,2013-10-05,00:00:00.00,17.7076,13.4164,3.82
1374,2013-10-06,00:00:00.00,1.01961,15.428,7.13
1375,2013-10-07,00:00:00.00,2.16294,14.4492,4.92
1376,2013-10-08,00:00:00.00,43.2837,18.986,39.1
1377,2013-10-09,00:00:00.00,0.140473,26.3538,40
1378,2013-10-10,00:00:00.00,0,23.5235,15
1379,2013-10-11,00:00:00.00,0.0441841,18.7604,8.85
1380,2013-10-12,00:00:00.00,0.0335595,17.8419,6.26
1381,2013-10-13,00:00:00.00,0.0528452,17.0154,4.75
1382,2013-10-14,00:00:00.00,5.21872,16.5633,3.85
1383,2013-10-15,00:00:00.00,0.111676,16.2087,3.33
1384,2013-10-16,00:00:00.00,0.0476162,15.5905,2.87
1385,2013-10-17,00:00:00.00,8.28528,15.5808,3.27
1386,2013-10-18,00:00:00.00,8.86387,17.0444,4.64
1387,2013-10-19,00:00:00.00,3.54357,17.8654,12.4
1388,2013-10-20,00:00:00.00,9.87073,17.9202,13.6
1389,2013-10-21,00:00:00.00,0.669138,18.0981,11.6
1390,2013-10-22,00:00:00.00,7.31732,17.6173,10.8
1391,2013-10-23,00:00:00.00,3.94539,17.7141,14.1
1392,2013-10-24,00:00:00.00,4.91734,17.7759,13.9
1393,2013-10-25,00:00:00.00,4.68115,17.4612,12.1
1394,2013-10-26,00:00:00.00,5.92462,17.693,29.9
1395,2013-10-27,00:00:00.00,18.3527,20.129,27.9
1396,2013-10-28,00:00:00.00,1.99937,22.3937,41.3
1397,2013-10-29,00:00:00.00,0.0257273,20.6948,21.9
1398,2013-10-30,00:00:00.00,0.00847904,18.4725,12.4
1399,2013-10-31,00:00:00.00,0.0906003,17.6013,8.92
1400,2013-11-01,00:00:00.00,28.6368,21.2622,17.4
1401,2013-11-02,00:00:00.00,15.5306,29.0434,85.3
1402,2013-11-03,00:00:00.00,2.84139,30.1644,53.7
1403,2013-11-04,00:00:00.00,0.000240603,25.6606,18.9
1404,2013-11-05,00:00:00.00,0,23.0216,11.7
1405,2013-11-06,00:00:00.00,0,21.666,8.8
1406,2013-11-07,00:00:00.00,7.93878,21.2575,7.51
1407,2013-11-08,00:00:00.00,7.61932,22.5725,14.6
1408,2013-11-09,00:00:00.00,4.05043,23.1074,14.8
1409,2013-11-10,00:00:00.00,0.36413,21.6058,12.7
1410,2013-11-11,00:00:00.00,1.14954,20.1725,12.6
1411,2013-11-12,00:00:00.00,2.60346,19.3525,10.7
1412,2013-11-13,00:00:00.00,0.29623,18.5934,12.4
1413,2013-11-14,00:00:00.00,0.957865,17.7576,10.2
1414,2013-11-15,00:00:00.00,1.64078e-308,16.9759,7.46
1415,2013-11-16,00:00:00.00,2.98665e-308,16.266,6.22
1416,2013-11-17,00:00:00.00,0.02111,15.6183,5.49
1417,2013-11-18,00:00:00.00,6.42544,15.5997,5.18
1418,2013-11-19,00:00:00.00,8.58583,17.1867,19.5
1419,2013-11-20,00:00:00.00,0.228656,17.8983,19.6
1420,2013-11-21,00:00:00.00,0.000155745,16.5187,9.93
1421,2013-11-22,00:00:00.00,0.0342751,15.4214,7.26
1422,2013-11-23,00:00:00.00,7.79378,15.6174,6.61
1423,2013-11-24,00:00:00.00,2.44797,16.1521,8.53
1424,2013-11-25,00:00:00.00,1.06762,15.5136,7.79
1425,2013-11-26,00:00:00.00,1.05172,14.5712,4.51
1426,2013-11-27,00:00:00.00,1.2651,14.0569,5.26
1427,2013-11-28,00:00:00.00,0.123385,13.5812,4.09
1428,2013-11-29,00:00:00.00,0.331581,13.1399,2.55
1429,2013-11-30,00:00:00.00,0.111314,12.7291,2.19
1430,2013-12-01,00:00:00.00,0.0165937,12.3459,2.27
1431,2013-12-02,00:00:00.00,0.16942,11.9874,2.39
1432,2013-12-03,00:00:00.00,0.0270136,11.6513,2.17
1433,2013-12-04,00:00:00.00,0.127146,11.3353,2.28
1434,2013-12-05,00:00:00.00,1.95628,11.0751,2.17
1435,2013-12-06,00:00:00.00,3.2738,10.99,4.51
1436,2013-12-07,00:00:00.00,0.0225306,10.9007,12.6
1437,2013-12-08,00:00:00.00,0.15298,10.6552,7.48
1438,2013-12-09,00:00:00.00,0.0978068,10.3939,3.36
1439,2013-12-10,00:00:00.00,3.26532,10.1509,2.8
1440,2013-12-11,00:00:00.00,1.79536,9.92108,2.29
1441,2013-12-12,00:00:00.00,4.90959,9.69824,1.79
1442,2013-12-13,00:00:00.00,4.70168,9.48535,1.44
1443,2013-12-14,00:00:00.00,3.28952,9.28247,1.53
1444,2013-12-15,00:00:00.00,7.63819,9.08888,1.53
1445,2013-12-16,00:00:00.00,7.44167,8.90391,1.4
1446,2013-12-17,00:00:00.00,7.63678,8.72697,1.35
1447,2013-12-18,00:00:00.00,4.37463,8.55752,1.34
1448,2013-12-19,00:00:00.00,1.17195,8.39507,1.28
1449,2013-12-20,00:00:00.00,0.305654,8.23916,1.21
1450,2013-12-21,00:00:00.00,8.07455,8.28694,1.42
1451,2013-12-22,00:00:00.00,7.3484,8.87763,2.52
1452,2013-12-23,00:00:00.00,16.2291,9.89265,15.4
1453,2013-12-24,00:00:00.00,0.711727,10.2625,30.5
1454,2013-12-25,00:00:00.00,1.06549,9.53882,14.3
1455,2013-12-26,00:00:00.00,2.53907,8.90009,8.08
1456,2013-12-27,00:00:00.00,3.4558,8.71705,6.4
1457,2013-12-28,00:00:00.00,0.458036,8.54208,5.25
1458,2013-12-29,00:00:00.00,0.020343,8.37464,4.33
1459,2013-12-30,00:00:00.00,0.0269744,8.21421,3.64
1460,2013-12-31,00:00:00.00,0.466187,8.06035,3.04
1461,2014-01-01,00:00:00.00,2.03734,7.91264,2.6
1462,2014-01-02,00:00:00.00,0.384808,7.77069,2.35
1463,2014-01-03,00:00:00.00,1.83709,7.63415,2.18
1464,2014-01-04,00:00:00.00,0.248729,7.5027,2.07
1465,2014-01-05,00:00:00.00,0.173714,7.37604,1.97
1466,2014-01-06,00:00:00.00,11.4946,7.25971,1.83
1467,2014-01-07,00:00:00.00,18.0578,7.14852,1.67
1468,2014-01-08,00:00:00.00,2.70782,7.0353,1.52
1469,2014-01-09,00:00:00.00,0.384528,6.92479,1.4
1470,2014-01-10,00:00:00.00,0.231821,6.81791,1.32
1471,2014-01-11,00:00:00.00,4.3063,6.71448,1.28
1472,2014-01-12,00:00:00.00,22.884,8.68116,3.28
1473,2014-01-13,00:00:00.00,1.07996,11.3438,21.9
1474,2014-01-14,00:00:00.00,6.79023e-308,10.1909,22.1
1475,2014-01-15,00:00:00.00,0.106551,8.30887,22.3
1476,2014-01-16,00:00:00.00,0.820271,8.14429,20.3
1477,2014-01-17,00:00:00.00,1.63329,7.98672,13.5
1478,2014-01-18,00:00:00.00,4.89866,7.8357,9.52
1479,2014-01-19,00:00:00.00,3.67422,7.69081,7.52
1480,2014-01-20,00:00:00.00,1.27878,7.55166,5.99
1481,2014-01-21,00:00:00.00,1.90544,7.41791,4.69
1482,2014-01-22,00:00:00.00,0.00552166,7.28921,3.75
1483,2014-01-23,00:00:00.00,0.138032,7.16529,3.2
1484,2014-01-24,00:00:00.00,0.893622,7.04586,2.92
1485,2014-01-25,00:00:00.00,1.47433,6.93066,2.72
1486,2014-01-26,00:00:00.00,14.7841,6.81946,2.55
1487,2014-01-27,00:00:00.00,3.09185,6.71204,2.41
1488,2014-01-28,00:00:00.00,5.00879,6.60821,2.3
1489,2014-01-29,00:00:00.00,0.360536,6.50777,2.2
1490,2014-01-30,00:00:00.00,0.0634776,6.41054,2.1
1491,2014-01-31,00:00:00.00,0.046569,6.31638,1.99
1492,2014-02-01,00:00:00.00,2.91618,6.22511,1.91
1493,2014-02-02,00:00:00.00,13.7717,6.13661,1.85
1494,2014-02-03,00:00:00.00,6.0796,6.05074,1.8
1495,2014-02-04,00:00:00.00,0.0434071,5.96738,1.75
1496,2014-02-05,00:00:00.00,0.0110877,5.8864,1.7
1497,2014-02-06,00:00:00.00,16.1137,5.80771,1.64
1498,2014-02-07,00:00:00.00,1.03783,5.7312,1.59
1499,2014-02-08,00:00:00.00,0.881525,5.65678,1.54
1500,2014-02-09,00:00:00.00,0.256856,5.58435,1.5
1501,2014-02-10,00:00:00.00,3.36667,5.51383,1.46
1502,2014-02-11,00:00:00.00,0.746183,5.44513,1.43
1503,2014-02-12,00:00:00.00,0.0931926,5.3782,1.41
1504,2014-02-13,00:00:00.00,0.00828395,5.31294,1.38
1505,2014-02-14,00:00:00.00,0.00300829,5.24931,1.36
1506,2014-02-15,00:00:00.00,0.414444,5.18722,1.33
1507,2014-02-16,00:00:00.00,1.02768,5.12663,1.31
1508,2014-02-17,00:00:00.00,1.61065,5.06747,1.29
1509,2014-02-18,00:00:00.00,0.0119204,5.0097,1.29
1510,2014-02-19,00:00:00.00,11.9027,4.95325,1.29
1511,2014-02-20,00:00:00.00,0.00593116,4.89809,1.32
1512,2014-02-21,00:00:00.00,3.55061,4.85229,1.41
1513,2014-02-22,00:00:00.00,8.87848,5.05635,1.62
1514,2014-02-23,00:00:00.00,0.0578205,5.35244,2
1515,2014-02-24,00:00:00.00,0.123588,5.19376,2.6
1516,2014-02-25,00:00:00.00,1.11243,4.93355,3.26
1517,2014-02-26,00:00:00.00,0.623106,4.87816,3.71
1518,2014-02-27,00:00:00.00,1.62912,4.82403,3.86
1519,2014-02-28,00:00:00.00,2.51211,4.77111,3.73
1520,2014-03-01,00:00:00.00,0.574901,4.71937,3.56
1521,2014-03-02,00:00:00.00,0.462417,4.66875,3.34
1522,2014-03-03,00:00:00.00,6.67882,4.61922,3.1
1523,2014-03-04,00:00:00.00,0.00307906,4.57075,2.87
1524,2014-03-05,00:00:00.00,1.72512,4.5233,2.68
1525,2014-03-06,00:00:00.00,1.01597,4.47683,2.51
1526,2014-03-07,00:00:00.00,0.0264203,4.43131,2.37
1527,2014-03-08,00:00:00.00,0,4.38672,2.26
1528,2014-03-09,00:00:00.00,0.00664926,4.34301,2.18
1529,2014-03-10,00:00:00.00,0.0126575,4.30017,2.15
1530,2014-03-11,00:00:00.00,0,4.25816,2.2
1531,2014-03-12,00:00:00.00,8.5804e-308,4.21696,2.36
1532,2014-03-13,00:00:00.00,14.8484,4.1771,2.62
1533,2014-03-14,00:00:00.00,0.0248423,4.13808,2.89
1534,2014-03-15,00:00:00.00,0.000438356,4.09925,3.12
1535,2014-03-16,00:00:00.00,0.262366,4.06104,3.31
1536,2014-03-17,00:00:00.00,0.0189638,4.02352,3.67
1537,2014-03-18,00:00:00.00,0.000300993,3.98667,3.8
1538,2014-03-19,00:00:00.00,0.00263332,3.95049,3.66
1539,2014-03-20,00:00:00.00,1.68963,3.91495,3.94
1540,2014-03-21,00:00:00.00,2.04268,3.88002,6.93
1541,2014-03-22,00:00:00.00,0.0128339,3.84571,10.3
1542,2014-03-23,00:00:00.00,4.74901,3.81935,9.61
1543,2014-03-24,00:00:00.00,0.027532,3.79482,8.57
1544,2014-03-25,00:00:00.00,0.0546213,3.76332,7.39
1545,2014-03-26,00:00:00.00,0.81168,3.73096,6.21
1546,2014-03-27,00:00:00.00,0.0283927,3.69913,5.25
1547,2014-03-28,00:00:00.00,1.57677,3.66783,4.7
1548,2014-03-29,00:00:00.00,6.11197,3.7814,5.81
1549,2014-03-30,00:00:00.00,0.0008884,3.98994,24.3
1550,2014-03-31,00:00:00.00,8.01239e-308,3.90451,19.2
1551,2014-04-01,00:00:00.00,0,3.72353,25.3
1552,2014-04-02,00:00:00.00,0.0040368,3.69161,44.1
1553,2014-04-03,00:00:00.00,0.00462077,3.66021,63.5
1554,2014-04-04,00:00:00.00,5.65684e-308,3.62933,57.8
1555,2014-04-05,00:00:00.00,6.62226,3.70052,39.2
1556,2014-04-06,00:00:00.00,1.68104,3.85246,54.7
1557,2014-04-07,00:00:00.00,5.68364e-308,3.79611,43.4
1558,2014-04-08,00:00:00.00,0.767732,3.6587,57.6
1559,2014-04-09,00:00:00.00,7.80345,3.89235,71.5
1560,2014-04-10,00:00:00.00,0.00246249,4.26133,82.4
1561,2014-04-11,00:00:00.00,0.0704353,4.09408,55.9
1562,2014-04-12,00:00:00.00,0.116638,3.79024,56.5
1563,2014-04-13,00:00:00.00,0.113165,3.75677,32.7
1564,2014-04-14,00:00:00.00,13.249,4.32524,49.3
1565,2014-04-15,00:00:00.00,3.42473,5.18446,52
1566,2014-04-16,00:00:00.00,10.9296,4.80963,31.7
1567,2014-04-17,00:00:00.00,0.000482449,4.14057,20.5
1568,2014-04-18,00:00:00.00,0.000560658,4.10049,16.3
1569,2014-04-19,00:00:00.00,0.255882,4.06087,12.7
1570,2014-04-20,00:00:00.00,0.00884424,5.70643,9.91
1571,2014-04-21,00:00:00.00,0,13.0948,7.95
1572,2014-04-22,00:00:00.00,0.00150363,37.8774,6.65
1573,2014-04-23,00:00:00.00,5.06533,84.4582,5.89
1574,2014-04-24,00:00:00.00,0.020537,100.949,5.48
1575,2014-04-25,00:00:00.00,0.00338143,75.6499,5.17
1576,2014-04-26,00:00:00.00,6.86589,58.1622,4.59
1577,2014-04-27,00:00:00.00,0.394705,51.5554,4.72
1578,2014-04-28,00:00:00.00,0.0105879,45.3611,4.42
1579,2014-04-29,00:00:00.00,3.1696e-308,40.3407,3.74
1580,2014-04-30,00:00:00.00,25.7052,42.0711,5.39
1581,2014-05-01,00:00:00.00,7.56997,46.9574,24.2
1582,2014-05-02,00:00:00.00,1.67536,43.5418,19.3
1583,2014-05-03,00:00:00.00,1.33433,37.3145,13.6
1584,2014-05-04,00:00:00.00,7.95018,34.8884,10.1
1585,2014-05-05,00:00:00.00,0.230132,33.0721,11.8
1586,2014-05-06,00:00:00.00,5.12963e-308,30.5797,9.72
1587,2014-05-07,00:00:00.00,0.000610181,28.3,6.75
1588,2014-05-08,00:00:00.00,0.00124967,26.3544,5.36
1589,2014-05-09,00:00:00.00,0.438628,24.6749,4.42
1590,2014-05-10,00:00:00.00,0.032951,23.2108,3.8
1591,2014-05-11,00:00:00.00,1.95339,21.9232,3.6
1592,2014-05-12,00:00:00.00,0,20.782,3.25
1593,2014-05-13,00:00:00.00,0.0897775,19.7635,2.82
1594,2014-05-14,00:00:00.00,12.2002,19.9638,2.8
1595,2014-05-15,00:00:00.00,9.99338,21.8399,7.71
1596,2014-05-16,00:00:00.00,15.1431,24.2824,18.7
1597,2014-05-17,00:00:00.00,0.10472,24.8194,25.4
1598,2014-05-18,00:00:00.00,0.0213572,22.6567,11.3
1599,2014-05-19,00:00:00.00,0.0276312,20.6659,7.05
1600,2014-05-20,00:00:00.00,0.0085064,19.6449,5.29
1601,2014-05-21,00:00:00.00,14.3594,20.3612,4.81
1602,2014-05-22,00:00:00.00,8.39198,22.59,8.73
1603,2014-05-23,00:00:00.00,2.77923,22.1171,7.11
1604,2014-05-24,00:00:00.00,0.0109418,20.017,5.44
1605,2014-05-25,00:00:00.00,0.00479275,18.9699,4.4
1606,2014-05-26,00:00:00.00,0.000517701,18.1129,3.52
1607,2014-05-27,00:00:00.00,0,17.3368,2.93
1608,2014-05-28,00:00:00.00,0.0125091,16.6307,2.51
1609,2014-05-29,00:00:00.00,0,15.9852,2.25
1610,2014-05-30,00:00:00.00,0.00101515,15.3929,2.04
1611,2014-05-31,00:00:00.00,0.00150948,14.8472,1.96
1612,2014-06-01,00:00:00.00,0.000341665,14.3427,1.95
1613,2014-06-02,00:00:00.00,0,13.8748,1.95
1614,2014-06-03,00:00:00.00,0.374288,13.4396,1.97
1615,2014-06-04,00:00:00.00,8.70496,13.4175,2
1616,2014-06-05,00:00:00.00,0,13.6046,1.98
1617,2014-06-06,00:00:00.00,0,13.228,1.96
1618,2014-06-07,00:00:00.00,0,12.6662,1.91
1619,2014-06-08,00:00:00.00,0,12.3061,1.83
1620,2014-06-09,00:00:00.00,0.979853,11.9679,1.72
1621,2014-06-10,00:00:00.00,0.0404906,11.6496,1.61
1622,2014-06-11,00:00:00.00,0.000113079,11.3495,1.58
1623,2014-06-12,00:00:00.00,0.512018,11.0659,1.79
1624,2014-06-13,00:00:00.00,8.7177,11.1628,2.35
1625,2014-06-14,00:00:00.00,3.68394,11.4474,2.86
1626,2014-06-15,00:00:00.00,0.00127413,11.1542,2.46
1627,2014-06-16,00:00:00.00,2.02534e-308,10.6818,1.89
1628,2014-06-17,00:00:00.00,0.288917,10.4299,1.51
1629,2014-06-18,00:00:00.00,6.97485,10.3363,1.37
1630,2014-06-19,00:00:00.00,2.99191,10.2743,1.31
1631,2014-06-20,00:00:00.00,0.551897,10.0687,1.21
1632,2014-06-21,00:00:00.00,0,9.84541,1.15
1633,2014-06-22,00:00:00.00,7.7554e-308,9.6327,1.17
1634,2014-06-23,00:00:00.00,0.0489755,9.42977,1.06
1635,2014-06-24,00:00:00.00,4.58579,9.25492,0.978
1636,2014-06-25,00:00:00.00,23.9723,11.3418,1.31
1637,2014-06-26,00:00:00.00,0.269585,14.0835,4.59
1638,2014-06-27,00:00:00.00,0.282744,12.8816,3.35
1639,2014-06-28,00:00:00.00,0.000156745,10.9564,2.05
1640,2014-06-29,00:00:00.00,1.34454e-308,10.6759,1.32
1641,2014-06-30,00:00:00.00,6.87638,10.552,1
1642,2014-07-01,00:00:00.00,0.381397,10.461,0.849
1643,2014-07-02,00:00:00.00,0.438672,10.2332,0.739
1644,2014-07-03,00:00:00.00,1.5314,9.99065,0.783
1645,2014-07-04,00:00:00.00,1.07312,9.76045,0.879
1646,2014-07-05,00:00:00.00,0.00509962,9.54164,0.76
1647,2014-07-06,00:00:00.00,0.00177777,9.33337,0.706
1648,2014-07-07,00:00:00.00,0.000203482,9.13484,0.478
1649,2014-07-08,00:00:00.00,30.4315,11.9247,10.6
1650,2014-07-09,00:00:00.00,26.2701,18.8382,14.3
1651,2014-07-10,00:00:00.00,0.0546826,21.0338,28.6
1652,2014-07-11,00:00:00.00,0.0896948,17.0493,11.5
1653,2014-07-12,00:00:00.00,0.0154151,14.6144,4.93
1654,2014-07-13,00:00:00.00,0.000274525,14.0738,3.01
1655,2014-07-14,00:00:00.00,2.98553,13.5754,2.13
1656,2014-07-15,00:00:00.00,0.320042,13.1144,3.33
1657,2014-07-16,00:00:00.00,2.02496,12.6867,3.72
1658,2014-07-17,00:00:00.00,1.10489,12.2887,2.95
1659,2014-07-18,00:00:00.00,0.0237315,11.9173,2.21
1660,2014-07-19,00:00:00.00,0.049924,11.57,1.8
1661,2014-07-20,00:00:00.00,0.51813,11.2444,1.47
1662,2014-07-21,00:00:00.00,0.75627,10.9385,1.33
1663,2014-07-22,00:00:00.00,0.0104754,10.6504,1.34
1664,2014-07-23,00:00:00.00,3.96548e-308,10.3787,1.17
1665,2014-07-24,00:00:00.00,1.9266,10.1219,1.08
1666,2014-07-25,00:00:00.00,0.000100199,9.87879,0.978
1667,2014-07-26,00:00:00.00,0,9.64824,0.9
1668,2014-07-27,00:00:00.00,0.196852,9.42926,0.844
1669,2014-07-28,00:00:00.00,0.327049,9.22098,0.97
1670,2014-07-29,00:00:00.00,52.1186,15.2213,6.96
1671,2014-07-30,00:00:00.00,0.01628,23.0761,18.4
1672,2014-07-31,00:00:00.00,3.70436,20.1671,7.35
1673,2014-08-01,00:00:00.00,1.55634,15.2007,4.84
1674,2014-08-02,00:00:00.00,0.482498,14.6126,4.01
1675,2014-08-03,00:00:00.00,0.219802,14.0677,5.78
1676,2014-08-04,00:00:00.00,0.240572,13.5656,14.9
1677,2014-08-05,00:00:00.00,0.0930376,13.1015,10.5
1678,2014-08-06,00:00:00.00,1.89369,12.671,4.87
1679,2014-08-07,00:00:00.00,0.0471525,12.2706,3.46
1680,2014-08-08,00:00:00.00,0,11.8973,2.56
1681,2014-08-09,00:00:00.00,0.00214547,11.5482,1.9
1682,2014-08-10,00:00:00.00,0.0398736,11.2211,1.45
1683,2014-08-11,00:00:00.00,0.0431754,10.9138,1.25
1684,2014-08-12,00:00:00.00,0.533177,10.6247,1.13
1685,2014-08-13,00:00:00.00,26.7395,13.1248,2.02
1686,2014-08-14,00:00:00.00,0.226826,16.4871,2.79
1687,2014-08-15,00:00:00.00,0.0229559,15.0648,2.19
1688,2014-08-16,00:00:00.00,0.0354583,12.7109,1.71
1689,2014-08-17,00:00:00.00,1.66372,12.306,1.34
1690,2014-08-18,00:00:00.00,0.154752,11.9286,1.27
1691,2014-08-19,00:00:00.00,0.0873547,11.576,1.12
1692,2014-08-20,00:00:00.00,0.0496489,11.2456,0.997
1693,2014-08-21,00:00:00.00,10.8702,11.603,1
1694,2014-08-22,00:00:00.00,1.36436,12.2466,1.3
1695,2014-08-23,00:00:00.00,0.018326,11.7945,1.44
1696,2014-08-24,00:00:00.00,0.00159587,11.0616,1.14
1697,2014-08-25,00:00:00.00,0.0287044,10.7618,1.02
1698,2014-08-26,00:00:00.00,0.0328519,10.4794,0.92
1699,2014-08-27,00:00:00.00,0.00753416,10.213,0.881
1700,2014-08-28,00:00:00.00,0.000327595,9.96119,0.809
1701,2014-08-29,00:00:00.00,0,9.72274,0.708
1702,2014-08-30,00:00:00.00,0.0129831,9.49658,0.659
1703,2014-08-31,00:00:00.00,0.0152884,9.28176,0.672
1704,2014-09-01,00:00:00.00,0.00886569,9.0774,0.681
1705,2014-09-02,00:00:00.00,0.123773,8.88274,0.691
1706,2014-09-03,00:00:00.00,14.0697,9.70012,0.938
1707,2014-09-04,00:00:00.00,0.268492,10.8883,1.29
1708,2014-09-05,00:00:00.00,0,10.3104,1.18
1709,2014-09-06,00:00:00.00,6.98273,9.53677,1.18
1710,2014-09-07,00:00:00.00,43.1235,14.9217,20.5
1711,2014-09-08,00:00:00.00,0.0665259,21.2798,28.6
1712,2014-09-09,00:00:00.00,0.142298,18.5111,9.17
1713,2014-09-10,00:00:00.00,0.47818,14.4101,4.99
1714,2014-09-11,00:00:00.00,31.3949,17.9437,6.74
1715,2014-09-12,00:00:00.00,22.8055,26.3145,57.2
1716,2014-09-13,00:00:00.00,0.133011,28.313,36.9
1717,2014-09-14,00:00:00.00,2.15035,23.5034,12.1
1718,2014-09-15,00:00:00.00,0.0805527,20.6647,7.85
1719,2014-09-16,00:00:00.00,0.23904,19.5516,5.98
1720,2014-09-17,00:00:00.00,2.30961,18.5776,4.87
1721,2014-09-18,00:00:00.00,0,17.7083,3.85
1722,2014-09-19,00:00:00.00,0.0179639,16.9055,3.1
1723,2014-09-20,00:00:00.00,0.00911637,16.1747,2.55
1724,2014-09-21,00:00:00.00,0.0224472,15.5097,2.16
1725,2014-09-22,00:00:00.00,6.29904,15.223,4.45
1726,2014-09-23,00:00:00.00,0.125243,15.041,12.4
1727,2014-09-24,00:00:00.00,0,14.5342,7.46
1728,2014-09-25,00:00:00.00,0.0376311,13.9871,5.03
1729,2014-09-26,00:00:00.00,0.0275039,13.5008,3.74
1730,2014-09-27,00:00:00.00,0.0401473,13.0503,3.02
1731,2014-09-28,00:00:00.00,0,12.6318,2.55
1732,2014-09-29,00:00:00.00,0,12.242,2.25
1733,2014-09-30,00:00:00.00,0.0319207,11.8779,2.07
1734,2014-10-01,00:00:00.00,14.0448,12.8451,2.25
1735,2014-10-02,00:00:00.00,0.00130602,14.2706,2.7
1736,2014-10-03,00:00:00.00,0.049272,13.5051,2.8
1737,2014-10-04,00:00:00.00,12.4004,13.3759,3.04
1738,2014-10-05,00:00:00.00,8.89941,15.5556,13.9
1739,2014-10-06,00:00:00.00,0.170565,15.8512,21.1
1740,2014-10-07,00:00:00.00,0.793871,14.2626,12.1
1741,2014-10-08,00:00:00.00,9.16785,14.1391,14.4
1742,2014-10-09,00:00:00.00,0.107309,14.7098,15.1
1743,2014-10-10,00:00:00.00,0.00349285,14.1459,8.01
1744,2014-10-11,00:00:00.00,0.00450249,13.2838,5.6
1745,2014-10-12,00:00:00.00,0.00446746,12.8457,4.4
1746,2014-10-13,00:00:00.00,0.0264664,12.4385,3.58
1747,2014-10-14,00:00:00.00,0.606962,12.0588,3.06
1748,2014-10-15,00:00:00.00,5.17893,11.9122,2.84
1749,2014-10-16,00:00:00.00,12.675,13.3068,6.33
1750,2014-10-17,00:00:00.00,3.97253,14.9149,14.2
1751,2014-10-18,00:00:00.00,3.67272,14.2748,13
1752,2014-10-19,00:00:00.00,4.71356,13.4985,9.8
1753,2014-10-20,00:00:00.00,0.0773838,13.3257,8.82
1754,2014-10-21,00:00:00.00,3.37292,12.9783,6.7
1755,2014-10-22,00:00:00.00,7.1241,13.4363,5.97
1756,2014-10-23,00:00:00.00,0.0997994,13.7682,6.98
1757,2014-10-24,00:00:00.00,0.000220308,13.1278,6.35
1758,2014-10-25,00:00:00.00,0.000393879,12.4753,5.21
1759,2014-10-26,00:00:00.00,0.000827007,12.091,4.42
1760,2014-10-27,00:00:00.00,0.00440257,11.732,3.89
1761,2014-10-28,00:00:00.00,0.484101,11.3959,3.37
1762,2014-10-29,00:00:00.00,4.25077,11.2494,3.07
1763,2014-10-30,00:00:00.00,0.109948,11.1434,2.96
1764,2014-10-31,00:00:00.00,0.397539,10.8744,2.83
1765,2014-11-01,00:00:00.00,4.9043,10.8204,2.83
1766,2014-11-02,00:00:00.00,1.77026,10.9418,3.13
1767,2014-11-03,00:00:00.00,0.0205955,10.7225,3.27
1768,2014-11-04,00:00:00.00,0,10.3428,3.26
1769,2014-11-05,00:00:00.00,4.32978,10.2706,3.03
1770,2014-11-06,00:00:00.00,1.92184,10.3985,3.38
1771,2014-11-07,00:00:00.00,0.803015,10.2452,3.81
1772,2014-11-08,00:00:00.00,3.94261,10.0336,4.25
1773,2014-11-09,00:00:00.00,4.01119,10.1852,4.12
1774,2014-11-10,00:00:00.00,1.85684,10.2169,4.38
1775,2014-11-11,00:00:00.00,0.104622,9.96663,4.6
1776,2014-11-12,00:00:00.00,0.0011121,9.71031,4.52
1777,2014-11-13,00:00:00.00,0.744843,9.4888,4.09
1778,2014-11-14,00:00:00.00,3.13018,9.28966,3.56
1779,2014-11-15,00:00:00.00,5.6336,9.11268,3.19
1780,2014-11-16,00:00:00.00,2.0466,8.93542,2.87
1781,2014-11-17,00:00:00.00,1.7267,8.7501,2.51
1782,2014-11-18,00:00:00.00,11.0569,8.61491,2.2
1783,2014-11-19,00:00:00.00,3.80651,8.49397,1.81
1784,2014-11-20,00:00:00.00,9.63921,8.33373,1.65
1785,2014-11-21,00:00:00.00,8.3394,8.17196,2.07
1786,2014-11-22,00:00:00.00,3.95227,8.01692,2.1
1787,2014-11-23,00:00:00.00,1.22962,7.86817,2.82
1788,2014-11-24,00:00:00.00,3.90319,7.85944,13.9
1789,2014-11-25,00:00:00.00,30.0789,11.2748,101
1790,2014-11-26,00:00:00.00,0.15716,15.2644,140
1791,2014-11-27,00:00:00.00,0.0884344,13.3532,29.9
1792,2014-11-28,00:00:00.00,1.80339,10.6578,15.4
1793,2014-11-29,00:00:00.00,2.41038,10.3746,10.7
1794,2014-11-30,00:00:00.00,0.338733,10.1075,8.21
1795,2014-12-01,00:00:00.00,0.00311457,9.85527,7.33
1796,2014-12-02,00:00:00.00,0.0623671,9.61659,7.32
1797,2014-12-03,00:00:00.00,0.3141,9.39036,6.5
1798,2014-12-04,00:00:00.00,1.42664,9.17561,5.78
1799,2014-12-05,00:00:00.00,0.183634,8.97145,4.97
1800,2014-12-06,00:00:00.00,3.45657e-308,8.77709,4.18
1801,2014-12-07,00:00:00.00,0.00142974,8.59181,3.43
1802,2014-12-08,00:00:00.00,0.00635476,8.41495,2.6
1803,2014-12-09,00:00:00.00,0.00666294,8.24593,2.11
1804,2014-12-10,00:00:00.00,0.0330473,8.08422,3.48
1805,2014-12-11,00:00:00.00,0.0734294,7.92932,2.48
1806,2014-12-12,00:00:00.00,0.43283,7.7808,1.5
1807,2014-12-13,00:00:00.00,0.0360617,7.63825,2.65
1808,2014-12-14,00:00:00.00,0.174321,7.50129,3.06
1809,2014-12-15,00:00:00.00,0.17367,7.36959,2.75
1810,2014-12-16,00:00:00.00,0.226189,7.24283,2.83
1811,2014-12-17,00:00:00.00,6.00989,7.38477,3.23
1812,2014-12-18,00:00:00.00,2.86301,7.80755,8.1
1813,2014-12-19,00:00:00.00,0.470627,7.69575,12.2
1814,2014-12-20,00:00:00.00,0.00286775,7.30146,7.4
1815,2014-12-21,00:00:00.00,0.00302728,7.17616,4.49
1816,2014-12-22,00:00:00.00,0.00488086,7.05544,4.03
1817,2014-12-23,00:00:00.00,0.000105382,6.93906,3.68
1818,2014-12-24,00:00:00.00,0.120742,6.82677,3.7
1819,2014-12-25,00:00:00.00,14.5011,7.87925,6.41
1820,2014-12-26,00:00:00.00,8.62524,10.0446,48
1821,2014-12-27,00:00:00.00,0.0190613,10.0538,31.6
1822,2014-12-28,00:00:00.00,0.0747409,8.57409,14.1
1823,2014-12-29,00:00:00.00,2.42378,8.10228,9.54
1824,2014-12-30,00:00:00.00,0.0398964,7.99007,6.63
1825,2014-12-31,00:00:00.00,0.259419,7.84237,4.5
