time,date,hour,precip [mm/day],02GG002 [m3/s],02GG002 (observed) [m3/s]
0,2010-01-01,00:00:00.00,---,0,
1,2010-01-02,00:00:00.00,2.32008,0.0273413,3
2,2010-01-03,00:00:00.00,13.4691,0.0922495,2.84
3,2010-01-04,00:00:00.00,13.3097,0.129832,2.7
4,2010-01-05,00:00:00.00,6.52044,0.129647,2.58
5,2010-01-06,00:00:00.00,5.95798,0.129248,2.51
6,2010-01-07,00:00:00.00,0.923932,0.128851,2.44
7,2010-01-08,00:00:00.00,1.35954,0.128456,2.39
8,2010-01-09,00:00:00.00,7.68987,0.128063,2.33
9,2010-01-10,00:00:00.00,0.365041,0.127672,2.28
10,2010-01-11,00:00:00.00,0.0953735,0.127283,2.24
11,2010-01-12,00:00:00.00,1.87957,0.126896,2.21
12,2010-01-13,00:00:00.00,0.426006,0.126511,2.18
13,2010-01-14,00:00:00.00,0.000191515,0.126128,2.15
14,2010-01-15,00:00:00.00,7.5317e-06,0.125746,2.13
15,2010-01-16,00:00:00.00,0.0638272,0.125367,2.11
16,2010-01-17,00:00:00.00,0.00348423,0.124989,2.1
17,2010-01-18,00:00:00.00,0.00384672,0.124614,2.09
18,2010-01-19,00:00:00.00,0.00966594,0.12424,2.08
19,2010-01-20,00:00:00.00,0.685533,0.123868,2.07
20,2010-01-21,00:00:00.00,0.748352,0.123498,2.06
21,2010-01-22,00:00:00.00,0.000123386,0.12313,1.97
22,2010-01-23,00:00:00.00,0.00373247,0.122763,1.99
23,2010-01-24,00:00:00.00,0.000631243,0.122399,2.08
24,2010-01-25,00:00:00.00,6.01072,0.29208,2.2
25,2010-01-26,00:00:00.00,10.0998,0.868604,25.5
26,2010-01-27,00:00:00.00,2.38084,1.1756,47.5
27,2010-01-28,00:00:00.00,0.926775,0.612018,30
28,2010-01-29,00:00:00.00,1.86096,0.145065,20
29,2010-01-30,00:00:00.00,0.342974,0.141789,14
30,2010-01-31,00:00:00.00,0.221128,0.141313,9.5
31,2010-02-01,00:00:00.00,0.500635,0.140841,7
32,2010-02-02,00:00:00.00,0.251594,0.140372,5.2
33,2010-02-03,00:00:00.00,1.15108,0.139905,4
34,2010-02-04,00:00:00.00,1.44407,0.139441,3.4
35,2010-02-05,00:00:00.00,0.00666718,0.138979,3.05
36,2010-02-06,00:00:00.00,0.000143933,0.13852,2.82
37,2010-02-07,00:00:00.00,0.000118245,0.138064,2.64
38,2010-02-08,00:00:00.00,9.31192e-05,0.13761,2.52
39,2010-02-09,00:00:00.00,0.0105005,0.137159,2.4
40,2010-02-10,00:00:00.00,2.70724,0.13671,2.3
41,2010-02-11,00:00:00.00,10.1519,0.136264,2.22
42,2010-02-12,00:00:00.00,1.00033,0.13582,2.16
43,2010-02-13,00:00:00.00,0.0152418,0.135378,2.1
44,2010-02-14,00:00:00.00,0.0330862,0.134939,2.05
45,2010-02-15,00:00:00.00,0.478891,0.134503,2
46,2010-02-16,00:00:00.00,0.429042,0.134069,1.96
47,2010-02-17,00:00:00.00,1.8111,0.133637,1.92
48,2010-02-18,00:00:00.00,1.4319,0.133208,1.89
49,2010-02-19,00:00:00.00,0.033766,0.132781,1.87
50,2010-02-20,00:00:00.00,0.00164705,0.132357,1.85
51,2010-02-21,00:00:00.00,0.000164275,0.131935,1.83
52,2010-02-22,00:00:00.00,0.000322001,0.131515,1.81
53,2010-02-23,00:00:00.00,13.9935,0.25302,1.86
54,2010-02-24,00:00:00.00,1.13517,0.420967,1.92
55,2010-02-25,00:00:00.00,0.160998,0.302177,1.99
56,2010-02-26,00:00:00.00,1.25636,0.135985,2.01
57,2010-02-27,00:00:00.00,5.20342,0.134597,1.98
58,2010-02-28,00:00:00.00,4.12155,0.166833,1.94
59,2010-03-01,00:00:00.00,0.777555,0.211516,1.96
60,2010-03-02,00:00:00.00,0.00234495,0.179367,2
61,2010-03-03,00:00:00.00,0.000794859,0.134518,1.98
62,2010-03-04,00:00:00.00,0.00130328,0.13383,1.95
63,2010-03-05,00:00:00.00,0,0.1334,2.18
64,2010-03-06,00:00:00.00,0,0.132971,2.4
65,2010-03-07,00:00:00.00,0,0.132546,2.7
66,2010-03-08,00:00:00.00,0,0.132122,3
67,2010-03-09,00:00:00.00,0,0.131701,4.37
68,2010-03-10,00:00:00.00,0.00137097,0.131282,9.51
69,2010-03-11,00:00:00.00,0.00682746,0.130866,20
70,2010-03-12,00:00:00.00,0.000892184,0.130452,40.8
71,2010-03-13,00:00:00.00,1.51295,0.130041,61.9
72,2010-03-14,00:00:00.00,7.57514,0.390736,57.8
73,2010-03-15,00:00:00.00,5.59982,0.928489,81.9
74,2010-03-16,00:00:00.00,0.112669,3.24383,76.9
75,2010-03-17,00:00:00.00,5.83408e-06,9.46253,44.9
76,2010-03-18,00:00:00.00,0,11.8583,26.7
77,2010-03-19,00:00:00.00,0,5.30224,17.8
78,2010-03-20,00:00:00.00,0.000103498,0.502423,12.7
79,2010-03-21,00:00:00.00,0.0545512,0.473342,9.21
80,2010-03-22,00:00:00.00,0.0798523,0.471777,7.23
81,2010-03-23,00:00:00.00,3.62746,0.603517,6.05
82,2010-03-24,00:00:00.00,0.113653,0.786212,5.45
83,2010-03-25,00:00:00.00,0.000426814,0.657985,5.1
84,2010-03-26,00:00:00.00,0.174922,0.477989,4.59
85,2010-03-27,00:00:00.00,0.000898953,0.475918,4.13
86,2010-03-28,00:00:00.00,0.000230506,0.474969,3.74
87,2010-03-29,00:00:00.00,6.27154,0.79362,3.52
88,2010-03-30,00:00:00.00,3.01305,1.32048,3.8
89,2010-03-31,00:00:00.00,1.30171e-05,1.13561,4.32
90,2010-04-01,00:00:00.00,0.00178241,0.625743,4.08
91,2010-04-02,00:00:00.00,0,0.507743,3.74
92,2010-04-03,00:00:00.00,0,0.506939,3.49
93,2010-04-04,00:00:00.00,0.224981,0.506898,3.35
94,2010-04-05,00:00:00.00,0.124527,0.506959,3.12
95,2010-04-06,00:00:00.00,1.30615,0.507119,2.93
96,2010-04-07,00:00:00.00,21.5396,1.84907,7.28
97,2010-04-08,00:00:00.00,10.1803,4.24472,21.9
98,2010-04-09,00:00:00.00,21.4012,5.22618,53
99,2010-04-10,00:00:00.00,0.0658453,5.00003,45.9
100,2010-04-11,00:00:00.00,0.0152888,2.91172,26.3
101,2010-04-12,00:00:00.00,0.0888916,0.969521,19.8
102,2010-04-13,00:00:00.00,0,0.965325,13
103,2010-04-14,00:00:00.00,1.64369,0.972489,8.54
104,2010-04-15,00:00:00.00,0.0212912,0.979845,6.77
105,2010-04-16,00:00:00.00,0.00215261,0.987384,5.67
106,2010-04-17,00:00:00.00,0.230401,0.995097,5.01
107,2010-04-18,00:00:00.00,1.93409,1.00297,4.55
108,2010-04-19,00:00:00.00,1.06817,1.01101,4.13
109,2010-04-20,00:00:00.00,5.32006e-05,1.01919,3.87
110,2010-04-21,00:00:00.00,6.23619e-05,1.02751,3.5
111,2010-04-22,00:00:00.00,0.00846663,1.03596,3.27
112,2010-04-23,00:00:00.00,0.008522,1.04452,3.11
113,2010-04-24,00:00:00.00,0.00835115,1.0532,2.96
114,2010-04-25,00:00:00.00,0.240322,1.06199,2.8
115,2010-04-26,00:00:00.00,15.2987,2.08653,3.31
116,2010-04-27,00:00:00.00,0.419697,3.48997,4.87
117,2010-04-28,00:00:00.00,0.000753879,2.60792,4.81
118,2010-04-29,00:00:00.00,3.51782e-05,1.34139,3.92
119,2010-04-30,00:00:00.00,0,1.34638,3.35
120,2010-05-01,00:00:00.00,0.0641902,1.35874,3.05
121,2010-05-02,00:00:00.00,3.25168,1.3711,2.94
122,2010-05-03,00:00:00.00,2.91576,1.38347,2.94
123,2010-05-04,00:00:00.00,8.35247,1.79508,3.11
124,2010-05-05,00:00:00.00,1.06763,2.35365,4.94
125,2010-05-06,00:00:00.00,8.03996,2.40394,4.2
126,2010-05-07,00:00:00.00,0.736431,2.44388,3.39
127,2010-05-08,00:00:00.00,7.73576,2.56515,3.81
128,2010-05-09,00:00:00.00,17.3086,4.02851,6.97
129,2010-05-10,00:00:00.00,1.6025,5.48626,9.93
130,2010-05-11,00:00:00.00,0.0655028,3.90575,7.79
131,2010-05-12,00:00:00.00,17.5212,3.78697,7.32
132,2010-05-13,00:00:00.00,0.639441,5.74471,16.7
133,2010-05-14,00:00:00.00,15.7936,5.97959,14.5
134,2010-05-15,00:00:00.00,9.138,6.78507,34.9
135,2010-05-16,00:00:00.00,0.000291442,6.63827,26.4
136,2010-05-17,00:00:00.00,0.00910617,4.73234,16.7
137,2010-05-18,00:00:00.00,0.086686,4.07156,12.9
138,2010-05-19,00:00:00.00,2.35257,4.08389,8.04
139,2010-05-20,00:00:00.00,0.00190258,4.09876,5.63
140,2010-05-21,00:00:00.00,0.00210625,4.11236,4.63
141,2010-05-22,00:00:00.00,0.00614201,4.12843,3.95
142,2010-05-23,00:00:00.00,8.73963,4.67831,3.62
143,2010-05-24,00:00:00.00,0.0180289,5.40638,3.71
144,2010-05-25,00:00:00.00,0.000454373,5.05769,3.72
145,2010-05-26,00:00:00.00,0.00181646,4.52813,3.31
146,2010-05-27,00:00:00.00,3.89514e-05,4.54117,2.98
147,2010-05-28,00:00:00.00,0.0201114,4.55271,2.73
148,2010-05-29,00:00:00.00,0.0421334,4.56278,2.49
149,2010-05-30,00:00:00.00,0.0799461,4.57144,2.3
150,2010-05-31,00:00:00.00,0.0104581,4.57874,2.14
151,2010-06-01,00:00:00.00,1.55713,4.58472,1.99
152,2010-06-02,00:00:00.00,16.1039,5.84522,2.03
153,2010-06-03,00:00:00.00,12.4522,8.48761,3.63
154,2010-06-04,00:00:00.00,12.948,9.93347,4.77
155,2010-06-05,00:00:00.00,0.655709,9.39874,8.79
156,2010-06-06,00:00:00.00,7.63342,8.16328,11.6
157,2010-06-07,00:00:00.00,33.5658,11.6947,19.2
158,2010-06-08,00:00:00.00,0.912686,16.7278,31.7
159,2010-06-09,00:00:00.00,0.00170632,14.1198,20.3
160,2010-06-10,00:00:00.00,6.2955,10.7245,16.3
161,2010-06-11,00:00:00.00,0.182902,10.8171,12
162,2010-06-12,00:00:00.00,0.000893281,10.6764,7.04
163,2010-06-13,00:00:00.00,0.0754369,10.4361,4.83
164,2010-06-14,00:00:00.00,0.225949,10.2747,3.94
165,2010-06-15,00:00:00.00,0.00248254,10.1181,3.48
166,2010-06-16,00:00:00.00,0.0645696,9.96619,3.17
167,2010-06-17,00:00:00.00,1.97076,9.81866,2.84
168,2010-06-18,00:00:00.00,0.70353,9.67533,2.55
169,2010-06-19,00:00:00.00,0.0197148,9.53602,2.35
170,2010-06-20,00:00:00.00,0.00948376,9.40056,2.16
171,2010-06-21,00:00:00.00,0.00890621,9.26877,1.98
172,2010-06-22,00:00:00.00,0.00107516,9.1405,1.82
173,2010-06-23,00:00:00.00,3.40582,9.01561,1.72
174,2010-06-24,00:00:00.00,0.127379,8.89396,1.66
175,2010-06-25,00:00:00.00,3.07012,8.77541,1.64
176,2010-06-26,00:00:00.00,0.104695,8.65986,1.57
177,2010-06-27,00:00:00.00,0.0116666,8.54718,1.5
178,2010-06-28,00:00:00.00,3.62418,8.43726,1.47
179,2010-06-29,00:00:00.00,2.16957,8.32999,1.54
180,2010-06-30,00:00:00.00,0.057153,8.22529,1.83
181,2010-07-01,00:00:00.00,0.00427172,8.12305,1.69
182,2010-07-02,00:00:00.00,0.0049166,8.02319,1.49
183,2010-07-03,00:00:00.00,0.00575289,7.92562,1.36
184,2010-07-04,00:00:00.00,0.0045575,7.83026,1.27
185,2010-07-05,00:00:00.00,0.00915161,7.73704,1.21
186,2010-07-06,00:00:00.00,0.0089618,7.64587,1.17
187,2010-07-07,00:00:00.00,0.0203577,7.55671,1.11
188,2010-07-08,00:00:00.00,0.0811776,7.46946,1.04
189,2010-07-09,00:00:00.00,7.59352,7.49393,1.01
190,2010-07-10,00:00:00.00,14.0511,8.77889,1.07
191,2010-07-11,00:00:00.00,0.0121103,10.0265,1.51
192,2010-07-12,00:00:00.00,0.311418,9.17277,1.37
193,2010-07-13,00:00:00.00,15.9293,9.47289,1.46
194,2010-07-14,00:00:00.00,1.68418,11.057,1.94
195,2010-07-15,00:00:00.00,0.00693817,10.3356,1.86
196,2010-07-16,00:00:00.00,1.50829,9.14083,1.56
197,2010-07-17,00:00:00.00,24.9168,11.5023,1.91
198,2010-07-18,00:00:00.00,7.84269,15.1957,2.55
199,2010-07-19,00:00:00.00,0.333024,14.1351,6.01
200,2010-07-20,00:00:00.00,7.58083,11.8216,5.02
201,2010-07-21,00:00:00.00,0.102028,11.814,3.23
202,2010-07-22,00:00:00.00,0.20853,11.5968,2.25
203,2010-07-23,00:00:00.00,0.030203,11.2714,1.76
204,2010-07-24,00:00:00.00,8.94369,11.373,1.61
205,2010-07-25,00:00:00.00,5.99664,11.8904,1.67
206,2010-07-26,00:00:00.00,3.24222,11.7442,1.59
207,2010-07-27,00:00:00.00,0.0377835,11.1837,1.62
208,2010-07-28,00:00:00.00,0.0827333,10.9501,1.57
209,2010-07-29,00:00:00.00,1.68291,10.727,1.39
210,2010-07-30,00:00:00.00,0.135794,10.5137,1.22
211,2010-07-31,00:00:00.00,0.0141934,10.3095,1.13
212,2010-08-01,00:00:00.00,2.29255,10.1138,1.05
213,2010-08-02,00:00:00.00,0.785084,9.92611,1.02
214,2010-08-03,00:00:00.00,0.00435347,9.74589,1
215,2010-08-04,00:00:00.00,0.00405988,9.57268,0.956
216,2010-08-05,00:00:00.00,0.835595,9.40605,0.964
217,2010-08-06,00:00:00.00,0.843748,9.24561,0.932
218,2010-08-07,00:00:00.00,0.406811,9.09101,1
219,2010-08-08,00:00:00.00,0.0390545,8.94192,0.946
220,2010-08-09,00:00:00.00,0.0807052,8.79802,0.887
221,2010-08-10,00:00:00.00,2.68345,8.65903,0.864
222,2010-08-11,00:00:00.00,0.00676849,8.52469,0.874
223,2010-08-12,00:00:00.00,0.00784266,8.39476,0.897
224,2010-08-13,00:00:00.00,1.77888,8.26901,0.879
225,2010-08-14,00:00:00.00,0.00892148,8.14722,0.854
226,2010-08-15,00:00:00.00,0.00188819,8.0292,0.842
227,2010-08-16,00:00:00.00,0.461886,7.91476,0.817
228,2010-08-17,00:00:00.00,0.226838,7.80373,0.823
229,2010-08-18,00:00:00.00,0.0048402,7.69595,0.802
230,2010-08-19,00:00:00.00,0.00862638,7.59128,0.748
231,2010-08-20,00:00:00.00,0.0859575,7.48956,0.739
232,2010-08-21,00:00:00.00,0.000126588,7.39067,0.738
233,2010-08-22,00:00:00.00,3.34764,7.29448,0.724
234,2010-08-23,00:00:00.00,7.11891,7.38515,0.736
235,2010-08-24,00:00:00.00,1.36432,7.60915,0.906
236,2010-08-25,00:00:00.00,0.057735,7.49651,0.91
237,2010-08-26,00:00:00.00,0.391884,7.25074,0.873
238,2010-08-27,00:00:00.00,0.15841,7.15755,0.829
239,2010-08-28,00:00:00.00,0.0054969,7.06685,0.777
240,2010-08-29,00:00:00.00,0.00646536,6.97851,0.761
241,2010-08-30,00:00:00.00,0.00619445,6.89245,0.743
242,2010-08-31,00:00:00.00,0.0123075,6.80856,0.709
243,2010-09-01,00:00:00.00,0.0164593,6.72677,0.682
244,2010-09-02,00:00:00.00,1.79738e-12,6.64699,0.655
245,2010-09-03,00:00:00.00,1.75014,6.56914,0.647
246,2010-09-04,00:00:00.00,7.77281,6.7586,0.679
247,2010-09-05,00:00:00.00,0.3219,7.10416,0.669
248,2010-09-06,00:00:00.00,0.65479,6.9447,0.742
249,2010-09-07,00:00:00.00,0.193135,6.62805,0.672
250,2010-09-08,00:00:00.00,0.0137403,6.54991,0.66
251,2010-09-09,00:00:00.00,0.0159884,6.47366,0.633
252,2010-09-10,00:00:00.00,0.186898,6.39922,0.603
253,2010-09-11,00:00:00.00,0.010544,6.32652,0.603
254,2010-09-12,00:00:00.00,0.381174,6.25551,0.64
255,2010-09-13,00:00:00.00,5.0449,6.26606,0.662
256,2010-09-14,00:00:00.00,1.36689,6.32375,0.717
257,2010-09-15,00:00:00.00,0.0036732,6.26845,0.739
258,2010-09-16,00:00:00.00,0.00468655,6.16686,0.683
259,2010-09-17,00:00:00.00,17.2799,7.44395,0.716
260,2010-09-18,00:00:00.00,0.128917,9.22434,0.773
261,2010-09-19,00:00:00.00,1.60592,8.39561,0.994
262,2010-09-20,00:00:00.00,0.452834,7.05152,0.879
263,2010-09-21,00:00:00.00,0.0118089,6.96017,0.871
264,2010-09-22,00:00:00.00,0.0178718,6.8713,0.834
265,2010-09-23,00:00:00.00,6.29905,6.93744,0.839
266,2010-09-24,00:00:00.00,0.027032,7.12767,0.812
267,2010-09-25,00:00:00.00,0.124668,7.03643,0.842
268,2010-09-26,00:00:00.00,0.220777,6.82162,0.775
269,2010-09-27,00:00:00.00,1.64878,6.73614,0.75
270,2010-09-28,00:00:00.00,0.184452,6.65289,0.812
271,2010-09-29,00:00:00.00,31.0955,9.64434,0.921
272,2010-09-30,00:00:00.00,1.41316,13.6922,1.02
273,2010-10-01,00:00:00.00,0.00516889,11.8813,1.38
274,2010-10-02,00:00:00.00,0.168004,8.97561,1.16
275,2010-10-03,00:00:00.00,16.2026,10.3752,1.16
276,2010-10-04,00:00:00.00,2.00034,12.3986,1.07
277,2010-10-05,00:00:00.00,0.0099651,11.5336,1.19
278,2010-10-06,00:00:00.00,0.630254,10.0233,1.13
279,2010-10-07,00:00:00.00,5.24211,10.0083,1.07
280,2010-10-08,00:00:00.00,0.187844,10.1056,1.05
281,2010-10-09,00:00:00.00,0.000216559,9.94277,1.14
282,2010-10-10,00:00:00.00,0.00125251,9.67531,1.08
283,2010-10-11,00:00:00.00,0.00767176,9.49272,1.03
284,2010-10-12,00:00:00.00,0.305687,9.31757,1
285,2010-10-13,00:00:00.00,5.68892,9.38313,0.938
286,2010-10-14,00:00:00.00,0.0513639,9.61568,0.927
287,2010-10-15,00:00:00.00,26.3231,12.482,1.12
288,2010-10-16,00:00:00.00,2.00005,16.2529,1.3
289,2010-10-17,00:00:00.00,0.00279287,14.6332,1.56
290,2010-10-18,00:00:00.00,0.00484188,11.8826,1.49
291,2010-10-19,00:00:00.00,0.00166997,11.5997,1.39
292,2010-10-20,00:00:00.00,0.0190698,11.3313,1.24
293,2010-10-21,00:00:00.00,0.124067,11.0763,1.16
294,2010-10-22,00:00:00.00,11.6945,11.9576,1.11
295,2010-10-23,00:00:00.00,0.26809,13.2778,1.05
296,2010-10-24,00:00:00.00,1.40413,12.6166,1.2
297,2010-10-25,00:00:00.00,1.55866,11.5062,1.2
298,2010-10-26,00:00:00.00,0.187763,11.2437,1.17
299,2010-10-27,00:00:00.00,5.09215,11.1971,1.15
300,2010-10-28,00:00:00.00,0.201709,11.2504,1.1
301,2010-10-29,00:00:00.00,0.132281,11.0422,1.1
302,2010-10-30,00:00:00.00,0.37631,10.7463,1.1
303,2010-10-31,00:00:00.00,8.10003e-06,10.5205,1.07
304,2010-11-01,00:00:00.00,2.0853,10.361,1.04
305,2010-11-02,00:00:00.00,0.0027878,10.2191,1.05
306,2010-11-03,00:00:00.00,4.42553e-05,10.0273,1.05
307,2010-11-04,00:00:00.00,0.120902,9.8333,1.06
308,2010-11-05,00:00:00.00,1.98999,9.69907,1.06
309,2010-11-06,00:00:00.00,2.90989,9.6761,1.14
310,2010-11-07,00:00:00.00,4.92533,9.90474,1.2
311,2010-11-08,00:00:00.00,2.46711e-09,9.93602,1.3
312,2010-11-09,00:00:00.00,0,9.64335,1.64
313,2010-11-10,00:00:00.00,0,9.44478,1.57
314,2010-11-11,00:00:00.00,0.000274428,9.27439,1.35
315,2010-11-12,00:00:00.00,0.000113153,9.11062,1.29
316,2010-11-13,00:00:00.00,0,8.95307,1.17
317,2010-11-14,00:00:00.00,0.00574425,8.80138,1.08
318,2010-11-15,00:00:00.00,5.27881,8.91735,1.1
319,2010-11-16,00:00:00.00,0.00354365,9.20355,1.09
320,2010-11-17,00:00:00.00,1.15867,9.04348,1.14
321,2010-11-18,00:00:00.00,18.6774,10.7426,1.45
322,2010-11-19,00:00:00.00,2.04562,13.4613,3.62
323,2010-11-20,00:00:00.00,0.336187,12.3832,2.88
324,2010-11-21,00:00:00.00,0.00408517,10.4329,2.2
325,2010-11-22,00:00:00.00,0.101571,10.2207,1.87
326,2010-11-23,00:00:00.00,13.6857,11.419,1.68
327,2010-11-24,00:00:00.00,6.98858,14.0005,3.36
328,2010-11-25,00:00:00.00,0.0409713,13.9847,6.6
329,2010-11-26,00:00:00.00,4.22209,12.4138,4.19
330,2010-11-27,00:00:00.00,14.3074,12.7578,8.86
331,2010-11-28,00:00:00.00,0.0766028,13.0345,9.37
332,2010-11-29,00:00:00.00,0.000654797,12.361,4.96
333,2010-11-30,00:00:00.00,0.00303663,11.887,3.79
334,2010-12-01,00:00:00.00,18.6075,13.9096,5.25
335,2010-12-02,00:00:00.00,9.5754,17.9879,18.1
336,2010-12-03,00:00:00.00,0.157725,17.9748,13.9
337,2010-12-04,00:00:00.00,0.317784,15.2786,9.46
338,2010-12-05,00:00:00.00,1.65465,14.2949,8.04
339,2010-12-06,00:00:00.00,5.95058,13.8893,5.54
340,2010-12-07,00:00:00.00,4.58078,13.51,3.67
341,2010-12-08,00:00:00.00,2.7551,13.1467,2.8
342,2010-12-09,00:00:00.00,0.330279,12.8033,2.5
343,2010-12-10,00:00:00.00,0.601154,12.4791,2.35
344,2010-12-11,00:00:00.00,1.15257,12.1727,2.22
345,2010-12-12,00:00:00.00,0.158386,11.8824,2.15
346,2010-12-13,00:00:00.00,14.7148,12.5421,2.1
347,2010-12-14,00:00:00.00,8.42,13.5863,2.35
348,2010-12-15,00:00:00.00,13.2274,13.0143,4.8
349,2010-12-16,00:00:00.00,1.54633,12.0536,4.4
350,2010-12-17,00:00:00.00,0.393397,11.7699,4.1
351,2010-12-18,00:00:00.00,0.0250831,11.5007,3.85
352,2010-12-19,00:00:00.00,0.081615,11.2447,3.65
353,2010-12-20,00:00:00.00,0.280448,11.001,3.5
354,2010-12-21,00:00:00.00,1.00969,10.7687,3.38
355,2010-12-22,00:00:00.00,0.198375,10.547,3.28
356,2010-12-23,00:00:00.00,0.312613,10.3352,3.19
357,2010-12-24,00:00:00.00,1.31025,10.1325,3.12
358,2010-12-25,00:00:00.00,0.22661,9.93843,3.06
359,2010-12-26,00:00:00.00,0.00779724,9.75235,3
360,2010-12-27,00:00:00.00,0.0772499,9.57376,2.97
361,2010-12-28,00:00:00.00,0.0604008,9.40221,2.94
362,2010-12-29,00:00:00.00,0.0620312,9.23726,2.91
363,2010-12-30,00:00:00.00,0.00428154,9.07852,2.88
364,2010-12-31,00:00:00.00,0.315936,8.92563,2.85
365,2011-01-01,00:00:00.00,3.14304,8.88399,7
366,2011-01-02,00:00:00.00,14.9322,10.658,54
367,2011-01-03,00:00:00.00,0.153716,12.6373,84.3
368,2011-01-04,00:00:00.00,0.118738,11.5055,63.8
369,2011-01-05,00:00:00.00,3.44001,10.056,45
370,2011-01-06,00:00:00.00,0.222963,9.88555,22.8
371,2011-01-07,00:00:00.00,2.79082,9.70342,15
372,2011-01-08,00:00:00.00,2.13172,9.52515,9.04
373,2011-01-09,00:00:00.00,0.760651,9.35393,5.9
374,2011-01-10,00:00:00.00,3.94618,9.18933,4.42
375,2011-01-11,00:00:00.00,0.879254,9.03095,3.82
376,2011-01-12,00:00:00.00,3.69691,8.87844,3.62
377,2011-01-13,00:00:00.00,9.20102,8.73144,3.45
378,2011-01-14,00:00:00.00,1.25229,8.58965,3.32
379,2011-01-15,00:00:00.00,0.53351,8.45279,3.23
380,2011-01-16,00:00:00.00,5.51732,8.32057,3.11
381,2011-01-17,00:00:00.00,0.361711,8.19277,2.87
382,2011-01-18,00:00:00.00,0.0535172,8.06914,2.71
383,2011-01-19,00:00:00.00,4.47617,8.0138,2.79
384,2011-01-20,00:00:00.00,0.447517,7.9723,3.58
385,2011-01-21,00:00:00.00,1.04341,7.86767,3.78
386,2011-01-22,00:00:00.00,2.08902,7.75412,3.69
387,2011-01-23,00:00:00.00,2.80876,7.64403,3.57
388,2011-01-24,00:00:00.00,1.98452,7.53724,3.46
389,2011-01-25,00:00:00.00,1.50464,7.43359,3.37
390,2011-01-26,00:00:00.00,1.57711,7.33294,3.28
391,2011-01-27,00:00:00.00,0.0991841,7.23516,3.22
392,2011-01-28,00:00:00.00,1.90966,7.1401,3.16
393,2011-01-29,00:00:00.00,3.01196,7.04765,3.11
394,2011-01-30,00:00:00.00,7.34782,6.95771,3.07
395,2011-01-31,00:00:00.00,1.01494,6.87015,3.04
396,2011-02-01,00:00:00.00,0.184164,6.78488,3.01
397,2011-02-02,00:00:00.00,0.921365,6.70181,3.21
398,2011-02-03,00:00:00.00,15.2231,6.62084,3.83
399,2011-02-04,00:00:00.00,1.12173,6.5419,3.23
400,2011-02-05,00:00:00.00,0.000950992,6.46489,3.11
401,2011-02-06,00:00:00.00,9.14458,6.38975,3.05
402,2011-02-07,00:00:00.00,3.59073,6.3164,3.04
403,2011-02-08,00:00:00.00,2.4567,6.24478,3.07
404,2011-02-09,00:00:00.00,3.02395,6.17482,3.06
405,2011-02-10,00:00:00.00,0.0190815,6.10645,2.96
406,2011-02-11,00:00:00.00,0.0116944,6.03963,2.62
407,2011-02-12,00:00:00.00,0.060865,5.9743,2.46
408,2011-02-13,00:00:00.00,1.16782,5.91039,2.47
409,2011-02-14,00:00:00.00,4.3967,5.86023,2.47
410,2011-02-15,00:00:00.00,0.216168,5.81346,2.47
411,2011-02-16,00:00:00.00,3.3621e-20,5.7553,2.51
412,2011-02-17,00:00:00.00,0.212397,5.69602,2.58
413,2011-02-18,00:00:00.00,0.230259,5.63798,4.08
414,2011-02-19,00:00:00.00,0.0401902,5.58111,56.1
415,2011-02-20,00:00:00.00,0.010823,5.5254,88
416,2011-02-21,00:00:00.00,0.681548,5.4708,62
417,2011-02-22,00:00:00.00,19.1426,5.41728,37.5
418,2011-02-23,00:00:00.00,0.0301632,5.3648,25.4
419,2011-02-24,00:00:00.00,0.017619,5.31333,12.4
420,2011-02-25,00:00:00.00,4.06549,5.26284,10.8
421,2011-02-26,00:00:00.00,2.65476,5.2133,8.19
422,2011-02-27,00:00:00.00,4.23606,5.16468,5.75
423,2011-02-28,00:00:00.00,3.99154,5.11857,6.06
424,2011-03-01,00:00:00.00,12.6084,5.37215,11.9
425,2011-03-02,00:00:00.00,0.0178172,5.77829,29.9
426,2011-03-03,00:00:00.00,0.0175711,5.59248,20.6
427,2011-03-04,00:00:00.00,0.0270049,5.25107,13.3
428,2011-03-05,00:00:00.00,1.44595,5.20137,12.7
429,2011-03-06,00:00:00.00,28.1321,7.59227,50.9
430,2011-03-07,00:00:00.00,4.2371,10.8527,79.9
431,2011-03-08,00:00:00.00,0.000742468,9.3075,56.7
432,2011-03-09,00:00:00.00,0.012539,6.87237,45.8
433,2011-03-10,00:00:00.00,13.3575,7.3094,31.9
434,2011-03-11,00:00:00.00,10.9646,9.06151,72.1
435,2011-03-12,00:00:00.00,20.292,10.9042,71.6
436,2011-03-13,00:00:00.00,0.539625,10.7376,56.1
437,2011-03-14,00:00:00.00,0.284113,9.30858,44.2
438,2011-03-15,00:00:00.00,0.0238601,8.54652,34.6
439,2011-03-16,00:00:00.00,0.636724,8.40464,29.1
440,2011-03-17,00:00:00.00,3.92201,8.37009,47.1
441,2011-03-18,00:00:00.00,0.0182824,8.35617,65.4
442,2011-03-19,00:00:00.00,0.049204,8.2405,60.3
443,2011-03-20,00:00:00.00,0.0649148,8.10948,47.3
444,2011-03-21,00:00:00.00,0.000617378,7.98293,31.6
445,2011-03-22,00:00:00.00,16.5423,9.34896,41.3
446,2011-03-23,00:00:00.00,0.289545,11.2626,37
447,2011-03-24,00:00:00.00,14.7275,10.5258,25.9
448,2011-03-25,00:00:00.00,0.0462941,9.25148,24.7
449,2011-03-26,00:00:00.00,0.0523864,9.10918,19.3
450,2011-03-27,00:00:00.00,0.0223463,8.9395,14.7
451,2011-03-28,00:00:00.00,0.000828808,8.78373,12
452,2011-03-29,00:00:00.00,0.013954,8.63381,10.5
453,2011-03-30,00:00:00.00,0.000284058,8.4894,10.4
454,2011-03-31,00:00:00.00,0.00300733,8.3502,12.5
455,2011-04-01,00:00:00.00,0.0515304,8.21591,13.4
456,2011-04-02,00:00:00.00,0.00653627,8.08626,14.8
457,2011-04-03,00:00:00.00,0.00338693,7.961,12.9
458,2011-04-04,00:00:00.00,5.50223,7.96507,10.7
459,2011-04-05,00:00:00.00,10.0139,8.96064,19.2
460,2011-04-06,00:00:00.00,0.537773,9.7995,26.3
461,2011-04-07,00:00:00.00,8.88942,9.39157,20.6
462,2011-04-08,00:00:00.00,0.023075,9.17813,24.3
463,2011-04-09,00:00:00.00,0.00719554,15.0348,18.9
464,2011-04-10,00:00:00.00,0.0242331,31.5171,13.9
465,2011-04-11,00:00:00.00,0.0435678,66.0962,11
466,2011-04-12,00:00:00.00,0.42834,109.273,9.21
467,2011-04-13,00:00:00.00,0.0291373,112.866,7.88
468,2011-04-14,00:00:00.00,0.000381718,85.273,6.64
469,2011-04-15,00:00:00.00,2.30414e-05,68.4434,5.77
470,2011-04-16,00:00:00.00,0.0633069,59.691,5.14
471,2011-04-17,00:00:00.00,10.5988,55.1217,4.91
472,2011-04-18,00:00:00.00,2.09131,52.0473,5.44
473,2011-04-19,00:00:00.00,3.63642,47.5062,5.54
474,2011-04-20,00:00:00.00,0.665535,43.3273,5.32
475,2011-04-21,00:00:00.00,14.6562,42.9197,7.87
476,2011-04-22,00:00:00.00,0.652608,43.7639,11.4
477,2011-04-23,00:00:00.00,1.0937,40.4834,9.35
478,2011-04-24,00:00:00.00,22.7978,41.9994,27.7
479,2011-04-25,00:00:00.00,0.128615,46.0688,31
480,2011-04-26,00:00:00.00,5.13364,42.7644,19.5
481,2011-04-27,00:00:00.00,4.96413,38.5761,19.3
482,2011-04-28,00:00:00.00,12.9753,38.8809,16.7
483,2011-04-29,00:00:00.00,8.44656,40.937,24.7
484,2011-04-30,00:00:00.00,1.96825,39.3017,25.9
485,2011-05-01,00:00:00.00,0.107339,35.5439,19
486,2011-05-02,00:00:00.00,7.02775,33.8684,15.7
487,2011-05-03,00:00:00.00,0.399969,32.5808,14.4
488,2011-05-04,00:00:00.00,8.35205,31.7332,13.4
489,2011-05-05,00:00:00.00,0.997255,31.2397,17.2
490,2011-05-06,00:00:00.00,0.449559,29.6236,13.4
491,2011-05-07,00:00:00.00,9.4412,28.8903,10.7
492,2011-05-08,00:00:00.00,0.462828,28.9157,9.62
493,2011-05-09,00:00:00.00,0.116318,27.5586,8.93
494,2011-05-10,00:00:00.00,1.41088e-06,25.8464,7.61
495,2011-05-11,00:00:00.00,0.00483062,24.6182,6.36
496,2011-05-12,00:00:00.00,0.00404629,23.5116,5.41
497,2011-05-13,00:00:00.00,0.605722,22.5093,4.85
498,2011-05-14,00:00:00.00,0.20227,21.5969,4.58
499,2011-05-15,00:00:00.00,0.711124,20.7628,4.29
500,2011-05-16,00:00:00.00,20.3612,23.3913,5.71
501,2011-05-17,00:00:00.00,14.0637,29.7914,24.8
502,2011-05-18,00:00:00.00,1.15165,30.8118,26.9
503,2011-05-19,00:00:00.00,4.36998,26.8721,24
504,2011-05-20,00:00:00.00,7.6743,25.3024,21.5
505,2011-05-21,00:00:00.00,0.0881244,24.8737,16.5
506,2011-05-22,00:00:00.00,0.143844,23.8307,13.1
507,2011-05-23,00:00:00.00,4.34599,22.7843,14.4
508,2011-05-24,00:00:00.00,5.24992,22.0372,16.4
509,2011-05-25,00:00:00.00,0.0910229,21.3344,13
510,2011-05-26,00:00:00.00,2.50689,20.5292,12
511,2011-05-27,00:00:00.00,29.6123,25.0849,40.3
512,2011-05-28,00:00:00.00,6.11138,31.7886,39.6
513,2011-05-29,00:00:00.00,0.347021,29.5955,27.4
514,2011-05-30,00:00:00.00,5.88446,25.2904,21.1
515,2011-05-31,00:00:00.00,6.76406,24.7139,24.8
516,2011-06-01,00:00:00.00,0.00476909,23.9938,20.8
517,2011-06-02,00:00:00.00,0.0096284,22.9668,16.2
518,2011-06-03,00:00:00.00,0.00480248,21.9759,13.1
519,2011-06-04,00:00:00.00,0.0109892,21.0746,8.19
520,2011-06-05,00:00:00.00,0.165038,20.2511,5.7
521,2011-06-06,00:00:00.00,0.0240805,19.4957,4.73
522,2011-06-07,00:00:00.00,0.753168,18.8001,4.12
523,2011-06-08,00:00:00.00,23.3356,21.6005,18.5
524,2011-06-09,00:00:00.00,0.113275,25.4286,32.3
525,2011-06-10,00:00:00.00,0.339475,23.6034,16
526,2011-06-11,00:00:00.00,0.0920808,20.6673,9.03
527,2011-06-12,00:00:00.00,0.102018,19.8678,6.07
528,2011-06-13,00:00:00.00,0.0486833,19.1337,4.89
529,2011-06-14,00:00:00.00,0.000351487,18.4571,4.2
530,2011-06-15,00:00:00.00,0.00168333,17.8315,3.67
531,2011-06-16,00:00:00.00,0.0347896,17.251,3.27
532,2011-06-17,00:00:00.00,6.14972,16.9058,3.02
533,2011-06-18,00:00:00.00,0.0360794,16.62,2.9
534,2011-06-19,00:00:00.00,0.000597065,16.1574,2.85
535,2011-06-20,00:00:00.00,0.00682965,15.688,2.63
536,2011-06-21,00:00:00.00,0.0967654,15.2479,2.4
537,2011-06-22,00:00:00.00,0.875095,14.8342,2.25
538,2011-06-23,00:00:00.00,24.1413,17.641,3.42
539,2011-06-24,00:00:00.00,25.0663,25.7189,22.7
540,2011-06-25,00:00:00.00,9.52124,30.2303,24.2
541,2011-06-26,00:00:00.00,0.997917,26.6233,16.3
542,2011-06-27,00:00:00.00,0.0433428,22.8461,10.6
543,2011-06-28,00:00:00.00,0.0278317,21.6425,7.02
544,2011-06-29,00:00:00.00,0.00837565,20.7368,5.23
545,2011-06-30,00:00:00.00,0.0137973,19.9105,4.15
546,2011-07-01,00:00:00.00,0,19.1534,3.44
547,2011-07-02,00:00:00.00,0.00698661,18.4571,3.01
548,2011-07-03,00:00:00.00,7.81728,18.1523,2.93
549,2011-07-04,00:00:00.00,2.24727,17.9415,3.56
550,2011-07-05,00:00:00.00,0.000708272,17.4004,3.37
551,2011-07-06,00:00:00.00,0.00334398,16.8266,2.9
552,2011-07-07,00:00:00.00,0.180333,16.3001,2.45
553,2011-07-08,00:00:00.00,0.0439104,15.8088,2.21
554,2011-07-09,00:00:00.00,0.00442085,15.3493,2.04
555,2011-07-10,00:00:00.00,0.00522467,14.9184,1.9
556,2011-07-11,00:00:00.00,0.00415615,14.5135,1.75
557,2011-07-12,00:00:00.00,0.153547,14.1322,1.64
558,2011-07-13,00:00:00.00,0.147356,13.7725,1.56
559,2011-07-14,00:00:00.00,0.00476823,13.4325,1.47
560,2011-07-15,00:00:00.00,0.0171557,13.1105,1.38
561,2011-07-16,00:00:00.00,0.00360534,12.8051,1.35
562,2011-07-17,00:00:00.00,0.0154233,12.515,1.28
563,2011-07-18,00:00:00.00,0.121769,12.2389,1.23
564,2011-07-19,00:00:00.00,1.65753,11.976,1.24
565,2011-07-20,00:00:00.00,6.09625,11.8363,1.38
566,2011-07-21,00:00:00.00,0.0213292,11.7234,1.25
567,2011-07-22,00:00:00.00,0.0935133,11.5039,1.17
568,2011-07-23,00:00:00.00,0.0765207,11.273,1.1
569,2011-07-24,00:00:00.00,1.83303,11.052,1.13
570,2011-07-25,00:00:00.00,1.29733,10.8402,2.44
571,2011-07-26,00:00:00.00,0.243191,10.637,3.68
572,2011-07-27,00:00:00.00,0.027183,10.4419,1.82
573,2011-07-28,00:00:00.00,0.136803,10.2544,1.29
574,2011-07-29,00:00:00.00,15.1291,11.3447,1.31
575,2011-07-30,00:00:00.00,16.4425,14.7242,4.17
576,2011-07-31,00:00:00.00,0.000112587,16.0526,4.04
577,2011-08-01,00:00:00.00,1.47302,13.9024,2.4
578,2011-08-02,00:00:00.00,1.93071,12.474,1.68
579,2011-08-03,00:00:00.00,0.159432,12.1866,1.44
580,2011-08-04,00:00:00.00,3.85965,11.9136,1.38
581,2011-08-05,00:00:00.00,0.255189,11.6537,1.29
582,2011-08-06,00:00:00.00,0.0002359,11.406,1.23
583,2011-08-07,00:00:00.00,0.122665,11.1696,1.18
584,2011-08-08,00:00:00.00,1.81687,10.9437,1.17
585,2011-08-09,00:00:00.00,8.05988,11.019,1.61
586,2011-08-10,00:00:00.00,24.6519,14.4332,2.98
587,2011-08-11,00:00:00.00,0.31009,17.9849,3.45
588,2011-08-12,00:00:00.00,0.370387,15.9811,2.58
589,2011-08-13,00:00:00.00,0.0513667,13.4756,1.79
590,2011-08-14,00:00:00.00,1.30663,13.1286,1.39
591,2011-08-15,00:00:00.00,7.21364,13.0507,1.25
592,2011-08-16,00:00:00.00,0.500125,13.0972,1.23
593,2011-08-17,00:00:00.00,0.00111169,12.8221,1.22
594,2011-08-18,00:00:00.00,1.63972e-05,12.4412,1.13
595,2011-08-19,00:00:00.00,6.15128,12.3073,1.51
596,2011-08-20,00:00:00.00,1.89415,12.2099,1.79
597,2011-08-21,00:00:00.00,11.1076,12.7067,2.26
598,2011-08-22,00:00:00.00,6.98789,14.0575,2.82
599,2011-08-23,00:00:00.00,0.147506,13.9532,2.72
600,2011-08-24,00:00:00.00,0.034805,12.8631,1.95
601,2011-08-25,00:00:00.00,1.95478,12.4667,1.81
602,2011-08-26,00:00:00.00,35.9423,17.166,6.48
603,2011-08-27,00:00:00.00,0.0652255,23.3937,8.58
604,2011-08-28,00:00:00.00,0.00279802,20.9065,4.62
605,2011-08-29,00:00:00.00,6.33749e-05,16.7524,2.71
606,2011-08-30,00:00:00.00,5.65119e-06,16.1935,1.99
607,2011-08-31,00:00:00.00,1.46025e-06,15.6741,1.63
608,2011-09-01,00:00:00.00,0.305744,15.1901,1.43
609,2011-09-02,00:00:00.00,7.56199,15.0736,1.42
610,2011-09-03,00:00:00.00,0.0256268,15.1359,1.96
611,2011-09-04,00:00:00.00,0.922889,14.758,1.7
612,2011-09-05,00:00:00.00,14.0314,15.5999,1.51
613,2011-09-06,00:00:00.00,4.55599,17.3654,1.55
614,2011-09-07,00:00:00.00,0.39584,16.7054,1.59
615,2011-09-08,00:00:00.00,3.68024,15.3027,1.51
616,2011-09-09,00:00:00.00,0.644264,14.9528,1.41
617,2011-09-10,00:00:00.00,2.16861,14.5339,1.39
618,2011-09-11,00:00:00.00,3.80093,14.1868,1.36
619,2011-09-12,00:00:00.00,0.538045,13.8724,1.28
620,2011-09-13,00:00:00.00,0.686653,13.5139,1.21
621,2011-09-14,00:00:00.00,0.188799,13.1643,1.17
622,2011-09-15,00:00:00.00,1.83929,12.8341,1.16
623,2011-09-16,00:00:00.00,5.93232,12.78,1.16
624,2011-09-17,00:00:00.00,0.455171,12.8777,1.17
625,2011-09-18,00:00:00.00,6.06599e-06,12.6169,1.19
626,2011-09-19,00:00:00.00,0,12.2206,1.14
627,2011-09-20,00:00:00.00,21.5404,14.5819,1.27
628,2011-09-21,00:00:00.00,4.34248,18.1263,2.67
629,2011-09-22,00:00:00.00,0.267614,16.8894,4.48
630,2011-09-23,00:00:00.00,0.13963,14.4054,3.12
631,2011-09-24,00:00:00.00,17.4781,16.1546,3.73
632,2011-09-25,00:00:00.00,0.530922,18.6282,5.48
633,2011-09-26,00:00:00.00,0.0389869,17.4353,4.55
634,2011-09-27,00:00:00.00,14.3964,17.1554,3.1
635,2011-09-28,00:00:00.00,2.38152,18.9384,2.74
636,2011-09-29,00:00:00.00,0.285265,17.9443,4.48
637,2011-09-30,00:00:00.00,0.865148,16.3235,4.56
638,2011-10-01,00:00:00.00,15.6048,17.8021,4.3
639,2011-10-02,00:00:00.00,4.50181,20.5036,8.96
640,2011-10-03,00:00:00.00,3.08581,19.8437,8.86
641,2011-10-04,00:00:00.00,7.66195,18.7374,5.55
642,2011-10-05,00:00:00.00,0.0205888,19.0254,5.68
643,2011-10-06,00:00:00.00,0.00341804,18.1993,5.04
644,2011-10-07,00:00:00.00,0.0210048,17.282,3.99
645,2011-10-08,00:00:00.00,0.0120899,16.6914,3.12
646,2011-10-09,00:00:00.00,0.0161102,16.1435,2.48
647,2011-10-10,00:00:00.00,0.0161935,15.6339,2.11
648,2011-10-11,00:00:00.00,0.0141008,15.1586,1.9
649,2011-10-12,00:00:00.00,0.00271437,14.7142,1.67
650,2011-10-13,00:00:00.00,13.0687,15.7892,1.54
651,2011-10-14,00:00:00.00,2.66736,17.5562,2.13
652,2011-10-15,00:00:00.00,16.9198,19.1654,4.93
653,2011-10-16,00:00:00.00,3.04519,20.9748,8.76
654,2011-10-17,00:00:00.00,0.182551,19.7444,7.67
655,2011-10-18,00:00:00.00,0.0201864,17.5218,7.07
656,2011-10-19,00:00:00.00,0.0310744,16.9154,6.68
657,2011-10-20,00:00:00.00,26.9043,20.7488,7.12
658,2011-10-21,00:00:00.00,19.5183,29.8211,38.2
659,2011-10-22,00:00:00.00,3.35956,32.4106,47.7
660,2011-10-23,00:00:00.00,0.0967631,27.4183,29.2
661,2011-10-24,00:00:00.00,5.81748e-07,24.1637,20
662,2011-10-25,00:00:00.00,2.31474,23.0964,14.7
663,2011-10-26,00:00:00.00,2.33469,22.2809,9.73
664,2011-10-27,00:00:00.00,2.62255,21.5999,7.05
665,2011-10-28,00:00:00.00,2.57659,21.0349,6.23
666,2011-10-29,00:00:00.00,0.157047,20.3869,5.72
667,2011-10-30,00:00:00.00,0.0648599,19.5986,5.05
668,2011-10-31,00:00:00.00,0.0194819,18.8451,4.66
669,2011-11-01,00:00:00.00,0.897527,18.1525,4.2
670,2011-11-02,00:00:00.00,0.202808,17.5137,3.81
671,2011-11-03,00:00:00.00,5.4481e-05,16.9226,3.48
672,2011-11-04,00:00:00.00,2.00161e-05,16.3739,3.24
673,2011-11-05,00:00:00.00,0.00010609,15.8631,3.07
674,2011-11-06,00:00:00.00,0.000135843,15.3864,2.89
675,2011-11-07,00:00:00.00,0.000206048,14.9404,2.72
676,2011-11-08,00:00:00.00,0.119274,14.5222,2.61
677,2011-11-09,00:00:00.00,0.534373,14.1291,2.51
678,2011-11-10,00:00:00.00,4.88197,14.0346,2.47
679,2011-11-11,00:00:00.00,0.929885,14.081,2.48
680,2011-11-12,00:00:00.00,0.0793384,13.7695,2.63
681,2011-11-13,00:00:00.00,0.0014018,13.3393,2.59
682,2011-11-14,00:00:00.00,0.0012226,13.0118,2.46
683,2011-11-15,00:00:00.00,11.8081,14.0621,2.45
684,2011-11-16,00:00:00.00,0.114873,15.6096,3.06
685,2011-11-17,00:00:00.00,0.00150791,14.8167,3.98
686,2011-11-18,00:00:00.00,0.0730323,13.511,3.5
687,2011-11-19,00:00:00.00,0.0891992,13.1709,3.12
688,2011-11-20,00:00:00.00,0.0130708,12.8494,2.78
689,2011-11-21,00:00:00.00,0.00584078,12.5447,2.62
690,2011-11-22,00:00:00.00,0.000237861,12.2556,2.45
691,2011-11-23,00:00:00.00,2.01765,12.0201,2.34
692,2011-11-24,00:00:00.00,21.9689,14.611,10.3
693,2011-11-25,00:00:00.00,0.00236959,17.9774,14.2
694,2011-11-26,00:00:00.00,0.0129479,16.4525,8.32
695,2011-11-27,00:00:00.00,0.00114726,14.0533,6.73
696,2011-11-28,00:00:00.00,21.2859,16.7784,9.54
697,2011-11-29,00:00:00.00,2.19848,20.7687,29
698,2011-11-30,00:00:00.00,65.9744,33.6172,66
699,2011-12-01,00:00:00.00,6.45662,49.9404,103
700,2011-12-02,00:00:00.00,0.000113676,44.7403,91.9
701,2011-12-03,00:00:00.00,2.93783,34.0448,67.3
702,2011-12-04,00:00:00.00,0.000914934,32.0444,41.4
703,2011-12-05,00:00:00.00,14.516,32.942,31.3
704,2011-12-06,00:00:00.00,19.064,40.0695,60.2
705,2011-12-07,00:00:00.00,9.6399,44.3211,70.2
706,2011-12-08,00:00:00.00,0.100825,39.8656,56.9
707,2011-12-09,00:00:00.00,0.00519873,35.0287,39.3
708,2011-12-10,00:00:00.00,2.94063,32.6568,25
709,2011-12-11,00:00:00.00,0.00106665,30.6206,17.2
710,2011-12-12,00:00:00.00,0.00417932,28.7844,12.1
711,2011-12-13,00:00:00.00,0,27.1593,9.26
712,2011-12-14,00:00:00.00,0.0148032,25.7201,7.81
713,2011-12-15,00:00:00.00,5.46093,25.0178,8.29
714,2011-12-16,00:00:00.00,18.9998,28.8893,31.8
715,2011-12-17,00:00:00.00,0.155684,32.6069,36.5
716,2011-12-18,00:00:00.00,1.82734,29.7362,23.3
717,2011-12-19,00:00:00.00,0.53708,26.3338,18.3
718,2011-12-20,00:00:00.00,0.00606732,24.989,14.1
719,2011-12-21,00:00:00.00,0.02776,23.7853,10.9
720,2011-12-22,00:00:00.00,4.98759,23.2371,9.33
721,2011-12-23,00:00:00.00,0.722797,24.6647,9.73
722,2011-12-24,00:00:00.00,3.04033,25.5911,11.4
723,2011-12-25,00:00:00.00,0.00680712,23.978,11.2
724,2011-12-26,00:00:00.00,0.0208488,22.347,9.57
725,2011-12-27,00:00:00.00,0.0273341,21.3969,8.28
726,2011-12-28,00:00:00.00,6.89334,20.9452,7.55
727,2011-12-29,00:00:00.00,2.54387,20.6115,9.07
728,2011-12-30,00:00:00.00,3.63626,19.8898,8.59
729,2011-12-31,00:00:00.00,3.92359,19.3929,9.69
730,2012-01-01,00:00:00.00,7.07785,20.1226,39.6
731,2012-01-02,00:00:00.00,6.00462,21.5873,35.3
732,2012-01-03,00:00:00.00,1.63874,21.2278,29.3
733,2012-01-04,00:00:00.00,9.88915,19.7343,22.6
734,2012-01-05,00:00:00.00,0.297195,18.8796,16.7
735,2012-01-06,00:00:00.00,0.0149575,18.2138,13.5
736,2012-01-07,00:00:00.00,0.0120047,17.5978,9.46
737,2012-01-08,00:00:00.00,0.00151388,17.0264,10.9
738,2012-01-09,00:00:00.00,0.00838426,16.4945,12.1
739,2012-01-10,00:00:00.00,0.002323,15.9983,11.4
740,2012-01-11,00:00:00.00,0.00155821,15.534,10.9
741,2012-01-12,00:00:00.00,0.000315993,15.0987,8.86
742,2012-01-13,00:00:00.00,6.70563,15.361,7.73
743,2012-01-14,00:00:00.00,4.95393,16.0529,9.13
744,2012-01-15,00:00:00.00,1.07006,15.6174,8.44
745,2012-01-16,00:00:00.00,0.00436301,14.7607,6.72
746,2012-01-17,00:00:00.00,0.240902,14.3676,7
747,2012-01-18,00:00:00.00,15.169,16.121,17.3
748,2012-01-19,00:00:00.00,1.08159,18.5768,33.6
749,2012-01-20,00:00:00.00,4.54615,17.4084,17.7
750,2012-01-21,00:00:00.00,0.21165,15.4989,12.2
751,2012-01-22,00:00:00.00,3.71903,15.0546,10.1
752,2012-01-23,00:00:00.00,0.0102053,14.6376,9.07
753,2012-01-24,00:00:00.00,7.67659,15.0365,11.8
754,2012-01-25,00:00:00.00,0.10505,15.7791,27.5
755,2012-01-26,00:00:00.00,0.058162,15.2302,18.9
756,2012-01-27,00:00:00.00,1.7603,14.3451,16.4
757,2012-01-28,00:00:00.00,11.3223,14.5975,19.2
758,2012-01-29,00:00:00.00,2.08975,15.1536,23.6
759,2012-01-30,00:00:00.00,8.40353,14.7908,15.9
760,2012-01-31,00:00:00.00,2.35991,14.1481,12.1
761,2012-02-01,00:00:00.00,0.390525,13.7975,11.7
762,2012-02-02,00:00:00.00,0.0131486,13.448,32.8
763,2012-02-03,00:00:00.00,0.0406636,13.1175,26.4
764,2012-02-04,00:00:00.00,0.00187865,12.8045,19.4
765,2012-02-05,00:00:00.00,0.00322057,12.5076,16.2
766,2012-02-06,00:00:00.00,0.00244259,12.2254,12.1
767,2012-02-07,00:00:00.00,0.00117291,11.957,9.38
768,2012-02-08,00:00:00.00,0.0296635,11.7012,8.01
769,2012-02-09,00:00:00.00,0.000474508,11.4572,6.95
770,2012-02-10,00:00:00.00,2.32286e-05,11.2241,5.94
771,2012-02-11,00:00:00.00,0.224302,11.0011,5.36
772,2012-02-12,00:00:00.00,7.85067,10.7876,5.03
773,2012-02-13,00:00:00.00,1.86701,10.583,4.14
774,2012-02-14,00:00:00.00,0.0270127,10.3866,4.54
775,2012-02-15,00:00:00.00,0.869816,10.198,4.93
776,2012-02-16,00:00:00.00,0.309056,10.0166,4.23
777,2012-02-17,00:00:00.00,7.37903,10.1197,4.55
778,2012-02-18,00:00:00.00,0.062411,10.3951,6.94
779,2012-02-19,00:00:00.00,1.56766,10.2006,8.25
780,2012-02-20,00:00:00.00,0.296185,9.83627,7.59
781,2012-02-21,00:00:00.00,0.000635328,9.66672,6.43
782,2012-02-22,00:00:00.00,0.68139,9.50337,5.94
783,2012-02-23,00:00:00.00,1.70857,9.36274,5.9
784,2012-02-24,00:00:00.00,2.03321,9.24498,6.87
785,2012-02-25,00:00:00.00,4.80221,9.20887,9.1
786,2012-02-26,00:00:00.00,1.0963,9.17299,14.5
787,2012-02-27,00:00:00.00,0.210404,9.04337,10.7
788,2012-02-28,00:00:00.00,0.000463961,8.90069,9.26
789,2012-02-29,00:00:00.00,2.84689e-05,8.76274,7.7
790,2012-03-01,00:00:00.00,2.58486,8.64951,6.74
791,2012-03-02,00:00:00.00,0.221269,8.54364,8.84
792,2012-03-03,00:00:00.00,5.22476,8.62871,11.7
793,2012-03-04,00:00:00.00,5.99092,9.38687,27.8
794,2012-03-05,00:00:00.00,0.691093,9.69625,19.7
795,2012-03-06,00:00:00.00,0.202232,9.10994,13.9
796,2012-03-07,00:00:00.00,0.00477758,8.75773,10.5
797,2012-03-08,00:00:00.00,3.43173e-06,8.6217,7.56
798,2012-03-09,00:00:00.00,6.15452,8.77415,6.75
799,2012-03-10,00:00:00.00,0.630308,9.09693,7.11
800,2012-03-11,00:00:00.00,0.00568603,8.91497,6.74
801,2012-03-12,00:00:00.00,0,8.56307,5.94
802,2012-03-13,00:00:00.00,8.84377,21.2058,5.85
803,2012-03-14,00:00:00.00,9.44818,39.7624,20.2
804,2012-03-15,00:00:00.00,0.0389315,35.5145,17.4
805,2012-03-16,00:00:00.00,0.118655,24.2465,12.6
806,2012-03-17,00:00:00.00,3.66971,22.7234,10.5
807,2012-03-18,00:00:00.00,0.00993829,21.8969,8.53
808,2012-03-19,00:00:00.00,2.3906e-07,20.9537,7.21
809,2012-03-20,00:00:00.00,0.00103904,20.0612,6.34
810,2012-03-21,00:00:00.00,0.000257804,19.2476,5.61
811,2012-03-22,00:00:00.00,0.000482326,18.5028,5.07
812,2012-03-23,00:00:00.00,0.0173289,17.8184,4.64
813,2012-03-24,00:00:00.00,0.097494,17.1873,4.31
814,2012-03-25,00:00:00.00,3.46613,16.7193,4.1
815,2012-03-26,00:00:00.00,0.442634,16.3068,4.07
816,2012-03-27,00:00:00.00,0.0488237,15.8075,3.96
817,2012-03-28,00:00:00.00,0.00710389,15.3206,3.57
818,2012-03-29,00:00:00.00,0.0135849,14.8657,3.34
819,2012-03-30,00:00:00.00,0.0307969,14.4398,3.21
820,2012-03-31,00:00:00.00,5.78118,14.2359,3.08
821,2012-04-01,00:00:00.00,0.539171,14.0811,3.13
822,2012-04-02,00:00:00.00,0.0756998,13.7394,3.24
823,2012-04-03,00:00:00.00,0.00653488,13.3805,3.13
824,2012-04-04,00:00:00.00,0.0702187,13.0418,2.98
825,2012-04-05,00:00:00.00,0.293175,12.7215,2.83
826,2012-04-06,00:00:00.00,0.00264214,12.4182,2.72
827,2012-04-07,00:00:00.00,0,12.1305,2.62
828,2012-04-08,00:00:00.00,1.56068e-07,11.8571,2.51
829,2012-04-09,00:00:00.00,0.099007,11.597,2.43
830,2012-04-10,00:00:00.00,0.0845001,11.3492,2.39
831,2012-04-11,00:00:00.00,0.00139999,11.1128,2.38
832,2012-04-12,00:00:00.00,3.24443,10.962,2.37
833,2012-04-13,00:00:00.00,0.00547224,10.8317,2.39
834,2012-04-14,00:00:00.00,0.004565,10.6319,2.32
835,2012-04-15,00:00:00.00,0.379436,10.4265,2.26
836,2012-04-16,00:00:00.00,11.4272,11.1183,2.43
837,2012-04-17,00:00:00.00,0.0708672,12.169,2.84
838,2012-04-18,00:00:00.00,7.48855e-05,11.6399,2.82
839,2012-04-19,00:00:00.00,0.00190182,10.7441,2.45
840,2012-04-20,00:00:00.00,0.924922,10.5318,2.28
841,2012-04-21,00:00:00.00,0.807594,10.3284,2.23
842,2012-04-22,00:00:00.00,6.22865,10.4128,2.28
843,2012-04-23,00:00:00.00,0.00519386,10.6767,2.29
844,2012-04-24,00:00:00.00,0.0214945,10.4747,2.23
845,2012-04-25,00:00:00.00,0.589596,10.0973,2.13
846,2012-04-26,00:00:00.00,0.001203,9.91082,2.06
847,2012-04-27,00:00:00.00,0.194779,9.73171,2.01
848,2012-04-28,00:00:00.00,0.00764141,9.55952,1.99
849,2012-04-29,00:00:00.00,0.00150402,9.39384,1.93
850,2012-04-30,00:00:00.00,1.98266e-05,9.2343,1.86
851,2012-05-01,00:00:00.00,8.21745,9.55017,1.89
852,2012-05-02,00:00:00.00,6.39477,10.5583,2.12
853,2012-05-03,00:00:00.00,0.250488,10.5928,2.62
854,2012-05-04,00:00:00.00,0.305711,9.81057,2.55
855,2012-05-05,00:00:00.00,17.9202,11.1541,3.63
856,2012-05-06,00:00:00.00,0.0164318,13.194,5.24
857,2012-05-07,00:00:00.00,0.00112247,12.2714,3.97
858,2012-05-08,00:00:00.00,5.06247,10.8494,3.15
859,2012-05-09,00:00:00.00,5.31858,10.9181,2.88
860,2012-05-10,00:00:00.00,3.5807,10.8708,3.13
861,2012-05-11,00:00:00.00,0.00244873,10.6436,3.5
862,2012-05-12,00:00:00.00,0.000154198,10.4335,2.98
863,2012-05-13,00:00:00.00,0.0341059,10.2284,2.6
864,2012-05-14,00:00:00.00,1.68448,10.0319,2.37
865,2012-05-15,00:00:00.00,0.0409258,9.84354,2.18
866,2012-05-16,00:00:00.00,0.00919365,9.6628,2.04
867,2012-05-17,00:00:00.00,1.0911,9.48919,1.91
868,2012-05-18,00:00:00.00,0,9.32228,1.81
869,2012-05-19,00:00:00.00,0.00755548,9.16165,1.74
870,2012-05-20,00:00:00.00,0.00665775,9.00695,1.68
871,2012-05-21,00:00:00.00,0.0156746,8.85784,1.6
872,2012-05-22,00:00:00.00,1.76894,8.714,1.54
873,2012-05-23,00:00:00.00,0.724312,8.57513,1.51
874,2012-05-24,00:00:00.00,0.0113873,8.44098,1.53
875,2012-05-25,00:00:00.00,0.000118615,8.31128,1.52
876,2012-05-26,00:00:00.00,0.00631009,8.1858,1.42
877,2012-05-27,00:00:00.00,0.396779,8.06433,1.37
878,2012-05-28,00:00:00.00,6.80754,8.0606,1.4
879,2012-05-29,00:00:00.00,1.35351,8.11403,2.98
880,2012-05-30,00:00:00.00,3.1695,8.01717,2.87
881,2012-05-31,00:00:00.00,2.82051,7.86603,2.44
882,2012-06-01,00:00:00.00,9.36891e-10,7.75401,2.04
883,2012-06-02,00:00:00.00,27.9439,10.4102,1.76
884,2012-06-03,00:00:00.00,0.489414,14.009,2.17
885,2012-06-04,00:00:00.00,5.99019,12.5604,3.21
886,2012-06-05,00:00:00.00,1.88759,10.1484,3.42
887,2012-06-06,00:00:00.00,1.07587,9.97513,3.16
888,2012-06-07,00:00:00.00,0.00282168,9.78456,2.91
889,2012-06-08,00:00:00.00,0.00254834,9.60184,2.89
890,2012-06-09,00:00:00.00,0.0165872,9.42648,2.44
891,2012-06-10,00:00:00.00,2.61065,9.25801,2.01
892,2012-06-11,00:00:00.00,0.140099,9.09602,1.81
893,2012-06-12,00:00:00.00,0.736611,8.94012,1.65
894,2012-06-13,00:00:00.00,2.8329,8.78997,1.53
895,2012-06-14,00:00:00.00,2.21444e-05,8.64521,1.44
896,2012-06-15,00:00:00.00,0.00080344,8.50556,1.35
897,2012-06-16,00:00:00.00,0.00104165,8.37072,1.23
898,2012-06-17,00:00:00.00,0,8.24045,1.17
899,2012-06-18,00:00:00.00,18.1071,9.52669,2.86
900,2012-06-19,00:00:00.00,1.38714,11.3335,3.52
901,2012-06-20,00:00:00.00,0.00751977,10.5114,2.64
902,2012-06-21,00:00:00.00,0.000806148,9.15166,1.78
903,2012-06-22,00:00:00.00,13.9718,9.86161,1.47
904,2012-06-23,00:00:00.00,7.63957,11.3795,2.8
905,2012-06-24,00:00:00.00,0.0727807,11.1594,3.42
906,2012-06-25,00:00:00.00,0.408334,10.0301,1.8
907,2012-06-26,00:00:00.00,0.438154,9.75415,1.38
908,2012-06-27,00:00:00.00,0.00304136,9.57107,1.27
909,2012-06-28,00:00:00.00,0.00184844,9.3954,1.11
910,2012-06-29,00:00:00.00,0.00455234,9.22668,1.03
911,2012-06-30,00:00:00.00,0.0763913,9.06448,0.958
912,2012-07-01,00:00:00.00,0.0127253,8.90842,0.884
913,2012-07-02,00:00:00.00,0.0458545,8.75813,0.825
914,2012-07-03,00:00:00.00,0.190542,8.61329,0.779
915,2012-07-04,00:00:00.00,11.4086,9.00455,0.766
916,2012-07-05,00:00:00.00,0.763518,9.64709,0.793
917,2012-07-06,00:00:00.00,2.48647,9.32265,1.09
918,2012-07-07,00:00:00.00,0.0112133,8.74436,0.968
919,2012-07-08,00:00:00.00,3.72223e-06,8.59965,0.923
920,2012-07-09,00:00:00.00,0.0127205,8.46008,0.84
921,2012-07-10,00:00:00.00,0.0132278,8.32536,0.822
922,2012-07-11,00:00:00.00,0.121738,8.19523,0.767
923,2012-07-12,00:00:00.00,0.0134472,8.06945,0.696
924,2012-07-13,00:00:00.00,6.87129e-05,7.94778,0.649
925,2012-07-14,00:00:00.00,0.00655802,7.83002,0.595
926,2012-07-15,00:00:00.00,0.0035391,7.71597,0.574
927,2012-07-16,00:00:00.00,15.6485,8.65438,0.796
928,2012-07-17,00:00:00.00,3.36706,10.0016,0.668
929,2012-07-18,00:00:00.00,0,9.37851,0.864
930,2012-07-19,00:00:00.00,0.188506,8.33592,0.944
931,2012-07-20,00:00:00.00,11.2561,8.8021,0.852
932,2012-07-21,00:00:00.00,1.17909,9.5394,0.791
933,2012-07-22,00:00:00.00,0.00415727,9.1779,0.815
934,2012-07-23,00:00:00.00,0.00533956,8.54149,0.702
935,2012-07-24,00:00:00.00,0.0561112,8.40283,0.663
936,2012-07-25,00:00:00.00,0.00464587,8.269,0.628
937,2012-07-26,00:00:00.00,0.0191036,8.13974,0.569
938,2012-07-27,00:00:00.00,19.0041,9.5107,0.655
939,2012-07-28,00:00:00.00,4.43535,11.4949,0.765
940,2012-07-29,00:00:00.00,14.5859,11.7889,3.31
941,2012-07-30,00:00:00.00,0.0129739,11.7969,2.25
942,2012-07-31,00:00:00.00,0.0247628,11.1051,1.59
943,2012-08-01,00:00:00.00,0.0206092,10.0484,1.24
944,2012-08-02,00:00:00.00,0.0574549,9.85096,1
945,2012-08-03,00:00:00.00,0.0080591,9.66188,0.868
946,2012-08-04,00:00:00.00,0.0284611,9.48064,0.757
947,2012-08-05,00:00:00.00,0.00157757,9.30674,0.718
948,2012-08-06,00:00:00.00,6.43177,9.25116,0.717
949,2012-08-07,00:00:00.00,0.00576069,9.21886,0.756
950,2012-08-08,00:00:00.00,1.26195e-05,9.07635,0.773
951,2012-08-09,00:00:00.00,0.0163262,8.91819,0.633
952,2012-08-10,00:00:00.00,5.37357,8.8442,0.65
953,2012-08-11,00:00:00.00,30.8949,12.3142,0.709
954,2012-08-12,00:00:00.00,3.216,16.6304,0.999
955,2012-08-13,00:00:00.00,6.06742,14.784,1.09
956,2012-08-14,00:00:00.00,0.665366,11.973,1.11
957,2012-08-15,00:00:00.00,11.2398,12.4913,1.02
958,2012-08-16,00:00:00.00,0.0947608,13.3168,1.05
959,2012-08-17,00:00:00.00,0.117099,12.8222,1.22
960,2012-08-18,00:00:00.00,0.930388,11.9884,1.01
961,2012-08-19,00:00:00.00,0.0108167,11.7018,0.894
962,2012-08-20,00:00:00.00,0.019212,11.4301,0.84
963,2012-08-21,00:00:00.00,0.0072586,11.1719,0.765
964,2012-08-22,00:00:00.00,0.20167,10.9263,0.727
965,2012-08-23,00:00:00.00,0.21859,10.6924,0.718
966,2012-08-24,00:00:00.00,0,10.4693,0.7
967,2012-08-25,00:00:00.00,0,10.2563,0.647
968,2012-08-26,00:00:00.00,1.94037e-07,10.0526,0.58
969,2012-08-27,00:00:00.00,0.000504386,9.85758,0.565
970,2012-08-28,00:00:00.00,3.38903,9.67076,0.562
971,2012-08-29,00:00:00.00,0.0582838,9.49158,0.556
972,2012-08-30,00:00:00.00,0.000182969,9.31956,0.592
973,2012-08-31,00:00:00.00,0,9.15425,0.575
974,2012-09-01,00:00:00.00,0,8.99523,0.554
975,2012-09-02,00:00:00.00,0.00212998,8.84216,0.531
976,2012-09-03,00:00:00.00,0.0180816,8.69467,0.514
977,2012-09-04,00:00:00.00,0.00757371,8.55247,0.493
978,2012-09-05,00:00:00.00,27.617,11.2614,0.766
979,2012-09-06,00:00:00.00,0.6579,14.9312,1.05
980,2012-09-07,00:00:00.00,0.095431,13.3419,1.2
981,2012-09-08,00:00:00.00,0.0637448,10.746,0.78
982,2012-09-09,00:00:00.00,27.8874,13.8258,0.862
983,2012-09-10,00:00:00.00,2.62691,17.9832,1.06
984,2012-09-11,00:00:00.00,0.340699,16.2301,1.22
985,2012-09-12,00:00:00.00,0.00494854,13.3308,0.96
986,2012-09-13,00:00:00.00,0.000840346,12.9732,0.782
987,2012-09-14,00:00:00.00,0,12.6361,0.686
988,2012-09-15,00:00:00.00,11.5439,13.294,0.69
989,2012-09-16,00:00:00.00,0.0674695,14.3534,0.668
990,2012-09-17,00:00:00.00,0.0062471,13.7478,0.829
991,2012-09-18,00:00:00.00,0.00345514,12.7384,0.752
992,2012-09-19,00:00:00.00,17.382,14.3435,0.748
993,2012-09-20,00:00:00.00,0.651297,16.6174,0.817
994,2012-09-21,00:00:00.00,1.9791,15.5443,1.03
995,2012-09-22,00:00:00.00,0.303009,13.7725,0.889
996,2012-09-23,00:00:00.00,4.46471,13.5662,0.906
997,2012-09-24,00:00:00.00,0.157569,13.405,0.828
998,2012-09-25,00:00:00.00,0.00841075,13.0801,0.806
999,2012-09-26,00:00:00.00,0.00291284,12.7413,0.77
1000,2012-09-27,00:00:00.00,0.00189762,12.4214,0.814
1001,2012-09-28,00:00:00.00,0.00413665,12.1188,0.84
1002,2012-09-29,00:00:00.00,0.0205945,11.832,0.771
1003,2012-09-30,00:00:00.00,0.0707133,11.5599,0.693
1004,2012-10-01,00:00:00.00,0.0151811,11.3013,0.664
1005,2012-10-02,00:00:00.00,0.223804,11.0552,0.65
1006,2012-10-03,00:00:00.00,0.838199,10.8206,0.654
1007,2012-10-04,00:00:00.00,0.496192,10.5968,0.645
1008,2012-10-05,00:00:00.00,0.332513,10.383,0.618
1009,2012-10-06,00:00:00.00,0.842382,10.1785,0.638
1010,2012-10-07,00:00:00.00,7.26632,10.4553,0.654
1011,2012-10-08,00:00:00.00,0.0130075,10.9721,0.695
1012,2012-10-09,00:00:00.00,0.0044072,10.666,0.791
1013,2012-10-10,00:00:00.00,0.00151431,10.121,0.732
1014,2012-10-11,00:00:00.00,3.67367,10.0407,0.7
1015,2012-10-12,00:00:00.00,0.0045479,9.98511,0.673
1016,2012-10-13,00:00:00.00,2.47208,9.87499,0.694
1017,2012-10-14,00:00:00.00,2.9424,9.83936,0.713
1018,2012-10-15,00:00:00.00,13.2438,11.1653,0.755
1019,2012-10-16,00:00:00.00,1.31557,12.6859,0.936
1020,2012-10-17,00:00:00.00,0.0251015,11.8026,1.08
1021,2012-10-18,00:00:00.00,5.18235,10.82,0.981
1022,2012-10-19,00:00:00.00,3.89438,11.2355,0.912
1023,2012-10-20,00:00:00.00,0.967943,11.1956,0.885
1024,2012-10-21,00:00:00.00,10.8049,11.7318,0.969
1025,2012-10-22,00:00:00.00,0.144066,12.9094,1.06
1026,2012-10-23,00:00:00.00,0.00491788,12.3094,1.11
1027,2012-10-24,00:00:00.00,8.45679,11.9404,1.11
1028,2012-10-25,00:00:00.00,0.700179,12.618,1.09
1029,2012-10-26,00:00:00.00,0.019284,12.2022,1.27
1030,2012-10-27,00:00:00.00,2.79357,11.5691,1.19
1031,2012-10-28,00:00:00.00,9.91012,12.4882,1.12
1032,2012-10-29,00:00:00.00,0.759964,13.5584,1.14
1033,2012-10-30,00:00:00.00,14.9154,14.4571,1.38
1034,2012-10-31,00:00:00.00,25.5219,19.8264,5.23
1035,2012-11-01,00:00:00.00,8.24149,25.1654,9.78
1036,2012-11-02,00:00:00.00,3.38087,23.3845,9.93
1037,2012-11-03,00:00:00.00,5.63428,20.5019,7.26
1038,2012-11-04,00:00:00.00,7.63928,20.8633,5.27
1039,2012-11-05,00:00:00.00,0.62374,20.9052,6.66
1040,2012-11-06,00:00:00.00,0.034824,19.6256,6.3
1041,2012-11-07,00:00:00.00,0.0057581,18.6301,4.38
1042,2012-11-08,00:00:00.00,0.000917193,17.9253,3.14
1043,2012-11-09,00:00:00.00,0.013354,17.2765,2.5
1044,2012-11-10,00:00:00.00,0.71011,16.6794,2.14
1045,2012-11-11,00:00:00.00,0.212373,16.1265,1.91
1046,2012-11-12,00:00:00.00,0.00366436,15.6104,1.76
1047,2012-11-13,00:00:00.00,9.7382,16.1948,1.82
1048,2012-11-14,00:00:00.00,0.264221,17.216,2.12
1049,2012-11-15,00:00:00.00,0.00336661,16.5026,2.25
1050,2012-11-16,00:00:00.00,0.00118943,15.3616,2.12
1051,2012-11-17,00:00:00.00,0.00869682,14.8978,1.9
1052,2012-11-18,00:00:00.00,0.000107123,14.464,1.74
1053,2012-11-19,00:00:00.00,0.000639796,14.0572,1.63
1054,2012-11-20,00:00:00.00,0.00618679,13.675,1.56
1055,2012-11-21,00:00:00.00,0,13.3151,1.51
1056,2012-11-22,00:00:00.00,0.018588,12.9756,1.48
1057,2012-11-23,00:00:00.00,0.0219665,12.6547,1.44
1058,2012-11-24,00:00:00.00,4.75765,12.6166,1.42
1059,2012-11-25,00:00:00.00,0.400403,12.7512,1.43
1060,2012-11-26,00:00:00.00,1.55912,12.4987,1.42
1061,2012-11-27,00:00:00.00,0.0502966,12.0884,1.35
1062,2012-11-28,00:00:00.00,0.0029232,11.8131,1.32
1063,2012-11-29,00:00:00.00,0.00830946,11.5513,1.26
1064,2012-11-30,00:00:00.00,0.00556092,11.302,1.2
1065,2012-12-01,00:00:00.00,0.0744601,11.0643,1.18
1066,2012-12-02,00:00:00.00,0.0219268,10.8374,1.17
1067,2012-12-03,00:00:00.00,8.12927,11.3318,1.25
1068,2012-12-04,00:00:00.00,0.216617,12.1358,1.35
1069,2012-12-05,00:00:00.00,7.58315,12.3675,1.92
1070,2012-12-06,00:00:00.00,0.0863737,12.5709,2.52
1071,2012-12-07,00:00:00.00,0.000973865,12.1407,2.8
1072,2012-12-08,00:00:00.00,0.758486,11.4156,2.57
1073,2012-12-09,00:00:00.00,6.27185,11.5975,2.34
1074,2012-12-10,00:00:00.00,2.54436,12.0718,2.28
1075,2012-12-11,00:00:00.00,2.88552,11.9382,2.6
1076,2012-12-12,00:00:00.00,0.460186,11.5337,3.01
1077,2012-12-13,00:00:00.00,0.000672386,11.3073,2.82
1078,2012-12-14,00:00:00.00,0.00100773,11.0661,2.38
1079,2012-12-15,00:00:00.00,0.000773117,10.836,2.11
1080,2012-12-16,00:00:00.00,0.553711,10.6162,1.9
1081,2012-12-17,00:00:00.00,7.22751,11.1387,2.03
1082,2012-12-18,00:00:00.00,0.0582992,11.9779,2.93
1083,2012-12-19,00:00:00.00,0.2601,11.5283,3.57
1084,2012-12-20,00:00:00.00,0.351559,10.7585,3.07
1085,2012-12-21,00:00:00.00,8.63333,11.2882,3
1086,2012-12-22,00:00:00.00,12.651,13.7304,11.1
1087,2012-12-23,00:00:00.00,1.446,15.0129,14.5
1088,2012-12-24,00:00:00.00,0.00211243,13.4069,10.2
1089,2012-12-25,00:00:00.00,0.398404,12.1728,7.88
1090,2012-12-26,00:00:00.00,0.714109,11.8867,5.73
1091,2012-12-27,00:00:00.00,5.16859,11.615,4.21
1092,2012-12-28,00:00:00.00,11.8923,11.3832,3.66
1093,2012-12-29,00:00:00.00,0.3701,11.1676,3.19
1094,2012-12-30,00:00:00.00,3.8782,10.9355,2.65
1095,2012-12-31,00:00:00.00,1.12537,10.7091,2.44
1096,2013-01-01,00:00:00.00,0.0246857,10.4928,2.36
1097,2013-01-02,00:00:00.00,0.645298,10.2859,2.28
1098,2013-01-03,00:00:00.00,0.0179652,10.0878,2.09
1099,2013-01-04,00:00:00.00,0.0498793,9.89793,1.93
1100,2013-01-05,00:00:00.00,0.0134458,9.71574,1.9
1101,2013-01-06,00:00:00.00,0.0120822,9.54075,1.91
1102,2013-01-07,00:00:00.00,2.95784,9.40275,2.14
1103,2013-01-08,00:00:00.00,0.103674,9.27561,2.19
1104,2013-01-09,00:00:00.00,0,9.12293,2.21
1105,2013-01-10,00:00:00.00,0.0395457,8.97014,2.25
1106,2013-01-11,00:00:00.00,0,8.82281,3.03
1107,2013-01-12,00:00:00.00,12.7809,9.89274,12.4
1108,2013-01-13,00:00:00.00,0.0111849,11.4193,47.1
1109,2013-01-14,00:00:00.00,23.5512,13.5737,75.2
1110,2013-01-15,00:00:00.00,2.66967,16.1893,69.4
1111,2013-01-16,00:00:00.00,0.0080607,14.6338,39.7
1112,2013-01-17,00:00:00.00,4.44955e-05,12.0862,26
1113,2013-01-18,00:00:00.00,0.0829382,11.8005,15.9
1114,2013-01-19,00:00:00.00,0.116364,11.5293,9.31
1115,2013-01-20,00:00:00.00,0.0457306,11.2716,6.46
1116,2013-01-21,00:00:00.00,0.25256,11.0263,5.05
1117,2013-01-22,00:00:00.00,0.544814,10.7925,3.72
1118,2013-01-23,00:00:00.00,0.285664,10.5695,2.61
1119,2013-01-24,00:00:00.00,0.487683,10.3564,2.26
1120,2013-01-25,00:00:00.00,2.79246,10.1525,2.18
1121,2013-01-26,00:00:00.00,4.11389,9.95732,2.14
1122,2013-01-27,00:00:00.00,1.85389,9.77022,2.11
1123,2013-01-28,00:00:00.00,0.636899,9.59069,2.15
1124,2013-01-29,00:00:00.00,13.0993,10.1434,2.59
1125,2013-01-30,00:00:00.00,22.6094,14.0792,20.8
1126,2013-01-31,00:00:00.00,7.12745,18.2349,85.9
1127,2013-02-01,00:00:00.00,2.50095,16.7221,65.8
1128,2013-02-02,00:00:00.00,2.09866,13.8163,42.2
1129,2013-02-03,00:00:00.00,3.10383,13.1085,25.2
1130,2013-02-04,00:00:00.00,1.07607,12.7677,15.4
1131,2013-02-05,00:00:00.00,1.24421,12.446,9.55
1132,2013-02-06,00:00:00.00,0.118475,12.1418,6.39
1133,2013-02-07,00:00:00.00,0.289119,11.8536,4.49
1134,2013-02-08,00:00:00.00,0.461183,11.5801,3.25
1135,2013-02-09,00:00:00.00,20.0023,11.6105,2.51
1136,2013-02-10,00:00:00.00,0.197221,11.838,2.21
1137,2013-02-11,00:00:00.00,0.00363021,11.6041,2.22
1138,2013-02-12,00:00:00.00,3.88864,11.3252,3.61
1139,2013-02-13,00:00:00.00,0.044683,11.2468,8.01
1140,2013-02-14,00:00:00.00,0.0119828,11.0299,8.28
1141,2013-02-15,00:00:00.00,2.55913,10.7962,7.65
1142,2013-02-16,00:00:00.00,1.15513,10.5733,7.93
1143,2013-02-17,00:00:00.00,2.02024,10.3602,6.82
1144,2013-02-18,00:00:00.00,0.899304,10.1565,4.63
1145,2013-02-19,00:00:00.00,0.0409006,9.96135,3.49
1146,2013-02-20,00:00:00.00,15.5767,10.6655,14
1147,2013-02-21,00:00:00.00,1.21977,11.7327,25.4
1148,2013-02-22,00:00:00.00,1.25013,11.2032,14.3
1149,2013-02-23,00:00:00.00,3.81039,10.3027,10.1
1150,2013-02-24,00:00:00.00,1.27944,10.1008,11.4
1151,2013-02-25,00:00:00.00,0.780322,9.90735,7.46
1152,2013-02-26,00:00:00.00,0.00662298,9.72191,5.97
1153,2013-02-27,00:00:00.00,2.14825,9.54395,5.67
1154,2013-02-28,00:00:00.00,13.7907,10.0505,19.7
1155,2013-03-01,00:00:00.00,2.43168,10.8812,46.5
1156,2013-03-02,00:00:00.00,0.0399438,10.4821,36.4
1157,2013-03-03,00:00:00.00,0.0194918,9.75427,21
1158,2013-03-04,00:00:00.00,0.205351,9.57438,12.6
1159,2013-03-05,00:00:00.00,0.177154,9.40163,8.1
1160,2013-03-06,00:00:00.00,0.00209672,9.23559,6.33
1161,2013-03-07,00:00:00.00,0.000222188,9.07584,7.35
1162,2013-03-08,00:00:00.00,0.105514,8.92202,10.3
1163,2013-03-09,00:00:00.00,0.0447756,8.7738,8.53
1164,2013-03-10,00:00:00.00,0.00174107,8.63084,10.3
1165,2013-03-11,00:00:00.00,0.00446606,8.49286,16.4
1166,2013-03-12,00:00:00.00,11.9692,9.34928,29.5
1167,2013-03-13,00:00:00.00,6.43399,11.1715,51.9
1168,2013-03-14,00:00:00.00,2.67524,11.0639,46.5
1169,2013-03-15,00:00:00.00,0.682751,9.75727,35
1170,2013-03-16,00:00:00.00,1.2457,9.37158,20.7
1171,2013-03-17,00:00:00.00,3.08427,9.20526,14.5
1172,2013-03-18,00:00:00.00,0.125231,9.04528,10.7
1173,2013-03-19,00:00:00.00,0.882998,8.89127,8.76
1174,2013-03-20,00:00:00.00,1.34114,8.7429,7.63
1175,2013-03-21,00:00:00.00,0.179239,8.59983,6.55
1176,2013-03-22,00:00:00.00,2.14876,8.46177,5.74
1177,2013-03-23,00:00:00.00,1.64035,8.32845,5.16
1178,2013-03-24,00:00:00.00,0.00552706,8.19962,4.67
1179,2013-03-25,00:00:00.00,0.00203166,8.07503,4.4
1180,2013-03-26,00:00:00.00,0.132432,7.95447,4.42
1181,2013-03-27,00:00:00.00,0.0177778,7.83774,4.46
1182,2013-03-28,00:00:00.00,0.0801519,7.72464,4.76
1183,2013-03-29,00:00:00.00,0.213112,7.61499,5.25
1184,2013-03-30,00:00:00.00,0.00530081,7.50863,5.64
1185,2013-03-31,00:00:00.00,0.000197082,7.4054,5.47
1186,2013-04-01,00:00:00.00,0.989428,7.30516,5.08
1187,2013-04-02,00:00:00.00,1.5877,7.20778,4.9
1188,2013-04-03,00:00:00.00,0.216795,7.11311,4.49
1189,2013-04-04,00:00:00.00,0.0932651,7.02105,4.01
1190,2013-04-05,00:00:00.00,0.0164965,6.93148,3.65
1191,2013-04-06,00:00:00.00,0.00190225,6.84428,3.42
1192,2013-04-07,00:00:00.00,0.0234604,6.75938,3.25
1193,2013-04-08,00:00:00.00,0.0416383,6.67665,3.06
1194,2013-04-09,00:00:00.00,4.03526,12.3596,2.98
1195,2013-04-10,00:00:00.00,17.6076,34.3628,3.7
1196,2013-04-11,00:00:00.00,29.9059,56.979,51.1
1197,2013-04-12,00:00:00.00,19.5803,59.1411,103
1198,2013-04-13,00:00:00.00,25.7127,58.5913,174
1199,2013-04-14,00:00:00.00,0.33024,59.1175,135
1200,2013-04-15,00:00:00.00,0.00848514,51.0229,59.1
1201,2013-04-16,00:00:00.00,0.000199995,43.9301,33.2
1202,2013-04-17,00:00:00.00,2.10328,40.0953,20.6
1203,2013-04-18,00:00:00.00,0.00159792,36.8947,14.8
1204,2013-04-19,00:00:00.00,12.1323,35.9469,21
1205,2013-04-20,00:00:00.00,11.9952,38.5742,35.7
1206,2013-04-21,00:00:00.00,0.522794,38.68,25
1207,2013-04-22,00:00:00.00,0.00639821,34.9359,18.9
1208,2013-04-23,00:00:00.00,5.19925e-05,32.115,15.5
1209,2013-04-24,00:00:00.00,0,30.0886,11
1210,2013-04-25,00:00:00.00,16.948,31.4445,9.66
1211,2013-04-26,00:00:00.00,3.75336,34.2324,16
1212,2013-04-27,00:00:00.00,8.02629e-16,32.2621,14.4
1213,2013-04-28,00:00:00.00,2.73909e-05,28.9389,11.7
1214,2013-04-29,00:00:00.00,7.45164,28.0039,9.48
1215,2013-04-30,00:00:00.00,2.14612,27.3233,8.76
1216,2013-05-01,00:00:00.00,0.281188,26.0125,9.01
1217,2013-05-02,00:00:00.00,0.000803631,24.6983,7.95
1218,2013-05-03,00:00:00.00,0,23.5338,6.86
1219,2013-05-04,00:00:00.00,0,22.4832,5.88
1220,2013-05-05,00:00:00.00,0,21.5305,5.12
1221,2013-05-06,00:00:00.00,0.00010888,20.6625,4.56
1222,2013-05-07,00:00:00.00,1.09229e-05,19.8683,4.16
1223,2013-05-08,00:00:00.00,0.00137539,19.1386,3.79
1224,2013-05-09,00:00:00.00,0.998082,18.4659,4.31
1225,2013-05-10,00:00:00.00,0.5825,17.8435,4.41
1226,2013-05-11,00:00:00.00,3.77576,17.2866,3.55
1227,2013-05-12,00:00:00.00,0.589706,16.7721,3.48
1228,2013-05-13,00:00:00.00,3.34656,16.3664,3.38
1229,2013-05-14,00:00:00.00,0.0930036,16.0007,3.24
1230,2013-05-15,00:00:00.00,1.04318,15.5623,3.04
1231,2013-05-16,00:00:00.00,0.57371,15.1329,2.94
1232,2013-05-17,00:00:00.00,0.0128649,14.729,2.88
1233,2013-05-18,00:00:00.00,4.79285e-06,14.3482,2.74
1234,2013-05-19,00:00:00.00,0.00266367,13.9885,2.65
1235,2013-05-20,00:00:00.00,0.0180556,13.6482,2.61
1236,2013-05-21,00:00:00.00,0.0110811,13.3257,2.54
1237,2013-05-22,00:00:00.00,0.0663472,13.0195,2.45
1238,2013-05-23,00:00:00.00,0.178333,12.7283,2.33
1239,2013-05-24,00:00:00.00,1.90059,12.451,2.19
1240,2013-05-25,00:00:00.00,0.745657,12.1867,2.08
1241,2013-05-26,00:00:00.00,0.0455048,11.9343,2.02
1242,2013-05-27,00:00:00.00,0,11.693,1.97
1243,2013-05-28,00:00:00.00,0.0656284,11.462,1.91
1244,2013-05-29,00:00:00.00,29.1177,15.0252,4.05
1245,2013-05-30,00:00:00.00,36.1132,25.8873,33.2
1246,2013-05-31,00:00:00.00,0.0197829,31.2931,36.7
1247,2013-06-01,00:00:00.00,1.7963,25.3448,20.6
1248,2013-06-02,00:00:00.00,3.19986,20.736,17.5
1249,2013-06-03,00:00:00.00,9.1845,20.4654,16.7
1250,2013-06-04,00:00:00.00,0.0575607,20.5085,11.9
1251,2013-06-05,00:00:00.00,0.000642991,19.8093,9.61
1252,2013-06-06,00:00:00.00,0.000839742,18.8786,7.11
1253,2013-06-07,00:00:00.00,0.334111,18.1899,4.98
1254,2013-06-08,00:00:00.00,0.914503,17.5544,4.02
1255,2013-06-09,00:00:00.00,0.0106535,16.9659,3.69
1256,2013-06-10,00:00:00.00,0.369374,16.4195,3.3
1257,2013-06-11,00:00:00.00,13.7316,17.2612,3.01
1258,2013-06-12,00:00:00.00,3.6071,18.6081,3.32
1259,2013-06-13,00:00:00.00,0.507352,17.748,3.76
1260,2013-06-14,00:00:00.00,17.3052,18.4555,5.08
1261,2013-06-15,00:00:00.00,0.111652,20.6785,6.49
1262,2013-06-16,00:00:00.00,0.015656,19.4787,5.15
1263,2013-06-17,00:00:00.00,3.70633,17.5583,3.86
1264,2013-06-18,00:00:00.00,3.48454,16.9661,3.26
1265,2013-06-19,00:00:00.00,2.57782,16.4165,2.91
1266,2013-06-20,00:00:00.00,0.000180916,15.9048,2.9
1267,2013-06-21,00:00:00.00,0.00294734,15.4272,2.65
1268,2013-06-22,00:00:00.00,5.7828e-05,14.9803,2.31
1269,2013-06-23,00:00:00.00,0.296027,14.5612,2.08
1270,2013-06-24,00:00:00.00,0.607981,14.1673,1.94
1271,2013-06-25,00:00:00.00,0.0154929,13.7963,1.81
1272,2013-06-26,00:00:00.00,1.146,13.4462,1.7
1273,2013-06-27,00:00:00.00,4.69219,13.1309,1.62
1274,2013-06-28,00:00:00.00,6.30138,12.9662,1.6
1275,2013-06-29,00:00:00.00,6.78229,13.109,1.75
1276,2013-06-30,00:00:00.00,10.3638,14.0345,2.37
1277,2013-07-01,00:00:00.00,0.00362104,14.6245,3.05
1278,2013-07-02,00:00:00.00,0.557529,13.8458,2.66
1279,2013-07-03,00:00:00.00,0.248295,13.0786,2.25
1280,2013-07-04,00:00:00.00,1.88285,12.7632,1.99
1281,2013-07-05,00:00:00.00,6.63212,12.627,1.79
1282,2013-07-06,00:00:00.00,13.3369,13.9077,4.74
1283,2013-07-07,00:00:00.00,1.79234,15.1511,8.16
1284,2013-07-08,00:00:00.00,9.24156,14.649,5.28
1285,2013-07-09,00:00:00.00,3.83001,14.224,4.33
1286,2013-07-10,00:00:00.00,9.80858,14.3769,10.9
1287,2013-07-11,00:00:00.00,4.66239,14.5808,13.4
1288,2013-07-12,00:00:00.00,0.0293463,14.1915,7.77
1289,2013-07-13,00:00:00.00,0.0272105,13.5172,5.93
1290,2013-07-14,00:00:00.00,5.9927e-05,13.1729,4.33
1291,2013-07-15,00:00:00.00,0,12.8474,3.22
1292,2013-07-16,00:00:00.00,0.0753031,12.5393,2.6
1293,2013-07-17,00:00:00.00,0.0247725,12.2471,2.23
1294,2013-07-18,00:00:00.00,0.753298,11.9696,2
1295,2013-07-19,00:00:00.00,1.52847,11.7057,1.85
1296,2013-07-20,00:00:00.00,0.0948507,11.4542,1.7
1297,2013-07-21,00:00:00.00,3.43191,11.2144,1.57
1298,2013-07-22,00:00:00.00,0.0328531,10.9854,1.48
1299,2013-07-23,00:00:00.00,0.0715002,10.7664,1.39
1300,2013-07-24,00:00:00.00,4.82444,10.6015,1.35
1301,2013-07-25,00:00:00.00,0.0159261,10.4519,1.35
1302,2013-07-26,00:00:00.00,0.0044676,10.2635,1.39
1303,2013-07-27,00:00:00.00,0.0018577,10.0743,1.29
1304,2013-07-28,00:00:00.00,3.88792,9.89975,1.28
1305,2013-07-29,00:00:00.00,2.71176,9.73329,1.24
1306,2013-07-30,00:00:00.00,0.684795,9.56584,1.25
1307,2013-07-31,00:00:00.00,0.00346509,9.40321,1.24
1308,2013-08-01,00:00:00.00,3.77409,9.24645,1.19
1309,2013-08-02,00:00:00.00,27.3332,12.053,1.44
1310,2013-08-03,00:00:00.00,0.696995,15.8407,2.6
1311,2013-08-04,00:00:00.00,3.03684,14.2225,2.27
1312,2013-08-05,00:00:00.00,0.02993,11.5707,1.75
1313,2013-08-06,00:00:00.00,0.000255596,11.318,1.61
1314,2013-08-07,00:00:00.00,1.29968,11.0772,1.43
1315,2013-08-08,00:00:00.00,3.33048,10.8474,1.4
1316,2013-08-09,00:00:00.00,9.23316,11.0999,1.42
1317,2013-08-10,00:00:00.00,0.000141241,11.5933,1.47
1318,2013-08-11,00:00:00.00,0.0152414,11.279,1.32
1319,2013-08-12,00:00:00.00,0.114019,10.726,1.27
1320,2013-08-13,00:00:00.00,0.363499,10.511,1.23
1321,2013-08-14,00:00:00.00,1.83558,10.3053,1.16
1322,2013-08-15,00:00:00.00,2.40519,10.1083,1.17
1323,2013-08-16,00:00:00.00,0.00566764,9.91932,1.15
1324,2013-08-17,00:00:00.00,0.000252935,9.73795,1.12
1325,2013-08-18,00:00:00.00,0.0177447,9.5637,1.08
1326,2013-08-19,00:00:00.00,0.0271222,9.39613,1.09
1327,2013-08-20,00:00:00.00,0.000151277,9.23483,1.03
1328,2013-08-21,00:00:00.00,0.0230045,9.07945,0.967
1329,2013-08-22,00:00:00.00,0.00717183,8.92964,0.946
1330,2013-08-23,00:00:00.00,0.849834,8.78509,0.938
1331,2013-08-24,00:00:00.00,0.226215,8.64552,0.916
1332,2013-08-25,00:00:00.00,0.000619899,8.51065,0.921
1333,2013-08-26,00:00:00.00,0.0249502,8.38024,0.864
1334,2013-08-27,00:00:00.00,0.899445,8.25405,0.85
1335,2013-08-28,00:00:00.00,1.96039,8.13187,0.839
1336,2013-08-29,00:00:00.00,30.5163,11.1917,1.38
1337,2013-08-30,00:00:00.00,0.067842,15.3169,1.76
1338,2013-08-31,00:00:00.00,0.0294354,13.5369,1.91
1339,2013-09-01,00:00:00.00,0.158362,10.6409,1.42
1340,2013-09-02,00:00:00.00,0.271697,10.4244,1.19
1341,2013-09-03,00:00:00.00,0.0976484,10.2173,1.08
1342,2013-09-04,00:00:00.00,0.745002,10.0192,1.02
1343,2013-09-05,00:00:00.00,0.0390312,9.82928,0.975
1344,2013-09-06,00:00:00.00,0.0134461,9.64716,0.94
1345,2013-09-07,00:00:00.00,0.000209479,9.4723,0.899
1346,2013-09-08,00:00:00.00,1.44234,9.30425,0.854
1347,2013-09-09,00:00:00.00,0.774551,9.1426,0.84
1348,2013-09-10,00:00:00.00,0.0381181,8.98698,0.845
1349,2013-09-11,00:00:00.00,0.869794,8.83703,0.821
1350,2013-09-12,00:00:00.00,0.174281,8.69244,0.828
1351,2013-09-13,00:00:00.00,51.8009,15.141,1.18
1352,2013-09-14,00:00:00.00,1.45846,23.696,6.66
1353,2013-09-15,00:00:00.00,0.00488177,20.2829,9.07
1354,2013-09-16,00:00:00.00,0.724122,14.6116,8.59
1355,2013-09-17,00:00:00.00,1.28228,14.1807,5.25
1356,2013-09-18,00:00:00.00,0.0491338,13.7769,2.68
1357,2013-09-19,00:00:00.00,0.0481564,13.3977,1.98
1358,2013-09-20,00:00:00.00,0.0351029,13.0409,1.68
1359,2013-09-21,00:00:00.00,7.7451,13.0808,1.88
1360,2013-09-22,00:00:00.00,81.2551,28.894,18.1
1361,2013-09-23,00:00:00.00,2.96935,48.2288,46.9
1362,2013-09-24,00:00:00.00,0.528998,41.3674,58.7
1363,2013-09-25,00:00:00.00,0.000125986,29.7975,45.2
1364,2013-09-26,00:00:00.00,0,27.9708,18.9
1365,2013-09-27,00:00:00.00,0,26.3663,10.7
1366,2013-09-28,00:00:00.00,0.00231364,24.9461,6.42
1367,2013-09-29,00:00:00.00,0.000205121,23.6804,4.42
1368,2013-09-30,00:00:00.00,0.835393,22.5454,3.57
1369,2013-10-01,00:00:00.00,2.38074,21.5363,3.14
1370,2013-10-02,00:00:00.00,3.46205e-14,20.6244,2.88
1371,2013-10-03,00:00:00.00,0.0063918,19.78,2.56
1372,2013-10-04,00:00:00.00,0.0960844,19.0054,2.39
1373,2013-10-05,00:00:00.00,6.96957,18.758,2.3
1374,2013-10-06,00:00:00.00,4.51177,19.1641,2.35
1375,2013-10-07,00:00:00.00,3.07671,18.9059,3.17
1376,2013-10-08,00:00:00.00,36.0783,24.8227,29
1377,2013-10-09,00:00:00.00,0.000746507,32.6511,37.6
1378,2013-10-10,00:00:00.00,0,29.3845,20.5
1379,2013-10-11,00:00:00.00,0.000633328,24.1337,16.1
1380,2013-10-12,00:00:00.00,0.00191304,22.9685,11.4
1381,2013-10-13,00:00:00.00,0.00211112,21.9189,6.52
1382,2013-10-14,00:00:00.00,2.01666,20.981,4.61
1383,2013-10-15,00:00:00.00,0.04276,20.13,3.83
1384,2013-10-16,00:00:00.00,0.0522335,19.3399,3.37
1385,2013-10-17,00:00:00.00,3.81488,18.815,3.09
1386,2013-10-18,00:00:00.00,6.75037,19.1766,2.99
1387,2013-10-19,00:00:00.00,0.652823,19.3768,2.91
1388,2013-10-20,00:00:00.00,6.34643,19.0286,3.03
1389,2013-10-21,00:00:00.00,0.399738,18.9208,3.06
1390,2013-10-22,00:00:00.00,3.05784,18.5002,3.25
1391,2013-10-23,00:00:00.00,1.74229,17.9178,3.25
1392,2013-10-24,00:00:00.00,1.38865,17.4258,3.39
1393,2013-10-25,00:00:00.00,0.246647,16.8861,3.25
1394,2013-10-26,00:00:00.00,2.43803,16.469,3.09
1395,2013-10-27,00:00:00.00,3.69994,16.3324,3.12
1396,2013-10-28,00:00:00.00,0.87607,16.128,3.91
1397,2013-10-29,00:00:00.00,0.0102997,15.6802,5.68
1398,2013-10-30,00:00:00.00,0.00722907,15.2176,5.6
1399,2013-10-31,00:00:00.00,0.0106898,14.7843,4.33
1400,2013-11-01,00:00:00.00,25.5256,18.3113,4.53
1401,2013-11-02,00:00:00.00,8.30756,24.4122,24.9
1402,2013-11-03,00:00:00.00,6.38048,24.7547,25.6
1403,2013-11-04,00:00:00.00,0.000667988,21.6829,24.5
1404,2013-11-05,00:00:00.00,0.000924655,20.0424,20.1
1405,2013-11-06,00:00:00.00,0.000101735,19.0817,13.1
1406,2013-11-07,00:00:00.00,5.92778,18.8509,8.58
1407,2013-11-08,00:00:00.00,2.82879,19.2312,6.78
1408,2013-11-09,00:00:00.00,0.296863,18.8513,6.82
1409,2013-11-10,00:00:00.00,0.0128306,17.9088,6.48
1410,2013-11-11,00:00:00.00,0.192844,17.2891,6.13
1411,2013-11-12,00:00:00.00,6.42424,17.1379,5.32
1412,2013-11-13,00:00:00.00,6.90356,17.5493,5.21
1413,2013-11-14,00:00:00.00,0.266522,17.2538,5.72
1414,2013-11-15,00:00:00.00,0.00051251,16.4272,6.16
1415,2013-11-16,00:00:00.00,5.17418e-05,15.9128,7.02
1416,2013-11-17,00:00:00.00,0.00232719,15.5598,7.01
1417,2013-11-18,00:00:00.00,6.07486,16.0742,6.55
1418,2013-11-19,00:00:00.00,4.93068,17.388,13.8
1419,2013-11-20,00:00:00.00,0.064278,17.32,10.6
1420,2013-11-21,00:00:00.00,0.00376577,16.1357,6.59
1421,2013-11-22,00:00:00.00,0.142694,15.4796,5.44
1422,2013-11-23,00:00:00.00,10.8334,16.4253,5.81
1423,2013-11-24,00:00:00.00,0.141875,17.8877,9.09
1424,2013-11-25,00:00:00.00,3.56794,17.0281,7.47
1425,2013-11-26,00:00:00.00,0.113297,15.6454,6.04
1426,2013-11-27,00:00:00.00,0.249732,15.1792,5.13
1427,2013-11-28,00:00:00.00,6.07327,14.832,4.53
1428,2013-11-29,00:00:00.00,7.41378,14.5229,4.25
1429,2013-11-30,00:00:00.00,0.906109,14.1431,4.12
1430,2013-12-01,00:00:00.00,0,13.7689,4.12
1431,2013-12-02,00:00:00.00,0.0883501,13.416,4.07
1432,2013-12-03,00:00:00.00,0.0847747,13.0826,4.31
1433,2013-12-04,00:00:00.00,0.101849,12.767,4.73
1434,2013-12-05,00:00:00.00,0.37683,12.4678,5.23
1435,2013-12-06,00:00:00.00,2.55942,12.2985,6.22
1436,2013-12-07,00:00:00.00,8.67458e-05,12.1589,8.82
1437,2013-12-08,00:00:00.00,0.0183371,11.911,15.7
1438,2013-12-09,00:00:00.00,0.0194734,11.6533,19.3
1439,2013-12-10,00:00:00.00,0.610972,11.4076,12.7
1440,2013-12-11,00:00:00.00,0.0426131,11.173,8.59
1441,2013-12-12,00:00:00.00,0.611132,10.9487,6.29
1442,2013-12-13,00:00:00.00,0.115735,10.7341,5.24
1443,2013-12-14,00:00:00.00,0.746285,10.5285,4.92
1444,2013-12-15,00:00:00.00,7.55602,10.3314,4.64
1445,2013-12-16,00:00:00.00,6.39201,10.1421,4.45
1446,2013-12-17,00:00:00.00,0.422505,9.96019,4.28
1447,2013-12-18,00:00:00.00,6.997,9.78523,4.18
1448,2013-12-19,00:00:00.00,1.82934,9.6168,4.12
1449,2013-12-20,00:00:00.00,0.181208,9.45451,4.07
1450,2013-12-21,00:00:00.00,4.5151,9.44333,4.07
1451,2013-12-22,00:00:00.00,9.99035,10.3107,5.06
1452,2013-12-23,00:00:00.00,24.2007,13.3288,33.8
1453,2013-12-24,00:00:00.00,0.274374,15.4802,55.2
1454,2013-12-25,00:00:00.00,6.67996,13.6381,35.2
1455,2013-12-26,00:00:00.00,2.44724,11.7311,28
1456,2013-12-27,00:00:00.00,3.6694,11.4724,21.7
1457,2013-12-28,00:00:00.00,2.21283,11.2261,15.2
1458,2013-12-29,00:00:00.00,0.000870918,10.9911,9.85
1459,2013-12-30,00:00:00.00,0.0404213,10.7668,7.78
1460,2013-12-31,00:00:00.00,0.142016,10.5523,6.65
1461,2014-01-01,00:00:00.00,2.60647,10.347,5.13
1462,2014-01-02,00:00:00.00,0.91771,10.1503,3.92
1463,2014-01-03,00:00:00.00,4.75945,9.9616,3.27
1464,2014-01-04,00:00:00.00,0.266802,9.78043,3.19
1465,2014-01-05,00:00:00.00,0.18883,9.60633,3.23
1466,2014-01-06,00:00:00.00,10.1191,9.49334,3.27
1467,2014-01-07,00:00:00.00,15.5215,9.39474,3.2
1468,2014-01-08,00:00:00.00,0.745621,9.24515,3.09
1469,2014-01-09,00:00:00.00,0.0280517,9.0907,3.04
1470,2014-01-10,00:00:00.00,0.157051,8.94174,3.03
1471,2014-01-11,00:00:00.00,5.26288,8.8292,3.23
1472,2014-01-12,00:00:00.00,21.2069,11.1803,15.4
1473,2014-01-13,00:00:00.00,0.546484,14.2378,54.9
1474,2014-01-14,00:00:00.00,0.0019819,12.8329,54.1
1475,2014-01-15,00:00:00.00,0.0580746,10.6515,53.9
1476,2014-01-16,00:00:00.00,0.270994,10.4371,47.1
1477,2014-01-17,00:00:00.00,2.02507,10.232,32.2
1478,2014-01-18,00:00:00.00,3.40708,10.0466,20.7
1479,2014-01-19,00:00:00.00,4.96246,9.87095,14.5
1480,2014-01-20,00:00:00.00,0.182737,9.69136,10.6
1481,2014-01-21,00:00:00.00,0.588763,9.51681,7.84
1482,2014-01-22,00:00:00.00,0.657371,9.349,5.73
1483,2014-01-23,00:00:00.00,0.586798,9.18754,4.7
1484,2014-01-24,00:00:00.00,2.04473,9.03205,3.96
1485,2014-01-25,00:00:00.00,0.603687,8.88219,3.48
1486,2014-01-26,00:00:00.00,13.8916,8.73763,3.4
1487,2014-01-27,00:00:00.00,3.86716,8.59809,3.32
1488,2014-01-28,00:00:00.00,4.43951,8.46329,3.25
1489,2014-01-29,00:00:00.00,0.0369853,8.33298,3.2
1490,2014-01-30,00:00:00.00,0.0153935,8.20693,3.24
1491,2014-01-31,00:00:00.00,0.00571196,8.08491,3.29
1492,2014-02-01,00:00:00.00,0.714568,7.96673,3.34
1493,2014-02-02,00:00:00.00,10.9868,7.8934,3.36
1494,2014-02-03,00:00:00.00,3.65701,7.83,3.24
1495,2014-02-04,00:00:00.00,0.0413832,7.7272,3.11
1496,2014-02-05,00:00:00.00,0.0160593,7.61967,2.97
1497,2014-02-06,00:00:00.00,18.9727,7.51527,2.84
1498,2014-02-07,00:00:00.00,0.465884,7.41387,2.71
1499,2014-02-08,00:00:00.00,0.0420955,7.31533,2.58
1500,2014-02-09,00:00:00.00,0.351108,7.21951,2.47
1501,2014-02-10,00:00:00.00,6.44039,7.12631,2.37
1502,2014-02-11,00:00:00.00,0.877527,7.0356,2.26
1503,2014-02-12,00:00:00.00,0.481327,6.94729,2.15
1504,2014-02-13,00:00:00.00,0.00571882,6.86127,2.08
1505,2014-02-14,00:00:00.00,0.00530967,6.77744,2.06
1506,2014-02-15,00:00:00.00,1.20751,6.69572,2.04
1507,2014-02-16,00:00:00.00,0.390429,6.61603,2.02
1508,2014-02-17,00:00:00.00,0.444494,6.53828,2
1509,2014-02-18,00:00:00.00,0.0122489,6.4624,2.06
1510,2014-02-19,00:00:00.00,11.0011,6.38831,2.14
1511,2014-02-20,00:00:00.00,0.0448754,6.31596,2.23
1512,2014-02-21,00:00:00.00,5.04323,6.29553,2.75
1513,2014-02-22,00:00:00.00,4.04097,6.47201,5.71
1514,2014-02-23,00:00:00.00,0.00105305,6.52649,12.6
1515,2014-02-24,00:00:00.00,0.00346851,6.36002,23.3
1516,2014-02-25,00:00:00.00,0.132048,6.26481,24
1517,2014-02-26,00:00:00.00,0.0995347,6.19476,19.8
1518,2014-02-27,00:00:00.00,0.183572,6.12631,15.8
1519,2014-02-28,00:00:00.00,0.607996,6.05939,12.8
1520,2014-03-01,00:00:00.00,0.0240109,5.99396,10.7
1521,2014-03-02,00:00:00.00,0.722646,5.92995,9.56
1522,2014-03-03,00:00:00.00,4.57615,5.86732,9.13
1523,2014-03-04,00:00:00.00,0.00319847,5.80603,8.32
1524,2014-03-05,00:00:00.00,0.0267109,5.74602,7.57
1525,2014-03-06,00:00:00.00,0.0102261,5.68726,7.37
1526,2014-03-07,00:00:00.00,6.0071e-05,5.6297,7.32
1527,2014-03-08,00:00:00.00,1.61456e-06,5.57331,6.96
1528,2014-03-09,00:00:00.00,0.0130233,5.51804,7.08
1529,2014-03-10,00:00:00.00,0.0010083,5.46386,7.18
1530,2014-03-11,00:00:00.00,0.020131,5.41075,7.2
1531,2014-03-12,00:00:00.00,0.00625188,5.35865,11.3
1532,2014-03-13,00:00:00.00,12.8261,5.36598,32.4
1533,2014-03-14,00:00:00.00,0.00270092,5.39215,40.9
1534,2014-03-15,00:00:00.00,0.0877469,5.35151,37
1535,2014-03-16,00:00:00.00,0.120293,5.29255,55
1536,2014-03-17,00:00:00.00,0.00915826,5.24251,69.3
1537,2014-03-18,00:00:00.00,0.00127241,5.19341,55.6
1538,2014-03-19,00:00:00.00,0.000497297,5.14521,42.7
1539,2014-03-20,00:00:00.00,3.09943,5.13825,50.6
1540,2014-03-21,00:00:00.00,1.32557,5.13902,85.5
1541,2014-03-22,00:00:00.00,0.0138683,5.09937,76.5
1542,2014-03-23,00:00:00.00,2.3695,5.05658,57.4
1543,2014-03-24,00:00:00.00,0.171948,5.01528,51.2
1544,2014-03-25,00:00:00.00,0.082671,4.97089,34.3
1545,2014-03-26,00:00:00.00,2.23858,4.92658,23.9
1546,2014-03-27,00:00:00.00,0.218028,4.88303,14.2
1547,2014-03-28,00:00:00.00,1.84989,4.84024,9.78
1548,2014-03-29,00:00:00.00,4.74415,4.87832,13
1549,2014-03-30,00:00:00.00,0.035325,5.00466,32.7
1550,2014-03-31,00:00:00.00,0,4.96678,25.2
1551,2014-04-01,00:00:00.00,0,4.84054,26.2
1552,2014-04-02,00:00:00.00,0.0269612,4.79831,30.6
1553,2014-04-03,00:00:00.00,0.000216451,4.7568,32.6
1554,2014-04-04,00:00:00.00,0.335001,4.716,27
1555,2014-04-05,00:00:00.00,8.77267,5.09995,22.9
1556,2014-04-06,00:00:00.00,0.162761,5.6861,28.3
1557,2014-04-07,00:00:00.00,0,5.41438,20.3
1558,2014-04-08,00:00:00.00,1.36082,4.93838,17.3
1559,2014-04-09,00:00:00.00,7.73429,5.23265,22.1
1560,2014-04-10,00:00:00.00,0.000594294,5.70183,20.7
1561,2014-04-11,00:00:00.00,0.229034,5.4899,15.9
1562,2014-04-12,00:00:00.00,1.17014,5.10144,13.3
1563,2014-04-13,00:00:00.00,0.000283833,16.0452,10
1564,2014-04-14,00:00:00.00,6.87899,65.6115,10.3
1565,2014-04-15,00:00:00.00,0.250611,102.409,11.4
1566,2014-04-16,00:00:00.00,6.2884,79.438,9.61
1567,2014-04-17,00:00:00.00,0.0763973,54.9826,8.84
1568,2014-04-18,00:00:00.00,0.00129866,49.0795,8.14
1569,2014-04-19,00:00:00.00,0.0451307,44.3345,7.45
1570,2014-04-20,00:00:00.00,0.000949008,40.4446,6.64
1571,2014-04-21,00:00:00.00,0.000143376,37.2014,5.75
1572,2014-04-22,00:00:00.00,0.000208671,34.4581,5.08
1573,2014-04-23,00:00:00.00,4.94168,32.5292,4.74
1574,2014-04-24,00:00:00.00,1.33932,30.9402,4.71
1575,2014-04-25,00:00:00.00,0.00322151,29.1349,4.52
1576,2014-04-26,00:00:00.00,5.87757,28.0099,4.17
1577,2014-04-27,00:00:00.00,0.192025,27.1168,4.31
1578,2014-04-28,00:00:00.00,1.94326e-05,25.787,4.71
1579,2014-04-29,00:00:00.00,1.44293e-06,24.5011,4.29
1580,2014-04-30,00:00:00.00,21.5655,27.2374,7.93
1581,2014-05-01,00:00:00.00,11.0493,33.2268,41.4
1582,2014-05-02,00:00:00.00,1.3247,32.9166,31.1
1583,2014-05-03,00:00:00.00,1.44981,28.6341,19.4
1584,2014-05-04,00:00:00.00,6.83442,27.196,15.5
1585,2014-05-05,00:00:00.00,0.571437,26.488,14.8
1586,2014-05-06,00:00:00.00,0.00200321,25.246,12.2
1587,2014-05-07,00:00:00.00,0.0017116,24.0208,9.63
1588,2014-05-08,00:00:00.00,0.713884,22.9186,7.85
1589,2014-05-09,00:00:00.00,0.69363,21.9215,6.72
1590,2014-05-10,00:00:00.00,1.05144,21.0152,6.13
1591,2014-05-11,00:00:00.00,3.66335,20.2113,6.32
1592,2014-05-12,00:00:00.00,0.0118083,19.4787,5.93
1593,2014-05-13,00:00:00.00,6.64265,19.0826,5.1
1594,2014-05-14,00:00:00.00,4.62619,18.817,5.22
1595,2014-05-15,00:00:00.00,6.90797,18.6313,7.55
1596,2014-05-16,00:00:00.00,30.6346,24.237,66.7
1597,2014-05-17,00:00:00.00,0.073844,30.4812,87.2
1598,2014-05-18,00:00:00.00,0.210277,27.3945,33.7
1599,2014-05-19,00:00:00.00,0.275679,23.0869,22.8
1600,2014-05-20,00:00:00.00,0.0326251,22.0621,14
1601,2014-05-21,00:00:00.00,3.76021,21.1646,8.62
1602,2014-05-22,00:00:00.00,13.8917,22.0367,8.96
1603,2014-05-23,00:00:00.00,0.274805,23.4373,10.7
1604,2014-05-24,00:00:00.00,0.217063,22.2405,11.5
1605,2014-05-25,00:00:00.00,0.0409996,20.5099,9.95
1606,2014-05-26,00:00:00.00,0.000108799,19.7129,6.81
1607,2014-05-27,00:00:00.00,0.000115272,18.9814,5.35
1608,2014-05-28,00:00:00.00,6.46469,18.508,4.56
1609,2014-05-29,00:00:00.00,1.93908,18.108,4.39
1610,2014-05-30,00:00:00.00,0.0194476,17.5362,4.74
1611,2014-05-31,00:00:00.00,0.00032569,16.968,3.99
1612,2014-06-01,00:00:00.00,6.7029e-05,16.439,3.43
1613,2014-06-02,00:00:00.00,0.00531217,15.9454,3.07
1614,2014-06-03,00:00:00.00,1.30121,15.4835,2.86
1615,2014-06-04,00:00:00.00,6.52123,15.2385,2.99
1616,2014-06-05,00:00:00.00,0.0251037,15.0432,3.51
1617,2014-06-06,00:00:00.00,0.0882963,14.6707,3.09
1618,2014-06-07,00:00:00.00,0,14.2844,2.73
1619,2014-06-08,00:00:00.00,0,13.92,2.46
1620,2014-06-09,00:00:00.00,1.95559,13.5755,2.29
1621,2014-06-10,00:00:00.00,0.000110038,13.2494,2.2
1622,2014-06-11,00:00:00.00,0.000815102,12.9401,2.14
1623,2014-06-12,00:00:00.00,1.62589,12.6463,2.04
1624,2014-06-13,00:00:00.00,5.2703,12.4423,2.11
1625,2014-06-14,00:00:00.00,1.8006,12.2619,2.35
1626,2014-06-15,00:00:00.00,0.00357273,12.014,2.43
1627,2014-06-16,00:00:00.00,0.000167423,11.7632,2.2
1628,2014-06-17,00:00:00.00,0.060591,11.5236,2.01
1629,2014-06-18,00:00:00.00,0.0207129,11.2944,1.84
1630,2014-06-19,00:00:00.00,11.2529,11.7943,1.75
1631,2014-06-20,00:00:00.00,1.29813,12.599,1.79
1632,2014-06-21,00:00:00.00,0.0261351,12.153,2
1633,2014-06-22,00:00:00.00,0.00521731,11.398,1.85
1634,2014-06-23,00:00:00.00,1.15119e-06,11.1702,1.74
1635,2014-06-24,00:00:00.00,0.69621,10.9522,1.6
1636,2014-06-25,00:00:00.00,15.398,12.061,1.68
1637,2014-06-26,00:00:00.00,1.03648,13.6499,1.95
1638,2014-06-27,00:00:00.00,0.0105982,12.8973,2.07
1639,2014-06-28,00:00:00.00,0.0288994,11.6464,1.97
1640,2014-06-29,00:00:00.00,0.0238839,11.4024,1.81
1641,2014-06-30,00:00:00.00,12.6357,12.053,1.65
1642,2014-07-01,00:00:00.00,0.605805,13.0608,1.63
1643,2014-07-02,00:00:00.00,2.3621,12.5266,1.88
1644,2014-07-03,00:00:00.00,0.0531689,11.6283,1.87
1645,2014-07-04,00:00:00.00,0.529076,11.3822,1.68
1646,2014-07-05,00:00:00.00,1.90757e-05,11.1474,1.5
1647,2014-07-06,00:00:00.00,0,10.9229,1.38
1648,2014-07-07,00:00:00.00,0.000208056,10.7081,1.26
1649,2014-07-08,00:00:00.00,31.1344,14.1796,3.15
1650,2014-07-09,00:00:00.00,36.4006,24.6271,7.41
1651,2014-07-10,00:00:00.00,0.127677,29.6937,23.9
1652,2014-07-11,00:00:00.00,0.0223995,23.8717,16.6
1653,2014-07-12,00:00:00.00,0.000314453,19.4576,8.95
1654,2014-07-13,00:00:00.00,8.39814e-06,18.6977,5.34
1655,2014-07-14,00:00:00.00,3.12838,17.9999,3.42
1656,2014-07-15,00:00:00.00,0.265963,17.357,2.68
1657,2014-07-16,00:00:00.00,2.37467,16.7625,2.29
1658,2014-07-17,00:00:00.00,0.705829,16.2112,2.06
1659,2014-07-18,00:00:00.00,0.133311,15.6985,1.86
1660,2014-07-19,00:00:00.00,0.00719964,15.2204,1.68
1661,2014-07-20,00:00:00.00,3.49417,14.7734,1.54
1662,2014-07-21,00:00:00.00,1.81766,14.3545,1.5
1663,2014-07-22,00:00:00.00,2.1689e-05,13.9611,1.64
1664,2014-07-23,00:00:00.00,5.65042e-09,13.5909,1.51
1665,2014-07-24,00:00:00.00,1.80484,13.2417,1.4
1666,2014-07-25,00:00:00.00,0.000105469,12.9119,1.32
1667,2014-07-26,00:00:00.00,4.45325e-05,12.5997,1.25
1668,2014-07-27,00:00:00.00,0.0761832,12.3038,1.19
1669,2014-07-28,00:00:00.00,6.96705,12.2112,1.17
1670,2014-07-29,00:00:00.00,8.59416,12.9414,1.31
1671,2014-07-30,00:00:00.00,0.0976549,13.3707,1.46
1672,2014-07-31,00:00:00.00,0.338483,12.7006,1.41
1673,2014-08-01,00:00:00.00,0.84689,12.1389,1.39
1674,2014-08-02,00:00:00.00,3.05674,11.8644,1.33
1675,2014-08-03,00:00:00.00,1.24878,11.6033,1.26
1676,2014-08-04,00:00:00.00,0.321974,11.3546,1.21
1677,2014-08-05,00:00:00.00,6.6289,11.2761,1.25
1678,2014-08-06,00:00:00.00,10.6858,12.2207,1.33
1679,2014-08-07,00:00:00.00,0.00678266,12.9963,1.47
1680,2014-08-08,00:00:00.00,0.00149964,12.2556,1.53
1681,2014-08-09,00:00:00.00,0.000341938,11.5148,1.28
1682,2014-08-10,00:00:00.00,6.45229e-06,11.2681,1.17
1683,2014-08-11,00:00:00.00,0,11.0328,1.08
1684,2014-08-12,00:00:00.00,6.66315,10.9807,1.06
1685,2014-08-13,00:00:00.00,13.9634,12.4848,1.12
1686,2014-08-14,00:00:00.00,1.32031,13.9157,1.5
1687,2014-08-15,00:00:00.00,0.0864715,12.8878,1.36
1688,2014-08-16,00:00:00.00,0.000564204,11.7371,1.23
1689,2014-08-17,00:00:00.00,1.09861,11.4774,1.19
1690,2014-08-18,00:00:00.00,0.557944,11.23,1.13
1691,2014-08-19,00:00:00.00,0.000265093,10.9942,1.11
1692,2014-08-20,00:00:00.00,2.09245,10.769,1.07
1693,2014-08-21,00:00:00.00,8.92873,10.9993,1.06
1694,2014-08-22,00:00:00.00,3.14002,11.462,1.07
1695,2014-08-23,00:00:00.00,0.00814997,11.1631,1.42
1696,2014-08-24,00:00:00.00,0.0401288,10.6344,1.29
1697,2014-08-25,00:00:00.00,0.0181916,10.4241,1.23
1698,2014-08-26,00:00:00.00,0.00031017,10.2227,1.11
1699,2014-08-27,00:00:00.00,0.234231,10.0297,1.04
1700,2014-08-28,00:00:00.00,0.0472111,9.84448,0.986
1701,2014-08-29,00:00:00.00,1.70358e-05,9.66662,0.923
1702,2014-08-30,00:00:00.00,0.000713272,9.49564,0.877
1703,2014-08-31,00:00:00.00,0.000255721,9.33113,0.844
1704,2014-09-01,00:00:00.00,0.382411,9.1727,0.841
1705,2014-09-02,00:00:00.00,5.73707,9.1327,0.894
1706,2014-09-03,00:00:00.00,28.6253,12.5392,0.997
1707,2014-09-04,00:00:00.00,0.102003,16.6198,1.58
1708,2014-09-05,00:00:00.00,0,14.6387,1.52
1709,2014-09-06,00:00:00.00,5.67568,11.9475,1.44
1710,2014-09-07,00:00:00.00,49.153,19.4679,6.01
1711,2014-09-08,00:00:00.00,0.00430234,28.7953,12.7
1712,2014-09-09,00:00:00.00,0.0127545,25.0128,7.25
1713,2014-09-10,00:00:00.00,0.112272,19.0356,4.97
1714,2014-09-11,00:00:00.00,42.9038,26.1368,3.96
1715,2014-09-12,00:00:00.00,8.71617,36.8394,17
1716,2014-09-13,00:00:00.00,2.31463,34.2889,21.8
1717,2014-09-14,00:00:00.00,7.98067,28.429,13.3
1718,2014-09-15,00:00:00.00,0.00659147,27.749,15.6
1719,2014-09-16,00:00:00.00,0.004149,26.3414,10.7
1720,2014-09-17,00:00:00.00,3.411,25.0076,6.22
1721,2014-09-18,00:00:00.00,9.7335e-05,23.9167,4.57
1722,2014-09-19,00:00:00.00,0.000243528,22.7904,3.59
1723,2014-09-20,00:00:00.00,0.000151859,21.7483,2.93
1724,2014-09-21,00:00:00.00,0.0329239,20.8046,2.51
1725,2014-09-22,00:00:00.00,13.4054,21.6597,5.01
1726,2014-09-23,00:00:00.00,3.06233,23.3698,11.1
1727,2014-09-24,00:00:00.00,0.0002412,22.3253,7.31
1728,2014-09-25,00:00:00.00,0.00170919,20.4442,5.62
1729,2014-09-26,00:00:00.00,0.00290228,19.6201,3.93
1730,2014-09-27,00:00:00.00,0,18.8656,2.87
1731,2014-09-28,00:00:00.00,0.0121774,18.1722,2.38
1732,2014-09-29,00:00:00.00,0.0143915,17.5325,2.11
1733,2014-09-30,00:00:00.00,0.050727,16.9407,1.92
1734,2014-10-01,00:00:00.00,17.8271,18.8837,1.88
1735,2014-10-02,00:00:00.00,0.602637,21.6325,2.05
1736,2014-10-03,00:00:00.00,0.000119707,20.2461,2.5
1737,2014-10-04,00:00:00.00,10.8447,19.191,2.76
1738,2014-10-05,00:00:00.00,8.91589,21.6102,6.58
1739,2014-10-06,00:00:00.00,0.17363,22.0675,8.38
1740,2014-10-07,00:00:00.00,3.7008,20.3225,6.82
1741,2014-10-08,00:00:00.00,8.41904,20.4304,7.2
1742,2014-10-09,00:00:00.00,0.0157361,20.9019,7.02
1743,2014-10-10,00:00:00.00,0.0179699,19.8725,6.78
1744,2014-10-11,00:00:00.00,0.000279642,18.7592,5.99
1745,2014-10-12,00:00:00.00,0.557543,18.0758,4.44
1746,2014-10-13,00:00:00.00,6.95328e-05,17.4449,3.49
1747,2014-10-14,00:00:00.00,4.02196,17.0671,3.06
1748,2014-10-15,00:00:00.00,1.25551,16.7549,2.9
1749,2014-10-16,00:00:00.00,13.5081,17.9737,6.17
1750,2014-10-17,00:00:00.00,0.618905,19.7527,11
1751,2014-10-18,00:00:00.00,1.36012,18.7145,8.54
1752,2014-10-19,00:00:00.00,7.44096,17.7383,7.75
1753,2014-10-20,00:00:00.00,0.316242,18.1533,7.08
1754,2014-10-21,00:00:00.00,2.32707,17.652,6.21
1755,2014-10-22,00:00:00.00,2.42722,16.9555,5.91
1756,2014-10-23,00:00:00.00,0.00978096,16.5392,5.89
1757,2014-10-24,00:00:00.00,0.0146744,16.0354,5.19
1758,2014-10-25,00:00:00.00,0.0105649,15.5472,4.46
1759,2014-10-26,00:00:00.00,0.0199358,15.0908,3.91
1760,2014-10-27,00:00:00.00,4.60321e-05,14.6631,3.5
1761,2014-10-28,00:00:00.00,0.124928,14.2614,3.18
1762,2014-10-29,00:00:00.00,2.863,13.9804,2.96
1763,2014-10-30,00:00:00.00,0.104028,13.7334,2.86
1764,2014-10-31,00:00:00.00,0.725337,13.4031,2.79
1765,2014-11-01,00:00:00.00,5.765,13.4759,2.71
1766,2014-11-02,00:00:00.00,3.23911,14.0492,2.91
1767,2014-11-03,00:00:00.00,0.0350943,13.8613,3.7
1768,2014-11-04,00:00:00.00,0.0606934,13.1781,3.38
1769,2014-11-05,00:00:00.00,2.06678,12.9225,3.1
1770,2014-11-06,00:00:00.00,1.19595,12.7031,2.88
1771,2014-11-07,00:00:00.00,5.20174,12.7632,2.79
1772,2014-11-08,00:00:00.00,5.32841,13.6262,4.51
1773,2014-11-09,00:00:00.00,3.48798,14.191,12.9
1774,2014-11-10,00:00:00.00,0.156648,13.5941,10.1
1775,2014-11-11,00:00:00.00,0.0212292,12.947,7.42
1776,2014-11-12,00:00:00.00,0.0024006,12.6353,5.7
1777,2014-11-13,00:00:00.00,0.0347246,12.3398,4.7
1778,2014-11-14,00:00:00.00,0.157688,12.0591,3.98
1779,2014-11-15,00:00:00.00,0.12542,11.7922,3.49
1780,2014-11-16,00:00:00.00,0.103019,11.5381,3.15
1781,2014-11-17,00:00:00.00,0.57231,11.2957,2.89
1782,2014-11-18,00:00:00.00,7.7267,11.1127,2.8
1783,2014-11-19,00:00:00.00,0.310765,10.9469,2.56
1784,2014-11-20,00:00:00.00,5.76099,10.7396,2.34
1785,2014-11-21,00:00:00.00,3.85152,10.5319,2.22
1786,2014-11-22,00:00:00.00,0.210129,10.3328,2.15
1787,2014-11-23,00:00:00.00,1.23773,10.1418,2.3
1788,2014-11-24,00:00:00.00,2.77948,10.0642,7.09
1789,2014-11-25,00:00:00.00,23.8446,13.2358,40.4
1790,2014-11-26,00:00:00.00,0.171175,17.0584,51.4
1791,2014-11-27,00:00:00.00,0.0221143,15.2228,27.3
1792,2014-11-28,00:00:00.00,2.31201,12.5836,24.2
1793,2014-11-29,00:00:00.00,0.0938599,12.303,16.3
1794,2014-11-30,00:00:00.00,1.06464,12.0198,9.83
1795,2014-12-01,00:00:00.00,0.241911,11.7477,7.28
1796,2014-12-02,00:00:00.00,0.298659,11.4888,7
1797,2014-12-03,00:00:00.00,0.0784225,11.2423,6.48
1798,2014-12-04,00:00:00.00,0.234286,11.0071,5.68
1799,2014-12-05,00:00:00.00,0,10.7825,4.89
1800,2014-12-06,00:00:00.00,0.00112113,10.5678,4.28
1801,2014-12-07,00:00:00.00,4.61975e-06,10.3623,3.88
1802,2014-12-08,00:00:00.00,1.21467e-06,10.1654,3.57
1803,2014-12-09,00:00:00.00,0.000635561,9.97652,3.3
1804,2014-12-10,00:00:00.00,0.137133,9.79515,3.19
1805,2014-12-11,00:00:00.00,0.0610055,9.62085,3.1
1806,2014-12-12,00:00:00.00,0.000600892,9.45317,2.99
1807,2014-12-13,00:00:00.00,0.0159915,9.29173,2.86
1808,2014-12-14,00:00:00.00,0.204048,9.13617,2.78
1809,2014-12-15,00:00:00.00,0.217928,8.98615,2.68
1810,2014-12-16,00:00:00.00,0.325104,8.84136,2.66
1811,2014-12-17,00:00:00.00,6.61714,9.18352,2.71
1812,2014-12-18,00:00:00.00,3.02703,11.7851,3.11
1813,2014-12-19,00:00:00.00,0.334655,13.862,4.85
1814,2014-12-20,00:00:00.00,0.0716163,12.2177,5.04
1815,2014-12-21,00:00:00.00,0.0204079,10.5771,4.74
1816,2014-12-22,00:00:00.00,0.00116498,10.3663,4.09
1817,2014-12-23,00:00:00.00,4.7234e-06,10.1646,3.62
1818,2014-12-24,00:00:00.00,0.219989,9.97127,3.34
1819,2014-12-25,00:00:00.00,10.4217,10.787,3.95
1820,2014-12-26,00:00:00.00,8.87957,13.9804,22.6
1821,2014-12-27,00:00:00.00,0.00594731,15.7186,17.9
1822,2014-12-28,00:00:00.00,0.198572,13.7308,11.9
1823,2014-12-29,00:00:00.00,2.25434,12.2512,9.81
1824,2014-12-30,00:00:00.00,0.0673195,12.09,7.19
1825,2014-12-31,00:00:00.00,0.0175335,11.8265,5.23
