time,date,hour,precip [mm/day],02GE007 [m3/s],02GE007 (observed) [m3/s]
0,2010-01-01,00:00:00.00,---,0,
1,2010-01-02,00:00:00.00,0.00960979,0.000710797,0.329
2,2010-01-03,00:00:00.00,0.0331304,0.00142166,0.2
3,2010-01-04,00:00:00.00,0.103374,0.0014218,0.131
4,2010-01-05,00:00:00.00,1.15986,0.00142193,0.13
5,2010-01-06,00:00:00.00,0.896435,0.00142206,0.132
6,2010-01-07,00:00:00.00,0.157373,0.00142218,0.14
7,2010-01-08,00:00:00.00,1.62774,0.0014223,0.148
8,2010-01-09,00:00:00.00,5.99364,0.00142241,0.144
9,2010-01-10,00:00:00.00,0.277115,0.00142252,0.139
10,2010-01-11,00:00:00.00,0.0216915,0.00142262,0.122
11,2010-01-12,00:00:00.00,1.21325,0.00142272,0.117
12,2010-01-13,00:00:00.00,0.221033,0.00142282,0.115
13,2010-01-14,00:00:00.00,0.000191285,0.00142291,0.117
14,2010-01-15,00:00:00.00,3.80665e-308,0.001423,0.114
15,2010-01-16,00:00:00.00,0.00426638,0.00142308,0.121
16,2010-01-17,00:00:00.00,0.00015649,0.00142316,0.129
17,2010-01-18,00:00:00.00,0.0021703,0.00142323,0.137
18,2010-01-19,00:00:00.00,0.00260898,0.0014233,0.139
19,2010-01-20,00:00:00.00,0.125586,0.00142337,0.137
20,2010-01-21,00:00:00.00,0.12248,0.00142343,0.136
21,2010-01-22,00:00:00.00,0.00239694,0.00142349,0.128
22,2010-01-23,00:00:00.00,0.0158076,0.00142354,0.127
23,2010-01-24,00:00:00.00,0.138047,0.00142359,0.137
24,2010-01-25,00:00:00.00,11.5321,0.572732,1.54
25,2010-01-26,00:00:00.00,9.36737,3.03028,18.3
26,2010-01-27,00:00:00.00,1.69235,2.53207,8.95
27,2010-01-28,00:00:00.00,0.224856,0.147312,2.9
28,2010-01-29,00:00:00.00,0.796318,0.146661,2.13
29,2010-01-30,00:00:00.00,0.000310954,0.145952,0.7
30,2010-01-31,00:00:00.00,0.00297537,0.145192,0.25
31,2010-02-01,00:00:00.00,0.0153568,0.144387,0.19
32,2010-02-02,00:00:00.00,0.0275436,0.143541,0.155
33,2010-02-03,00:00:00.00,0.310211,0.14266,0.123
34,2010-02-04,00:00:00.00,0.538999,0.141748,0.128
35,2010-02-05,00:00:00.00,0.00444687,0.140809,0.12
36,2010-02-06,00:00:00.00,0.00681359,0.139845,0.116
37,2010-02-07,00:00:00.00,0.0292113,0.138862,0.113
38,2010-02-08,00:00:00.00,0.0377781,0.13786,0.11
39,2010-02-09,00:00:00.00,0.027611,0.136843,0.109
40,2010-02-10,00:00:00.00,6.12604,0.135814,0.109
41,2010-02-11,00:00:00.00,12.4333,0.223094,0.11
42,2010-02-12,00:00:00.00,1.96335,0.232103,0.113
43,2010-02-13,00:00:00.00,0.00657292,0.152653,0.117
44,2010-02-14,00:00:00.00,0.013621,0.151327,0.121
45,2010-02-15,00:00:00.00,0.0206852,0.149996,0.119
46,2010-02-16,00:00:00.00,0.0768496,0.14866,0.117
47,2010-02-17,00:00:00.00,0.423366,0.147323,0.119
48,2010-02-18,00:00:00.00,0.0239297,0.145985,0.119
49,2010-02-19,00:00:00.00,0.00388688,0.144648,0.119
50,2010-02-20,00:00:00.00,0.000698373,0.143314,0.129
51,2010-02-21,00:00:00.00,0.000264652,0.141984,0.142
52,2010-02-22,00:00:00.00,0,0.140659,0.157
53,2010-02-23,00:00:00.00,11.3419,0.394828,0.171
54,2010-02-24,00:00:00.00,0.196031,0.417305,0.179
55,2010-02-25,00:00:00.00,0.0238524,0.183944,0.203
56,2010-02-26,00:00:00.00,0.0493771,0.181933,0.19
57,2010-02-27,00:00:00.00,2.51977,0.17993,0.16
58,2010-02-28,00:00:00.00,2.08466,0.177939,0.139
59,2010-03-01,00:00:00.00,0.0793742,0.175961,0.157
60,2010-03-02,00:00:00.00,0.00760834,0.173997,0.484
61,2010-03-03,00:00:00.00,0.00251946,0.17205,1.92
62,2010-03-04,00:00:00.00,6.1472e-308,0.170119,3.02
63,2010-03-05,00:00:00.00,0,0.168207,4.5
64,2010-03-06,00:00:00.00,0,0.166314,3.45
65,2010-03-07,00:00:00.00,8.73652e-308,0.164442,3.09
66,2010-03-08,00:00:00.00,0.000105717,0.162589,3.41
67,2010-03-09,00:00:00.00,0.000435755,0.160758,4.22
68,2010-03-10,00:00:00.00,0.00183911,4.2376,3.72
69,2010-03-11,00:00:00.00,0.142713,5.13049,3.78
70,2010-03-12,00:00:00.00,0.000469026,1.86827,3.76
71,2010-03-13,00:00:00.00,5.02992,1.92791,6.16
72,2010-03-14,00:00:00.00,14.7209,3.92568,9.12
73,2010-03-15,00:00:00.00,8.01994,5.44062,13.1
74,2010-03-16,00:00:00.00,0.0258162,4.70036,5.62
75,2010-03-17,00:00:00.00,3.118e-308,4.00734,2.89
76,2010-03-18,00:00:00.00,0.000232434,3.47578,2.03
77,2010-03-19,00:00:00.00,0.000274694,3.05664,1.61
78,2010-03-20,00:00:00.00,0,2.71868,1.15
79,2010-03-21,00:00:00.00,0.000394469,2.44111,0.838
80,2010-03-22,00:00:00.00,0.0207425,2.20957,0.646
81,2010-03-23,00:00:00.00,4.61506,2.1953,0.531
82,2010-03-24,00:00:00.00,0.753862,2.1836,0.639
83,2010-03-25,00:00:00.00,0.00396784,1.99246,0.533
84,2010-03-26,00:00:00.00,4.96072,2.02176,0.487
85,2010-03-27,00:00:00.00,0.000491453,2.04713,0.534
86,2010-03-28,00:00:00.00,0.000210571,1.87628,0.413
87,2010-03-29,00:00:00.00,8.91408,2.47902,0.576
88,2010-03-30,00:00:00.00,4.43181,2.95115,2.45
89,2010-03-31,00:00:00.00,0.0679561,2.60195,1.88
90,2010-04-01,00:00:00.00,0.0587014,2.34579,1.17
91,2010-04-02,00:00:00.00,0.0406074,2.1307,0.856
92,2010-04-03,00:00:00.00,0,1.94787,0.673
93,2010-04-04,00:00:00.00,0.0173659,1.79077,0.54
94,2010-04-05,00:00:00.00,0.00715227,1.65452,0.435
95,2010-04-06,00:00:00.00,0.0768199,1.53537,0.361
96,2010-04-07,00:00:00.00,2.38005,1.43039,0.409
97,2010-04-08,00:00:00.00,13.0533,2.50269,0.927
98,2010-04-09,00:00:00.00,30.6495,8.60292,22.9
99,2010-04-10,00:00:00.00,0.0219304,10.53,12.5
100,2010-04-11,00:00:00.00,2.372e-308,6.73753,3.32
101,2010-04-12,00:00:00.00,0.0253083,5.47948,2.01
102,2010-04-13,00:00:00.00,0,4.58358,1.4
103,2010-04-14,00:00:00.00,0.15745,3.9167,0.968
104,2010-04-15,00:00:00.00,0.0362829,3.40319,0.737
105,2010-04-16,00:00:00.00,0.0210833,2.99705,0.605
106,2010-04-17,00:00:00.00,0.00831986,2.66877,0.543
107,2010-04-18,00:00:00.00,0.0085517,2.39858,0.443
108,2010-04-19,00:00:00.00,0.0135151,2.17282,0.343
109,2010-04-20,00:00:00.00,3.2049e-308,1.98171,0.281
110,2010-04-21,00:00:00.00,3.78761e-308,1.81811,0.248
111,2010-04-22,00:00:00.00,0.000831766,1.67667,0.237
112,2010-04-23,00:00:00.00,0.000246318,1.55335,0.221
113,2010-04-24,00:00:00.00,1.12637e-308,1.44499,0.194
114,2010-04-25,00:00:00.00,1.39291,1.34912,0.181
115,2010-04-26,00:00:00.00,10.0771,1.96897,0.303
116,2010-04-27,00:00:00.00,4.38299,2.30816,0.414
117,2010-04-28,00:00:00.00,0.00067994,1.90191,0.311
118,2010-04-29,00:00:00.00,0.00278863,1.75165,0.225
119,2010-04-30,00:00:00.00,0.0398042,1.62094,0.201
120,2010-05-01,00:00:00.00,0.726524,1.50632,0.195
121,2010-05-02,00:00:00.00,2.38983,1.40511,0.207
122,2010-05-03,00:00:00.00,4.13911,1.34386,0.236
123,2010-05-04,00:00:00.00,3.24492,1.28927,0.251
124,2010-05-05,00:00:00.00,0.295874,1.21166,0.224
125,2010-05-06,00:00:00.00,5.99876,1.23949,0.179
126,2010-05-07,00:00:00.00,2.45933,1.26472,0.311
127,2010-05-08,00:00:00.00,8.8796,1.75856,0.562
128,2010-05-09,00:00:00.00,22.7099,5.24822,6.95
129,2010-05-10,00:00:00.00,0.677769,6.32434,2.56
130,2010-05-11,00:00:00.00,0.0127318,4.12937,1.41
131,2010-05-12,00:00:00.00,25.3153,8.27616,4.79
132,2010-05-13,00:00:00.00,3.72279,10.4732,18.3
133,2010-05-14,00:00:00.00,10.9521,8.82527,7.02
134,2010-05-15,00:00:00.00,2.39791,8.36258,11.1
135,2010-05-16,00:00:00.00,2.66927e-308,6.57334,3.87
136,2010-05-17,00:00:00.00,3.15459e-308,5.36469,1.98
137,2010-05-18,00:00:00.00,1.00665,4.49919,1.41
138,2010-05-19,00:00:00.00,14.0549,5.48386,3.01
139,2010-05-20,00:00:00.00,0.00633629,6.00929,3.5
140,2010-05-21,00:00:00.00,0.00352018,4.7766,1.82
141,2010-05-22,00:00:00.00,0.0854598,4.06345,1.2
142,2010-05-23,00:00:00.00,12.4966,4.64258,0.942
143,2010-05-24,00:00:00.00,0.00878153,4.9736,0.822
144,2010-05-25,00:00:00.00,0.0151293,4.10683,0.643
145,2010-05-26,00:00:00.00,0.000320798,3.55249,0.516
146,2010-05-27,00:00:00.00,0.0166691,3.11724,0.445
147,2010-05-28,00:00:00.00,0.45084,2.76753,0.395
148,2010-05-29,00:00:00.00,0.0822265,2.48114,0.337
149,2010-05-30,00:00:00.00,0.124598,2.24283,0.285
150,2010-05-31,00:00:00.00,0.0914373,2.04183,0.245
151,2010-06-01,00:00:00.00,0.352439,1.8703,0.228
152,2010-06-02,00:00:00.00,8.32231,1.95831,0.248
153,2010-06-03,00:00:00.00,11.7141,2.84901,0.381
154,2010-06-04,00:00:00.00,0.116394,3.14329,0.559
155,2010-06-05,00:00:00.00,0.0766771,2.57663,0.37
156,2010-06-06,00:00:00.00,2.84396,2.32431,0.551
157,2010-06-07,00:00:00.00,53.4592,14.7986,24.3
158,2010-06-08,00:00:00.00,4.88396,20.7991,17.3
159,2010-06-09,00:00:00.00,0.0181084,12.1476,4.25
160,2010-06-10,00:00:00.00,7.863,9.62293,1.95
161,2010-06-11,00:00:00.00,0.336157,8.13231,1.65
162,2010-06-12,00:00:00.00,0.012291,6.42123,0.931
163,2010-06-13,00:00:00.00,0.0554235,5.25723,0.668
164,2010-06-14,00:00:00.00,0.0186302,4.41949,0.537
165,2010-06-15,00:00:00.00,0.0274385,3.79093,0.441
166,2010-06-16,00:00:00.00,0.442419,3.30392,0.375
167,2010-06-17,00:00:00.00,0.203062,2.91682,0.295
168,2010-06-18,00:00:00.00,0.295104,2.60264,0.248
169,2010-06-19,00:00:00.00,0.214229,2.34319,0.206
170,2010-06-20,00:00:00.00,0.337251,2.12576,0.186
171,2010-06-21,00:00:00.00,0.0592447,1.94126,0.171
172,2010-06-22,00:00:00.00,0,1.78296,0.148
173,2010-06-23,00:00:00.00,0.192207,1.64586,0.139
174,2010-06-24,00:00:00.00,3.29498,1.52611,0.138
175,2010-06-25,00:00:00.00,3.91918,1.42075,0.253
176,2010-06-26,00:00:00.00,0.063158,1.32741,0.184
177,2010-06-27,00:00:00.00,0.366358,1.24423,0.134
178,2010-06-28,00:00:00.00,0.801615,1.1697,0.132
179,2010-06-29,00:00:00.00,0.399127,1.10258,0.161
180,2010-06-30,00:00:00.00,0.144424,1.04187,0.128
181,2010-07-01,00:00:00.00,0.000130719,0.986715,0.101
182,2010-07-02,00:00:00.00,0.000482023,0.936423,0.096
183,2010-07-03,00:00:00.00,0.000537503,0.8904,0.085
184,2010-07-04,00:00:00.00,0.000372911,0.848145,0.079
185,2010-07-05,00:00:00.00,0.00175606,0.809233,0.079
186,2010-07-06,00:00:00.00,0.202397,0.7733,0.079
187,2010-07-07,00:00:00.00,0.306634,0.740034,0.08
188,2010-07-08,00:00:00.00,0.0562979,0.709161,0.077
189,2010-07-09,00:00:00.00,0.528286,0.680442,0.077
190,2010-07-10,00:00:00.00,9.00552,0.942714,0.168
191,2010-07-11,00:00:00.00,0.00851297,1.01887,0.188
192,2010-07-12,00:00:00.00,0.0139877,0.801238,0.098
193,2010-07-13,00:00:00.00,3.32335,0.767174,0.178
194,2010-07-14,00:00:00.00,0.0822666,0.73552,0.14
195,2010-07-15,00:00:00.00,0.000644503,0.706037,0.098
196,2010-07-16,00:00:00.00,0.813396,0.678518,0.091
197,2010-07-17,00:00:00.00,28.5713,4.0271,0.605
198,2010-07-18,00:00:00.00,6.50805,5.30467,0.315
199,2010-07-19,00:00:00.00,1.11222,3.03725,1.42
200,2010-07-20,00:00:00.00,6.54754,2.8867,1.05
201,2010-07-21,00:00:00.00,0.185789,2.76386,0.52
202,2010-07-22,00:00:00.00,0.70862,2.47985,0.205
203,2010-07-23,00:00:00.00,0.0967445,2.24325,0.135
204,2010-07-24,00:00:00.00,6.82175,2.18896,1.05
205,2010-07-25,00:00:00.00,13.0558,3.13957,11.9
206,2010-07-26,00:00:00.00,12.4687,4.54672,3.31
207,2010-07-27,00:00:00.00,0.413342,4.54434,2.1
208,2010-07-28,00:00:00.00,0.196976,3.76418,0.589
209,2010-07-29,00:00:00.00,5.73799,3.40944,0.312
210,2010-07-30,00:00:00.00,0.431579,3.12856,0.359
211,2010-07-31,00:00:00.00,0.0432389,2.77749,0.246
212,2010-08-01,00:00:00.00,0.0646333,2.49004,0.164
213,2010-08-02,00:00:00.00,0,2.25086,0.133
214,2010-08-03,00:00:00.00,0.000157834,2.04911,0.117
215,2010-08-04,00:00:00.00,0.000467845,1.87693,0.104
216,2010-08-05,00:00:00.00,0.00694508,1.72849,0.093
217,2010-08-06,00:00:00.00,0.304473,1.59937,0.095
218,2010-08-07,00:00:00.00,0.292443,1.48616,0.085
219,2010-08-08,00:00:00.00,0.00496279,1.3862,0.076
220,2010-08-09,00:00:00.00,0,1.29736,0.075
221,2010-08-10,00:00:00.00,0.240401,1.21796,0.074
222,2010-08-11,00:00:00.00,1.88673,1.14663,0.074
223,2010-08-12,00:00:00.00,0.00737218,1.08225,0.076
224,2010-08-13,00:00:00.00,0.140415,1.02388,0.074
225,2010-08-14,00:00:00.00,0.0312698,0.970759,0.069
226,2010-08-15,00:00:00.00,0.0133051,0.922229,0.068
227,2010-08-16,00:00:00.00,0.315697,0.877746,0.07
228,2010-08-17,00:00:00.00,0.486674,0.836844,0.08
229,2010-08-18,00:00:00.00,0.000254723,0.799122,0.071
230,2010-08-19,00:00:00.00,0.00343366,0.764237,0.06
231,2010-08-20,00:00:00.00,0.0249343,0.731897,0.059
232,2010-08-21,00:00:00.00,0.0370582,0.701844,0.058
233,2010-08-22,00:00:00.00,2.17684,0.673855,0.065
234,2010-08-23,00:00:00.00,5.32613,0.686203,0.14
235,2010-08-24,00:00:00.00,0.00886013,0.697978,0.103
236,2010-08-25,00:00:00.00,0.00652096,0.67075,0.078
237,2010-08-26,00:00:00.00,0.0283495,0.645294,0.069
238,2010-08-27,00:00:00.00,0.00733988,0.621449,0.066
239,2010-08-28,00:00:00.00,0.000120945,0.599073,0.064
240,2010-08-29,00:00:00.00,0.000814739,0.578037,0.061
241,2010-08-30,00:00:00.00,0.00149981,0.558231,0.058
242,2010-08-31,00:00:00.00,0.00124753,0.539554,0.055
243,2010-09-01,00:00:00.00,0.00450435,0.521918,0.056
244,2010-09-02,00:00:00.00,0,0.505242,0.054
245,2010-09-03,00:00:00.00,0.20138,0.489453,0.055
246,2010-09-04,00:00:00.00,2.74063,0.474486,0.067
247,2010-09-05,00:00:00.00,0.641862,0.460284,0.098
248,2010-09-06,00:00:00.00,0.154878,0.44679,0.069
249,2010-09-07,00:00:00.00,0.0966349,0.433956,0.056
250,2010-09-08,00:00:00.00,0.000600782,0.421735,0.059
251,2010-09-09,00:00:00.00,0.105262,0.410087,0.066
252,2010-09-10,00:00:00.00,0.00648319,0.398976,0.067
253,2010-09-11,00:00:00.00,0.00483556,0.388366,0.071
254,2010-09-12,00:00:00.00,2.16577,0.378226,0.081
255,2010-09-13,00:00:00.00,1.82799,0.368528,0.116
256,2010-09-14,00:00:00.00,0.548142,0.359244,0.117
257,2010-09-15,00:00:00.00,0.000944681,0.350349,0.109
258,2010-09-16,00:00:00.00,0.000711789,0.34182,0.121
259,2010-09-17,00:00:00.00,13.9998,1.43551,0.188
260,2010-09-18,00:00:00.00,0.207742,1.63461,0.207
261,2010-09-19,00:00:00.00,3.21563,0.739617,0.129
262,2010-09-20,00:00:00.00,0.286464,0.729094,0.095
263,2010-09-21,00:00:00.00,0.00250968,0.701367,0.09
264,2010-09-22,00:00:00.00,0.00243573,0.675362,0.083
265,2010-09-23,00:00:00.00,10.454,1.45187,0.1
266,2010-09-24,00:00:00.00,0.0874455,1.65612,0.167
267,2010-09-25,00:00:00.00,0.0650146,1.04393,0.107
268,2010-09-26,00:00:00.00,0.0136427,0.991542,0.086
269,2010-09-27,00:00:00.00,0.0282189,0.943507,0.082
270,2010-09-28,00:00:00.00,0.614924,0.899324,0.086
271,2010-09-29,00:00:00.00,31.3745,5.62895,0.271
272,2010-09-30,00:00:00.00,0.451275,7.44771,0.384
273,2010-10-01,00:00:00.00,0.00901628,4.19259,0.16
274,2010-10-02,00:00:00.00,0.0447392,3.61953,0.14
275,2010-10-03,00:00:00.00,20.9904,6.76144,0.243
276,2010-10-04,00:00:00.00,4.65862,8.77707,0.782
277,2010-10-05,00:00:00.00,0.00492348,6.67254,0.599
278,2010-10-06,00:00:00.00,0.0549417,5.43479,0.289
279,2010-10-07,00:00:00.00,2.13042,4.5866,0.185
280,2010-10-08,00:00:00.00,0.0440942,3.95513,0.164
281,2010-10-09,00:00:00.00,0,3.43355,0.147
282,2010-10-10,00:00:00.00,0.000695066,3.02162,0.119
283,2010-10-11,00:00:00.00,0.000139013,2.68905,0.11
284,2010-10-12,00:00:00.00,0.792613,2.4156,0.103
285,2010-10-13,00:00:00.00,0.245204,2.1873,0.126
286,2010-10-14,00:00:00.00,0.0207074,1.99419,0.139
287,2010-10-15,00:00:00.00,11.1887,2.95168,0.424
288,2010-10-16,00:00:00.00,0.367665,3.37018,0.7
289,2010-10-17,00:00:00.00,0.01084,2.60234,0.302
290,2010-10-18,00:00:00.00,0.0580303,2.34548,0.178
291,2010-10-19,00:00:00.00,4.0294e-308,2.1299,0.137
292,2010-10-20,00:00:00.00,1.23949,1.94671,0.12
293,2010-10-21,00:00:00.00,0.727112,1.78936,0.11
294,2010-10-22,00:00:00.00,8.36682,2.35697,0.134
295,2010-10-23,00:00:00.00,1.05742,2.60798,0.148
296,2010-10-24,00:00:00.00,0.166519,2.12083,0.115
297,2010-10-25,00:00:00.00,2.08028,1.96288,0.104
298,2010-10-26,00:00:00.00,1.3272,1.82728,0.117
299,2010-10-27,00:00:00.00,7.28732,2.17483,0.12
300,2010-10-28,00:00:00.00,0.175244,2.34554,0.163
301,2010-10-29,00:00:00.00,0.403542,2.00502,0.145
302,2010-10-30,00:00:00.00,0.166422,1.84049,0.109
303,2010-10-31,00:00:00.00,0,1.69815,0.092
304,2010-11-01,00:00:00.00,0.000184373,1.57395,0.085
305,2010-11-02,00:00:00.00,0.0876233,1.46476,0.068
306,2010-11-03,00:00:00.00,0.00743136,1.36809,0.064
307,2010-11-04,00:00:00.00,0.00984639,1.282,0.066
308,2010-11-05,00:00:00.00,0.986071,1.2049,0.068
309,2010-11-06,00:00:00.00,0.933566,1.1355,0.076
310,2010-11-07,00:00:00.00,0.311724,1.07275,0.078
311,2010-11-08,00:00:00.00,0.000531087,1.01577,0.072
312,2010-11-09,00:00:00.00,0,0.963835,0.071
313,2010-11-10,00:00:00.00,6.00444e-308,0.916323,0.077
314,2010-11-11,00:00:00.00,0.0039057,0.872716,0.075
315,2010-11-12,00:00:00.00,0.000947354,0.832571,0.085
316,2010-11-13,00:00:00.00,0.0192604,0.795508,0.083
317,2010-11-14,00:00:00.00,0.0128311,0.761199,0.091
318,2010-11-15,00:00:00.00,3.74855,0.824258,0.124
319,2010-11-16,00:00:00.00,0.00014326,0.859302,0.134
320,2010-11-17,00:00:00.00,3.15269,0.859553,0.119
321,2010-11-18,00:00:00.00,13.5685,2.44562,0.247
322,2010-11-19,00:00:00.00,0.0559949,2.93444,0.226
323,2010-11-20,00:00:00.00,0.0161785,1.80873,0.163
324,2010-11-21,00:00:00.00,0.0033644,1.67165,0.128
325,2010-11-22,00:00:00.00,0.278886,1.55171,0.111
326,2010-11-23,00:00:00.00,9.92937,2.4795,0.14
327,2010-11-24,00:00:00.00,11.5974,4.3331,1.5
328,2010-11-25,00:00:00.00,0.0384853,4.40874,1.33
329,2010-11-26,00:00:00.00,9.22662,4.45463,0.557
330,2010-11-27,00:00:00.00,13.3708,5.42541,4.22
331,2010-11-28,00:00:00.00,0.0114268,5.1009,1.68
332,2010-11-29,00:00:00.00,0.0261375,4.30662,0.564
333,2010-11-30,00:00:00.00,0.000647367,3.70673,0.405
334,2010-12-01,00:00:00.00,18.9214,8.65715,3.27
335,2010-12-02,00:00:00.00,7.49719,11.6034,8.33
336,2010-12-03,00:00:00.00,0.0577828,8.278,2.42
337,2010-12-04,00:00:00.00,0.0578288,6.51782,0.939
338,2010-12-05,00:00:00.00,0.0552438,5.32572,0.598
339,2010-12-06,00:00:00.00,0.162089,4.47049,0.459
340,2010-12-07,00:00:00.00,0.0592501,3.83034,0.27
341,2010-12-08,00:00:00.00,0.00674088,3.33527,0.22
342,2010-12-09,00:00:00.00,0.335778,2.94235,0.19
343,2010-12-10,00:00:00.00,0.322024,2.62384,0.162
344,2010-12-11,00:00:00.00,1.28318,2.36108,0.145
345,2010-12-12,00:00:00.00,0.0409264,2.14108,0.164
346,2010-12-13,00:00:00.00,18.8753,5.97377,0.503
347,2010-12-14,00:00:00.00,7.12069,7.69352,1.99
348,2010-12-15,00:00:00.00,1.58249,5.03454,0.242
349,2010-12-16,00:00:00.00,0.00140766,4.25679,0.591
350,2010-12-17,00:00:00.00,0.00506684,3.668,1.26
351,2010-12-18,00:00:00.00,0.00890533,3.20857,0.864
352,2010-12-19,00:00:00.00,0.0149968,2.84127,0.686
353,2010-12-20,00:00:00.00,0.175275,2.54173,0.504
354,2010-12-21,00:00:00.00,0.23878,2.29337,0.404
355,2010-12-22,00:00:00.00,0,2.08451,0.339
356,2010-12-23,00:00:00.00,0.0282494,1.90674,0.302
357,2010-12-24,00:00:00.00,0.044123,1.75383,0.255
358,2010-12-25,00:00:00.00,0.0410143,1.62108,0.226
359,2010-12-26,00:00:00.00,0.00828448,1.5049,0.205
360,2010-12-27,00:00:00.00,0.0304524,1.40247,0.193
361,2010-12-28,00:00:00.00,0.125201,1.31158,0.152
362,2010-12-29,00:00:00.00,0.0107734,1.23045,0.169
363,2010-12-30,00:00:00.00,0.00247691,1.15765,0.158
364,2010-12-31,00:00:00.00,0.748131,1.09201,0.16
365,2011-01-01,00:00:00.00,3.35369,1.11751,0.707
366,2011-01-02,00:00:00.00,9.36086,3.93312,14
367,2011-01-03,00:00:00.00,0.0568131,4.96871,17.3
368,2011-01-04,00:00:00.00,0.141356,3.05964,7.83
369,2011-01-05,00:00:00.00,2.09845,2.73233,4.71
370,2011-01-06,00:00:00.00,0.544258,2.46349,2.5
371,2011-01-07,00:00:00.00,2.44568,2.22935,1.34
372,2011-01-08,00:00:00.00,1.26812,2.03153,0.783
373,2011-01-09,00:00:00.00,0.486405,1.86245,0.448
374,2011-01-10,00:00:00.00,0.334398,1.71649,0.303
375,2011-01-11,00:00:00.00,0.000371948,1.58937,0.249
376,2011-01-12,00:00:00.00,6.33583,1.47778,0.217
377,2011-01-13,00:00:00.00,9.11199,1.37916,0.193
378,2011-01-14,00:00:00.00,0.657858,1.29143,0.176
379,2011-01-15,00:00:00.00,1.71874,1.21297,0.165
380,2011-01-16,00:00:00.00,2.91683,1.14242,0.159
381,2011-01-17,00:00:00.00,0.0387173,1.07869,0.154
382,2011-01-18,00:00:00.00,0.000749278,1.02089,0.154
383,2011-01-19,00:00:00.00,4.21516,1.01819,0.176
384,2011-01-20,00:00:00.00,0.733487,1.01596,0.583
385,2011-01-21,00:00:00.00,0.291301,0.964191,1.38
386,2011-01-22,00:00:00.00,0.51539,0.916814,0.623
387,2011-01-23,00:00:00.00,1.74312,0.873318,0.29
388,2011-01-24,00:00:00.00,1.86337,0.833263,0.223
389,2011-01-25,00:00:00.00,1.59499,0.796273,0.205
390,2011-01-26,00:00:00.00,1.47181,0.762024,0.198
391,2011-01-27,00:00:00.00,0.00273617,0.730233,0.208
392,2011-01-28,00:00:00.00,1.68852,0.700657,0.219
393,2011-01-29,00:00:00.00,4.44339,0.673081,0.214
394,2011-01-30,00:00:00.00,9.11907,0.647318,0.216
395,2011-01-31,00:00:00.00,0.208905,0.623201,0.208
396,2011-02-01,00:00:00.00,0.00975547,0.600585,0.17
397,2011-02-02,00:00:00.00,0.784115,0.579341,0.143
398,2011-02-03,00:00:00.00,15.7163,0.559351,0.123
399,2011-02-04,00:00:00.00,1.81047,0.540513,0.114
400,2011-02-05,00:00:00.00,0,0.522736,0.095
401,2011-02-06,00:00:00.00,15.0577,0.505934,0.122
402,2011-02-07,00:00:00.00,3.43664,0.490035,0.378
403,2011-02-08,00:00:00.00,1.36082,0.47497,0.501
404,2011-02-09,00:00:00.00,0.106027,0.460678,0.347
405,2011-02-10,00:00:00.00,8.64291e-308,0.447104,0.265
406,2011-02-11,00:00:00.00,0.000385648,0.434198,0.245
407,2011-02-12,00:00:00.00,0.0627413,0.421914,0.243
408,2011-02-13,00:00:00.00,0.474091,0.41021,0.296
409,2011-02-14,00:00:00.00,2.37533,0.399868,0.284
410,2011-02-15,00:00:00.00,0.014904,0.390003,0.287
411,2011-02-16,00:00:00.00,0,0.379764,0.251
412,2011-02-17,00:00:00.00,0.00429298,0.369973,0.616
413,2011-02-18,00:00:00.00,0.0201036,0.360603,4.55
414,2011-02-19,00:00:00.00,0.00651539,9.87583,35.8
415,2011-02-20,00:00:00.00,0.00107658,13.5232,31.3
416,2011-02-21,00:00:00.00,2.73812,6.8819,13.4
417,2011-02-22,00:00:00.00,23.0863,5.57937,7.69
418,2011-02-23,00:00:00.00,0.00166191,4.65631,6.37
419,2011-02-24,00:00:00.00,0.00720307,3.97173,4.49
420,2011-02-25,00:00:00.00,1.00354,3.4461,3.69
421,2011-02-26,00:00:00.00,5.94228,3.03132,2.66
422,2011-02-27,00:00:00.00,1.92658,2.69668,2.1
423,2011-02-28,00:00:00.00,1.95828,2.4217,2.11
424,2011-03-01,00:00:00.00,11.1149,2.50731,7.3
425,2011-03-02,00:00:00.00,4.09146e-308,2.57933,10.9
426,2011-03-03,00:00:00.00,0,2.32568,5.18
427,2011-03-04,00:00:00.00,0.0174659,2.11264,3.09
428,2011-03-05,00:00:00.00,0.708011,1.9315,2.68
429,2011-03-06,00:00:00.00,24.0147,20.0927,28.9
430,2011-03-07,00:00:00.00,4.83568,27.783,28.7
431,2011-03-08,00:00:00.00,0.000525967,14.4465,11
432,2011-03-09,00:00:00.00,0.000621597,10.1514,6.1
433,2011-03-10,00:00:00.00,16.0685,9.70265,11.7
434,2011-03-11,00:00:00.00,9.1506,27.8992,34.6
435,2011-03-12,00:00:00.00,15.3342,36.5157,20.3
436,2011-03-13,00:00:00.00,0.104742,22.202,10
437,2011-03-14,00:00:00.00,0.694046,13.8248,12.2
438,2011-03-15,00:00:00.00,0.00340538,9.81744,13.1
439,2011-03-16,00:00:00.00,1.313,7.49545,8.92
440,2011-03-17,00:00:00.00,3.47237,6.24723,12.1
441,2011-03-18,00:00:00.00,0.394807,6.26586,10.4
442,2011-03-19,00:00:00.00,0.733739,6.02815,7.24
443,2011-03-20,00:00:00.00,0.00114847,4.97997,4
444,2011-03-21,00:00:00.00,0.000271144,4.21495,2.64
445,2011-03-22,00:00:00.00,18.7764,6.65718,19.1
446,2011-03-23,00:00:00.00,0.190371,7.86147,10.9
447,2011-03-24,00:00:00.00,9.63438,6.14382,13.4
448,2011-03-25,00:00:00.00,0.081004,5.47544,9.65
449,2011-03-26,00:00:00.00,0.050324,4.58133,5.82
450,2011-03-27,00:00:00.00,0.0451956,3.91557,3.38
451,2011-03-28,00:00:00.00,0.0113589,3.40279,2.4
452,2011-03-29,00:00:00.00,0.000684139,2.99714,1.86
453,2011-03-30,00:00:00.00,3.8496e-308,2.66918,1.63
454,2011-03-31,00:00:00.00,0.0107839,2.39922,1.5
455,2011-04-01,00:00:00.00,0.0759283,2.17362,1.46
456,2011-04-02,00:00:00.00,0.00194589,2.23722,1.38
457,2011-04-03,00:00:00.00,0.00465953,2.29161,1.2
458,2011-04-04,00:00:00.00,2.5213,2.12144,1.05
459,2011-04-05,00:00:00.00,13.7256,3.51833,2.58
460,2011-04-06,00:00:00.00,1.83915,4.12202,7.57
461,2011-04-07,00:00:00.00,20.2824,6.56464,9.94
462,2011-04-08,00:00:00.00,1.04184,8.03374,19.8
463,2011-04-09,00:00:00.00,1.96553,5.676,7.14
464,2011-04-10,00:00:00.00,0.00148272,4.74137,4.69
465,2011-04-11,00:00:00.00,0.321363,4.03667,3.19
466,2011-04-12,00:00:00.00,0.306091,3.49725,2.45
467,2011-04-13,00:00:00.00,0.0501935,3.07264,1.77
468,2011-04-14,00:00:00.00,1.28594e-308,2.73075,1.37
469,2011-04-15,00:00:00.00,0.00270561,2.45028,1.1
470,2011-04-16,00:00:00.00,0.836466,2.21655,0.909
471,2011-04-17,00:00:00.00,11.7458,3.10882,1.43
472,2011-04-18,00:00:00.00,1.6823,3.51568,2.08
473,2011-04-19,00:00:00.00,3.64999,2.9262,1.37
474,2011-04-20,00:00:00.00,1.08549,2.77232,1.28
475,2011-04-21,00:00:00.00,15.1374,4.42642,4.59
476,2011-04-22,00:00:00.00,0.225802,5.20128,3.02
477,2011-04-23,00:00:00.00,2.53341,3.93706,1.94
478,2011-04-24,00:00:00.00,24.5468,7.83792,23.7
479,2011-04-25,00:00:00.00,0.467778,9.6894,11.9
480,2011-04-26,00:00:00.00,11.6406,8.26011,7.42
481,2011-04-27,00:00:00.00,3.98523,8.29506,12.3
482,2011-04-28,00:00:00.00,9.35177,7.751,6.2
483,2011-04-29,00:00:00.00,8.70615,8.19547,8.14
484,2011-04-30,00:00:00.00,1.72591,7.48133,5.33
485,2011-05-01,00:00:00.00,0.0107629,5.98867,3.26
486,2011-05-02,00:00:00.00,7.53992,5.54111,3.17
487,2011-05-03,00:00:00.00,0.193406,5.2221,3.6
488,2011-05-04,00:00:00.00,14.4807,6.32536,8.6
489,2011-05-05,00:00:00.00,0.518381,6.91407,8.78
490,2011-05-06,00:00:00.00,0.705505,5.41791,3.5
491,2011-05-07,00:00:00.00,4.82685,4.75551,2.23
492,2011-05-08,00:00:00.00,0.00643074,4.26591,2.16
493,2011-05-09,00:00:00.00,0.000399899,3.67481,1.63
494,2011-05-10,00:00:00.00,0.000274816,3.21376,1.17
495,2011-05-11,00:00:00.00,0.514016,2.84531,0.977
496,2011-05-12,00:00:00.00,0.0389986,2.54492,0.82
497,2011-05-13,00:00:00.00,8.06982,2.61392,2.09
498,2011-05-14,00:00:00.00,0.898016,2.67164,5.03
499,2011-05-15,00:00:00.00,0.305418,2.40261,1.81
500,2011-05-16,00:00:00.00,28.4418,6.94107,9.54
501,2011-05-17,00:00:00.00,17.269,12.0571,24.4
502,2011-05-18,00:00:00.00,6.59938,11.5909,11.7
503,2011-05-19,00:00:00.00,3.81168,9.44745,14
504,2011-05-20,00:00:00.00,0.320145,7.36084,5.35
505,2011-05-21,00:00:00.00,0.00671337,5.9062,2.97
506,2011-05-22,00:00:00.00,0.0222824,4.89175,2
507,2011-05-23,00:00:00.00,4.23967,4.18571,1.74
508,2011-05-24,00:00:00.00,5.70397,3.80934,1.61
509,2011-05-25,00:00:00.00,0.0602179,3.48004,2.03
510,2011-05-26,00:00:00.00,16.2649,5.05128,6.49
511,2011-05-27,00:00:00.00,38.4593,15.3857,33
512,2011-05-28,00:00:00.00,4.18161,18.859,19.9
513,2011-05-29,00:00:00.00,0.0494123,11.8322,7.4
514,2011-05-30,00:00:00.00,4.5888,8.81219,4.66
515,2011-05-31,00:00:00.00,0.0186741,6.97509,2.99
516,2011-06-01,00:00:00.00,0.00647309,5.64173,1.9
517,2011-06-02,00:00:00.00,0.370472,4.70009,1.37
518,2011-06-03,00:00:00.00,0.373281,4.00356,0.986
519,2011-06-04,00:00:00.00,0.0101033,3.46984,0.794
520,2011-06-05,00:00:00.00,0.199744,3.04939,0.701
521,2011-06-06,00:00:00.00,0.00289439,2.71063,0.631
522,2011-06-07,00:00:00.00,0.524166,2.4326,0.551
523,2011-06-08,00:00:00.00,10.8338,2.75901,2.31
524,2011-06-09,00:00:00.00,0.0533964,2.94369,1.51
525,2011-06-10,00:00:00.00,1.73146,2.54126,0.797
526,2011-06-11,00:00:00.00,0.636602,2.29382,0.603
527,2011-06-12,00:00:00.00,0.509462,2.08563,0.581
528,2011-06-13,00:00:00.00,0.37088,1.90833,0.987
529,2011-06-14,00:00:00.00,1.78711e-308,1.75576,0.636
530,2011-06-15,00:00:00.00,1.42451e-308,1.62324,0.448
531,2011-06-16,00:00:00.00,0.00168625,1.50721,0.387
532,2011-06-17,00:00:00.00,7.76298,1.59073,0.388
533,2011-06-18,00:00:00.00,1.05295,1.65703,0.407
534,2011-06-19,00:00:00.00,0.00987242,1.53028,0.336
535,2011-06-20,00:00:00.00,0.339728,1.42617,0.294
536,2011-06-21,00:00:00.00,0.317254,1.33378,0.269
537,2011-06-22,00:00:00.00,0.843906,1.25131,0.286
538,2011-06-23,00:00:00.00,33.4953,6.13569,8.25
539,2011-06-24,00:00:00.00,11.0132,9.21436,4.13
540,2011-06-25,00:00:00.00,4.32644,6.69266,3.15
541,2011-06-26,00:00:00.00,0.0304644,5.49629,1.95
542,2011-06-27,00:00:00.00,0.00806703,4.59663,0.922
543,2011-06-28,00:00:00.00,0.0142071,3.92723,0.634
544,2011-06-29,00:00:00.00,0.0184421,3.41196,0.504
545,2011-06-30,00:00:00.00,0.180354,3.00452,0.402
546,2011-07-01,00:00:00.00,0,2.67523,0.335
547,2011-07-02,00:00:00.00,2.3883e-308,2.40424,0.297
548,2011-07-03,00:00:00.00,0.0742055,2.17783,0.494
549,2011-07-04,00:00:00.00,15.1727,3.33895,5.58
550,2011-07-05,00:00:00.00,0.000228657,3.85591,1.2
551,2011-07-06,00:00:00.00,0.000394799,2.93523,0.513
552,2011-07-07,00:00:00.00,1.39782,2.62027,0.354
553,2011-07-08,00:00:00.00,0.278859,2.36005,0.291
554,2011-07-09,00:00:00.00,0.0276578,2.14188,0.246
555,2011-07-10,00:00:00.00,0.000129532,1.95666,0.219
556,2011-07-11,00:00:00.00,0.00160371,1.79768,0.188
557,2011-07-12,00:00:00.00,0.207738,1.65993,0.18
558,2011-07-13,00:00:00.00,3.64308,1.53958,0.186
559,2011-07-14,00:00:00.00,0.0132631,1.43364,0.166
560,2011-07-15,00:00:00.00,0.337704,1.33976,0.14
561,2011-07-16,00:00:00.00,0.000823654,1.25607,0.129
562,2011-07-17,00:00:00.00,0.000224539,1.18105,0.125
563,2011-07-18,00:00:00.00,5.68261e-308,1.11345,0.131
564,2011-07-19,00:00:00.00,0.0232452,1.05229,0.124
565,2011-07-20,00:00:00.00,25.4568,3.99943,0.398
566,2011-07-21,00:00:00.00,0.22042,5.08543,0.258
567,2011-07-22,00:00:00.00,0.0111567,3.01432,0.153
568,2011-07-23,00:00:00.00,0.0120939,2.68557,0.128
569,2011-07-24,00:00:00.00,0.0770998,2.41485,0.117
570,2011-07-25,00:00:00.00,0.314028,2.18852,0.119
571,2011-07-26,00:00:00.00,0.0122811,1.99683,0.13
572,2011-07-27,00:00:00.00,0.00213955,1.83264,0.11
573,2011-07-28,00:00:00.00,0.0358623,1.69064,0.095
574,2011-07-29,00:00:00.00,22.4655,4.32938,0.341
575,2011-07-30,00:00:00.00,12.2603,6.42506,0.834
576,2011-07-31,00:00:00.00,0.00606154,5.32519,0.555
577,2011-08-01,00:00:00.00,0.00542925,4.47241,0.185
578,2011-08-02,00:00:00.00,4.52001,3.83828,0.235
579,2011-08-03,00:00:00.00,0.0316341,3.34773,0.321
580,2011-08-04,00:00:00.00,5.36235,3.04934,0.199
581,2011-08-05,00:00:00.00,0.037202,2.8087,0.172
582,2011-08-06,00:00:00.00,2.43164e-308,2.51543,0.125
583,2011-08-07,00:00:00.00,0.000683788,2.2718,0.106
584,2011-08-08,00:00:00.00,0.353418,2.0666,0.099
585,2011-08-09,00:00:00.00,6.20548,2.02885,0.155
586,2011-08-10,00:00:00.00,24.8397,5.58205,0.37
587,2011-08-11,00:00:00.00,0.76362,7.10238,0.595
588,2011-08-12,00:00:00.00,0.0360317,4.72709,0.21
589,2011-08-13,00:00:00.00,0.0140797,4.02675,0.125
590,2011-08-14,00:00:00.00,0.0398194,3.49025,0.104
591,2011-08-15,00:00:00.00,8.00764,3.45581,0.113
592,2011-08-16,00:00:00.00,0.705065,3.42891,0.123
593,2011-08-17,00:00:00.00,0.0121573,3.01932,0.106
594,2011-08-18,00:00:00.00,0,2.68836,0.087
595,2011-08-19,00:00:00.00,0.00420486,2.41605,0.078
596,2011-08-20,00:00:00.00,0.0139267,2.18856,0.074
597,2011-08-21,00:00:00.00,4.83617,2.05514,0.075
598,2011-08-22,00:00:00.00,5.64063,2.07379,0.147
599,2011-08-23,00:00:00.00,0.0328779,2.03106,0.107
600,2011-08-24,00:00:00.00,0.0319188,1.86212,0.078
601,2011-08-25,00:00:00.00,5.83125,1.83884,0.095
602,2011-08-26,00:00:00.00,9.57551,2.39793,0.177
603,2011-08-27,00:00:00.00,0.00171047,2.60183,0.169
604,2011-08-28,00:00:00.00,0.00589929,2.19756,0.105
605,2011-08-29,00:00:00.00,0.0042893,2.00514,0.08
606,2011-08-30,00:00:00.00,3.103e-308,1.84033,0.071
607,2011-08-31,00:00:00.00,6.4576e-308,1.69778,0.066
608,2011-09-01,00:00:00.00,0.015075,1.57341,0.066
609,2011-09-02,00:00:00.00,1.86969,1.46409,0.115
610,2011-09-03,00:00:00.00,0.00119323,1.36734,0.122
611,2011-09-04,00:00:00.00,0.0594793,1.28117,0.083
612,2011-09-05,00:00:00.00,10.5584,1.89201,0.118
613,2011-09-06,00:00:00.00,8.29337,2.61613,0.289
614,2011-09-07,00:00:00.00,1.40865,2.43731,0.176
615,2011-09-08,00:00:00.00,10.9677,3.09511,0.145
616,2011-09-09,00:00:00.00,4.40125,3.60974,0.281
617,2011-09-10,00:00:00.00,2.30838,3.03234,0.281
618,2011-09-11,00:00:00.00,15.555,4.61125,0.722
619,2011-09-12,00:00:00.00,1.4251,5.36671,0.682
620,2011-09-13,00:00:00.00,0.340729,4.05556,0.306
621,2011-09-14,00:00:00.00,0.910483,3.51328,0.191
622,2011-09-15,00:00:00.00,0.142067,3.08653,0.145
623,2011-09-16,00:00:00.00,5.67703,3.02815,0.137
624,2011-09-17,00:00:00.00,0.0636504,2.98119,0.131
625,2011-09-18,00:00:00.00,3.0486e-308,2.65761,0.106
626,2011-09-19,00:00:00.00,0,2.39086,0.105
627,2011-09-20,00:00:00.00,13.5786,3.65297,0.137
628,2011-09-21,00:00:00.00,6.03478,4.60783,0.615
629,2011-09-22,00:00:00.00,0.405687,3.89555,0.377
630,2011-09-23,00:00:00.00,0.57549,3.38898,0.217
631,2011-09-24,00:00:00.00,18.8126,5.84881,1.13
632,2011-09-25,00:00:00.00,0.511109,7.03125,1.82
633,2011-09-26,00:00:00.00,1.34201,5.07893,0.521
634,2011-09-27,00:00:00.00,9.58843,5.17994,0.317
635,2011-09-28,00:00:00.00,0.813012,5.25359,0.516
636,2011-09-29,00:00:00.00,0.767876,4.41916,0.401
637,2011-09-30,00:00:00.00,5.77012,4.17531,0.266
638,2011-10-01,00:00:00.00,11.6531,5.36343,0.73
639,2011-10-02,00:00:00.00,11.6379,7.33195,1.8
640,2011-10-03,00:00:00.00,2.99902,7.59518,1.43
641,2011-10-04,00:00:00.00,5.34726,6.85696,0.594
642,2011-10-05,00:00:00.00,0.00348726,6.12028,0.601
643,2011-10-06,00:00:00.00,0.000579028,5.04606,0.412
644,2011-10-07,00:00:00.00,0.544816,4.26451,0.291
645,2011-10-08,00:00:00.00,0.351305,3.67324,0.231
646,2011-10-09,00:00:00.00,0.608784,3.21212,0.199
647,2011-10-10,00:00:00.00,0.547735,2.84364,0.175
648,2011-10-11,00:00:00.00,0.170242,2.54326,0.157
649,2011-10-12,00:00:00.00,0.0266618,2.29427,0.15
650,2011-10-13,00:00:00.00,15.3218,3.97845,0.266
651,2011-10-14,00:00:00.00,0.848604,4.73144,1.72
652,2011-10-15,00:00:00.00,6.36517,3.92713,1.11
653,2011-10-16,00:00:00.00,2.92072,4.03149,1.73
654,2011-10-17,00:00:00.00,0.466532,3.64294,1.55
655,2011-10-18,00:00:00.00,0.0121179,3.18982,0.65
656,2011-10-19,00:00:00.00,0.0558624,2.82703,0.406
657,2011-10-20,00:00:00.00,31.611,8.85985,1.67
658,2011-10-21,00:00:00.00,14.5751,14.6963,22.3
659,2011-10-22,00:00:00.00,1.13331,12.2465,12.2
660,2011-10-23,00:00:00.00,0.0896868,8.94215,3.55
661,2011-10-24,00:00:00.00,1.1506e-308,6.94654,1.74
662,2011-10-25,00:00:00.00,3.08923,5.83281,1.27
663,2011-10-26,00:00:00.00,0.565931,5.05227,1.09
664,2011-10-27,00:00:00.00,3.16038,4.44706,1.06
665,2011-10-28,00:00:00.00,2.72474,4.16103,2.11
666,2011-10-29,00:00:00.00,0.139382,3.76275,1.56
667,2011-10-30,00:00:00.00,0.97792,3.28303,1.05
668,2011-10-31,00:00:00.00,0.0307368,2.90108,0.89
669,2011-11-01,00:00:00.00,0.634408,2.59066,0.755
670,2011-11-02,00:00:00.00,0.161422,2.33401,0.68
671,2011-11-03,00:00:00.00,0.00360614,2.1187,0.626
672,2011-11-04,00:00:00.00,0,1.93583,0.569
673,2011-11-05,00:00:00.00,7.957e-308,1.77882,0.495
674,2011-11-06,00:00:00.00,0,1.64273,0.416
675,2011-11-07,00:00:00.00,0,1.5238,0.383
676,2011-11-08,00:00:00.00,0.0811045,1.41908,0.359
677,2011-11-09,00:00:00.00,2.41005,1.37126,0.37
678,2011-11-10,00:00:00.00,4.15985,1.45328,0.439
679,2011-11-11,00:00:00.00,0.463087,1.48176,0.776
680,2011-11-12,00:00:00.00,0.00999385,1.38318,0.579
681,2011-11-13,00:00:00.00,7.9696e-308,1.29546,0.444
682,2011-11-14,00:00:00.00,0.000147701,1.21697,0.379
683,2011-11-15,00:00:00.00,15.3724,3.00171,0.913
684,2011-11-16,00:00:00.00,0.391892,3.65265,4.45
685,2011-11-17,00:00:00.00,0.0001635,2.36389,1.64
686,2011-11-18,00:00:00.00,0.0249211,2.14645,0.984
687,2011-11-19,00:00:00.00,0.0277356,1.96171,0.685
688,2011-11-20,00:00:00.00,0.00370744,1.80306,0.556
689,2011-11-21,00:00:00.00,0.00329592,1.66552,0.496
690,2011-11-22,00:00:00.00,3.381e-308,1.54528,0.401
691,2011-11-23,00:00:00.00,6.80078,1.99502,0.724
692,2011-11-24,00:00:00.00,24.6334,6.46996,22.2
693,2011-11-25,00:00:00.00,0.00354622,8.08579,9.9
694,2011-11-26,00:00:00.00,0,5.25296,2.38
695,2011-11-27,00:00:00.00,0,4.41852,0.972
696,2011-11-28,00:00:00.00,15.2966,6.23969,4.41
697,2011-11-29,00:00:00.00,1.45167,7.25722,11.4
698,2011-11-30,00:00:00.00,66.9106,30.4809,53.6
699,2011-12-01,00:00:00.00,2.89659,39.8495,67
700,2011-12-02,00:00:00.00,6.04e-308,19.986,27
701,2011-12-03,00:00:00.00,1.07004,12.9348,13.2
702,2011-12-04,00:00:00.00,0.043179,9.40743,9.53
703,2011-12-05,00:00:00.00,8.56125,8.5817,7.69
704,2011-12-06,00:00:00.00,18.0637,11.9989,23.6
705,2011-12-07,00:00:00.00,9.55007,13.9451,29.5
706,2011-12-08,00:00:00.00,0.948881,11.1864,15.5
707,2011-12-09,00:00:00.00,0.0112686,8.32625,6.38
708,2011-12-10,00:00:00.00,0.122385,6.54828,3.3
709,2011-12-11,00:00:00.00,5.851e-308,5.34614,2.37
710,2011-12-12,00:00:00.00,6.9148e-308,4.48476,1.84
711,2011-12-13,00:00:00.00,0.000531718,3.84061,1.62
712,2011-12-14,00:00:00.00,0.0593598,3.34282,1.4
713,2011-12-15,00:00:00.00,9.99287,5.01494,2.07
714,2011-12-16,00:00:00.00,17.1784,9.06853,20.9
715,2011-12-17,00:00:00.00,0.118213,9.52245,17.6
716,2011-12-18,00:00:00.00,0.199128,7.01813,5.34
717,2011-12-19,00:00:00.00,0.0374819,5.67298,2.99
718,2011-12-20,00:00:00.00,0.0156991,4.7241,2.39
719,2011-12-21,00:00:00.00,0.167573,4.02277,2
720,2011-12-22,00:00:00.00,9.08102,4.49993,2.42
721,2011-12-23,00:00:00.00,0.445071,4.78399,3.12
722,2011-12-24,00:00:00.00,1.79177,4.11011,2.52
723,2011-12-25,00:00:00.00,0.044887,3.67427,1.96
724,2011-12-26,00:00:00.00,0.0302983,3.21387,1.79
725,2011-12-27,00:00:00.00,0.011121,2.84585,1.61
726,2011-12-28,00:00:00.00,7.97514,3.3662,2.04
727,2011-12-29,00:00:00.00,1.54289,3.64426,4.98
728,2011-12-30,00:00:00.00,1.51985,3.05199,2
729,2011-12-31,00:00:00.00,4.18575,2.94952,2.71
730,2012-01-01,00:00:00.00,3.99871,3.54389,11.7
731,2012-01-02,00:00:00.00,2.51677,3.91086,5.33
732,2012-01-03,00:00:00.00,0.705266,3.52767,4.51
733,2012-01-04,00:00:00.00,0.0254358,3.09857,2.18
734,2012-01-05,00:00:00.00,0.00280366,2.75327,1.81
735,2012-01-06,00:00:00.00,0.00791689,2.47014,1.43
736,2012-01-07,00:00:00.00,0,2.23428,1.33
737,2012-01-08,00:00:00.00,2.1244e-308,2.03515,1.7
738,2012-01-09,00:00:00.00,6.88126e-308,1.86507,1.58
739,2012-01-10,00:00:00.00,0,1.71833,1.36
740,2012-01-11,00:00:00.00,0.000880729,1.59059,1.25
741,2012-01-12,00:00:00.00,0.00187637,1.47852,1.13
742,2012-01-13,00:00:00.00,6.03166,1.79472,2.83
743,2012-01-14,00:00:00.00,5.08568,1.97045,3.14
744,2012-01-15,00:00:00.00,0.963823,1.71058,1.75
745,2012-01-16,00:00:00.00,0.0482306,1.58503,1.34
746,2012-01-17,00:00:00.00,0.508832,1.47469,1.66
747,2012-01-18,00:00:00.00,24.1548,5.17772,24.8
748,2012-01-19,00:00:00.00,0.730399,6.71591,18.7
749,2012-01-20,00:00:00.00,2.2823,4.1782,3.91
750,2012-01-21,00:00:00.00,0.236061,3.60836,1.57
751,2012-01-22,00:00:00.00,6.65045,3.16215,1.33
752,2012-01-23,00:00:00.00,0.0179818,2.8044,1.2
753,2012-01-24,00:00:00.00,7.92086,3.24423,6.99
754,2012-01-25,00:00:00.00,0.116732,3.48674,11.6
755,2012-01-26,00:00:00.00,0.023128,2.95414,3.6
756,2012-01-27,00:00:00.00,1.49037,2.6356,2.55
757,2012-01-28,00:00:00.00,11.2146,2.99653,11.6
758,2012-01-29,00:00:00.00,3.70433,3.28229,9
759,2012-01-30,00:00:00.00,4.49564,2.92629,4.82
760,2012-01-31,00:00:00.00,0.254042,2.64476,2.35
761,2012-02-01,00:00:00.00,0.00675508,2.38061,2.78
762,2012-02-02,00:00:00.00,0.0315341,6.88082,5.77
763,2012-02-03,00:00:00.00,0.0370114,8.94458,3.01
764,2012-02-04,00:00:00.00,0.00123289,5.81512,2.07
765,2012-02-05,00:00:00.00,0.0114655,4.82776,1.85
766,2012-02-06,00:00:00.00,0.00497011,4.10156,1.67
767,2012-02-07,00:00:00.00,0,3.54755,1.46
768,2012-02-08,00:00:00.00,0.00878595,3.11261,1.29
769,2012-02-09,00:00:00.00,0.000182509,2.76317,1.07
770,2012-02-10,00:00:00.00,0,2.47703,0.871
771,2012-02-11,00:00:00.00,0.244023,2.23895,0.62
772,2012-02-12,00:00:00.00,4.4552,2.03814,0.366
773,2012-02-13,00:00:00.00,0.295651,1.86679,0.555
774,2012-02-14,00:00:00.00,0.0251093,1.71908,0.714
775,2012-02-15,00:00:00.00,0.629311,1.59059,0.748
776,2012-02-16,00:00:00.00,0.159224,1.47794,0.746
777,2012-02-17,00:00:00.00,5.84152,1.56755,1.3
778,2012-02-18,00:00:00.00,0.233257,2.14883,2.92
779,2012-02-19,00:00:00.00,0.0549011,2.31518,2.39
780,2012-02-20,00:00:00.00,0.00259337,1.95783,1.7
781,2012-02-21,00:00:00.00,0,1.79983,1.22
782,2012-02-22,00:00:00.00,2.05612,1.67146,1.19
783,2012-02-23,00:00:00.00,3.82811,1.75654,1.69
784,2012-02-24,00:00:00.00,1.86184,1.85437,2.88
785,2012-02-25,00:00:00.00,6.60727,2.28771,4.47
786,2012-02-26,00:00:00.00,0.987412,2.47943,4.57
787,2012-02-27,00:00:00.00,0.0284358,2.09965,1.81
788,2012-02-28,00:00:00.00,0.00146142,1.92184,1.62
789,2012-02-29,00:00:00.00,0.000339461,1.76875,1.32
790,2012-03-01,00:00:00.00,11.721,2.2646,6.94
791,2012-03-02,00:00:00.00,2.05394,3.01734,7.68
792,2012-03-03,00:00:00.00,9.05364,3.85583,5.26
793,2012-03-04,00:00:00.00,4.1199,4.36638,15
794,2012-03-05,00:00:00.00,0.0972378,3.93531,3.74
795,2012-03-06,00:00:00.00,0.141738,3.42008,1.99
796,2012-03-07,00:00:00.00,0.001377,3.01254,1.56
797,2012-03-08,00:00:00.00,1.0659e-308,2.68308,1.46
798,2012-03-09,00:00:00.00,4.01506,2.58744,1.41
799,2012-03-10,00:00:00.00,0.342221,2.50845,1.44
800,2012-03-11,00:00:00.00,0,2.26673,1.08
801,2012-03-12,00:00:00.00,0.0136707,2.06298,1.02
802,2012-03-13,00:00:00.00,9.57354,2.74513,1.44
803,2012-03-14,00:00:00.00,5.37083,3.34121,3.9
804,2012-03-15,00:00:00.00,0.904315,2.98388,2.3
805,2012-03-16,00:00:00.00,1.00198,2.66064,3.93
806,2012-03-17,00:00:00.00,1.01607,2.39409,3.59
807,2012-03-18,00:00:00.00,0.00825839,2.17099,1.88
808,2012-03-19,00:00:00.00,0.0205623,1.98185,1.57
809,2012-03-20,00:00:00.00,0.00739827,1.81972,1.31
810,2012-03-21,00:00:00.00,0.00145227,1.67939,1.12
811,2012-03-22,00:00:00.00,0.00497003,1.5569,0.975
812,2012-03-23,00:00:00.00,0.0026394,1.44916,0.874
813,2012-03-24,00:00:00.00,0.0347624,1.35376,0.801
814,2012-03-25,00:00:00.00,1.6458,1.26877,0.854
815,2012-03-26,00:00:00.00,0.00785892,1.19263,0.707
816,2012-03-27,00:00:00.00,0.00772292,1.12409,0.58
817,2012-03-28,00:00:00.00,0,1.06209,0.488
818,2012-03-29,00:00:00.00,0.000645929,1.00579,0.521
819,2012-03-30,00:00:00.00,0.00412385,0.954456,0.474
820,2012-03-31,00:00:00.00,15.6929,2.65272,2.22
821,2012-04-01,00:00:00.00,0.544138,3.21266,5.46
822,2012-04-02,00:00:00.00,0.0348561,1.96488,1.82
823,2012-04-03,00:00:00.00,0.000650304,1.80654,1.28
824,2012-04-04,00:00:00.00,0.133528,1.6692,0.972
825,2012-04-05,00:00:00.00,0.473369,1.54908,0.847
826,2012-04-06,00:00:00.00,0.00194731,1.44324,0.702
827,2012-04-07,00:00:00.00,0.00165182,1.34938,0.588
828,2012-04-08,00:00:00.00,0,1.26563,0.519
829,2012-04-09,00:00:00.00,0.000385047,1.19051,0.508
830,2012-04-10,00:00:00.00,0.276557,1.1228,0.489
831,2012-04-11,00:00:00.00,0.02907,1.06149,0.467
832,2012-04-12,00:00:00.00,0.0600733,1.00575,0.426
833,2012-04-13,00:00:00.00,0.0439597,0.95489,0.377
834,2012-04-14,00:00:00.00,0.0263408,0.908313,0.364
835,2012-04-15,00:00:00.00,0.814626,0.865523,0.362
836,2012-04-16,00:00:00.00,11.7635,1.73215,1.39
837,2012-04-17,00:00:00.00,0.0049724,1.99365,1.23
838,2012-04-18,00:00:00.00,1.2245e-308,1.32571,0.662
839,2012-04-19,00:00:00.00,0.00186918,1.24541,0.515
840,2012-04-20,00:00:00.00,0.000503614,1.17318,0.496
841,2012-04-21,00:00:00.00,0.195515,1.1079,0.474
842,2012-04-22,00:00:00.00,4.63478,1.14284,0.53
843,2012-04-23,00:00:00.00,0.00334583,1.17456,0.449
844,2012-04-24,00:00:00.00,0.00265367,1.10928,0.406
845,2012-04-25,00:00:00.00,0.00112744,1.05002,0.376
846,2012-04-26,00:00:00.00,4.453e-308,0.996017,0.341
847,2012-04-27,00:00:00.00,0.177487,0.946632,0.324
848,2012-04-28,00:00:00.00,0.00259076,0.901321,0.317
849,2012-04-29,00:00:00.00,0.000162157,0.859619,0.288
850,2012-04-30,00:00:00.00,0.000470259,0.821126,0.279
851,2012-05-01,00:00:00.00,7.17981,1.13762,0.306
852,2012-05-02,00:00:00.00,7.69399,1.64086,0.609
853,2012-05-03,00:00:00.00,0.122387,1.56279,0.443
854,2012-05-04,00:00:00.00,0.0154809,1.27696,0.376
855,2012-05-05,00:00:00.00,13.9105,2.45106,0.552
856,2012-05-06,00:00:00.00,0.0268957,2.8791,0.529
857,2012-05-07,00:00:00.00,2.81183e-308,2.00551,0.383
858,2012-05-08,00:00:00.00,4.51216,1.92312,0.352
859,2012-05-09,00:00:00.00,6.3781,2.03884,0.522
860,2012-05-10,00:00:00.00,2.68186,2.05674,0.541
861,2012-05-11,00:00:00.00,0.414441,1.88535,0.529
862,2012-05-12,00:00:00.00,0.00062504,1.73743,0.377
863,2012-05-13,00:00:00.00,0.00374963,1.60862,0.312
864,2012-05-14,00:00:00.00,0.117605,1.49557,0.28
865,2012-05-15,00:00:00.00,0.187164,1.39566,0.262
866,2012-05-16,00:00:00.00,0.23178,1.30681,0.242
867,2012-05-17,00:00:00.00,3.41454,1.22734,0.249
868,2012-05-18,00:00:00.00,0,1.1559,0.251
869,2012-05-19,00:00:00.00,0.214953,1.09136,0.207
870,2012-05-20,00:00:00.00,0.111043,1.03282,0.183
871,2012-05-21,00:00:00.00,0.407393,0.979504,0.168
872,2012-05-22,00:00:00.00,0.312528,0.930776,0.163
873,2012-05-23,00:00:00.00,2.13248,0.886089,0.185
874,2012-05-24,00:00:00.00,0.224993,0.844979,0.173
875,2012-05-25,00:00:00.00,3.1906e-308,0.807049,0.146
876,2012-05-26,00:00:00.00,0,0.771952,0.121
877,2012-05-27,00:00:00.00,1.52979,0.7394,0.122
878,2012-05-28,00:00:00.00,5.25751,0.736657,0.127
879,2012-05-29,00:00:00.00,0.0139223,0.734257,0.13
880,2012-05-30,00:00:00.00,17.4158,2.20598,0.184
881,2012-05-31,00:00:00.00,0.0630117,2.6303,0.589
882,2012-06-01,00:00:00.00,0.000193518,1.51416,0.245
883,2012-06-02,00:00:00.00,30.3653,6.14094,0.217
884,2012-06-03,00:00:00.00,1.70983,8.1171,0.509
885,2012-06-04,00:00:00.00,0.91822,4.97672,0.288
886,2012-06-05,00:00:00.00,0.059413,4.21388,0.2
887,2012-06-06,00:00:00.00,1.57553,3.63509,0.154
888,2012-06-07,00:00:00.00,0.169043,3.18265,0.127
889,2012-06-08,00:00:00.00,0.0103408,2.82042,0.115
890,2012-06-09,00:00:00.00,0.00200289,2.52466,0.103
891,2012-06-10,00:00:00.00,0.0266757,2.27917,0.089
892,2012-06-11,00:00:00.00,0.00193403,2.07254,0.082
893,2012-06-12,00:00:00.00,0.97661,1.89653,0.073
894,2012-06-13,00:00:00.00,0.783307,1.74503,0.069
895,2012-06-14,00:00:00.00,0,1.61343,0.076
896,2012-06-15,00:00:00.00,0,1.49818,0.078
897,2012-06-16,00:00:00.00,0,1.39652,0.074
898,2012-06-17,00:00:00.00,0.00512588,1.30627,0.074
899,2012-06-18,00:00:00.00,15.9148,2.60434,0.104
900,2012-06-19,00:00:00.00,0.611324,3.08301,0.131
901,2012-06-20,00:00:00.00,0.0378121,2.12343,0.09
902,2012-06-21,00:00:00.00,0,1.94214,0.07
903,2012-06-22,00:00:00.00,5.3207,1.80879,0.058
904,2012-06-23,00:00:00.00,4.73463,1.71648,0.081
905,2012-06-24,00:00:00.00,0.363332,1.61341,0.07
906,2012-06-25,00:00:00.00,0.0610393,1.49963,0.051
907,2012-06-26,00:00:00.00,0.0909627,1.39911,0.068
908,2012-06-27,00:00:00.00,0.000207946,1.30975,0.055
909,2012-06-28,00:00:00.00,0.000166963,1.22984,0.042
910,2012-06-29,00:00:00.00,9.74347e-308,1.15802,0.041
911,2012-06-30,00:00:00.00,0.0866797,1.09316,0.049
912,2012-07-01,00:00:00.00,0.001741,1.03434,0.053
913,2012-07-02,00:00:00.00,0.000199058,0.980783,0.044
914,2012-07-03,00:00:00.00,0.066147,0.93184,0.042
915,2012-07-04,00:00:00.00,23.947,3.5025,0.108
916,2012-07-05,00:00:00.00,4.03664,4.39283,0.213
917,2012-07-06,00:00:00.00,10.9249,3.1417,0.142
918,2012-07-07,00:00:00.00,0.0116136,3.32146,0.141
919,2012-07-08,00:00:00.00,7.67996e-308,2.88137,0.093
920,2012-07-09,00:00:00.00,0.0669599,2.57652,0.058
921,2012-07-10,00:00:00.00,0.00139569,2.32396,0.047
922,2012-07-11,00:00:00.00,2.11675,2.11172,0.056
923,2012-07-12,00:00:00.00,0.140042,1.93118,0.104
924,2012-07-13,00:00:00.00,0,1.77594,0.049
925,2012-07-14,00:00:00.00,0.000241341,1.64122,0.042
926,2012-07-15,00:00:00.00,5.735e-308,1.52333,0.04
927,2012-07-16,00:00:00.00,7.43142,1.55231,0.109
928,2012-07-17,00:00:00.00,0.639032,1.57817,0.167
929,2012-07-18,00:00:00.00,0.0446246,1.46851,0.094
930,2012-07-19,00:00:00.00,0.631921,1.37146,0.053
931,2012-07-20,00:00:00.00,14.1282,2.45243,0.083
932,2012-07-21,00:00:00.00,1.88285,2.85854,0.165
933,2012-07-22,00:00:00.00,0.0832566,2.04658,0.086
934,2012-07-23,00:00:00.00,0.000586741,1.87652,0.048
935,2012-07-24,00:00:00.00,0.253891,1.72967,0.038
936,2012-07-25,00:00:00.00,0.00763454,1.60175,0.032
937,2012-07-26,00:00:00.00,0,1.48944,0.029
938,2012-07-27,00:00:00.00,19.4937,3.46194,0.119
939,2012-07-28,00:00:00.00,2.27868,4.23959,0.952
940,2012-07-29,00:00:00.00,27.9652,7.63803,8.64
941,2012-07-30,00:00:00.00,0.00210652,9.74413,4.6
942,2012-07-31,00:00:00.00,0.000650847,6.50696,0.557
943,2012-08-01,00:00:00.00,0.022662,5.31873,0.222
944,2012-08-02,00:00:00.00,0.0271341,4.46585,0.138
945,2012-08-03,00:00:00.00,0.00126759,3.8272,0.106
946,2012-08-04,00:00:00.00,0.00530091,3.33313,0.09
947,2012-08-05,00:00:00.00,0.000558996,2.94089,0.078
948,2012-08-06,00:00:00.00,6.70372,2.81149,0.08
949,2012-08-07,00:00:00.00,0.00141576,2.70618,0.108
950,2012-08-08,00:00:00.00,0.000154448,2.43045,0.069
951,2012-08-09,00:00:00.00,0.00198626,2.20034,0.057
952,2012-08-10,00:00:00.00,8.06959,2.28387,0.064
953,2012-08-11,00:00:00.00,28.5029,7.13088,6.43
954,2012-08-12,00:00:00.00,0.970138,9.22708,5.92
955,2012-08-13,00:00:00.00,0.0995716,6.05073,0.747
956,2012-08-14,00:00:00.00,0.57552,4.99651,0.255
957,2012-08-15,00:00:00.00,5.77713,4.47211,0.18
958,2012-08-16,00:00:00.00,0.220709,4.07906,0.224
959,2012-08-17,00:00:00.00,0.0346243,3.53042,0.148
960,2012-08-18,00:00:00.00,1.18422,3.09926,0.108
961,2012-08-19,00:00:00.00,5.5e-308,2.75255,0.09
962,2012-08-20,00:00:00.00,0.18488,2.46844,0.076
963,2012-08-21,00:00:00.00,0.028362,2.23191,0.07
964,2012-08-22,00:00:00.00,0.00343351,2.03231,0.068
965,2012-08-23,00:00:00.00,0.00176242,1.8619,0.063
966,2012-08-24,00:00:00.00,0.000922659,1.71493,0.061
967,2012-08-25,00:00:00.00,0,1.58704,0.056
968,2012-08-26,00:00:00.00,0,1.47487,0.05
969,2012-08-27,00:00:00.00,1.69344e-308,1.37579,0.05
970,2012-08-28,00:00:00.00,13.1505,2.35309,0.072
971,2012-08-29,00:00:00.00,0.118849,2.72135,0.181
972,2012-08-30,00:00:00.00,0.000118273,1.97935,0.099
973,2012-08-31,00:00:00.00,0,1.81841,0.063
974,2012-09-01,00:00:00.00,8.78439e-308,1.67898,0.052
975,2012-09-02,00:00:00.00,0.000176972,1.55716,0.048
976,2012-09-03,00:00:00.00,0.0235407,1.44993,0.044
977,2012-09-04,00:00:00.00,0.140251,1.35493,0.04
978,2012-09-05,00:00:00.00,8.54856,1.69265,0.072
979,2012-09-06,00:00:00.00,0.0831037,1.83599,0.208
980,2012-09-07,00:00:00.00,0.110221,1.5413,0.112
981,2012-09-08,00:00:00.00,0.00257243,1.43651,0.077
982,2012-09-09,00:00:00.00,17.5144,3.38463,0.15
983,2012-09-10,00:00:00.00,0.51212,4.14292,0.232
984,2012-09-11,00:00:00.00,0.0295027,2.75,0.127
985,2012-09-12,00:00:00.00,0.00225255,2.46864,0.082
986,2012-09-13,00:00:00.00,5.58885e-308,2.23405,0.069
987,2012-09-14,00:00:00.00,0.0071702,2.03583,0.063
988,2012-09-15,00:00:00.00,7.00168,2.13822,0.079
989,2012-09-16,00:00:00.00,0.0952982,2.225,0.106
990,2012-09-17,00:00:00.00,0.0995552,2.02798,0.084
991,2012-09-18,00:00:00.00,0.00230458,1.85997,0.069
992,2012-09-19,00:00:00.00,24.0141,5.30317,0.256
993,2012-09-20,00:00:00.00,0.0426726,6.79835,0.405
994,2012-09-21,00:00:00.00,3.43914,4.53296,0.205
995,2012-09-22,00:00:00.00,0.685761,3.99599,0.133
996,2012-09-23,00:00:00.00,7.97954,4.0811,0.166
997,2012-09-24,00:00:00.00,0.0790362,4.14654,0.169
998,2012-09-25,00:00:00.00,0.0444252,3.58377,0.113
999,2012-09-26,00:00:00.00,0.000389979,3.14254,0.08
1000,2012-09-27,00:00:00.00,0.00951189,2.78843,0.07
1001,2012-09-28,00:00:00.00,0.000523808,2.49871,0.068
1002,2012-09-29,00:00:00.00,0.218825,2.25782,0.064
1003,2012-09-30,00:00:00.00,0.409849,2.05478,0.063
1004,2012-10-01,00:00:00.00,0.174809,1.88161,0.069
1005,2012-10-02,00:00:00.00,0.0351054,1.73238,0.066
1006,2012-10-03,00:00:00.00,3.09726,1.65155,0.07
1007,2012-10-04,00:00:00.00,0.111168,1.58108,0.077
1008,2012-10-05,00:00:00.00,0.0900773,1.47026,0.069
1009,2012-10-06,00:00:00.00,1.01709,1.37229,0.07
1010,2012-10-07,00:00:00.00,10.4993,2.26099,0.147
1011,2012-10-08,00:00:00.00,0.138214,2.5965,0.138
1012,2012-10-09,00:00:00.00,0.0875432,1.91576,0.089
1013,2012-10-10,00:00:00.00,0.0171348,1.76369,0.074
1014,2012-10-11,00:00:00.00,2.86593,1.69667,0.078
1015,2012-10-12,00:00:00.00,0.000179367,1.6382,0.08
1016,2012-10-13,00:00:00.00,0.199264,1.52165,0.078
1017,2012-10-14,00:00:00.00,1.91695,1.43676,0.082
1018,2012-10-15,00:00:00.00,12.4341,2.64838,0.309
1019,2012-10-16,00:00:00.00,0.23724,3.10701,0.243
1020,2012-10-17,00:00:00.00,0.0195681,2.21829,0.149
1021,2012-10-18,00:00:00.00,1.47133,2.02315,0.113
1022,2012-10-19,00:00:00.00,2.61519,1.90665,0.106
1023,2012-10-20,00:00:00.00,1.14249,1.80627,0.111
1024,2012-10-21,00:00:00.00,9.33726,2.55922,0.189
1025,2012-10-22,00:00:00.00,1.76783,2.90987,0.247
1026,2012-10-23,00:00:00.00,0.000561239,2.3198,0.175
1027,2012-10-24,00:00:00.00,4.66832,2.30914,0.155
1028,2012-10-25,00:00:00.00,0.0816597,2.30014,0.152
1029,2012-10-26,00:00:00.00,0.00434999,2.09232,0.134
1030,2012-10-27,00:00:00.00,4.41705,2.09362,0.127
1031,2012-10-28,00:00:00.00,13.9907,3.9697,0.792
1032,2012-10-29,00:00:00.00,2.10974,4.8288,1.58
1033,2012-10-30,00:00:00.00,8.35825,4.50165,1.36
1034,2012-10-31,00:00:00.00,26.5221,10.628,15.8
1035,2012-11-01,00:00:00.00,6.55067,14.2593,13.3
1036,2012-11-02,00:00:00.00,1.7541,10.8518,6.67
1037,2012-11-03,00:00:00.00,0.0152336,8.28386,2.81
1038,2012-11-04,00:00:00.00,0.717768,6.52083,1.4
1039,2012-11-05,00:00:00.00,0.811187,5.32716,0.923
1040,2012-11-06,00:00:00.00,0.0597927,4.47101,0.71
1041,2012-11-07,00:00:00.00,0,3.83028,0.575
1042,2012-11-08,00:00:00.00,0.015264,3.33485,0.487
1043,2012-11-09,00:00:00.00,0.438871,2.9417,0.414
1044,2012-11-10,00:00:00.00,1.0809,2.6364,0.361
1045,2012-11-11,00:00:00.00,0.289635,2.38478,0.337
1046,2012-11-12,00:00:00.00,0.00503449,2.16093,0.321
1047,2012-11-13,00:00:00.00,7.32704,2.50369,0.354
1048,2012-11-14,00:00:00.00,0.226145,2.6859,0.723
1049,2012-11-15,00:00:00.00,0.00327703,2.30917,0.606
1050,2012-11-16,00:00:00.00,0.00279315,2.09895,0.479
1051,2012-11-17,00:00:00.00,0.233222,1.92003,0.421
1052,2012-11-18,00:00:00.00,9.0564e-308,1.76612,0.356
1053,2012-11-19,00:00:00.00,0,1.63252,0.318
1054,2012-11-20,00:00:00.00,0.104731,1.51558,0.307
1055,2012-11-21,00:00:00.00,9.04596e-308,1.41249,0.3
1056,2012-11-22,00:00:00.00,0.107869,1.321,0.286
1057,2012-11-23,00:00:00.00,0.00107194,1.23934,0.254
1058,2012-11-24,00:00:00.00,3.17126,1.25258,0.258
1059,2012-11-25,00:00:00.00,0.456107,1.26479,0.269
1060,2012-11-26,00:00:00.00,1.85772,1.19088,0.22
1061,2012-11-27,00:00:00.00,0.024925,1.12428,0.21
1062,2012-11-28,00:00:00.00,0.00110321,1.06269,0.182
1063,2012-11-29,00:00:00.00,0.00273446,1.00672,0.146
1064,2012-11-30,00:00:00.00,0.00426281,0.955658,0.155
1065,2012-12-01,00:00:00.00,0.399608,0.942728,0.171
1066,2012-12-02,00:00:00.00,0.0493002,0.93102,0.156
1067,2012-12-03,00:00:00.00,6.0298,1.28976,0.198
1068,2012-12-04,00:00:00.00,0.313594,1.41067,0.286
1069,2012-12-05,00:00:00.00,5.59741,1.48197,0.271
1070,2012-12-06,00:00:00.00,0.00700054,1.60259,0.37
1071,2012-12-07,00:00:00.00,0,1.34734,0.325
1072,2012-12-08,00:00:00.00,0.710634,1.26473,0.273
1073,2012-12-09,00:00:00.00,5.37169,1.55783,0.282
1074,2012-12-10,00:00:00.00,4.29659,1.89827,0.343
1075,2012-12-11,00:00:00.00,3.1681,1.9688,0.701
1076,2012-12-12,00:00:00.00,0.13107,1.94749,0.894
1077,2012-12-13,00:00:00.00,0.00476766,1.7917,0.538
1078,2012-12-14,00:00:00.00,0.00042308,1.65643,0.399
1079,2012-12-15,00:00:00.00,0.0126791,1.538,0.354
1080,2012-12-16,00:00:00.00,0.27508,1.43357,0.332
1081,2012-12-17,00:00:00.00,4.36627,1.52848,0.365
1082,2012-12-18,00:00:00.00,0.0207357,1.59641,0.443
1083,2012-12-19,00:00:00.00,2.54196,1.55296,0.39
1084,2012-12-20,00:00:00.00,0.966637,1.54656,0.34
1085,2012-12-21,00:00:00.00,12.0781,2.95211,0.82
1086,2012-12-22,00:00:00.00,7.69543,4.33189,11.3
1087,2012-12-23,00:00:00.00,0.212846,3.86132,5.71
1088,2012-12-24,00:00:00.00,0,3.249,1.66
1089,2012-12-25,00:00:00.00,1.11866,2.87562,1.11
1090,2012-12-26,00:00:00.00,0.631419,2.57143,0.85
1091,2012-12-27,00:00:00.00,10.1834,2.44083,0.64
1092,2012-12-28,00:00:00.00,8.95359,2.39746,0.548
1093,2012-12-29,00:00:00.00,0.407744,2.23965,0.534
1094,2012-12-30,00:00:00.00,5.72452,2.05392,0.398
1095,2012-12-31,00:00:00.00,0.392872,1.89538,0.358
1096,2013-01-01,00:00:00.00,0.0209714,1.7451,0.322
1097,2013-01-02,00:00:00.00,0.0449863,1.61444,0.288
1098,2013-01-03,00:00:00.00,0.00318321,1.49992,0.258
1099,2013-01-04,00:00:00.00,0.00682871,1.39883,0.235
1100,2013-01-05,00:00:00.00,0.0153759,1.30902,0.214
1101,2013-01-06,00:00:00.00,0.00269631,1.22877,0.197
1102,2013-01-07,00:00:00.00,1.15388,1.1567,0.217
1103,2013-01-08,00:00:00.00,0.0144031,1.09165,0.277
1104,2013-01-09,00:00:00.00,0,1.03269,0.362
1105,2013-01-10,00:00:00.00,0.0222236,0.97903,0.981
1106,2013-01-11,00:00:00.00,0,0.930019,5.06
1107,2013-01-12,00:00:00.00,7.58189,1.50129,12.4
1108,2013-01-13,00:00:00.00,0.0145931,5.37621,17.3
1109,2013-01-14,00:00:00.00,35.9987,15.911,34.8
1110,2013-01-15,00:00:00.00,5.67771,18.2695,35.9
1111,2013-01-16,00:00:00.00,0.00171138,11.4975,12.6
1112,2013-01-17,00:00:00.00,8.5951e-308,8.50835,4.13
1113,2013-01-18,00:00:00.00,0.0161175,6.66625,2.41
1114,2013-01-19,00:00:00.00,0.0776163,5.42791,1.72
1115,2013-01-20,00:00:00.00,0.00652543,4.54425,1.52
1116,2013-01-21,00:00:00.00,0.0405559,3.88549,1.26
1117,2013-01-22,00:00:00.00,0.289821,3.37766,0.927
1118,2013-01-23,00:00:00.00,0.0363036,2.97565,0.687
1119,2013-01-24,00:00:00.00,0.053867,2.65048,0.511
1120,2013-01-25,00:00:00.00,0.405642,2.3827,0.437
1121,2013-01-26,00:00:00.00,4.69483,2.15884,0.388
1122,2013-01-27,00:00:00.00,2.16675,1.96926,0.353
1123,2013-01-28,00:00:00.00,0.0173537,1.80693,0.33
1124,2013-01-29,00:00:00.00,14.7039,2.66113,1.28
1125,2013-01-30,00:00:00.00,16.1373,10.0273,11.8
1126,2013-01-31,00:00:00.00,2.86303,13.0671,23.9
1127,2013-02-01,00:00:00.00,1.22142,8.5485,11.9
1128,2013-02-02,00:00:00.00,0.394185,6.69378,3.16
1129,2013-02-03,00:00:00.00,1.43742,5.44824,2.38
1130,2013-02-04,00:00:00.00,0.0526098,4.56007,1.93
1131,2013-02-05,00:00:00.00,0.389882,3.8983,1.57
1132,2013-02-06,00:00:00.00,0.114128,3.38834,1.27
1133,2013-02-07,00:00:00.00,0.222518,2.98477,1.02
1134,2013-02-08,00:00:00.00,0.0933622,2.6584,0.822
1135,2013-02-09,00:00:00.00,7.38716,2.52015,0.66
1136,2013-02-10,00:00:00.00,1.26865,2.40578,0.56
1137,2013-02-11,00:00:00.00,0.000317026,2.17941,0.585
1138,2013-02-12,00:00:00.00,4.70495,2.21037,6.77
1139,2013-02-13,00:00:00.00,0.0743976,2.23711,9.73
1140,2013-02-14,00:00:00.00,0.00224627,2.03789,3.26
1141,2013-02-15,00:00:00.00,1.03995,1.86771,3.03
1142,2013-02-16,00:00:00.00,0.233494,1.72087,2.72
1143,2013-02-17,00:00:00.00,3.69854,1.59304,1.62
1144,2013-02-18,00:00:00.00,1.232,1.48088,1.12
1145,2013-02-19,00:00:00.00,0.0151597,1.38178,1.02
1146,2013-02-20,00:00:00.00,7.18059,1.43669,8.39
1147,2013-02-21,00:00:00.00,0.0451469,1.4858,5.96
1148,2013-02-22,00:00:00.00,0.0539408,1.38696,1.92
1149,2013-02-23,00:00:00.00,6.87373,1.29902,1.45
1150,2013-02-24,00:00:00.00,0.932312,1.22033,1.57
1151,2013-02-25,00:00:00.00,1.00522,1.14955,0.816
1152,2013-02-26,00:00:00.00,0.00170917,1.0856,0.835
1153,2013-02-27,00:00:00.00,4.60778,1.05243,3.62
1154,2013-02-28,00:00:00.00,17.8043,2.21413,25.7
1155,2013-03-01,00:00:00.00,1.35542,2.62547,31
1156,2013-03-02,00:00:00.00,0.122756,1.79962,15.8
1157,2013-03-03,00:00:00.00,0.0371721,1.66348,4.56
1158,2013-03-04,00:00:00.00,0.261598,1.54433,2.05
1159,2013-03-05,00:00:00.00,0.0246822,1.43929,1.69
1160,2013-03-06,00:00:00.00,3.5084e-308,1.34607,1.63
1161,2013-03-07,00:00:00.00,7.103e-308,1.26286,1.53
1162,2013-03-08,00:00:00.00,0.0450943,1.18819,2.15
1163,2013-03-09,00:00:00.00,0.000302071,1.12085,1.72
1164,2013-03-10,00:00:00.00,0.0101113,1.05986,1.91
1165,2013-03-11,00:00:00.00,0.109819,7.18951,2.51
1166,2013-03-12,00:00:00.00,14.7155,12.1844,11.8
1167,2013-03-13,00:00:00.00,3.2978,9.95466,19.5
1168,2013-03-14,00:00:00.00,1.00959,7.90904,6.8
1169,2013-03-15,00:00:00.00,0.0187932,6.27442,4.24
1170,2013-03-16,00:00:00.00,1.87902,5.15439,6.27
1171,2013-03-17,00:00:00.00,6.36163,4.38101,5.42
1172,2013-03-18,00:00:00.00,0.118454,3.79942,1.88
1173,2013-03-19,00:00:00.00,1.73268,3.3111,1.91
1174,2013-03-20,00:00:00.00,1.38613,2.92302,3.71
1175,2013-03-21,00:00:00.00,0.0170004,2.60809,2.21
1176,2013-03-22,00:00:00.00,0.336109,2.34804,1.64
1177,2013-03-23,00:00:00.00,0.242275,2.13014,1.31
1178,2013-03-24,00:00:00.00,0.0198855,1.94523,1.09
1179,2013-03-25,00:00:00.00,0.00111185,1.78661,1.06
1180,2013-03-26,00:00:00.00,0.524279,1.64924,1.12
1181,2013-03-27,00:00:00.00,0.106311,2.47869,1.08
1182,2013-03-28,00:00:00.00,0.193434,2.81891,1.37
1183,2013-03-29,00:00:00.00,0.113842,2.16448,1.52
1184,2013-03-30,00:00:00.00,0.0107918,1.97672,1.47
1185,2013-03-31,00:00:00.00,0.00216808,1.81567,1.31
1186,2013-04-01,00:00:00.00,0.164214,1.6762,1.19
1187,2013-04-02,00:00:00.00,0.456772,1.55439,1.06
1188,2013-04-03,00:00:00.00,1.804e-308,1.4472,0.8
1189,2013-04-04,00:00:00.00,0.00625422,1.35224,0.694
1190,2013-04-05,00:00:00.00,0.00214245,1.26761,0.629
1191,2013-04-06,00:00:00.00,8.7323e-308,1.19177,0.638
1192,2013-04-07,00:00:00.00,0.000528855,1.12347,0.554
1193,2013-04-08,00:00:00.00,0.0151499,1.06168,0.553
1194,2013-04-09,00:00:00.00,1.59566,1.00555,0.527
1195,2013-04-10,00:00:00.00,1.58517,0.954362,0.562
1196,2013-04-11,00:00:00.00,12.4,2.02366,1.01
1197,2013-04-12,00:00:00.00,24.7105,6.33735,21.4
1198,2013-04-13,00:00:00.00,30.5392,14.6914,47.4
1199,2013-04-14,00:00:00.00,0.181418,15.806,29.7
1200,2013-04-15,00:00:00.00,0.0764296,10.2492,15.3
1201,2013-04-16,00:00:00.00,0.00244232,7.76256,11.5
1202,2013-04-17,00:00:00.00,7.39354,6.86161,6.69
1203,2013-04-18,00:00:00.00,0.0596921,6.25807,3.85
1204,2013-04-19,00:00:00.00,6.34117,5.57407,3.62
1205,2013-04-20,00:00:00.00,5.02386,5.36785,2.84
1206,2013-04-21,00:00:00.00,0.13433,4.78572,2.11
1207,2013-04-22,00:00:00.00,4.8e-308,4.07008,1.6
1208,2013-04-23,00:00:00.00,0,3.52323,1.37
1209,2013-04-24,00:00:00.00,0.0178247,3.09335,1.22
1210,2013-04-25,00:00:00.00,16.8472,5.01738,1.98
1211,2013-04-26,00:00:00.00,2.26323,5.96067,4.41
1212,2013-04-27,00:00:00.00,1.65567e-308,4.43279,2.34
1213,2013-04-28,00:00:00.00,0.000354827,3.8034,1.81
1214,2013-04-29,00:00:00.00,5.5799,3.57411,1.6
1215,2013-04-30,00:00:00.00,1.63773,3.39421,1.92
1216,2013-05-01,00:00:00.00,0.0015856,2.99136,1.8
1217,2013-05-02,00:00:00.00,2.6907e-308,2.66538,1.47
1218,2013-05-03,00:00:00.00,0,2.39686,1.16
1219,2013-05-04,00:00:00.00,0,2.17229,0.981
1220,2013-05-05,00:00:00.00,0,1.98205,0.841
1221,2013-05-06,00:00:00.00,1.19315e-308,1.81909,0.744
1222,2013-05-07,00:00:00.00,1.1932e-308,1.67814,0.675
1223,2013-05-08,00:00:00.00,0,1.55516,0.618
1224,2013-05-09,00:00:00.00,0.78119,1.44705,0.574
1225,2013-05-10,00:00:00.00,1.10251,1.35138,0.546
1226,2013-05-11,00:00:00.00,2.32033,1.26618,0.548
1227,2013-05-12,00:00:00.00,0.0831445,1.1899,0.537
1228,2013-05-13,00:00:00.00,0.208539,1.12125,0.487
1229,2013-05-14,00:00:00.00,0.000358041,1.05919,0.432
1230,2013-05-15,00:00:00.00,0.00275171,1.00284,0.4
1231,2013-05-16,00:00:00.00,0.0182486,0.95149,0.397
1232,2013-05-17,00:00:00.00,6.12443e-308,0.90452,0.377
1233,2013-05-18,00:00:00.00,0.000175831,0.861413,0.335
1234,2013-05-19,00:00:00.00,0.00532786,0.821733,0.312
1235,2013-05-20,00:00:00.00,0.00140318,0.785104,0.301
1236,2013-05-21,00:00:00.00,0.000559511,0.751199,0.295
1237,2013-05-22,00:00:00.00,0.0895528,0.719738,0.285
1238,2013-05-23,00:00:00.00,0.0551475,0.690481,0.279
1239,2013-05-24,00:00:00.00,2.4456,0.663212,0.295
1240,2013-05-25,00:00:00.00,0.272685,0.637745,0.302
1241,2013-05-26,00:00:00.00,0.0153591,0.613914,0.254
1242,2013-05-27,00:00:00.00,2.649e-308,0.591572,0.237
1243,2013-05-28,00:00:00.00,0.0126974,0.570589,0.233
1244,2013-05-29,00:00:00.00,25.7173,3.40875,2.46
1245,2013-05-30,00:00:00.00,26.4509,8.42645,15.9
1246,2013-05-31,00:00:00.00,0.00669818,8.35048,4.36
1247,2013-06-01,00:00:00.00,1.14824,5.57317,1.38
1248,2013-06-02,00:00:00.00,2.27209,4.65282,0.987
1249,2013-06-03,00:00:00.00,3.43113,3.96992,0.845
1250,2013-06-04,00:00:00.00,0.0492797,3.44539,0.658
1251,2013-06-05,00:00:00.00,0.000149962,3.03132,0.476
1252,2013-06-06,00:00:00.00,0.000731902,2.69715,0.394
1253,2013-06-07,00:00:00.00,0.255025,2.42249,0.365
1254,2013-06-08,00:00:00.00,0.182402,2.19325,0.368
1255,2013-06-09,00:00:00.00,0.0087089,1.99938,0.335
1256,2013-06-10,00:00:00.00,0.0217861,1.83355,0.292
1257,2013-06-11,00:00:00.00,7.81085,1.90497,0.283
1258,2013-06-12,00:00:00.00,1.71418,1.96713,0.392
1259,2013-06-13,00:00:00.00,0.067051,1.80707,0.375
1260,2013-06-14,00:00:00.00,30.5778,6.45474,5.64
1261,2013-06-15,00:00:00.00,0.0035364,8.5032,4.98
1262,2013-06-16,00:00:00.00,0.00985787,5.33673,1.18
1263,2013-06-17,00:00:00.00,1.53152,4.48009,0.788
1264,2013-06-18,00:00:00.00,9.09228,4.34948,0.971
1265,2013-06-19,00:00:00.00,32.0404,10.9405,15.6
1266,2013-06-20,00:00:00.00,0.0213886,13.752,6.63
1267,2013-06-21,00:00:00.00,9.394e-308,8.98271,1.64
1268,2013-06-22,00:00:00.00,0,6.97248,0.96
1269,2013-06-23,00:00:00.00,0.136541,5.64043,0.704
1270,2013-06-24,00:00:00.00,0.0962757,4.69956,0.559
1271,2013-06-25,00:00:00.00,0.00108722,4.00348,0.453
1272,2013-06-26,00:00:00.00,0.131717,3.47004,0.389
1273,2013-06-27,00:00:00.00,14.3176,4.3614,0.875
1274,2013-06-28,00:00:00.00,7.47385,5.19658,0.722
1275,2013-06-29,00:00:00.00,6.39736,4.798,2.23
1276,2013-06-30,00:00:00.00,10.7785,5.2015,4.92
1277,2013-07-01,00:00:00.00,0.0882325,5.23686,1.92
1278,2013-07-02,00:00:00.00,2.73163,4.40698,0.778
1279,2013-07-03,00:00:00.00,0.558379,3.78344,0.594
1280,2013-07-04,00:00:00.00,0.189135,3.29978,0.499
1281,2013-07-05,00:00:00.00,1.32848,2.91495,0.419
1282,2013-07-06,00:00:00.00,5.49985,2.69371,0.406
1283,2013-07-07,00:00:00.00,0.652363,2.5119,0.39
1284,2013-07-08,00:00:00.00,14.5763,3.61428,0.984
1285,2013-07-09,00:00:00.00,5.84795,4.27659,3.11
1286,2013-07-10,00:00:00.00,6.05399,3.63491,2.11
1287,2013-07-11,00:00:00.00,8.98173,3.79599,9.37
1288,2013-07-12,00:00:00.00,1.7727,3.75955,3.15
1289,2013-07-13,00:00:00.00,0.146305,3.28212,0.88
1290,2013-07-14,00:00:00.00,0,2.9017,0.483
1291,2013-07-15,00:00:00.00,0.000278392,2.59229,0.337
1292,2013-07-16,00:00:00.00,0.533261,2.33631,0.281
1293,2013-07-17,00:00:00.00,0.0502021,2.12148,0.372
1294,2013-07-18,00:00:00.00,0.00493059,1.93892,0.326
1295,2013-07-19,00:00:00.00,0.0673833,1.78212,0.198
1296,2013-07-20,00:00:00.00,1.06113,1.64617,1.16
1297,2013-07-21,00:00:00.00,32.353,6.44635,42.2
1298,2013-07-22,00:00:00.00,0.036089,8.53433,20.2
1299,2013-07-23,00:00:00.00,0.388095,5.27555,3.64
1300,2013-07-24,00:00:00.00,3.342,4.43512,1.08
1301,2013-07-25,00:00:00.00,0.0670099,3.80463,1.22
1302,2013-07-26,00:00:00.00,0.110091,3.31617,0.576
1303,2013-07-27,00:00:00.00,0.0172197,2.92791,0.373
1304,2013-07-28,00:00:00.00,3.05934,2.6128,0.316
1305,2013-07-29,00:00:00.00,0.233215,2.35256,0.312
1306,2013-07-30,00:00:00.00,0.0160895,2.13447,0.253
1307,2013-07-31,00:00:00.00,0.00374395,1.94939,0.211
1308,2013-08-01,00:00:00.00,0.0266722,1.7906,0.188
1309,2013-08-02,00:00:00.00,10.999,2.36214,2.64
1310,2013-08-03,00:00:00.00,0.0140456,2.6147,1.1
1311,2013-08-04,00:00:00.00,0.0791382,2.12414,0.368
1312,2013-08-05,00:00:00.00,0.214327,1.94218,0.238
1313,2013-08-06,00:00:00.00,6.82018e-308,1.78579,0.187
1314,2013-08-07,00:00:00.00,0.159257,1.65011,0.165
1315,2013-08-08,00:00:00.00,0.0406206,1.53143,0.157
1316,2013-08-09,00:00:00.00,0.0547274,1.42686,0.145
1317,2013-08-10,00:00:00.00,2.53006e-308,1.3341,0.126
1318,2013-08-11,00:00:00.00,0.186522,1.25134,0.105
1319,2013-08-12,00:00:00.00,0.476993,1.17709,0.09
1320,2013-08-13,00:00:00.00,6.39051,1.21762,0.152
1321,2013-08-14,00:00:00.00,33.4843,6.59453,7.71
1322,2013-08-15,00:00:00.00,0.0755353,8.81978,2.39
1323,2013-08-16,00:00:00.00,0.0291116,5.26261,0.581
1324,2013-08-17,00:00:00.00,0.0136429,4.42564,0.326
1325,2013-08-18,00:00:00.00,0.315833,3.79742,0.235
1326,2013-08-19,00:00:00.00,0.424603,3.31053,0.187
1327,2013-08-20,00:00:00.00,0.00359269,2.92341,0.159
1328,2013-08-21,00:00:00.00,0.328947,2.60913,0.14
1329,2013-08-22,00:00:00.00,0.148483,2.34953,0.124
1330,2013-08-23,00:00:00.00,0.0971066,2.13193,0.109
1331,2013-08-24,00:00:00.00,0.123861,1.94724,0.102
1332,2013-08-25,00:00:00.00,0.0556429,1.78876,0.088
1333,2013-08-26,00:00:00.00,0.234666,1.65148,0.077
1334,2013-08-27,00:00:00.00,3.84401,1.53544,0.088
1335,2013-08-28,00:00:00.00,2.26088,1.43336,0.178
1336,2013-08-29,00:00:00.00,3.95894,1.35324,0.164
1337,2013-08-30,00:00:00.00,0.235708,1.28197,0.134
1338,2013-08-31,00:00:00.00,0.158629,1.20407,0.102
1339,2013-09-01,00:00:00.00,0.0781309,1.13403,0.09
1340,2013-09-02,00:00:00.00,3.3511,1.07322,0.087
1341,2013-09-03,00:00:00.00,0.0162511,1.01807,0.139
1342,2013-09-04,00:00:00.00,0.000516227,0.965416,0.105
1343,2013-09-05,00:00:00.00,3.41423e-308,0.917294,0.076
1344,2013-09-06,00:00:00.00,0.0017302,0.87317,0.069
1345,2013-09-07,00:00:00.00,0,0.832586,0.06
1346,2013-09-08,00:00:00.00,0.332573,0.79515,0.057
1347,2013-09-09,00:00:00.00,0.218404,0.760525,0.059
1348,2013-09-10,00:00:00.00,0.0517067,0.728421,0.063
1349,2013-09-11,00:00:00.00,0.146445,0.698582,0.059
1350,2013-09-12,00:00:00.00,0.0718671,0.670787,0.057
1351,2013-09-13,00:00:00.00,1.2625,0.644842,0.078
1352,2013-09-14,00:00:00.00,6.8796,0.911529,0.135
1353,2013-09-15,00:00:00.00,0.00411895,0.985903,0.105
1354,2013-09-16,00:00:00.00,0.10951,0.764847,0.073
1355,2013-09-17,00:00:00.00,0.197452,0.733545,0.064
1356,2013-09-18,00:00:00.00,0.167235,0.704372,0.066
1357,2013-09-19,00:00:00.00,0.0171551,0.677127,0.064
1358,2013-09-20,00:00:00.00,0.0259342,0.651634,0.068
1359,2013-09-21,00:00:00.00,6.79173,0.890792,0.156
1360,2013-09-22,00:00:00.00,53.01,11.3534,5.14
1361,2013-09-23,00:00:00.00,0.0253674,15.5892,3.77
1362,2013-09-24,00:00:00.00,0.115091,8.50265,0.713
1363,2013-09-25,00:00:00.00,6.0917e-308,6.66368,0.348
1364,2013-09-26,00:00:00.00,3.0045e-308,5.427,0.243
1365,2013-09-27,00:00:00.00,0.000343663,4.54428,0.191
1366,2013-09-28,00:00:00.00,0.00038716,3.88608,0.155
1367,2013-09-29,00:00:00.00,0.000179405,3.37858,0.135
1368,2013-09-30,00:00:00.00,0.38166,2.97677,0.132
1369,2013-10-01,00:00:00.00,0.398668,2.65171,0.127
1370,2013-10-02,00:00:00.00,0.0432649,2.384,0.126
1371,2013-10-03,00:00:00.00,0.000379376,2.16017,0.114
1372,2013-10-04,00:00:00.00,0.00511807,1.97061,0.107
1373,2013-10-05,00:00:00.00,0.0909348,1.80827,0.101
1374,2013-10-06,00:00:00.00,0.201122,1.66788,0.107
1375,2013-10-07,00:00:00.00,5.16382,1.68086,0.133
1376,2013-10-08,00:00:00.00,25.7882,5.80881,1.37
1377,2013-10-09,00:00:00.00,0.00187884,7.54631,1.16
1378,2013-10-10,00:00:00.00,1.6711e-308,4.82128,0.413
1379,2013-10-11,00:00:00.00,0,4.09756,0.269
1380,2013-10-12,00:00:00.00,0.000106887,3.54515,0.213
1381,2013-10-13,00:00:00.00,0.0788054,3.11129,0.183
1382,2013-10-14,00:00:00.00,0.298544,2.7626,0.166
1383,2013-10-15,00:00:00.00,0.0133849,2.47698,0.148
1384,2013-10-16,00:00:00.00,0.052019,2.23928,0.14
1385,2013-10-17,00:00:00.00,3.23813,2.11983,0.172
1386,2013-10-18,00:00:00.00,4.11416,2.1782,0.191
1387,2013-10-19,00:00:00.00,0.0221468,2.1474,0.238
1388,2013-10-20,00:00:00.00,6.98043,2.4402,0.205
1389,2013-10-21,00:00:00.00,0.439638,2.60247,0.257
1390,2013-10-22,00:00:00.00,3.36151,2.39017,0.232
1391,2013-10-23,00:00:00.00,1.41441,2.30932,0.244
1392,2013-10-24,00:00:00.00,0.695031,2.11291,0.23
1393,2013-10-25,00:00:00.00,0.000203276,1.93261,0.197
1394,2013-10-26,00:00:00.00,0,1.77755,0.166
1395,2013-10-27,00:00:00.00,0.70541,1.64296,0.145
1396,2013-10-28,00:00:00.00,1.24949,1.53202,0.144
1397,2013-10-29,00:00:00.00,5.78977e-308,1.43428,0.156
1398,2013-10-30,00:00:00.00,0.000524055,1.34076,0.143
1399,2013-10-31,00:00:00.00,0.0166838,1.25735,0.134
1400,2013-11-01,00:00:00.00,31.7489,6.41731,6.28
1401,2013-11-02,00:00:00.00,13.7689,10.8352,25.3
1402,2013-11-03,00:00:00.00,4.88135,9.52614,9.6
1403,2013-11-04,00:00:00.00,0.105415,7.99949,2.95
1404,2013-11-05,00:00:00.00,0.137644,6.33468,1.56
1405,2013-11-06,00:00:00.00,0.000186109,5.19718,1.09
1406,2013-11-07,00:00:00.00,5.1503,4.82623,0.901
1407,2013-11-08,00:00:00.00,2.62905,4.74138,1.74
1408,2013-11-09,00:00:00.00,0.0185293,4.22731,1.65
1409,2013-11-10,00:00:00.00,0.0363258,3.64516,1.14
1410,2013-11-11,00:00:00.00,0.056947,3.19038,0.912
1411,2013-11-12,00:00:00.00,7.38719,3.43626,0.742
1412,2013-11-13,00:00:00.00,2.74543,3.60557,1
1413,2013-11-14,00:00:00.00,0.00852955,3.13358,0.994
1414,2013-11-15,00:00:00.00,0,2.78142,0.956
1415,2013-11-16,00:00:00.00,0,2.58955,0.843
1416,2013-11-17,00:00:00.00,0.000553043,2.43088,0.723
1417,2013-11-18,00:00:00.00,0.764321,2.20137,0.688
1418,2013-11-19,00:00:00.00,0.889878,2.00722,0.797
1419,2013-11-20,00:00:00.00,0.000374623,1.84112,0.669
1420,2013-11-21,00:00:00.00,0,1.69759,0.529
1421,2013-11-22,00:00:00.00,1.44081,1.5996,0.506
1422,2013-11-23,00:00:00.00,8.61844,2.32786,0.981
1423,2013-11-24,00:00:00.00,0.0589979,2.61674,1.52
1424,2013-11-25,00:00:00.00,7.18198e-308,2.05385,0.991
1425,2013-11-26,00:00:00.00,0.00721199,1.88239,0.864
1426,2013-11-27,00:00:00.00,0.465664,1.73445,0.736
1427,2013-11-28,00:00:00.00,0.139565,1.60565,0.617
1428,2013-11-29,00:00:00.00,0.402893,1.49265,0.503
1429,2013-11-30,00:00:00.00,0.322584,1.39279,0.454
1430,2013-12-01,00:00:00.00,2.8043e-308,1.304,0.409
1431,2013-12-02,00:00:00.00,0.0135181,1.2246,0.465
1432,2013-12-03,00:00:00.00,0.00270581,1.17073,0.486
1433,2013-12-04,00:00:00.00,0.745318,1.1222,0.454
1434,2013-12-05,00:00:00.00,0.807244,1.06358,0.452
1435,2013-12-06,00:00:00.00,1.06805,1.01743,0.469
1436,2013-12-07,00:00:00.00,0.0156231,0.972602,0.446
1437,2013-12-08,00:00:00.00,0.00882345,0.92449,0.305
1438,2013-12-09,00:00:00.00,0.0197742,0.880346,0.298
1439,2013-12-10,00:00:00.00,0.263604,0.839718,0.259
1440,2013-12-11,00:00:00.00,0.043919,0.802217,0.226
1441,2013-12-12,00:00:00.00,0.489541,0.767511,0.211
1442,2013-12-13,00:00:00.00,0.0497468,0.735312,0.199
1443,2013-12-14,00:00:00.00,0.522567,0.705368,0.194
1444,2013-12-15,00:00:00.00,12.5177,0.677461,0.193
1445,2013-12-16,00:00:00.00,6.3333,0.651398,0.193
1446,2013-12-17,00:00:00.00,0.0651975,0.627009,0.193
1447,2013-12-18,00:00:00.00,3.01776,0.604146,0.192
1448,2013-12-19,00:00:00.00,1.0774,0.582675,0.192
1449,2013-12-20,00:00:00.00,0.204962,0.562479,0.199
1450,2013-12-21,00:00:00.00,7.12599,0.910516,0.323
1451,2013-12-22,00:00:00.00,9.9422,3.81474,7.2
1452,2013-12-23,00:00:00.00,31.9644,16.8338,39.1
1453,2013-12-24,00:00:00.00,0.216883,20.5115,34.1
1454,2013-12-25,00:00:00.00,1.14458,11.7645,13.1
1455,2013-12-26,00:00:00.00,1.98337,8.66348,4.49
1456,2013-12-27,00:00:00.00,2.8626,6.76641,2.21
1457,2013-12-28,00:00:00.00,1.79947,5.49727,1.5
1458,2013-12-29,00:00:00.00,0.000343008,4.59473,1.35
1459,2013-12-30,00:00:00.00,0.00597543,4.72896,1.18
1460,2013-12-31,00:00:00.00,0.0834481,4.83002,0.92
1461,2014-01-01,00:00:00.00,2.84567,4.10346,0.705
1462,2014-01-02,00:00:00.00,5.55441,3.5492,0.528
1463,2014-01-03,00:00:00.00,9.17721,3.11407,0.387
1464,2014-01-04,00:00:00.00,0.706787,2.76448,0.302
1465,2014-01-05,00:00:00.00,0.012709,2.47821,0.242
1466,2014-01-06,00:00:00.00,5.55964,2.28386,0.198
1467,2014-01-07,00:00:00.00,13.2205,2.12045,0.166
1468,2014-01-08,00:00:00.00,0.177889,1.93758,0.144
1469,2014-01-09,00:00:00.00,0.0158667,1.78055,0.131
1470,2014-01-10,00:00:00.00,0.0513133,1.64445,0.131
1471,2014-01-11,00:00:00.00,3.39113,1.55188,0.145
1472,2014-01-12,00:00:00.00,18.7753,3.88483,7.77
1473,2014-01-13,00:00:00.00,0.327486,4.81929,25.6
1474,2014-01-14,00:00:00.00,0.026494,3.19145,17.6
1475,2014-01-15,00:00:00.00,0.1775,2.82915,16.9
1476,2014-01-16,00:00:00.00,0.027213,2.53322,11.5
1477,2014-01-17,00:00:00.00,2.42252,2.28752,5.8
1478,2014-01-18,00:00:00.00,3.10875,2.08329,3.46
1479,2014-01-19,00:00:00.00,6.12305,1.9093,2.32
1480,2014-01-20,00:00:00.00,0.0323048,1.75689,1.62
1481,2014-01-21,00:00:00.00,1.31905,1.6245,1.14
1482,2014-01-22,00:00:00.00,0.529858,1.50856,0.911
1483,2014-01-23,00:00:00.00,1.0468,1.4063,0.76
1484,2014-01-24,00:00:00.00,2.97082,1.31552,0.666
1485,2014-01-25,00:00:00.00,0.109037,1.23446,0.617
1486,2014-01-26,00:00:00.00,8.00076,1.16168,0.584
1487,2014-01-27,00:00:00.00,6.22717,1.09604,0.561
1488,2014-01-28,00:00:00.00,5.36719,1.03658,0.54
1489,2014-01-29,00:00:00.00,0.0301834,0.982481,0.519
1490,2014-01-30,00:00:00.00,0.000115268,0.933091,0.498
1491,2014-01-31,00:00:00.00,7.29204e-308,0.887842,0.48
1492,2014-02-01,00:00:00.00,0.0959303,0.846254,0.464
1493,2014-02-02,00:00:00.00,9.49396,0.847363,0.448
1494,2014-02-03,00:00:00.00,4.87812,0.848609,0.432
1495,2014-02-04,00:00:00.00,0.113199,0.810519,0.417
1496,2014-02-05,00:00:00.00,0.0491622,0.775282,0.402
1497,2014-02-06,00:00:00.00,25.6542,0.742601,0.39
1498,2014-02-07,00:00:00.00,0.683335,0.712219,0.378
1499,2014-02-08,00:00:00.00,0.00390201,0.683913,0.366
1500,2014-02-09,00:00:00.00,0.241796,0.657484,0.354
1501,2014-02-10,00:00:00.00,4.01249,0.632761,0.342
1502,2014-02-11,00:00:00.00,0.130422,0.60959,0.33
1503,2014-02-12,00:00:00.00,0.0813715,0.587836,0.318
1504,2014-02-13,00:00:00.00,0.00127455,0.567379,0.308
1505,2014-02-14,00:00:00.00,0.00493407,0.54811,0.301
1506,2014-02-15,00:00:00.00,1.15754,0.529934,0.295
1507,2014-02-16,00:00:00.00,0.579961,0.512764,0.289
1508,2014-02-17,00:00:00.00,1.70582,0.496523,0.285
1509,2014-02-18,00:00:00.00,0.0497987,0.481141,0.283
1510,2014-02-19,00:00:00.00,15.1249,0.466555,0.282
1511,2014-02-20,00:00:00.00,0.0152407,0.452706,0.302
1512,2014-02-21,00:00:00.00,14.4447,0.718427,0.882
1513,2014-02-22,00:00:00.00,6.8378,1.15202,7.77
1514,2014-02-23,00:00:00.00,0.000573167,1.03617,16.3
1515,2014-02-24,00:00:00.00,0.0006747,0.744201,22.3
1516,2014-02-25,00:00:00.00,0.00210491,0.715183,23.1
1517,2014-02-26,00:00:00.00,0.00759416,0.688024,17.2
1518,2014-02-27,00:00:00.00,0.169946,0.66256,12.5
1519,2014-02-28,00:00:00.00,0.035555,0.638645,9.01
1520,2014-03-01,00:00:00.00,0.00416531,0.616149,6.45
1521,2014-03-02,00:00:00.00,0.494095,0.594956,4.59
1522,2014-03-03,00:00:00.00,9.93347,0.574962,3.22
1523,2014-03-04,00:00:00.00,0.00181937,0.556074,2.22
1524,2014-03-05,00:00:00.00,0.00556474,0.538206,1.54
1525,2014-03-06,00:00:00.00,4.79889e-308,0.521284,1.12
1526,2014-03-07,00:00:00.00,0.000944389,0.505237,0.828
1527,2014-03-08,00:00:00.00,0,0.490003,0.677
1528,2014-03-09,00:00:00.00,0.477255,0.475526,0.661
1529,2014-03-10,00:00:00.00,0.000472996,0.461752,0.699
1530,2014-03-11,00:00:00.00,0.0256588,0.448636,3.25
1531,2014-03-12,00:00:00.00,0.00795108,3.8994,17.6
1532,2014-03-13,00:00:00.00,23.5028,5.69703,27.9
1533,2014-03-14,00:00:00.00,0.00178144,3.64268,19.1
1534,2014-03-15,00:00:00.00,0.0180509,3.06192,14.5
1535,2014-03-16,00:00:00.00,0.0637777,2.72432,21.6
1536,2014-03-17,00:00:00.00,0.00368737,2.44692,25.4
1537,2014-03-18,00:00:00.00,0.00909477,2.21543,17.1
1538,2014-03-19,00:00:00.00,0.0102539,2.01968,10.3
1539,2014-03-20,00:00:00.00,2.85262,1.92558,11
1540,2014-03-21,00:00:00.00,0.43622,3.30642,19.2
1541,2014-03-22,00:00:00.00,0.0237226,3.86622,13
1542,2014-03-23,00:00:00.00,1.52907,2.87453,9.66
1543,2014-03-24,00:00:00.00,0.134237,2.57092,6.53
1544,2014-03-25,00:00:00.00,0.0361559,2.31931,3.29
1545,2014-03-26,00:00:00.00,0.25978,2.10782,2.49
1546,2014-03-27,00:00:00.00,0.171371,1.92787,1.74
1547,2014-03-28,00:00:00.00,1.55088,1.77312,1.64
1548,2014-03-29,00:00:00.00,1.85901,1.63881,2.75
1549,2014-03-30,00:00:00.00,0.0313401,1.63678,5.14
1550,2014-03-31,00:00:00.00,0.00823577,1.83699,2.95
1551,2014-04-01,00:00:00.00,0.0150145,3.63302,3.68
1552,2014-04-02,00:00:00.00,0.0230919,18.7271,5.05
1553,2014-04-03,00:00:00.00,1.39593e-308,38.5523,5.47
1554,2014-04-04,00:00:00.00,2.75245,37.919,3.24
1555,2014-04-05,00:00:00.00,6.08759,31.7182,3.19
1556,2014-04-06,00:00:00.00,0.096727,25.3063,5.62
1557,2014-04-07,00:00:00.00,2.182e-308,15.0792,2.94
1558,2014-04-08,00:00:00.00,6.45747,11.4264,2.58
1559,2014-04-09,00:00:00.00,8.34612,10.7056,13
1560,2014-04-10,00:00:00.00,0.00221761,9.33547,6.44
1561,2014-04-11,00:00:00.00,0.0497888,7.19658,3.03
1562,2014-04-12,00:00:00.00,1.42203,5.79421,2.31
1563,2014-04-13,00:00:00.00,0.00557556,4.81097,1.88
1564,2014-04-14,00:00:00.00,0.195084,4.08755,1.64
1565,2014-04-15,00:00:00.00,0.74484,3.53551,1.36
1566,2014-04-16,00:00:00.00,8.1117,3.23764,1.35
1567,2014-04-17,00:00:00.00,0.211027,3.0002,1.4
1568,2014-04-18,00:00:00.00,0,2.67154,1.22
1569,2014-04-19,00:00:00.00,0.00932045,2.58581,1.01
1570,2014-04-20,00:00:00.00,5.589e-308,2.51531,0.839
1571,2014-04-21,00:00:00.00,0.000460442,2.27177,0.692
1572,2014-04-22,00:00:00.00,0.000543378,2.06664,0.643
1573,2014-04-23,00:00:00.00,1.63296,1.8918,0.635
1574,2014-04-24,00:00:00.00,0.311291,1.74123,0.578
1575,2014-04-25,00:00:00.00,0,1.61037,0.463
1576,2014-04-26,00:00:00.00,3.81825,1.55985,0.461
1577,2014-04-27,00:00:00.00,0.000687155,1.51568,0.523
1578,2014-04-28,00:00:00.00,0.000239111,1.41267,0.429
1579,2014-04-29,00:00:00.00,0.0466462,1.32125,0.38
1580,2014-04-30,00:00:00.00,17.8348,3.26569,1.25
1581,2014-05-01,00:00:00.00,15.1553,5.92418,13.5
1582,2014-05-02,00:00:00.00,0.0391248,5.59334,6.01
1583,2014-05-03,00:00:00.00,0.188091,4.25929,2.33
1584,2014-05-04,00:00:00.00,2.08469,3.67075,1.75
1585,2014-05-05,00:00:00.00,1.6194,3.21143,1.46
1586,2014-05-06,00:00:00.00,0.00518385,2.84417,1.21
1587,2014-05-07,00:00:00.00,0.000282388,2.54462,1
1588,2014-05-08,00:00:00.00,16.5842,4.33474,1.1
1589,2014-05-09,00:00:00.00,3.54626,5.17905,22.4
1590,2014-05-10,00:00:00.00,0.141157,3.823,7.08
1591,2014-05-11,00:00:00.00,2.52214,3.33175,2.64
1592,2014-05-12,00:00:00.00,0.0102768,2.94141,1.73
1593,2014-05-13,00:00:00.00,6.08781,2.8082,1.35
1594,2014-05-14,00:00:00.00,3.46306,2.69943,2.35
1595,2014-05-15,00:00:00.00,5.40529,2.55524,4.64
1596,2014-05-16,00:00:00.00,31.7841,8.24824,41.7
1597,2014-05-17,00:00:00.00,0.0260877,10.8319,28.2
1598,2014-05-18,00:00:00.00,2.3404,6.94635,8.14
1599,2014-05-19,00:00:00.00,0.289862,5.62374,4.27
1600,2014-05-20,00:00:00.00,0.0151953,4.68849,2.27
1601,2014-05-21,00:00:00.00,3.84157,4.03805,1.73
1602,2014-05-22,00:00:00.00,4.72699,3.62219,1.74
1603,2014-05-23,00:00:00.00,0.472355,3.25426,1.7
1604,2014-05-24,00:00:00.00,0.00132619,2.87776,1.23
1605,2014-05-25,00:00:00.00,0.000264913,2.57137,0.989
1606,2014-05-26,00:00:00.00,6.92352e-308,2.31779,0.812
1607,2014-05-27,00:00:00.00,8.18234e-308,2.10486,0.701
1608,2014-05-28,00:00:00.00,0.316355,1.92387,0.636
1609,2014-05-29,00:00:00.00,2.50295,1.76838,0.627
1610,2014-05-30,00:00:00.00,0.0665629,1.63355,0.537
1611,2014-05-31,00:00:00.00,0.000123446,1.51565,0.479
1612,2014-06-01,00:00:00.00,0.00015449,1.41179,0.432
1613,2014-06-02,00:00:00.00,6.80663e-308,1.31969,0.378
1614,2014-06-03,00:00:00.00,1.31886,1.23754,0.377
1615,2014-06-04,00:00:00.00,4.70149,1.17741,0.468
1616,2014-06-05,00:00:00.00,1.65702,1.12334,0.373
1617,2014-06-06,00:00:00.00,0.0650723,1.06099,0.34
1618,2014-06-07,00:00:00.00,9.09645e-308,1.0044,0.287
1619,2014-06-08,00:00:00.00,0,0.952823,0.242
1620,2014-06-09,00:00:00.00,2.1756,0.905661,0.237
1621,2014-06-10,00:00:00.00,8.97788e-308,0.862392,0.241
1622,2014-06-11,00:00:00.00,0.00451854,0.82257,0.219
1623,2014-06-12,00:00:00.00,1.84051,0.785819,0.21
1624,2014-06-13,00:00:00.00,2.96573,0.751812,0.298
1625,2014-06-14,00:00:00.00,0.108828,0.720265,0.321
1626,2014-06-15,00:00:00.00,2.3133e-308,0.69093,0.237
1627,2014-06-16,00:00:00.00,0,0.663588,0.193
1628,2014-06-17,00:00:00.00,0.00422237,0.638053,0.172
1629,2014-06-18,00:00:00.00,0.20331,0.614163,0.171
1630,2014-06-19,00:00:00.00,9.01462,0.880498,0.361
1631,2014-06-20,00:00:00.00,10.9823,1.61808,1.75
1632,2014-06-21,00:00:00.00,0.154378,1.61109,0.78
1633,2014-06-22,00:00:00.00,0.0555291,1.11349,0.421
1634,2014-06-23,00:00:00.00,0.000469798,1.0544,0.313
1635,2014-06-24,00:00:00.00,0.0264179,1.00051,0.249
1636,2014-06-25,00:00:00.00,12.9059,1.87888,0.325
1637,2014-06-26,00:00:00.00,2.14729,2.16453,1.71
1638,2014-06-27,00:00:00.00,0.0100333,1.49392,0.801
1639,2014-06-28,00:00:00.00,0.0120945,1.39541,0.413
1640,2014-06-29,00:00:00.00,3.3189e-308,1.30766,0.285
1641,2014-06-30,00:00:00.00,3.35145,1.22904,0.225
1642,2014-07-01,00:00:00.00,0.687668,1.15827,0.222
1643,2014-07-02,00:00:00.00,1.95387,1.09426,0.226
1644,2014-07-03,00:00:00.00,0.000136441,1.03613,0.181
1645,2014-07-04,00:00:00.00,0.0399461,0.983126,0.149
1646,2014-07-05,00:00:00.00,0.0213725,0.934636,0.119
1647,2014-07-06,00:00:00.00,0.00473821,0.890126,0.105
1648,2014-07-07,00:00:00.00,5.70433e-308,0.849142,0.096
1649,2014-07-08,00:00:00.00,16.3022,2.17012,0.304
1650,2014-07-09,00:00:00.00,18.5208,4.68814,5.08
1651,2014-07-10,00:00:00.00,0.0164237,4.64713,12.7
1652,2014-07-11,00:00:00.00,0.00894341,3.22504,1.78
1653,2014-07-12,00:00:00.00,0.0105814,2.8565,0.621
1654,2014-07-13,00:00:00.00,2.3e-308,2.55589,0.383
1655,2014-07-14,00:00:00.00,17.3075,4.18258,3.47
1656,2014-07-15,00:00:00.00,0.0547501,4.93053,4.78
1657,2014-07-16,00:00:00.00,0.626956,3.6612,0.805
1658,2014-07-17,00:00:00.00,0.0871761,3.20441,0.406
1659,2014-07-18,00:00:00.00,0.0182927,2.83895,0.265
1660,2014-07-19,00:00:00.00,0.00857151,2.54071,0.205
1661,2014-07-20,00:00:00.00,2.70415,2.29327,0.171
1662,2014-07-21,00:00:00.00,0.457477,2.08509,0.17
1663,2014-07-22,00:00:00.00,0.016052,1.90781,0.151
1664,2014-07-23,00:00:00.00,0.00111917,1.75526,0.129
1665,2014-07-24,00:00:00.00,12.5087,2.5469,1.25
1666,2014-07-25,00:00:00.00,0.00386529,2.88122,0.86
1667,2014-07-26,00:00:00.00,2.85634e-308,2.24519,0.295
1668,2014-07-27,00:00:00.00,0.0174635,2.04548,0.187
1669,2014-07-28,00:00:00.00,8.84687,2.22608,0.184
1670,2014-07-29,00:00:00.00,10.2633,3.04603,1.46
1671,2014-07-30,00:00:00.00,0.0669707,3.24389,0.792
1672,2014-07-31,00:00:00.00,0.586885,2.74098,0.313
1673,2014-08-01,00:00:00.00,0.112724,2.46087,0.212
1674,2014-08-02,00:00:00.00,0.192949,2.22728,0.214
1675,2014-08-03,00:00:00.00,0.0720034,2.02988,0.158
1676,2014-08-04,00:00:00.00,0.15022,1.86113,0.131
1677,2014-08-05,00:00:00.00,0.108158,1.71542,0.12
1678,2014-08-06,00:00:00.00,6.60594,1.7285,0.119
1679,2014-08-07,00:00:00.00,0.000151396,1.74016,0.285
1680,2014-08-08,00:00:00.00,0,1.61063,0.188
1681,2014-08-09,00:00:00.00,0,1.49699,0.126
1682,2014-08-10,00:00:00.00,0,1.3966,0.102
1683,2014-08-11,00:00:00.00,3.61723e-308,1.30735,0.089
1684,2014-08-12,00:00:00.00,12.0998,2.12058,0.129
1685,2014-08-13,00:00:00.00,14.5434,3.90253,1.11
1686,2014-08-14,00:00:00.00,0.712543,4.00417,0.932
1687,2014-08-15,00:00:00.00,0.00443922,2.99977,0.302
1688,2014-08-16,00:00:00.00,0.00356649,2.67362,0.154
1689,2014-08-17,00:00:00.00,0.00466984,2.40488,0.11
1690,2014-08-18,00:00:00.00,0.830032,2.18008,0.09
1691,2014-08-19,00:00:00.00,0.0476191,1.9896,0.079
1692,2014-08-20,00:00:00.00,1.38395,1.82639,0.074
1693,2014-08-21,00:00:00.00,5.68618,1.79656,0.232
1694,2014-08-22,00:00:00.00,1.75564,1.77091,0.338
1695,2014-08-23,00:00:00.00,1.68776,1.63731,2.39
1696,2014-08-24,00:00:00.00,0.0705206,1.52033,0.462
1697,2014-08-25,00:00:00.00,0.00526827,1.41717,0.176
1698,2014-08-26,00:00:00.00,0.000522359,1.3256,0.113
1699,2014-08-27,00:00:00.00,2.35521,1.24383,0.087
1700,2014-08-28,00:00:00.00,0.509932,1.17043,0.084
1701,2014-08-29,00:00:00.00,0.0445815,1.10424,0.076
1702,2014-08-30,00:00:00.00,0.000489313,1.04427,0.057
1703,2014-08-31,00:00:00.00,0.00434436,0.989719,0.052
1704,2014-09-01,00:00:00.00,0.163555,0.939917,0.051
1705,2014-09-02,00:00:00.00,1.98954,0.894293,0.075
1706,2014-09-03,00:00:00.00,42.3729,7.79995,2.37
1707,2014-09-04,00:00:00.00,1.31038,10.6338,8.23
1708,2014-09-05,00:00:00.00,0.0031376,5.94463,1.22
1709,2014-09-06,00:00:00.00,1.47519,4.92076,0.422
1710,2014-09-07,00:00:00.00,10.699,5.11059,0.432
1711,2014-09-08,00:00:00.00,0.0573243,5.24971,0.442
1712,2014-09-09,00:00:00.00,0.050544,4.41618,0.245
1713,2014-09-10,00:00:00.00,0.00983092,3.79025,0.173
1714,2014-09-11,00:00:00.00,38.7942,11.9961,4.37
1715,2014-09-12,00:00:00.00,8.91954,17.3713,30.4
1716,2014-09-13,00:00:00.00,0.34793,12.1934,11.6
1717,2014-09-14,00:00:00.00,4.05942,9.21829,1.88
1718,2014-09-15,00:00:00.00,0.000636859,7.43793,1.21
1719,2014-09-16,00:00:00.00,0.0588146,5.95794,0.746
1720,2014-09-17,00:00:00.00,1.88339,4.9285,0.638
1721,2014-09-18,00:00:00.00,0.000452414,4.17549,0.478
1722,2014-09-19,00:00:00.00,1.51221e-308,3.60347,0.36
1723,2014-09-20,00:00:00.00,1.52745e-308,3.15591,0.289
1724,2014-09-21,00:00:00.00,0,2.79733,0.254
1725,2014-09-22,00:00:00.00,2.94155,2.5311,0.245
1726,2014-09-23,00:00:00.00,0.942579,2.31043,0.241
1727,2014-09-24,00:00:00.00,0,2.09824,0.213
1728,2014-09-25,00:00:00.00,5.76e-308,1.91786,0.186
1729,2014-09-26,00:00:00.00,1.15e-308,1.76287,0.17
1730,2014-09-27,00:00:00.00,0,1.62846,0.163
1731,2014-09-28,00:00:00.00,0.000286192,1.51092,0.154
1732,2014-09-29,00:00:00.00,0.0032665,1.40738,0.155
1733,2014-09-30,00:00:00.00,0.0165149,1.33231,0.158
1734,2014-10-01,00:00:00.00,13.0563,3.03256,0.393
1735,2014-10-02,00:00:00.00,0.00562545,3.53418,0.494
1736,2014-10-03,00:00:00.00,0.0145871,2.23601,0.31
1737,2014-10-04,00:00:00.00,5.20617,2.61188,0.273
1738,2014-10-05,00:00:00.00,7.89709,3.88755,0.718
1739,2014-10-06,00:00:00.00,0.0456558,3.87063,1.05
1740,2014-10-07,00:00:00.00,5.02641,3.56272,0.634
1741,2014-10-08,00:00:00.00,3.94194,4.02821,1.17
1742,2014-10-09,00:00:00.00,0.0104767,3.56594,1.25
1743,2014-10-10,00:00:00.00,0.000797013,3.04338,0.802
1744,2014-10-11,00:00:00.00,0.00291531,2.80075,0.531
1745,2014-10-12,00:00:00.00,0.00411044,2.5915,0.417
1746,2014-10-13,00:00:00.00,0.000786137,2.40933,0.347
1747,2014-10-14,00:00:00.00,8.06969,3.40238,0.408
1748,2014-10-15,00:00:00.00,0.791177,3.68007,1.04
1749,2014-10-16,00:00:00.00,8.56441,4.15769,2.86
1750,2014-10-17,00:00:00.00,0.0851288,4.49022,2.92
1751,2014-10-18,00:00:00.00,0.374027,3.38571,1.35
1752,2014-10-19,00:00:00.00,2.45222,3.29096,1.07
1753,2014-10-20,00:00:00.00,0.14984,3.11678,0.939
1754,2014-10-21,00:00:00.00,0.641643,2.76841,0.781
1755,2014-10-22,00:00:00.00,0.811336,2.56315,0.701
1756,2014-10-23,00:00:00.00,0.131335,2.38428,0.582
1757,2014-10-24,00:00:00.00,0.0781639,2.22711,0.504
1758,2014-10-25,00:00:00.00,0.00905903,2.08802,0.469
1759,2014-10-26,00:00:00.00,0.000117617,1.96411,0.434
1760,2014-10-27,00:00:00.00,0.000421399,1.85308,0.401
1761,2014-10-28,00:00:00.00,0.00688516,1.75308,0.347
1762,2014-10-29,00:00:00.00,0.221805,1.66259,0.324
1763,2014-10-30,00:00:00.00,0.0616435,1.58032,0.319
1764,2014-10-31,00:00:00.00,0.172077,1.50525,0.296
1765,2014-11-01,00:00:00.00,3.78853,1.81808,0.288
1766,2014-11-02,00:00:00.00,3.85626,2.28128,0.329
1767,2014-11-03,00:00:00.00,0.0577457,2.07363,0.308
1768,2014-11-04,00:00:00.00,0.00489864,1.70707,0.288
1769,2014-11-05,00:00:00.00,1.14315,1.62225,0.335
1770,2014-11-06,00:00:00.00,0.95107,1.54486,0.292
1771,2014-11-07,00:00:00.00,7.71899,2.55119,0.303
1772,2014-11-08,00:00:00.00,3.22243,3.21766,0.546
1773,2014-11-09,00:00:00.00,1.42065,2.62642,0.562
1774,2014-11-10,00:00:00.00,0.148649,2.2768,0.47
1775,2014-11-11,00:00:00.00,0.000194982,2.07775,0.399
1776,2014-11-12,00:00:00.00,0.0189671,1.95672,0.358
1777,2014-11-13,00:00:00.00,0.137676,1.84805,0.326
1778,2014-11-14,00:00:00.00,0.0426181,1.74997,0.285
1779,2014-11-15,00:00:00.00,0.0092171,1.66105,0.265
1780,2014-11-16,00:00:00.00,0.00349517,1.58008,0.246
1781,2014-11-17,00:00:00.00,0.317773,1.50607,0.228
1782,2014-11-18,00:00:00.00,5.62189,1.54208,0.21
1783,2014-11-19,00:00:00.00,0.291449,1.5095,0.181
1784,2014-11-20,00:00:00.00,0.927967,1.37566,0.159
1785,2014-11-21,00:00:00.00,0.536829,1.31814,0.146
1786,2014-11-22,00:00:00.00,0.191902,1.26488,0.138
1787,2014-11-23,00:00:00.00,2.71967,1.27438,0.171
1788,2014-11-24,00:00:00.00,4.57206,1.77009,3.64
1789,2014-11-25,00:00:00.00,20.7204,8.0132,23.2
1790,2014-11-26,00:00:00.00,0.048809,10.0037,16.2
1791,2014-11-27,00:00:00.00,0.0214937,5.78417,3.48
1792,2014-11-28,00:00:00.00,0.0824132,5.02591,1.93
1793,2014-11-29,00:00:00.00,0.0433623,4.43233,1.47
1794,2014-11-30,00:00:00.00,0.411495,3.95607,1.18
1795,2014-12-01,00:00:00.00,1.96075,3.80381,1.17
1796,2014-12-02,00:00:00.00,0.532684,3.57355,1.26
1797,2014-12-03,00:00:00.00,0.0117912,3.14239,1.07
1798,2014-12-04,00:00:00.00,0.0067537,2.88333,0.949
1799,2014-12-05,00:00:00.00,0,2.66104,0.764
1800,2014-12-06,00:00:00.00,0.00179758,2.46837,0.659
1801,2014-12-07,00:00:00.00,0.0457456,2.29991,0.658
1802,2014-12-08,00:00:00.00,8.11515e-308,2.15147,0.578
1803,2014-12-09,00:00:00.00,0,2.01976,0.549
1804,2014-12-10,00:00:00.00,0.880914,1.9394,0.582
1805,2014-12-11,00:00:00.00,0.0131485,1.84584,0.539
1806,2014-12-12,00:00:00.00,0.0112708,1.72428,0.473
1807,2014-12-13,00:00:00.00,8.2997e-308,1.6359,0.435
1808,2014-12-14,00:00:00.00,0.00732769,1.55551,0.409
1809,2014-12-15,00:00:00.00,0.0348872,1.4821,0.427
1810,2014-12-16,00:00:00.00,0.0983708,1.41482,0.429
1811,2014-12-17,00:00:00.00,6.02613,2.12434,0.488
1812,2014-12-18,00:00:00.00,2.1042,2.5143,0.755
1813,2014-12-19,00:00:00.00,0.0920591,1.97103,0.81
1814,2014-12-20,00:00:00.00,0.0106662,1.73386,0.653
1815,2014-12-21,00:00:00.00,0.00133059,1.64664,0.559
1816,2014-12-22,00:00:00.00,7.2739e-308,1.56714,0.506
1817,2014-12-23,00:00:00.00,0.00820214,1.4944,0.485
1818,2014-12-24,00:00:00.00,1.37017,1.54183,0.503
1819,2014-12-25,00:00:00.00,6.2847,2.38908,1
1820,2014-12-26,00:00:00.00,9.91483,4.26375,9.21
1821,2014-12-27,00:00:00.00,0.185174,4.20031,2.67
1822,2014-12-28,00:00:00.00,0.0548723,2.9078,1.8
1823,2014-12-29,00:00:00.00,2.31891,2.98432,1.64
1824,2014-12-30,00:00:00.00,0.000962097,2.90089,1.32
1825,2014-12-31,00:00:00.00,0.00022575,2.52901,0.952
