time,date,hour,precip [mm/day],02GC018 [m3/s],02GC018 (observed) [m3/s]
0,2010-01-01,00:00:00.00,---,0,
1,2010-01-02,00:00:00.00,1.70439,0.000263329,0.983
2,2010-01-03,00:00:00.00,3.61894,0.00052418,0.85
3,2010-01-04,00:00:00.00,2.7817,0.000519236,0.803
4,2010-01-05,00:00:00.00,0.698776,0.000514317,0.78
5,2010-01-06,00:00:00.00,2.66161,0.000509424,0.749
6,2010-01-07,00:00:00.00,0.201302,0.000504555,0.722
7,2010-01-08,00:00:00.00,1.18156,0.000499699,0.7
8,2010-01-09,00:00:00.00,7.74606,0.000494867,0.668
9,2010-01-10,00:00:00.00,0.00560465,0.000490072,0.66
10,2010-01-11,00:00:00.00,0.00553852,0.000485301,0.648
11,2010-01-12,00:00:00.00,1.75675,0.000480555,0.64
12,2010-01-13,00:00:00.00,0.335754,0.000475832,0.628
13,2010-01-14,00:00:00.00,0.0189004,0.000471133,0.62
14,2010-01-15,00:00:00.00,0,0.000466399,0.61
15,2010-01-16,00:00:00.00,0.512281,0.000461688,0.605
16,2010-01-17,00:00:00.00,0.0202189,0.00045706,0.598
17,2010-01-18,00:00:00.00,0.0133978,0.000452454,0.594
18,2010-01-19,00:00:00.00,0.0107606,0.000447871,0.591
19,2010-01-20,00:00:00.00,0.181503,0.000443311,0.588
20,2010-01-21,00:00:00.00,0.0404789,0.000438773,0.585
21,2010-01-22,00:00:00.00,0.000226759,0.000434258,0.583
22,2010-01-23,00:00:00.00,0.0241371,0.000429765,0.581
23,2010-01-24,00:00:00.00,0,0.000425234,0.58
24,2010-01-25,00:00:00.00,8.4918,0.411215,1.85
25,2010-01-26,00:00:00.00,11.8081,5.98581,42.8
26,2010-01-27,00:00:00.00,1.21152,5.5989,17.7
27,2010-01-28,00:00:00.00,0.517197,0.0483673,6.51
28,2010-01-29,00:00:00.00,4.4159,0.0487455,3.2
29,2010-01-30,00:00:00.00,0.226751,0.0491024,2.2
30,2010-01-31,00:00:00.00,0.0298757,0.0494392,1.5
31,2010-02-01,00:00:00.00,0.446681,0.0497571,1.32
32,2010-02-02,00:00:00.00,0.515276,0.0500573,1.28
33,2010-02-03,00:00:00.00,1.1263,0.0503407,1.14
34,2010-02-04,00:00:00.00,1.78042,0.0506084,1.09
35,2010-02-05,00:00:00.00,0.0515964,0.050861,1.03
36,2010-02-06,00:00:00.00,0.00122935,0.0510995,0.92
37,2010-02-07,00:00:00.00,0.00199823,0.0513246,0.865
38,2010-02-08,00:00:00.00,0.00143493,0.051537,0.815
39,2010-02-09,00:00:00.00,0.00498622,0.0517372,0.79
40,2010-02-10,00:00:00.00,2.18708,0.0519259,0.73
41,2010-02-11,00:00:00.00,9.97688,0.0713476,0.705
42,2010-02-12,00:00:00.00,0.0750778,0.0720547,0.68
43,2010-02-13,00:00:00.00,0.126303,0.0535114,0.655
44,2010-02-14,00:00:00.00,0.496797,0.053666,0.63
45,2010-02-15,00:00:00.00,1.52755,0.0538109,0.61
46,2010-02-16,00:00:00.00,0.837337,0.0539467,0.59
47,2010-02-17,00:00:00.00,0.4562,0.0540737,0.573
48,2010-02-18,00:00:00.00,0.274239,0.0541923,0.569
49,2010-02-19,00:00:00.00,0.0401915,0.0543028,0.545
50,2010-02-20,00:00:00.00,0.0212999,0.0544057,0.53
51,2010-02-21,00:00:00.00,0.000756976,0.0545012,0.525
52,2010-02-22,00:00:00.00,1.55083e-05,0.0545895,0.512
53,2010-02-23,00:00:00.00,13.2245,0.337894,0.503
54,2010-02-24,00:00:00.00,2.51492,0.343087,0.495
55,2010-02-25,00:00:00.00,0.207752,0.0650825,0.492
56,2010-02-26,00:00:00.00,0.578606,0.0652082,0.488
57,2010-02-27,00:00:00.00,3.78736,0.0653234,0.484
58,2010-02-28,00:00:00.00,3.31907,0.104201,0.483
59,2010-03-01,00:00:00.00,0.955453,0.10541,0.482
60,2010-03-02,00:00:00.00,0.000184622,0.0678443,0.74
61,2010-03-03,00:00:00.00,0.000382393,0.067934,0.92
62,2010-03-04,00:00:00.00,0.00388872,0.0680143,1.6
63,2010-03-05,00:00:00.00,0,0.0680855,4.25
64,2010-03-06,00:00:00.00,0,0.068148,4.3
65,2010-03-07,00:00:00.00,2.81144e-05,0.0682021,4.4
66,2010-03-08,00:00:00.00,3.32261e-05,0.0682483,5.2
67,2010-03-09,00:00:00.00,0,3.09141,6.1
68,2010-03-10,00:00:00.00,0.0271998,6.77545,5.75
69,2010-03-11,00:00:00.00,0.0165881,4.16266,5.4
70,2010-03-12,00:00:00.00,0.0063627,0.881611,7.5
71,2010-03-13,00:00:00.00,0.366732,0.867035,9.09
72,2010-03-14,00:00:00.00,15.4674,3.24884,13.1
73,2010-03-15,00:00:00.00,8.9076,4.64563,30.4
74,2010-03-16,00:00:00.00,0.106072,2.87387,15.8
75,2010-03-17,00:00:00.00,4.74356e-05,2.05654,9.01
76,2010-03-18,00:00:00.00,9.3668e-05,1.98318,5.89
77,2010-03-19,00:00:00.00,0.000110699,1.91412,4.5
78,2010-03-20,00:00:00.00,1.44706e-07,1.84901,3.53
79,2010-03-21,00:00:00.00,0.00874703,1.78754,2.8
80,2010-03-22,00:00:00.00,0.461432,1.72944,2.29
81,2010-03-23,00:00:00.00,3.1421,1.72059,2.04
82,2010-03-24,00:00:00.00,5.31102,2.0724,2.1
83,2010-03-25,00:00:00.00,0.00232403,2.1525,1.84
84,2010-03-26,00:00:00.00,1.34944,1.86786,1.61
85,2010-03-27,00:00:00.00,0.00130758,1.80503,1.36
86,2010-03-28,00:00:00.00,0.00229157,1.74569,1.19
87,2010-03-29,00:00:00.00,8.73907,2.66966,1.23
88,2010-03-30,00:00:00.00,5.68679,3.25145,2.71
89,2010-03-31,00:00:00.00,0.00408662,2.63969,2.52
90,2010-04-01,00:00:00.00,1.27537e-05,2.35021,1.96
91,2010-04-02,00:00:00.00,0,2.25604,1.57
92,2010-04-03,00:00:00.00,0,2.16816,1.36
93,2010-04-04,00:00:00.00,0.0764313,2.08597,1.23
94,2010-04-05,00:00:00.00,0.017287,2.00897,1.11
95,2010-04-06,00:00:00.00,0.349687,1.93672,1.03
96,2010-04-07,00:00:00.00,21.4079,5.31727,2.51
97,2010-04-08,00:00:00.00,9.3232,7.10313,7.84
98,2010-04-09,00:00:00.00,39.9691,14.7808,51.3
99,2010-04-10,00:00:00.00,0.144365,18.2276,23
100,2010-04-11,00:00:00.00,0.000346069,11.5352,9.85
101,2010-04-12,00:00:00.00,0.049424,10.0505,6.76
102,2010-04-13,00:00:00.00,4.4388e-05,8.87299,5.37
103,2010-04-14,00:00:00.00,1.7732,7.91887,4.78
104,2010-04-15,00:00:00.00,0,7.13188,4.26
105,2010-04-16,00:00:00.00,0,6.47293,3.78
106,2010-04-17,00:00:00.00,0.287458,5.91407,3.44
107,2010-04-18,00:00:00.00,1.66566,5.43483,3.07
108,2010-04-19,00:00:00.00,0.0893878,5.01987,2.68
109,2010-04-20,00:00:00.00,0,4.65749,2.34
110,2010-04-21,00:00:00.00,0,4.33864,2.06
111,2010-04-22,00:00:00.00,0.00326783,4.05617,1.87
112,2010-04-23,00:00:00.00,1.18745e-09,3.80442,1.62
113,2010-04-24,00:00:00.00,0,3.5788,1.35
114,2010-04-25,00:00:00.00,0.0578344,3.3756,1.14
115,2010-04-26,00:00:00.00,18.7195,6.07895,2.9
116,2010-04-27,00:00:00.00,2.27718,6.94767,3.18
117,2010-04-28,00:00:00.00,0.00351537,4.83812,2.29
118,2010-04-29,00:00:00.00,0.00234008,4.50225,1.75
119,2010-04-30,00:00:00.00,1.22081e-05,4.20522,1.4
120,2010-05-01,00:00:00.00,0.0149328,3.94089,1.16
121,2010-05-02,00:00:00.00,4.48917,3.77343,1.09
122,2010-05-03,00:00:00.00,0.666496,3.62315,1.01
123,2010-05-04,00:00:00.00,5.92937,3.57123,0.946
124,2010-05-05,00:00:00.00,0.456975,3.52466,1.02
125,2010-05-06,00:00:00.00,5.91648,3.48555,0.763
126,2010-05-07,00:00:00.00,5.12757,3.58158,1.74
127,2010-05-08,00:00:00.00,5.60309,3.70451,1.63
128,2010-05-09,00:00:00.00,17.8207,6.69109,5.5
129,2010-05-10,00:00:00.00,0.371143,7.63532,3.38
130,2010-05-11,00:00:00.00,0.00125167,5.46172,2.19
131,2010-05-12,00:00:00.00,19.9196,8.7852,3.25
132,2010-05-13,00:00:00.00,1.43193,10.0536,8.13
133,2010-05-14,00:00:00.00,10.8749,8.67309,6.04
134,2010-05-15,00:00:00.00,18.6206,12.3706,18.4
135,2010-05-16,00:00:00.00,0.00175092,13.1457,5.18
136,2010-05-17,00:00:00.00,0.000146673,10.4235,2.9
137,2010-05-18,00:00:00.00,0.0981127,9.17221,2.11
138,2010-05-19,00:00:00.00,1.42986,8.16376,1.77
139,2010-05-20,00:00:00.00,0.0041087,7.33567,1.54
140,2010-05-21,00:00:00.00,0.000927854,6.64492,1.33
141,2010-05-22,00:00:00.00,0.0137379,6.061,1.2
142,2010-05-23,00:00:00.00,17.5594,8.22614,2.04
143,2010-05-24,00:00:00.00,0.106312,9.06169,2.95
144,2010-05-25,00:00:00.00,0.000848869,7.1098,2
145,2010-05-26,00:00:00.00,1.43844e-06,6.45715,1.56
146,2010-05-27,00:00:00.00,2.49658e-06,5.90305,1.31
147,2010-05-28,00:00:00.00,8.37917e-05,5.42743,1.38
148,2010-05-29,00:00:00.00,0.164573,5.01526,1.03
149,2010-05-30,00:00:00.00,0.0910551,4.65507,1.04
150,2010-05-31,00:00:00.00,0.0216739,4.33793,0.84
151,2010-06-01,00:00:00.00,0.116001,4.05682,0.843
152,2010-06-02,00:00:00.00,13.2594,5.17225,6.8
153,2010-06-03,00:00:00.00,5.25008,5.64813,2.83
154,2010-06-04,00:00:00.00,3.52217,4.70607,1.73
155,2010-06-05,00:00:00.00,0.317597,4.38548,1.43
156,2010-06-06,00:00:00.00,11.6213,5.15377,1.47
157,2010-06-07,00:00:00.00,42.9961,16.1486,18.7
158,2010-06-08,00:00:00.00,0.83226,19.9793,7.21
159,2010-06-09,00:00:00.00,0,12.7424,3.54
160,2010-06-10,00:00:00.00,8.46217,11.7475,2.51
161,2010-06-11,00:00:00.00,0.095015,10.9812,2.06
162,2010-06-12,00:00:00.00,0.0836939,9.61417,1.51
163,2010-06-13,00:00:00.00,0.345808,8.52146,1.21
164,2010-06-14,00:00:00.00,1.98241,7.63028,1.34
165,2010-06-15,00:00:00.00,0.007129,6.89119,1.17
166,2010-06-16,00:00:00.00,0.15083,6.26948,0.915
167,2010-06-17,00:00:00.00,6.51669,5.94804,0.837
168,2010-06-18,00:00:00.00,0.178894,5.67312,0.741
169,2010-06-19,00:00:00.00,0.0205745,5.22777,0.608
170,2010-06-20,00:00:00.00,0.177957,4.84038,0.551
171,2010-06-21,00:00:00.00,0.0292797,4.5007,0.477
172,2010-06-22,00:00:00.00,0.0822817,4.20073,0.453
173,2010-06-23,00:00:00.00,1.34779,3.93412,0.426
174,2010-06-24,00:00:00.00,0.000548511,3.69579,0.419
175,2010-06-25,00:00:00.00,3.27451,3.48162,0.417
176,2010-06-26,00:00:00.00,0.0336551,3.28826,0.344
177,2010-06-27,00:00:00.00,0.00201034,3.11291,0.478
178,2010-06-28,00:00:00.00,0.926318,2.95326,0.48
179,2010-06-29,00:00:00.00,14.7234,4.35994,0.629
180,2010-06-30,00:00:00.00,0.101171,4.77817,0.723
181,2010-07-01,00:00:00.00,0,3.60746,0.436
182,2010-07-02,00:00:00.00,0.000350829,3.40537,0.338
183,2010-07-03,00:00:00.00,0,3.22223,0.292
184,2010-07-04,00:00:00.00,0,3.05559,0.257
185,2010-07-05,00:00:00.00,0,2.90339,0.232
186,2010-07-06,00:00:00.00,0,2.7639,0.218
187,2010-07-07,00:00:00.00,0.000643198,2.63566,0.233
188,2010-07-08,00:00:00.00,0.00158064,2.51741,0.246
189,2010-07-09,00:00:00.00,0.000342043,2.40806,0.253
190,2010-07-10,00:00:00.00,21.6687,5.41365,0.599
191,2010-07-11,00:00:00.00,0.00710523,6.2574,0.609
192,2010-07-12,00:00:00.00,0.00228261,3.92059,0.34
193,2010-07-13,00:00:00.00,5.7245,3.7918,0.487
194,2010-07-14,00:00:00.00,0.0443718,3.67599,0.54
195,2010-07-15,00:00:00.00,0.00911973,3.46773,0.396
196,2010-07-16,00:00:00.00,0.103097,3.27922,0.318
197,2010-07-17,00:00:00.00,32.4561,9.29086,2.55
198,2010-07-18,00:00:00.00,0.231738,11.3653,1.3
199,2010-07-19,00:00:00.00,0.00481643,6.99513,0.609
200,2010-07-20,00:00:00.00,13.2732,7.86461,1.48
201,2010-07-21,00:00:00.00,1.28454,8.20466,0.723
202,2010-07-22,00:00:00.00,0.355873,6.9889,0.481
203,2010-07-23,00:00:00.00,0.0645009,6.35539,0.383
204,2010-07-24,00:00:00.00,17.41,8.36942,1.16
205,2010-07-25,00:00:00.00,4.96417,9.20686,1.36
206,2010-07-26,00:00:00.00,0.23234,7.36362,0.791
207,2010-07-27,00:00:00.00,0.00933244,6.67101,0.506
208,2010-07-28,00:00:00.00,0.030748,6.08545,0.387
209,2010-07-29,00:00:00.00,2.7036,5.58466,0.326
210,2010-07-30,00:00:00.00,0.381311,5.15206,0.303
211,2010-07-31,00:00:00.00,0.0428052,4.77506,0.262
212,2010-08-01,00:00:00.00,0.32468,4.44393,0.245
213,2010-08-02,00:00:00.00,0.0139193,4.15107,0.236
214,2010-08-03,00:00:00.00,0.0261045,3.89044,0.226
215,2010-08-04,00:00:00.00,0.0584989,3.65717,0.219
216,2010-08-05,00:00:00.00,0.194098,3.44732,0.222
217,2010-08-06,00:00:00.00,10.0623,3.90435,0.401
218,2010-08-07,00:00:00.00,0.138279,4.06124,0.658
219,2010-08-08,00:00:00.00,0.721084,3.55757,0.307
220,2010-08-09,00:00:00.00,0.42996,3.35946,0.246
221,2010-08-10,00:00:00.00,1.48255,3.17984,0.234
222,2010-08-11,00:00:00.00,0.633584,3.01634,0.316
223,2010-08-12,00:00:00.00,0.0138833,2.86696,0.253
224,2010-08-13,00:00:00.00,0.260181,2.73001,0.237
225,2010-08-14,00:00:00.00,0.0041416,2.60405,0.221
226,2010-08-15,00:00:00.00,0.0856472,2.48788,0.198
227,2010-08-16,00:00:00.00,3.42174,2.38043,0.251
228,2010-08-17,00:00:00.00,1.82788,2.28079,0.208
229,2010-08-18,00:00:00.00,0.000372383,2.18818,0.179
230,2010-08-19,00:00:00.00,0.236466,2.10189,0.164
231,2010-08-20,00:00:00.00,0.0565521,2.02135,0.151
232,2010-08-21,00:00:00.00,0,1.946,0.138
233,2010-08-22,00:00:00.00,1.48509,1.87539,0.242
234,2010-08-23,00:00:00.00,38.8939,9.07579,0.894
235,2010-08-24,00:00:00.00,0.814428,11.1998,0.343
236,2010-08-25,00:00:00.00,0.302686,5.84015,0.233
237,2010-08-26,00:00:00.00,0.00127234,5.37582,0.192
238,2010-08-27,00:00:00.00,0.00951354,4.97267,0.205
239,2010-08-28,00:00:00.00,0.00171581,4.61974,0.182
240,2010-08-29,00:00:00.00,0,4.30851,0.168
241,2010-08-30,00:00:00.00,0,4.03223,0.158
242,2010-08-31,00:00:00.00,9.18173e-07,3.78553,0.152
243,2010-09-01,00:00:00.00,4.56004e-06,3.56407,0.118
244,2010-09-02,00:00:00.00,0.0287444,3.3643,0.107
245,2010-09-03,00:00:00.00,1.21761,3.18331,0.123
246,2010-09-04,00:00:00.00,13.3619,4.57091,0.166
247,2010-09-05,00:00:00.00,0.26657,4.99764,0.228
248,2010-09-06,00:00:00.00,0.274517,3.8326,0.133
249,2010-09-07,00:00:00.00,0.313314,3.60833,0.115
250,2010-09-08,00:00:00.00,0.0127631,3.40603,0.107
251,2010-09-09,00:00:00.00,0.00761886,3.22274,0.13
252,2010-09-10,00:00:00.00,0.820621,3.05598,0.135
253,2010-09-11,00:00:00.00,0.000255375,2.9037,0.155
254,2010-09-12,00:00:00.00,1.48006,2.76416,0.144
255,2010-09-13,00:00:00.00,3.31882,2.66897,0.177
256,2010-09-14,00:00:00.00,0.621272,2.58138,0.168
257,2010-09-15,00:00:00.00,0.00255133,2.46749,0.139
258,2010-09-16,00:00:00.00,0.00417925,2.36204,0.137
259,2010-09-17,00:00:00.00,23.8337,6.31724,0.409
260,2010-09-18,00:00:00.00,0.0765406,7.45516,0.377
261,2010-09-19,00:00:00.00,0.448077,4.43469,0.243
262,2010-09-20,00:00:00.00,0.060442,4.14667,0.184
263,2010-09-21,00:00:00.00,0.0069073,3.88986,0.166
264,2010-09-22,00:00:00.00,0.0151742,3.65964,0.127
265,2010-09-23,00:00:00.00,11.1828,4.73313,0.269
266,2010-09-24,00:00:00.00,0.0371945,5.08498,0.283
267,2010-09-25,00:00:00.00,0.0595846,4.12023,0.215
268,2010-09-26,00:00:00.00,0.252685,3.86613,0.16
269,2010-09-27,00:00:00.00,1.07209,3.63822,0.162
270,2010-09-28,00:00:00.00,1.74461,3.4328,0.179
271,2010-09-29,00:00:00.00,15.5588,5.68598,0.71
272,2010-09-30,00:00:00.00,1.40022,6.40792,0.689
273,2010-10-01,00:00:00.00,0.155488,4.61523,0.414
274,2010-10-02,00:00:00.00,0.000243467,4.30607,0.301
275,2010-10-03,00:00:00.00,10.3254,5.38417,0.299
276,2010-10-04,00:00:00.00,8.95198,6.84991,0.463
277,2010-10-05,00:00:00.00,0.286237,6.45266,0.534
278,2010-10-06,00:00:00.00,5.5639,5.95776,0.644
279,2010-10-07,00:00:00.00,8.27061,6.68553,1.29
280,2010-10-08,00:00:00.00,0.257984,6.8026,0.981
281,2010-10-09,00:00:00.00,0.0146744,6.06953,0.634
282,2010-10-10,00:00:00.00,0.0141964,5.5724,0.496
283,2010-10-11,00:00:00.00,0.033308,5.14267,0.411
284,2010-10-12,00:00:00.00,4.1922,4.95038,0.375
285,2010-10-13,00:00:00.00,2.77938,4.87919,0.54
286,2010-10-14,00:00:00.00,0.281816,4.63444,0.46
287,2010-10-15,00:00:00.00,20.5461,8.3202,1.95
288,2010-10-16,00:00:00.00,1.29134,9.67044,2.1
289,2010-10-17,00:00:00.00,0.000230804,6.83894,1.04
290,2010-10-18,00:00:00.00,0.000226279,6.22905,0.647
291,2010-10-19,00:00:00.00,0.0413533,5.70879,0.467
292,2010-10-20,00:00:00.00,0.0213043,5.26039,0.398
293,2010-10-21,00:00:00.00,0.0200959,4.87039,0.365
294,2010-10-22,00:00:00.00,9.00528,5.60599,0.471
295,2010-10-23,00:00:00.00,1.66954,5.92246,0.604
296,2010-10-24,00:00:00.00,1.05794,5.12345,0.682
297,2010-10-25,00:00:00.00,1.46263,4.75189,0.635
298,2010-10-26,00:00:00.00,5.4105,4.72231,0.773
299,2010-10-27,00:00:00.00,8.6173,5.649,0.862
300,2010-10-28,00:00:00.00,1.05092,5.87098,1.84
301,2010-10-29,00:00:00.00,0.0757702,5.11312,1.42
302,2010-10-30,00:00:00.00,1.48004,4.77061,0.954
303,2010-10-31,00:00:00.00,0.00211022,4.46952,0.72
304,2010-11-01,00:00:00.00,0.384675,4.17562,0.625
305,2010-11-02,00:00:00.00,0.000388106,3.91398,0.529
306,2010-11-03,00:00:00.00,0.00166664,3.67975,0.457
307,2010-11-04,00:00:00.00,0.00107646,3.46898,0.436
308,2010-11-05,00:00:00.00,0.389713,3.27845,0.439
309,2010-11-06,00:00:00.00,0.450526,3.10548,0.433
310,2010-11-07,00:00:00.00,0.194809,2.94783,0.446
311,2010-11-08,00:00:00.00,0.0225373,2.80363,0.365
312,2010-11-09,00:00:00.00,0.000122851,2.6713,0.38
313,2010-11-10,00:00:00.00,0.00780982,2.54947,0.454
314,2010-11-11,00:00:00.00,0.00163139,2.437,0.341
315,2010-11-12,00:00:00.00,0.00828638,2.33289,0.327
316,2010-11-13,00:00:00.00,0.00271936,2.23628,0.404
317,2010-11-14,00:00:00.00,0.56344,2.14641,1.03
318,2010-11-15,00:00:00.00,0.955971,2.06263,1.01
319,2010-11-16,00:00:00.00,0.0195598,1.98437,0.97
320,2010-11-17,00:00:00.00,2.31818,1.95651,0.959
321,2010-11-18,00:00:00.00,20.5419,5.4471,1.5
322,2010-11-19,00:00:00.00,2.57035,6.47837,1.45
323,2010-11-20,00:00:00.00,0.997575,3.91164,1.29
324,2010-11-21,00:00:00.00,5.22471e-05,3.68464,1.18
325,2010-11-22,00:00:00.00,0.784914,3.47598,1.08
326,2010-11-23,00:00:00.00,21.5673,7.55192,1.86
327,2010-11-24,00:00:00.00,13.0394,11.3373,12.3
328,2010-11-25,00:00:00.00,0.00787879,9.52786,5.84
329,2010-11-26,00:00:00.00,4.12028,8.10936,3.49
330,2010-11-27,00:00:00.00,14.7885,8.49959,10.6
331,2010-11-28,00:00:00.00,0.347016,8.41246,4.81
332,2010-11-29,00:00:00.00,0.0228715,7.54357,2.82
333,2010-11-30,00:00:00.00,0.225405,6.82132,2.15
334,2010-12-01,00:00:00.00,24.6539,14.8811,14.3
335,2010-12-02,00:00:00.00,12.9881,21.1235,21.9
336,2010-12-03,00:00:00.00,0.387735,17.1603,7.69
337,2010-12-04,00:00:00.00,0.802102,14.151,4.54
338,2010-12-05,00:00:00.00,0.413645,12.0577,3.37
339,2010-12-06,00:00:00.00,2.61408,10.4561,2.74
340,2010-12-07,00:00:00.00,21.686,9.39519,2.32
341,2010-12-08,00:00:00.00,11.7656,8.54404,2.13
342,2010-12-09,00:00:00.00,2.08759,7.64823,1.7
343,2010-12-10,00:00:00.00,0.722693,6.90564,1.5
344,2010-12-11,00:00:00.00,1.15805,6.28124,1.35
345,2010-12-12,00:00:00.00,0.465121,5.74975,1.55
346,2010-12-13,00:00:00.00,15.3295,9.1103,2
347,2010-12-14,00:00:00.00,2.88425,10.4118,3.4
348,2010-12-15,00:00:00.00,1.54468,7.7002,3
349,2010-12-16,00:00:00.00,5.51407,6.95244,2.6
350,2010-12-17,00:00:00.00,0.459516,6.32378,2.2
351,2010-12-18,00:00:00.00,0.105979,5.78872,1.88
352,2010-12-19,00:00:00.00,0.0531669,5.32847,1.65
353,2010-12-20,00:00:00.00,0.819841,4.92885,1.5
354,2010-12-21,00:00:00.00,1.19924,4.57903,1.4
355,2010-12-22,00:00:00.00,0.0463693,4.27055,1.32
356,2010-12-23,00:00:00.00,0.0540332,3.99673,1.23
357,2010-12-24,00:00:00.00,0.0563901,3.75226,1.17
358,2010-12-25,00:00:00.00,0.0453772,3.53281,1.12
359,2010-12-26,00:00:00.00,0.00128773,3.33487,1.08
360,2010-12-27,00:00:00.00,0.0164027,3.15553,1.05
361,2010-12-28,00:00:00.00,0.00453655,2.99239,0.995
362,2010-12-29,00:00:00.00,0.099559,2.84343,0.96
363,2010-12-30,00:00:00.00,0.0397749,2.70694,0.93
364,2010-12-31,00:00:00.00,0.558039,2.58149,0.925
365,2011-01-01,00:00:00.00,3.26301,2.56416,1.4
366,2011-01-02,00:00:00.00,16.484,19.3366,69.7
367,2011-01-03,00:00:00.00,0.63682,25.8665,52.3
368,2011-01-04,00:00:00.00,0.307042,14.4322,12.4
369,2011-01-05,00:00:00.00,6.90074,12.5041,6.65
370,2011-01-06,00:00:00.00,0.364028,11.0397,4.95
371,2011-01-07,00:00:00.00,2.82731,9.659,4.33
372,2011-01-08,00:00:00.00,1.72026,8.55649,3.92
373,2011-01-09,00:00:00.00,1.48635,7.65809,3.54
374,2011-01-10,00:00:00.00,0.821629,6.91356,3.17
375,2011-01-11,00:00:00.00,1.38038,6.28765,2.98
376,2011-01-12,00:00:00.00,2.38065,5.755,2.87
377,2011-01-13,00:00:00.00,6.58621,5.29686,2.77
378,2011-01-14,00:00:00.00,1.51877,4.89913,2.68
379,2011-01-15,00:00:00.00,1.01599,4.551,2.6
380,2011-01-16,00:00:00.00,6.5832,4.24404,2.52
381,2011-01-17,00:00:00.00,0.304648,3.97162,2.46
382,2011-01-18,00:00:00.00,0.00533172,3.72841,2.5
383,2011-01-19,00:00:00.00,3.90872,3.57193,2.69
384,2011-01-20,00:00:00.00,0.76285,3.43133,2.68
385,2011-01-21,00:00:00.00,1.21797,3.24264,2.62
386,2011-01-22,00:00:00.00,3.5926,3.07136,2.57
387,2011-01-23,00:00:00.00,2.5777,2.91529,2.51
388,2011-01-24,00:00:00.00,1.45617,2.77255,2.46
389,2011-01-25,00:00:00.00,1.15597,2.64157,2.48
390,2011-01-26,00:00:00.00,2.51818,2.52102,2.59
391,2011-01-27,00:00:00.00,0.0810359,2.40974,2.57
392,2011-01-28,00:00:00.00,1.10792,2.30674,2.54
393,2011-01-29,00:00:00.00,3.11406,2.21116,2.51
394,2011-01-30,00:00:00.00,6.43578,2.12227,2.48
395,2011-01-31,00:00:00.00,0.467309,2.03941,2.45
396,2011-02-01,00:00:00.00,0.0221868,1.96202,2.42
397,2011-02-02,00:00:00.00,1.41969,1.88959,2.39
398,2011-02-03,00:00:00.00,18.3842,1.82167,2.36
399,2011-02-04,00:00:00.00,0.109572,1.75789,2.33
400,2011-02-05,00:00:00.00,0.000415119,1.69787,2.31
401,2011-02-06,00:00:00.00,13.1821,1.64133,2.28
402,2011-02-07,00:00:00.00,5.21892,1.58796,2.25
403,2011-02-08,00:00:00.00,1.13146,1.53753,2.23
404,2011-02-09,00:00:00.00,0.281929,1.48981,2.2
405,2011-02-10,00:00:00.00,0.0178277,1.4446,2.17
406,2011-02-11,00:00:00.00,0.0229446,1.40171,2.15
407,2011-02-12,00:00:00.00,0.596046,1.36097,2.12
408,2011-02-13,00:00:00.00,5.13615,1.32223,2.1
409,2011-02-14,00:00:00.00,4.9025,1.29043,2.13
410,2011-02-15,00:00:00.00,0.196434,1.26019,2.2
411,2011-02-16,00:00:00.00,0.0674415,1.22631,2.27
412,2011-02-17,00:00:00.00,0.585559,1.19398,2.34
413,2011-02-18,00:00:00.00,0.567244,1.16309,2.72
414,2011-02-19,00:00:00.00,0.101017,8.00659,38.5
415,2011-02-20,00:00:00.00,0.227446,9.65908,41.2
416,2011-02-21,00:00:00.00,0.209585,4.30837,14.5
417,2011-02-22,00:00:00.00,17.9672,4.03482,7.57
418,2011-02-23,00:00:00.00,0.0122785,3.79028,5.62
419,2011-02-24,00:00:00.00,0.0141162,3.57051,4.86
420,2011-02-25,00:00:00.00,4.25487,3.37207,4.48
421,2011-02-26,00:00:00.00,2.53434,3.19211,4.06
422,2011-02-27,00:00:00.00,2.75271,3.02825,3.85
423,2011-02-28,00:00:00.00,3.28322,2.8785,3.65
424,2011-03-01,00:00:00.00,16.9938,4.13171,17.5
425,2011-03-02,00:00:00.00,0.00625775,4.50031,19.2
426,2011-03-03,00:00:00.00,0.200495,3.44661,9.04
427,2011-03-04,00:00:00.00,0.215448,3.26054,5.52
428,2011-03-05,00:00:00.00,1.51731,3.0913,4.82
429,2011-03-06,00:00:00.00,38.3771,11.6372,74.7
430,2011-03-07,00:00:00.00,6.14739,14.8107,67.4
431,2011-03-08,00:00:00.00,0.00176847,8.83808,19.6
432,2011-03-09,00:00:00.00,0.000386282,7.89289,9.95
433,2011-03-10,00:00:00.00,15.8178,8.38557,16.7
434,2011-03-11,00:00:00.00,15.6822,25.1671,82.4
435,2011-03-12,00:00:00.00,21.0343,35.4415,59.3
436,2011-03-13,00:00:00.00,3.07828,26.3966,21.6
437,2011-03-14,00:00:00.00,1.18439,20.6267,19.7
438,2011-03-15,00:00:00.00,0.0646646,16.7132,18.1
439,2011-03-16,00:00:00.00,0.891879,13.9483,16.1
440,2011-03-17,00:00:00.00,6.96731,27.2846,40.2
441,2011-03-18,00:00:00.00,0.0264224,54.1436,30.6
442,2011-03-19,00:00:00.00,0.0304545,58.618,26.1
443,2011-03-20,00:00:00.00,0.0485309,42.5485,13.1
444,2011-03-21,00:00:00.00,0,29.9241,7.54
445,2011-03-22,00:00:00.00,19.373,28.0211,30
446,2011-03-23,00:00:00.00,0.0592847,26.7853,14.2
447,2011-03-24,00:00:00.00,14.0291,21.22,9.54
448,2011-03-25,00:00:00.00,0.0477768,17.6632,8.48
449,2011-03-26,00:00:00.00,0.0711476,14.6337,6.89
450,2011-03-27,00:00:00.00,0.000631253,12.4172,5.64
451,2011-03-28,00:00:00.00,2.79984e-05,10.7324,5.19
452,2011-03-29,00:00:00.00,0.00799493,9.41329,4.96
453,2011-03-30,00:00:00.00,0.00298565,8.35561,4.74
454,2011-03-31,00:00:00.00,0.100359,7.49082,5.28
455,2011-04-01,00:00:00.00,0.728578,6.7721,5.89
456,2011-04-02,00:00:00.00,0.0836108,7.66697,5.68
457,2011-04-03,00:00:00.00,0.00690455,8.01647,5.39
458,2011-04-04,00:00:00.00,4.87664,7.1097,4.75
459,2011-04-05,00:00:00.00,24.0291,12.1281,21.2
460,2011-04-06,00:00:00.00,2.52474,14.1841,30.1
461,2011-04-07,00:00:00.00,10.7936,12.2663,8.54
462,2011-04-08,00:00:00.00,0.0567318,12.2741,8.81
463,2011-04-09,00:00:00.00,0.0798751,10.4988,4.87
464,2011-04-10,00:00:00.00,0.00321908,9.23177,3.85
465,2011-04-11,00:00:00.00,0.0377454,8.2118,3.34
466,2011-04-12,00:00:00.00,0.100206,7.37507,3.04
467,2011-04-13,00:00:00.00,0.0076353,6.6777,2.65
468,2011-04-14,00:00:00.00,0.00108949,6.08861,2.41
469,2011-04-15,00:00:00.00,0.0162994,5.58517,2.25
470,2011-04-16,00:00:00.00,0.0514235,5.15056,2.04
471,2011-04-17,00:00:00.00,17.857,7.77262,2.59
472,2011-04-18,00:00:00.00,1.5897,8.74698,3.32
473,2011-04-19,00:00:00.00,3.67899,6.71769,2.73
474,2011-04-20,00:00:00.00,0.583319,6.25583,2.62
475,2011-04-21,00:00:00.00,16.1996,8.60252,5.01
476,2011-04-22,00:00:00.00,1.3797,9.5167,4.79
477,2011-04-23,00:00:00.00,0.58351,7.42061,3.62
478,2011-04-24,00:00:00.00,26.1985,12.5948,38.5
479,2011-04-25,00:00:00.00,0.781581,14.7587,16.2
480,2011-04-26,00:00:00.00,11.6439,12.2113,11.2
481,2011-04-27,00:00:00.00,4.95544,12.4729,21
482,2011-04-28,00:00:00.00,7.05814,11.7393,15.1
483,2011-04-29,00:00:00.00,8.72168,11.7979,16.6
484,2011-04-30,00:00:00.00,0.319145,11.2159,10.2
485,2011-05-01,00:00:00.00,0.093832,9.80006,6.64
486,2011-05-02,00:00:00.00,7.48143,9.27621,5.57
487,2011-05-03,00:00:00.00,0.67782,8.85481,6.28
488,2011-05-04,00:00:00.00,11.1952,9.31476,10.2
489,2011-05-05,00:00:00.00,0.247532,9.48464,11.5
490,2011-05-06,00:00:00.00,0.0823242,8.2155,6.44
491,2011-05-07,00:00:00.00,7.3735,7.92439,5.24
492,2011-05-08,00:00:00.00,1.40199,7.68434,5.14
493,2011-05-09,00:00:00.00,0.0953659,6.93879,4.71
494,2011-05-10,00:00:00.00,0.00834235,6.31187,4.35
495,2011-05-11,00:00:00.00,0.00904781,5.77823,4.28
496,2011-05-12,00:00:00.00,0.00725141,5.31913,4.08
497,2011-05-13,00:00:00.00,0.0288052,4.92047,3.92
498,2011-05-14,00:00:00.00,0.00268102,4.57146,3.86
499,2011-05-15,00:00:00.00,0.00279052,4.26366,3.72
500,2011-05-16,00:00:00.00,13.6099,5.70862,5.4
501,2011-05-17,00:00:00.00,11.3767,7.64906,13.7
502,2011-05-18,00:00:00.00,3.76919,7.25389,7.84
503,2011-05-19,00:00:00.00,3.12273,6.22828,7.75
504,2011-05-20,00:00:00.00,9.1976,6.37585,17
505,2011-05-21,00:00:00.00,1.59011,6.44057,8.59
506,2011-05-22,00:00:00.00,0.15701,5.82933,5.67
507,2011-05-23,00:00:00.00,4.17807,5.39082,4.93
508,2011-05-24,00:00:00.00,1.82974,5.01038,4.53
509,2011-05-25,00:00:00.00,0.891689,4.652,4.21
510,2011-05-26,00:00:00.00,0.117487,4.33628,4.9
511,2011-05-27,00:00:00.00,35.1874,11.5665,31.9
512,2011-05-28,00:00:00.00,8.05315,15.0581,18.3
513,2011-05-29,00:00:00.00,0.517349,10.4709,9.15
514,2011-05-30,00:00:00.00,3.31107,9.21091,6.39
515,2011-05-31,00:00:00.00,9.18185,8.84563,11.3
516,2011-06-01,00:00:00.00,0.0206199,8.54938,6.05
517,2011-06-02,00:00:00.00,0.00978345,7.65531,4.79
518,2011-06-03,00:00:00.00,2.78231e-05,6.91386,4.14
519,2011-06-04,00:00:00.00,0.00652516,6.29017,3.7
520,2011-06-05,00:00:00.00,6.14632,5.96787,3.52
521,2011-06-06,00:00:00.00,1.84197,5.69204,3.43
522,2011-06-07,00:00:00.00,0.0808267,5.24494,3.16
523,2011-06-08,00:00:00.00,13.2813,6.22464,5.1
524,2011-06-09,00:00:00.00,0.00728499,6.58806,5.39
525,2011-06-10,00:00:00.00,0.566566,5.53691,3.87
526,2011-06-11,00:00:00.00,0.00994031,5.11196,3.38
527,2011-06-12,00:00:00.00,0.116155,4.74115,3.18
528,2011-06-13,00:00:00.00,0.0427225,4.41509,3.06
529,2011-06-14,00:00:00.00,0.0315305,4.12641,2.86
530,2011-06-15,00:00:00.00,0.0182353,3.86925,2.71
531,2011-06-16,00:00:00.00,0.00944823,3.63889,2.58
532,2011-06-17,00:00:00.00,0.963968,3.4315,2.49
533,2011-06-18,00:00:00.00,1.13301,3.24393,2.44
534,2011-06-19,00:00:00.00,0.00211294,3.07356,2.44
535,2011-06-20,00:00:00.00,0.000406452,2.91822,2.22
536,2011-06-21,00:00:00.00,0.000588514,2.77606,1.89
537,2011-06-22,00:00:00.00,0.214443,2.64554,1.71
538,2011-06-23,00:00:00.00,19.4411,5.11794,2.77
539,2011-06-24,00:00:00.00,17.3811,8.40187,4.06
540,2011-06-25,00:00:00.00,7.17859,7.86289,3.47
541,2011-06-26,00:00:00.00,0.965057,6.29084,3.06
542,2011-06-27,00:00:00.00,0.0119497,5.76319,2.3
543,2011-06-28,00:00:00.00,8.27256e-05,5.3087,1.29
544,2011-06-29,00:00:00.00,0.147074,4.91361,1.02
545,2011-06-30,00:00:00.00,0.0524361,4.5674,0.864
546,2011-07-01,00:00:00.00,0.000292499,4.2618,0.708
547,2011-07-02,00:00:00.00,2.07763e-07,3.9903,0.589
548,2011-07-03,00:00:00.00,2.60795,3.74769,0.828
549,2011-07-04,00:00:00.00,5.10065,3.57441,1.1
550,2011-07-05,00:00:00.00,0,3.4183,0.597
551,2011-07-06,00:00:00.00,2.17105e-05,3.23238,0.445
552,2011-07-07,00:00:00.00,0.00458847,3.06342,0.42
553,2011-07-08,00:00:00.00,0.0198051,2.90929,0.385
554,2011-07-09,00:00:00.00,0.00292492,2.7682,0.374
555,2011-07-10,00:00:00.00,0.156337,2.63862,0.35
556,2011-07-11,00:00:00.00,0.00411259,2.51924,0.341
557,2011-07-12,00:00:00.00,0.055102,2.40896,0.322
558,2011-07-13,00:00:00.00,0.00570086,2.30681,0.327
559,2011-07-14,00:00:00.00,0.0177291,2.21197,0.293
560,2011-07-15,00:00:00.00,0.00802654,2.1237,0.278
561,2011-07-16,00:00:00.00,0,2.04136,0.27
562,2011-07-17,00:00:00.00,0,1.9644,0.263
563,2011-07-18,00:00:00.00,0,1.89233,0.255
564,2011-07-19,00:00:00.00,1.45805,1.82472,0.262
565,2011-07-20,00:00:00.00,1.6097,1.76118,0.308
566,2011-07-21,00:00:00.00,0.0139439,1.70138,0.318
567,2011-07-22,00:00:00.00,0.0138713,1.64502,0.322
568,2011-07-23,00:00:00.00,0.018718,1.5918,0.32
569,2011-07-24,00:00:00.00,0.153083,1.54149,0.3
570,2011-07-25,00:00:00.00,9.38228,1.9582,0.388
571,2011-07-26,00:00:00.00,0.0270955,2.05255,0.355
572,2011-07-27,00:00:00.00,0.00790481,1.67833,0.314
573,2011-07-28,00:00:00.00,0.00363585,1.62497,0.246
574,2011-07-29,00:00:00.00,13.5803,2.94226,0.348
575,2011-07-30,00:00:00.00,12.7435,4.54916,0.51
576,2011-07-31,00:00:00.00,0.16022,3.86107,0.519
577,2011-08-01,00:00:00.00,1.96479,2.84081,0.373
578,2011-08-02,00:00:00.00,0.348454,2.7092,0.335
579,2011-08-03,00:00:00.00,0.118788,2.58778,0.312
580,2011-08-04,00:00:00.00,5.26203,2.53241,0.4
581,2011-08-05,00:00:00.00,1.39824,2.48112,0.506
582,2011-08-06,00:00:00.00,0.00231262,2.37655,0.328
583,2011-08-07,00:00:00.00,0.269534,2.27935,0.298
584,2011-08-08,00:00:00.00,3.67898,2.18881,0.391
585,2011-08-09,00:00:00.00,4.49952,2.12798,0.99
586,2011-08-10,00:00:00.00,34.618,8.49679,2.46
587,2011-08-11,00:00:00.00,0.65173,10.408,1.68
588,2011-08-12,00:00:00.00,0.253408,5.69521,0.611
589,2011-08-13,00:00:00.00,2.02756e-05,5.25062,0.483
590,2011-08-14,00:00:00.00,0.0187727,4.86359,0.36
591,2011-08-15,00:00:00.00,19.0074,7.58351,1.46
592,2011-08-16,00:00:00.00,2.86742,8.57799,2.76
593,2011-08-17,00:00:00.00,0.000309195,6.38029,0.852
594,2011-08-18,00:00:00.00,0.00019662,5.83889,0.53
595,2011-08-19,00:00:00.00,0.950949,5.37338,0.441
596,2011-08-20,00:00:00.00,0.448484,4.96938,0.486
597,2011-08-21,00:00:00.00,2.65593,4.61584,0.39
598,2011-08-22,00:00:00.00,6.21717,4.51424,0.473
599,2011-08-23,00:00:00.00,0.967714,4.42488,0.371
600,2011-08-24,00:00:00.00,0.00194332,4.13573,0.325
601,2011-08-25,00:00:00.00,0.387536,3.87812,0.396
602,2011-08-26,00:00:00.00,36.3544,11.4244,5.5
603,2011-08-27,00:00:00.00,0.0941193,14.2457,2.4
604,2011-08-28,00:00:00.00,0.00352297,8.87558,1.03
605,2011-08-29,00:00:00.00,0.0326676,7.92336,0.694
606,2011-08-30,00:00:00.00,0.0860301,7.13764,0.551
607,2011-08-31,00:00:00.00,0.0372317,6.47954,0.473
608,2011-09-01,00:00:00.00,0.00794546,5.92123,0.414
609,2011-09-02,00:00:00.00,5.12495,5.59883,0.498
610,2011-09-03,00:00:00.00,0.00640583,5.32078,0.523
611,2011-09-04,00:00:00.00,0.0137671,4.92239,0.425
612,2011-09-05,00:00:00.00,6.21603,4.78253,0.513
613,2011-09-06,00:00:00.00,7.27722,5.03027,0.833
614,2011-09-07,00:00:00.00,0.0487631,5.03986,0.546
615,2011-09-08,00:00:00.00,4.62577,4.84139,0.449
616,2011-09-09,00:00:00.00,1.21678,4.66731,0.512
617,2011-09-10,00:00:00.00,0.695359,4.35079,0.427
618,2011-09-11,00:00:00.00,1.07405,4.07006,0.391
619,2011-09-12,00:00:00.00,0.600939,3.81959,0.348
620,2011-09-13,00:00:00.00,0.0963128,3.5949,0.537
621,2011-09-14,00:00:00.00,0.19601,3.39236,0.52
622,2011-09-15,00:00:00.00,0.0702112,3.20894,0.415
623,2011-09-16,00:00:00.00,2.52757,3.0615,0.416
624,2011-09-17,00:00:00.00,0.0186959,2.92706,0.436
625,2011-09-18,00:00:00.00,8.56415e-05,2.78472,0.311
626,2011-09-19,00:00:00.00,0.0086185,2.65402,0.28
627,2011-09-20,00:00:00.00,10.9614,3.73328,0.366
628,2011-09-21,00:00:00.00,14.7143,6.2661,0.82
629,2011-09-22,00:00:00.00,16.9915,9.15839,1.48
630,2011-09-23,00:00:00.00,0.172244,8.82604,3.04
631,2011-09-24,00:00:00.00,6.77756,7.1837,1.56
632,2011-09-25,00:00:00.00,0.259318,7.02888,1.29
633,2011-09-26,00:00:00.00,0.45255,6.38987,0.79
634,2011-09-27,00:00:00.00,17.0202,8.84772,3.61
635,2011-09-28,00:00:00.00,23.9062,15.4311,22.2
636,2011-09-29,00:00:00.00,0.71835,16.0784,5.5
637,2011-09-30,00:00:00.00,8.97249,13.2098,6.03
638,2011-10-01,00:00:00.00,17.2469,16.3517,22.3
639,2011-10-02,00:00:00.00,3.96453,17.4171,11
640,2011-10-03,00:00:00.00,4.70338,15.0432,5.34
641,2011-10-04,00:00:00.00,4.14667,13.7897,4.59
642,2011-10-05,00:00:00.00,0.0179644,12.2279,4.04
643,2011-10-06,00:00:00.00,0,10.5892,3.09
644,2011-10-07,00:00:00.00,0.000528906,9.30222,2.39
645,2011-10-08,00:00:00.00,0.00049777,8.2678,1.83
646,2011-10-09,00:00:00.00,0.00331964,7.42028,1.43
647,2011-10-10,00:00:00.00,0.00304723,6.7147,1.17
648,2011-10-11,00:00:00.00,0.000554776,6.11921,0.963
649,2011-10-12,00:00:00.00,1.74452e-06,5.61072,
650,2011-10-13,00:00:00.00,12.2952,6.86872,
651,2011-10-14,00:00:00.00,6.96596,7.91862,
652,2011-10-15,00:00:00.00,31.6205,15.3164,
653,2011-10-16,00:00:00.00,1.24296,18.5106,
654,2011-10-17,00:00:00.00,2.02977,12.948,
655,2011-10-18,00:00:00.00,0.0250692,11.2373,
656,2011-10-19,00:00:00.00,0.0332188,9.81541,
657,2011-10-20,00:00:00.00,15.6402,11.7495,
658,2011-10-21,00:00:00.00,15.7975,15.9577,
659,2011-10-22,00:00:00.00,2.64864,15.8706,
660,2011-10-23,00:00:00.00,0.184275,13.0959,
661,2011-10-24,00:00:00.00,0.0025341,11.2579,
662,2011-10-25,00:00:00.00,3.20187,10.0767,
663,2011-10-26,00:00:00.00,0.865561,9.14038,
664,2011-10-27,00:00:00.00,5.43232,8.64651,
665,2011-10-28,00:00:00.00,3.89749,8.57952,
666,2011-10-29,00:00:00.00,0.00202621,8.01568,
667,2011-10-30,00:00:00.00,0.13216,7.21387,
668,2011-10-31,00:00:00.00,0.0132909,6.54335,
669,2011-11-01,00:00:00.00,0.428442,5.97528,
670,2011-11-02,00:00:00.00,1.94382,5.55636,
671,2011-11-03,00:00:00.00,0.000152606,5.19457,
672,2011-11-04,00:00:00.00,0.0019128,4.81159,
673,2011-11-05,00:00:00.00,5.41537e-05,4.47554,
674,2011-11-06,00:00:00.00,0.000192204,4.1786,
675,2011-11-07,00:00:00.00,0.000154554,3.91454,
676,2011-11-08,00:00:00.00,0.522879,3.67838,
677,2011-11-09,00:00:00.00,1.66411,3.49135,
678,2011-11-10,00:00:00.00,13.3683,5.33345,
679,2011-11-11,00:00:00.00,0.320516,5.9168,
680,2011-11-12,00:00:00.00,0.373341,4.42992,
681,2011-11-13,00:00:00.00,0.00026801,4.14141,2.3
682,2011-11-14,00:00:00.00,0.00494091,3.88427,2.05
683,2011-11-15,00:00:00.00,11.4127,5.35447,2.36
684,2011-11-16,00:00:00.00,1.49766,5.8906,4.58
685,2011-11-17,00:00:00.00,6.64446e-05,4.66776,3.29
686,2011-11-18,00:00:00.00,0.0380016,4.35225,2.62
687,2011-11-19,00:00:00.00,0.0302741,4.0723,2.18
688,2011-11-20,00:00:00.00,0.0840324,3.82242,1.95
689,2011-11-21,00:00:00.00,0.243905,3.59819,1.83
690,2011-11-22,00:00:00.00,9.31292e-05,3.39598,1.62
691,2011-11-23,00:00:00.00,0.69284,3.21283,1.38
692,2011-11-24,00:00:00.00,25.1391,7.29707,12.9
693,2011-11-25,00:00:00.00,0.00442675,8.92082,6.55
694,2011-11-26,00:00:00.00,0.000137284,6.1039,4.43
695,2011-11-27,00:00:00.00,0.122951,5.60293,3.42
696,2011-11-28,00:00:00.00,21.8937,9.93389,10.4
697,2011-11-29,00:00:00.00,1.98006,11.7977,18.7
698,2011-11-30,00:00:00.00,56.364,28.4492,91.9
699,2011-12-01,00:00:00.00,2.98026,37.4886,80.3
700,2011-12-02,00:00:00.00,0,24.1316,22.2
701,2011-12-03,00:00:00.00,0.899552,19.0937,8.63
702,2011-12-04,00:00:00.00,0.212573,15.672,5.58
703,2011-12-05,00:00:00.00,9.92561,14.9124,6.01
704,2011-12-06,00:00:00.00,22.8136,20.9496,35.5
705,2011-12-07,00:00:00.00,12.4408,23.8835,43.1
706,2011-12-08,00:00:00.00,0.0233102,19.3778,14.5
707,2011-12-09,00:00:00.00,0.000428042,15.8489,6.77
708,2011-12-10,00:00:00.00,0.687762,13.319,4.88
709,2011-12-11,00:00:00.00,0.00155465,11.4256,4.04
710,2011-12-12,00:00:00.00,0,9.96108,3.16
711,2011-12-13,00:00:00.00,0.000700203,8.7983,2.71
712,2011-12-14,00:00:00.00,0.00185093,8.64765,2.42
713,2011-12-15,00:00:00.00,3.27881,8.85305,2.42
714,2011-12-16,00:00:00.00,27.5797,15.5345,27.7
715,2011-12-17,00:00:00.00,0.56162,18.2667,19.7
716,2011-12-18,00:00:00.00,1.55121,13.1126,6.96
717,2011-12-19,00:00:00.00,1.45431,11.2704,4.88
718,2011-12-20,00:00:00.00,0.0146308,9.8412,4.44
719,2011-12-21,00:00:00.00,0.0697118,8.70363,4.09
720,2011-12-22,00:00:00.00,6.10868,8.437,4.43
721,2011-12-23,00:00:00.00,0.816916,8.53775,6.08
722,2011-12-24,00:00:00.00,2.76333,8.02946,5.16
723,2011-12-25,00:00:00.00,0.0198951,7.29081,4.19
724,2011-12-26,00:00:00.00,0.196345,6.60825,3.44
725,2011-12-27,00:00:00.00,0.416349,6.164,3.06
726,2011-12-28,00:00:00.00,10.1528,7.5209,3.27
727,2011-12-29,00:00:00.00,4.92725,8.04302,4.25
728,2011-12-30,00:00:00.00,2.74694,6.75292,3.18
729,2011-12-31,00:00:00.00,3.17152,6.35789,5.16
730,2012-01-01,00:00:00.00,10.8056,9.87921,35.6
731,2012-01-02,00:00:00.00,6.45203,11.9596,15.1
732,2012-01-03,00:00:00.00,3.25357,9.87119,10.2
733,2012-01-04,00:00:00.00,10.1671,8.78179,5.23
734,2012-01-05,00:00:00.00,0.0170786,7.84608,4.61
735,2012-01-06,00:00:00.00,7.13991e-05,7.07291,3.85
736,2012-01-07,00:00:00.00,0.00573275,6.42458,4.64
737,2012-01-08,00:00:00.00,0.0078552,8.23629,9
738,2012-01-09,00:00:00.00,0.0411987,8.9418,5.7
739,2012-01-10,00:00:00.00,0.00505924,7.17879,4.28
740,2012-01-11,00:00:00.00,0.00262967,6.5153,3.63
741,2012-01-12,00:00:00.00,3.03077e-09,5.95267,3.15
742,2012-01-13,00:00:00.00,7.06989,6.20823,4.48
743,2012-01-14,00:00:00.00,8.77176,6.51875,5.29
744,2012-01-15,00:00:00.00,1.85006,6.04889,3.82
745,2012-01-16,00:00:00.00,0.0125208,5.55431,2.99
746,2012-01-17,00:00:00.00,0.130109,5.12666,2.81
747,2012-01-18,00:00:00.00,25.8466,10.5771,27.7
748,2012-01-19,00:00:00.00,0.827385,12.6928,17.6
749,2012-01-20,00:00:00.00,9.55876,8.65826,5.54
750,2012-01-21,00:00:00.00,0.623189,7.74532,4.07
751,2012-01-22,00:00:00.00,3.82974,6.98944,3.28
752,2012-01-23,00:00:00.00,0.00359435,6.3545,2.69
753,2012-01-24,00:00:00.00,10.7685,7.48367,8.91
754,2012-01-25,00:00:00.00,0.136958,7.92007,15.9
755,2012-01-26,00:00:00.00,0.128904,6.62405,5.53
756,2012-01-27,00:00:00.00,3.03408,6.06234,4.47
757,2012-01-28,00:00:00.00,12.4863,6.50356,11.7
758,2012-01-29,00:00:00.00,5.03061,6.80278,10.2
759,2012-01-30,00:00:00.00,8.85395,6.27926,5.12
760,2012-01-31,00:00:00.00,2.59808,5.89332,4.25
761,2012-02-01,00:00:00.00,0.568944,5.42024,5.07
762,2012-02-02,00:00:00.00,0.397686,15.8281,30.9
763,2012-02-03,00:00:00.00,0.0529138,20.3031,12.4
764,2012-02-04,00:00:00.00,0.0201024,13.109,5.92
765,2012-02-05,00:00:00.00,0.000792603,11.268,4.76
766,2012-02-06,00:00:00.00,0.0124427,9.83951,4.1
767,2012-02-07,00:00:00.00,0.0010583,8.70246,3.43
768,2012-02-08,00:00:00.00,0.0218366,7.77835,2.99
769,2012-02-09,00:00:00.00,0.00126267,7.01419,2.52
770,2012-02-10,00:00:00.00,3.69008e-05,6.37301,2.25
771,2012-02-11,00:00:00.00,0.901903,5.82823,2.11
772,2012-02-12,00:00:00.00,12.6838,5.36032,2
773,2012-02-13,00:00:00.00,3.18345,4.95462,1.8
774,2012-02-14,00:00:00.00,0.0376766,4.59989,1.75
775,2012-02-15,00:00:00.00,0.756642,4.28742,1.68
776,2012-02-16,00:00:00.00,0.254468,4.01035,1.65
777,2012-02-17,00:00:00.00,5.60003,3.92636,1.84
778,2012-02-18,00:00:00.00,0.108231,3.85209,2.8
779,2012-02-19,00:00:00.00,1.00163,3.62289,3.68
780,2012-02-20,00:00:00.00,0.0381642,3.41653,2.84
781,2012-02-21,00:00:00.00,0.00394523,3.22988,2.33
782,2012-02-22,00:00:00.00,2.74617,3.06842,2.28
783,2012-02-23,00:00:00.00,4.48283,3.04785,3.57
784,2012-02-24,00:00:00.00,1.53084,3.38207,5.16
785,2012-02-25,00:00:00.00,7.41068,5.02708,10.1
786,2012-02-26,00:00:00.00,1.18459,5.35799,10.2
787,2012-02-27,00:00:00.00,0.0328751,4.18803,4.58
788,2012-02-28,00:00:00.00,0.00644849,3.92682,3.94
789,2012-02-29,00:00:00.00,0.0125793,3.69283,3.61
790,2012-03-01,00:00:00.00,1.14271,3.48217,3.39
791,2012-03-02,00:00:00.00,0.183554,5.90888,12.6
792,2012-03-03,00:00:00.00,1.75044,6.78911,7.53
793,2012-03-04,00:00:00.00,6.46585,5.49746,12.8
794,2012-03-05,00:00:00.00,0.422168,5.56409,5.16
795,2012-03-06,00:00:00.00,0.0867952,5.0812,3.69
796,2012-03-07,00:00:00.00,0.0345978,4.71555,2.79
797,2012-03-08,00:00:00.00,0.000327651,4.39369,2.48
798,2012-03-09,00:00:00.00,9.65139,5.40007,3.23
799,2012-03-10,00:00:00.00,0.598186,5.75374,4.45
800,2012-03-11,00:00:00.00,0.0548382,4.77547,3.15
801,2012-03-12,00:00:00.00,0.000296537,4.44684,2.59
802,2012-03-13,00:00:00.00,8.48241,5.14755,2.83
803,2012-03-14,00:00:00.00,11.6652,7.11637,17.3
804,2012-03-15,00:00:00.00,0.0306084,7.18976,6.74
805,2012-03-16,00:00:00.00,1.35961,5.89558,4.23
806,2012-03-17,00:00:00.00,2.94402,5.48951,3.39
807,2012-03-18,00:00:00.00,0.073612,5.13784,2.71
808,2012-03-19,00:00:00.00,0.115392,4.76423,2.28
809,2012-03-20,00:00:00.00,0.0830592,4.43582,2.07
810,2012-03-21,00:00:00.00,0.00366565,4.14515,1.95
811,2012-03-22,00:00:00.00,0.00339655,3.88628,1.83
812,2012-03-23,00:00:00.00,0.000512683,3.65444,1.69
813,2012-03-24,00:00:00.00,0.0870181,3.44576,1.54
814,2012-03-25,00:00:00.00,4.23193,3.37412,1.39
815,2012-03-26,00:00:00.00,0.671149,3.30963,1.26
816,2012-03-27,00:00:00.00,0.00480632,3.13428,1.16
817,2012-03-28,00:00:00.00,0,2.97452,1.1
818,2012-03-29,00:00:00.00,0.0100843,2.82843,1.07
819,2012-03-30,00:00:00.00,0.0973632,2.69441,1.06
820,2012-03-31,00:00:00.00,10.1116,3.69972,1.16
821,2012-04-01,00:00:00.00,1.17163,3.98781,1.75
822,2012-04-02,00:00:00.00,1.86126,3.134,1.33
823,2012-04-03,00:00:00.00,0.000223044,2.98576,1.18
824,2012-04-04,00:00:00.00,0.00974568,2.84038,1.05
825,2012-04-05,00:00:00.00,0.0164871,2.70689,0.939
826,2012-04-06,00:00:00.00,0.000220274,2.58392,0.839
827,2012-04-07,00:00:00.00,0,2.47033,0.754
828,2012-04-08,00:00:00.00,0,2.36514,0.686
829,2012-04-09,00:00:00.00,0.185972,2.26747,0.65
830,2012-04-10,00:00:00.00,0.0844096,2.17658,0.642
831,2012-04-11,00:00:00.00,0.0262036,2.09182,0.618
832,2012-04-12,00:00:00.00,1.0803,2.01261,0.593
833,2012-04-13,00:00:00.00,0.0824357,1.93845,0.554
834,2012-04-14,00:00:00.00,0.0592907,1.86889,0.532
835,2012-04-15,00:00:00.00,1.89662,1.80353,0.528
836,2012-04-16,00:00:00.00,6.89251,2.08254,0.719
837,2012-04-17,00:00:00.00,0.0505273,2.1581,0.747
838,2012-04-18,00:00:00.00,0.0147842,1.88926,0.599
839,2012-04-19,00:00:00.00,0.00115616,1.8238,0.517
840,2012-04-20,00:00:00.00,0.0546421,1.76213,0.504
841,2012-04-21,00:00:00.00,0.0361039,1.70396,0.501
842,2012-04-22,00:00:00.00,8.93194,2.4899,0.666
843,2012-04-23,00:00:00.00,0.310744,2.66765,0.628
844,2012-04-24,00:00:00.00,0.395479,1.99462,0.549
845,2012-04-25,00:00:00.00,1.88307,1.92366,0.552
846,2012-04-26,00:00:00.00,0.0390777,1.8569,0.54
847,2012-04-27,00:00:00.00,0.0599035,1.79398,0.504
848,2012-04-28,00:00:00.00,0.00095287,1.73462,0.469
849,2012-04-29,00:00:00.00,0,1.67853,0.447
850,2012-04-30,00:00:00.00,0.0014374,1.62545,0.438
851,2012-05-01,00:00:00.00,5.70365,1.80235,0.501
852,2012-05-02,00:00:00.00,6.7109,2.2144,0.644
853,2012-05-03,00:00:00.00,0.0292379,2.17189,0.543
854,2012-05-04,00:00:00.00,0.125601,1.887,0.542
855,2012-05-05,00:00:00.00,14.1694,3.51884,2.13
856,2012-05-06,00:00:00.00,2.15177e-05,3.90756,1.13
857,2012-05-07,00:00:00.00,2.64647e-05,2.57407,0.728
858,2012-05-08,00:00:00.00,1.21038,2.46355,0.584
859,2012-05-09,00:00:00.00,8.18547,2.89476,0.638
860,2012-05-10,00:00:00.00,4.11069,3.06904,0.602
861,2012-05-11,00:00:00.00,0.00538618,2.69637,0.637
862,2012-05-12,00:00:00.00,2.07828e-07,2.57599,0.521
863,2012-05-13,00:00:00.00,0,2.46458,0.478
864,2012-05-14,00:00:00.00,0.253948,2.36123,0.436
865,2012-05-15,00:00:00.00,0.0552357,2.26513,0.415
866,2012-05-16,00:00:00.00,0.000518621,2.17557,0.405
867,2012-05-17,00:00:00.00,0.756619,2.09194,0.403
868,2012-05-18,00:00:00.00,1.4357e-05,2.01369,0.403
869,2012-05-19,00:00:00.00,0.000421738,1.94035,0.412
870,2012-05-20,00:00:00.00,0.000437859,1.87147,0.389
871,2012-05-21,00:00:00.00,0.000439073,1.80669,0.37
872,2012-05-22,00:00:00.00,0,1.74565,0.34
873,2012-05-23,00:00:00.00,0.0237658,1.68808,0.329
874,2012-05-24,00:00:00.00,0.000107798,1.63368,0.303
875,2012-05-25,00:00:00.00,0.0245383,1.58222,0.286
876,2012-05-26,00:00:00.00,0.0516008,1.53349,0.269
877,2012-05-27,00:00:00.00,0.00907086,1.48727,0.254
878,2012-05-28,00:00:00.00,6.23621,1.50053,0.807
879,2012-05-29,00:00:00.00,0.641613,1.51342,0.525
880,2012-05-30,00:00:00.00,6.78643,1.56744,0.508
881,2012-05-31,00:00:00.00,0.0293974,1.59396,0.48
882,2012-06-01,00:00:00.00,0.0099081,1.52076,0.409
883,2012-06-02,00:00:00.00,47.6919,11.0263,3.96
884,2012-06-03,00:00:00.00,0.0845805,13.8496,6.62
885,2012-06-04,00:00:00.00,6.40888,7.13672,3.13
886,2012-06-05,00:00:00.00,4.42574,6.91863,2.19
887,2012-06-06,00:00:00.00,2.33401,6.41366,2.98
888,2012-06-07,00:00:00.00,1.10512,5.86696,1.92
889,2012-06-08,00:00:00.00,0.0495082,5.39724,1.38
890,2012-06-09,00:00:00.00,0.0175048,4.98983,1.11
891,2012-06-10,00:00:00.00,1.74705,4.6335,0.966
892,2012-06-11,00:00:00.00,0.013831,4.31953,0.824
893,2012-06-12,00:00:00.00,0.121287,4.04105,0.7
894,2012-06-13,00:00:00.00,0.872696,3.79256,0.799
895,2012-06-14,00:00:00.00,0.0466681,3.56964,0.657
896,2012-06-15,00:00:00.00,0,3.36866,0.543
897,2012-06-16,00:00:00.00,0,3.18665,0.481
898,2012-06-17,00:00:00.00,0,3.02113,0.443
899,2012-06-18,00:00:00.00,5.56246,2.93018,0.432
900,2012-06-19,00:00:00.00,0.974441,2.84729,0.477
901,2012-06-20,00:00:00.00,0.0020624,2.71136,0.431
902,2012-06-21,00:00:00.00,0.000241625,2.58633,0.375
903,2012-06-22,00:00:00.00,5.54675,2.50482,0.359
904,2012-06-23,00:00:00.00,11.9702,3.45202,0.464
905,2012-06-24,00:00:00.00,0.00334332,3.70665,0.38
906,2012-06-25,00:00:00.00,0.0182683,2.91973,0.362
907,2012-06-26,00:00:00.00,3.00003,2.78013,0.376
908,2012-06-27,00:00:00.00,0,2.65171,0.337
909,2012-06-28,00:00:00.00,0.00805365,2.53324,0.302
910,2012-06-29,00:00:00.00,0.00175932,2.42364,0.287
911,2012-06-30,00:00:00.00,5.10415e-05,2.322,0.279
912,2012-07-01,00:00:00.00,0.0133267,2.22751,0.277
913,2012-07-02,00:00:00.00,0.0263222,2.13948,0.264
914,2012-07-03,00:00:00.00,0.00308412,2.0573,0.264
915,2012-07-04,00:00:00.00,5.2136,2.00017,0.278
916,2012-07-05,00:00:00.00,6.25688,2.00459,
917,2012-07-06,00:00:00.00,3.26971,1.98931,
918,2012-07-07,00:00:00.00,0.00049029,1.91732,
919,2012-07-08,00:00:00.00,0.135574,1.8497,
920,2012-07-09,00:00:00.00,0.0111457,1.78608,
921,2012-07-10,00:00:00.00,0,1.72613,
922,2012-07-11,00:00:00.00,0.00984319,1.66955,
923,2012-07-12,00:00:00.00,0,1.61608,
924,2012-07-13,00:00:00.00,0,1.56547,
925,2012-07-14,00:00:00.00,0,1.51752,
926,2012-07-15,00:00:00.00,0,1.47202,
927,2012-07-16,00:00:00.00,4.7346,1.43635,
928,2012-07-17,00:00:00.00,2.3391,1.40249,0.121
929,2012-07-18,00:00:00.00,0.000899827,1.36278,0.143
930,2012-07-19,00:00:00.00,0.107715,1.32495,0.123
931,2012-07-20,00:00:00.00,6.88842,1.41844,0.124
932,2012-07-21,00:00:00.00,3.13674,1.44877,0.203
933,2012-07-22,00:00:00.00,0.00536677,1.3485,0.19
934,2012-07-23,00:00:00.00,0.0208891,1.31206,0.156
935,2012-07-24,00:00:00.00,0.00257094,1.27725,0.144
936,2012-07-25,00:00:00.00,0.0478206,1.24398,0.139
937,2012-07-26,00:00:00.00,0,1.21215,0.124
938,2012-07-27,00:00:00.00,16.3035,2.94916,0.151
939,2012-07-28,00:00:00.00,4.76498,3.30585,0.334
940,2012-07-29,00:00:00.00,0.605679,1.87764,0.192
941,2012-07-30,00:00:00.00,0.00168407,1.8148,0.165
942,2012-07-31,00:00:00.00,0,1.75539,0.144
943,2012-08-01,00:00:00.00,0.283218,1.69918,0.137
944,2012-08-02,00:00:00.00,0.0195615,1.64593,0.126
945,2012-08-03,00:00:00.00,8.69827e-06,1.59543,0.118
946,2012-08-04,00:00:00.00,0.00318239,1.54747,0.122
947,2012-08-05,00:00:00.00,0.00266319,1.50189,0.116
948,2012-08-06,00:00:00.00,8.03732,1.82461,0.126
949,2012-08-07,00:00:00.00,0.0406861,1.90027,0.156
950,2012-08-08,00:00:00.00,0.00228259,1.6062,0.142
951,2012-08-09,00:00:00.00,0.0734172,1.55789,0.113
952,2012-08-10,00:00:00.00,7.205,1.80773,0.105
953,2012-08-11,00:00:00.00,17.3389,4.28083,0.635
954,2012-08-12,00:00:00.00,14.7782,6.67013,0.808
955,2012-08-13,00:00:00.00,2.62978,5.47532,0.676
956,2012-08-14,00:00:00.00,1.67625,3.96621,0.324
957,2012-08-15,00:00:00.00,7.18475,3.99018,0.846
958,2012-08-16,00:00:00.00,0.29623,4.01135,0.856
959,2012-08-17,00:00:00.00,0.0936138,3.76944,0.524
960,2012-08-18,00:00:00.00,4.58611,3.62579,0.383
961,2012-08-19,00:00:00.00,0.000137148,3.49623,0.285
962,2012-08-20,00:00:00.00,0.0297855,3.30498,0.231
963,2012-08-21,00:00:00.00,0.0320899,3.13126,0.2
964,2012-08-22,00:00:00.00,0.374318,2.97286,0.186
965,2012-08-23,00:00:00.00,0.103373,2.8279,0.178
966,2012-08-24,00:00:00.00,0.00134118,2.69481,0.162
967,2012-08-25,00:00:00.00,0,2.57223,0.162
968,2012-08-26,00:00:00.00,0,2.45902,0.158
969,2012-08-27,00:00:00.00,0,2.35417,0.151
970,2012-08-28,00:00:00.00,3.5592,2.2596,0.157
971,2012-08-29,00:00:00.00,0.00677649,2.17164,0.159
972,2012-08-30,00:00:00.00,0.000680315,2.08686,0.153
973,2012-08-31,00:00:00.00,0,2.00765,0.134
974,2012-09-01,00:00:00.00,0.000871398,1.9335,0.14
975,2012-09-02,00:00:00.00,0.00137314,1.86395,0.143
976,2012-09-03,00:00:00.00,0,1.79862,0.132
977,2012-09-04,00:00:00.00,0,1.73713,0.141
978,2012-09-05,00:00:00.00,16.2858,3.69171,1.47
979,2012-09-06,00:00:00.00,0.00721511,4.1411,1.31
980,2012-09-07,00:00:00.00,0.0017061,2.54948,0.463
981,2012-09-08,00:00:00.00,0.000428933,2.44038,0.295
982,2012-09-09,00:00:00.00,30.352,8.12965,1.77
983,2012-09-10,00:00:00.00,1.38775,9.88702,1.33
984,2012-09-11,00:00:00.00,0.0132664,5.66662,0.607
985,2012-09-12,00:00:00.00,0.00139984,5.22589,0.396
986,2012-09-13,00:00:00.00,0.000541266,4.84202,0.313
987,2012-09-14,00:00:00.00,1.96313e-06,4.50501,0.267
988,2012-09-15,00:00:00.00,8.09189,4.78401,0.254
989,2012-09-16,00:00:00.00,0.0254139,4.89679,0.319
990,2012-09-17,00:00:00.00,0.000734583,4.42027,0.255
991,2012-09-18,00:00:00.00,0.000672146,4.13236,0.233
992,2012-09-19,00:00:00.00,45.9325,15.2536,18.2
993,2012-09-20,00:00:00.00,0.443926,19.6944,8.63
994,2012-09-21,00:00:00.00,1.66416,11.9882,2.61
995,2012-09-22,00:00:00.00,0.272887,10.4039,1.72
996,2012-09-23,00:00:00.00,6.83848,9.81581,6.21
997,2012-09-24,00:00:00.00,0.167929,9.34741,3.46
998,2012-09-25,00:00:00.00,0.00848666,8.30634,1.75
999,2012-09-26,00:00:00.00,0.00236189,7.45372,1.2
1000,2012-09-27,00:00:00.00,0.0165625,6.7441,0.95
1001,2012-09-28,00:00:00.00,3.5982e-07,6.14537,0.808
1002,2012-09-29,00:00:00.00,0,5.63421,0.674
1003,2012-09-30,00:00:00.00,0.854205,5.19334,0.606
1004,2012-10-01,00:00:00.00,0.863284,4.80967,0.588
1005,2012-10-02,00:00:00.00,0.00845851,4.47311,0.538
1006,2012-10-03,00:00:00.00,0.886807,4.17578,0.495
1007,2012-10-04,00:00:00.00,1.51286,3.91143,0.475
1008,2012-10-05,00:00:00.00,0.115783,3.67506,0.458
1009,2012-10-06,00:00:00.00,0.354946,3.4626,0.448
1010,2012-10-07,00:00:00.00,11.8933,4.84538,0.743
1011,2012-10-08,00:00:00.00,0.0958116,5.28621,0.68
1012,2012-10-09,00:00:00.00,0.000226009,4.10965,0.567
1013,2012-10-10,00:00:00.00,0.190501,3.85596,0.507
1014,2012-10-11,00:00:00.00,3.36626,3.74297,0.49
1015,2012-10-12,00:00:00.00,0.00340241,3.64154,0.489
1016,2012-10-13,00:00:00.00,1.18481,3.43558,0.462
1017,2012-10-14,00:00:00.00,0.497379,3.24913,0.449
1018,2012-10-15,00:00:00.00,15.5231,5.51705,1.11
1019,2012-10-16,00:00:00.00,0.317455,6.2278,1.6
1020,2012-10-17,00:00:00.00,0.151074,4.42954,1.12
1021,2012-10-18,00:00:00.00,4.40672,4.35434,0.872
1022,2012-10-19,00:00:00.00,2.19445,4.32679,0.926
1023,2012-10-20,00:00:00.00,0.466446,4.08951,0.889
1024,2012-10-21,00:00:00.00,21.2978,8.04497,3.15
1025,2012-10-22,00:00:00.00,0.208322,9.44513,3.81
1026,2012-10-23,00:00:00.00,0.129573,6.45927,2.16
1027,2012-10-24,00:00:00.00,8.38027,6.80575,1.89
1028,2012-10-25,00:00:00.00,0.207983,6.94362,2.4
1029,2012-10-26,00:00:00.00,0.0144756,6.16241,1.94
1030,2012-10-27,00:00:00.00,4.00159,5.88501,1.57
1031,2012-10-28,00:00:00.00,23.7455,11.024,9.79
1032,2012-10-29,00:00:00.00,3.65471,13.344,7.52
1033,2012-10-30,00:00:00.00,15.8795,13.1731,14.7
1034,2012-10-31,00:00:00.00,16.3632,17.8247,29
1035,2012-11-01,00:00:00.00,6.21361,18.6582,24.3
1036,2012-11-02,00:00:00.00,4.12309,16.6664,12.1
1037,2012-11-03,00:00:00.00,1.11558,14.6189,6.2
1038,2012-11-04,00:00:00.00,0.214632,12.4441,4.65
1039,2012-11-05,00:00:00.00,0.0113669,10.7557,3.52
1040,2012-11-06,00:00:00.00,5.08737e-05,9.43386,2.73
1041,2012-11-07,00:00:00.00,0.0100508,8.37404,2.32
1042,2012-11-08,00:00:00.00,8.20725e-06,7.50753,2.12
1043,2012-11-09,00:00:00.00,0.000358199,6.7874,1.85
1044,2012-11-10,00:00:00.00,0.408781,6.18057,1.68
1045,2012-11-11,00:00:00.00,0.447861,5.66307,1.58
1046,2012-11-12,00:00:00.00,0.00057391,5.21717,1.51
1047,2012-11-13,00:00:00.00,9.47536,5.98301,1.7
1048,2012-11-14,00:00:00.00,1.455,6.27741,3.93
1049,2012-11-15,00:00:00.00,0.00156559,5.38237,2.7
1050,2012-11-16,00:00:00.00,4.34674e-05,4.97687,2.27
1051,2012-11-17,00:00:00.00,0.00153763,4.62211,1.97
1052,2012-11-18,00:00:00.00,0.0121193,4.30945,1.72
1053,2012-11-19,00:00:00.00,0.000325888,4.03208,1.56
1054,2012-11-20,00:00:00.00,0.00151548,3.78453,1.48
1055,2012-11-21,00:00:00.00,0.000160195,3.56241,1.42
1056,2012-11-22,00:00:00.00,0.00655396,3.36213,1.33
1057,2012-11-23,00:00:00.00,0.00880717,3.18074,1.25
1058,2012-11-24,00:00:00.00,5.16879,3.33012,1.23
1059,2012-11-25,00:00:00.00,1.48009,3.41802,1.06
1060,2012-11-26,00:00:00.00,0.290692,3.18465,0.955
1061,2012-11-27,00:00:00.00,0.00814568,3.02101,0.911
1062,2012-11-28,00:00:00.00,0.0103626,2.87149,0.822
1063,2012-11-29,00:00:00.00,0.0284847,2.73439,0.776
1064,2012-11-30,00:00:00.00,0.0014715,2.60831,0.752
1065,2012-12-01,00:00:00.00,0.279634,2.492,0.732
1066,2012-12-02,00:00:00.00,0.0718119,2.38441,0.708
1067,2012-12-03,00:00:00.00,15.7074,4.84445,1.51
1068,2012-12-04,00:00:00.00,0.234587,5.51978,3.28
1069,2012-12-05,00:00:00.00,6.43894,4.24093,2.61
1070,2012-12-06,00:00:00.00,0.200142,4.39929,4.24
1071,2012-12-07,00:00:00.00,0.00738195,3.87975,2.71
1072,2012-12-08,00:00:00.00,0.0266425,3.65123,2.14
1073,2012-12-09,00:00:00.00,4.75613,3.70802,2
1074,2012-12-10,00:00:00.00,3.02837,3.78042,2.08
1075,2012-12-11,00:00:00.00,6.50045,4.28259,4.17
1076,2012-12-12,00:00:00.00,0.143272,4.4522,4.43
1077,2012-12-13,00:00:00.00,0.000883658,3.90516,2.89
1078,2012-12-14,00:00:00.00,3.75769e-05,3.67371,2.22
1079,2012-12-15,00:00:00.00,0.000276825,3.54671,2
1080,2012-12-16,00:00:00.00,0.271644,3.43205,1.75
1081,2012-12-17,00:00:00.00,10.1026,4.75272,4.06
1082,2012-12-18,00:00:00.00,0.0762825,5.17237,5.99
1083,2012-12-19,00:00:00.00,0.984462,4.06765,4.42
1084,2012-12-20,00:00:00.00,0.227743,3.84259,3.63
1085,2012-12-21,00:00:00.00,13.3589,5.81186,4.22
1086,2012-12-22,00:00:00.00,12.0741,8.6602,33.2
1087,2012-12-23,00:00:00.00,0.315919,8.09499,15.2
1088,2012-12-24,00:00:00.00,0.00791489,6.47032,5.37
1089,2012-12-25,00:00:00.00,0.0488194,5.91592,3.85
1090,2012-12-26,00:00:00.00,0.387867,5.43997,2.91
1091,2012-12-27,00:00:00.00,5.30439,5.02745,2.37
1092,2012-12-28,00:00:00.00,13.9004,4.70271,2.11
1093,2012-12-29,00:00:00.00,0.714174,4.41701,1.88
1094,2012-12-30,00:00:00.00,4.3811,4.12812,1.68
1095,2012-12-31,00:00:00.00,0.364631,3.87078,1.54
1096,2013-01-01,00:00:00.00,0.0368017,3.64027,1.48
1097,2013-01-02,00:00:00.00,0.0647345,3.43275,1.45
1098,2013-01-03,00:00:00.00,0.00492742,3.24506,1.34
1099,2013-01-04,00:00:00.00,0.193067,3.0746,1.28
1100,2013-01-05,00:00:00.00,0.03526,2.91918,1.22
1101,2013-01-06,00:00:00.00,0.0182132,2.77697,1.19
1102,2013-01-07,00:00:00.00,0.968119,2.64641,1.21
1103,2013-01-08,00:00:00.00,0.0934167,2.52619,1.19
1104,2013-01-09,00:00:00.00,0,2.41516,1.16
1105,2013-01-10,00:00:00.00,0.137377,2.31236,1.3
1106,2013-01-11,00:00:00.00,0.000947443,2.21694,2.86
1107,2013-01-12,00:00:00.00,10.1738,3.20895,9.27
1108,2013-01-13,00:00:00.00,0.0863429,9.01979,20.8
1109,2013-01-14,00:00:00.00,36.9558,20.4291,68.6
1110,2013-01-15,00:00:00.00,4.29692,21.3919,39
1111,2013-01-16,00:00:00.00,0.0115242,14.4771,9.46
1112,2013-01-17,00:00:00.00,8.23643e-05,12.303,5.32
1113,2013-01-18,00:00:00.00,0.0969106,10.6466,4.16
1114,2013-01-19,00:00:00.00,0.270554,9.34732,3.1
1115,2013-01-20,00:00:00.00,0.0692856,8.30394,2.66
1116,2013-01-21,00:00:00.00,0.475474,7.44974,2.46
1117,2013-01-22,00:00:00.00,0.134549,6.73905,1.66
1118,2013-01-23,00:00:00.00,0.046256,6.1396,1.41
1119,2013-01-24,00:00:00.00,0.160515,5.62798,1.26
1120,2013-01-25,00:00:00.00,0.586903,5.18681,1.19
1121,2013-01-26,00:00:00.00,4.50844,4.80297,1.13
1122,2013-01-27,00:00:00.00,1.75822,4.46633,1.07
1123,2013-01-28,00:00:00.00,0.0107825,4.16898,1.01
1124,2013-01-29,00:00:00.00,16.2036,5.12621,1.13
1125,2013-01-30,00:00:00.00,22.3611,15.9562,29.3
1126,2013-01-31,00:00:00.00,13.9397,22.5498,65.9
1127,2013-02-01,00:00:00.00,3.55776,17.6486,26
1128,2013-02-02,00:00:00.00,1.97731,14.6231,5.96
1129,2013-02-03,00:00:00.00,1.75197,12.4119,3.74
1130,2013-02-04,00:00:00.00,0.338442,10.7306,2.59
1131,2013-02-05,00:00:00.00,0.427013,9.41376,2
1132,2013-02-06,00:00:00.00,0.159524,8.3576,1.6
1133,2013-02-07,00:00:00.00,1.04033,7.49385,1.41
1134,2013-02-08,00:00:00.00,0.865022,6.77584,1.28
1135,2013-02-09,00:00:00.00,25.8879,7.0102,1.21
1136,2013-02-10,00:00:00.00,0.214236,7.10452,1.18
1137,2013-02-11,00:00:00.00,0.00176854,6.34683,1.2
1138,2013-02-12,00:00:00.00,6.90879,6.31144,2.35
1139,2013-02-13,00:00:00.00,0.189912,6.28193,4.65
1140,2013-02-14,00:00:00.00,0.0162148,5.75378,4.04
1141,2013-02-15,00:00:00.00,1.98674,5.29903,3.75
1142,2013-02-16,00:00:00.00,1.55452,4.90386,2.58
1143,2013-02-17,00:00:00.00,0.284113,4.55766,2
1144,2013-02-18,00:00:00.00,0.247783,4.25216,1.58
1145,2013-02-19,00:00:00.00,0.117856,3.98083,1.41
1146,2013-02-20,00:00:00.00,20.8758,5.60533,19.2
1147,2013-02-21,00:00:00.00,1.44214,6.15267,8.2
1148,2013-02-22,00:00:00.00,0.588962,4.77321,3.59
1149,2013-02-23,00:00:00.00,2.63327,4.44475,2.44
1150,2013-02-24,00:00:00.00,3.54035,4.20316,1.92
1151,2013-02-25,00:00:00.00,0.587153,3.98825,1.57
1152,2013-02-26,00:00:00.00,0.00510524,3.74677,1.41
1153,2013-02-27,00:00:00.00,1.78655,3.52976,1.64
1154,2013-02-28,00:00:00.00,12.7222,4.04838,5.45
1155,2013-03-01,00:00:00.00,2.15077,4.27151,6.83
1156,2013-03-02,00:00:00.00,0.0125948,3.759,7.42
1157,2013-03-03,00:00:00.00,0.0166807,3.5419,4.36
1158,2013-03-04,00:00:00.00,0.0219164,3.34579,2.68
1159,2013-03-05,00:00:00.00,0.0953538,3.16788,2.06
1160,2013-03-06,00:00:00.00,0.000133132,3.00584,1.86
1161,2013-03-07,00:00:00.00,0.0189989,2.85772,2.15
1162,2013-03-08,00:00:00.00,0.340066,2.72186,4.8
1163,2013-03-09,00:00:00.00,0.00308154,2.59685,15.4
1164,2013-03-10,00:00:00.00,0.00339642,2.4815,21.9
1165,2013-03-11,00:00:00.00,0.0130104,11.992,26.5
1166,2013-03-12,00:00:00.00,19.3482,23.8233,66
1167,2013-03-13,00:00:00.00,7.66408,22.6295,62.2
1168,2013-03-14,00:00:00.00,3.14118,17.4471,13.6
1169,2013-03-15,00:00:00.00,1.33294,14.4813,6.14
1170,2013-03-16,00:00:00.00,0.688765,12.3051,4.82
1171,2013-03-17,00:00:00.00,2.31431,10.6474,4.16
1172,2013-03-18,00:00:00.00,0.367065,9.34725,3.49
1173,2013-03-19,00:00:00.00,2.23424,8.30328,3.46
1174,2013-03-20,00:00:00.00,4.31965,7.48367,3.82
1175,2013-03-21,00:00:00.00,0.765699,6.80234,3.32
1176,2013-03-22,00:00:00.00,1.20505,6.19311,2.87
1177,2013-03-23,00:00:00.00,0.694421,5.67371,2.55
1178,2013-03-24,00:00:00.00,0.00354907,5.22628,2.35
1179,2013-03-25,00:00:00.00,0.00139175,4.83732,3.22
1180,2013-03-26,00:00:00.00,1.02257,4.49644,2.91
1181,2013-03-27,00:00:00.00,8.58788e-05,6.60321,3.35
1182,2013-03-28,00:00:00.00,0.0127861,7.34796,4.27
1183,2013-03-29,00:00:00.00,0.377609,5.59495,4.49
1184,2013-03-30,00:00:00.00,0.0238105,5.16253,4.59
1185,2013-03-31,00:00:00.00,4.27016e-05,4.78556,4.19
1186,2013-04-01,00:00:00.00,0.30424,4.45438,3.69
1187,2013-04-02,00:00:00.00,2.49912,4.18991,3.45
1188,2013-04-03,00:00:00.00,0.37635,3.9547,2.83
1189,2013-04-04,00:00:00.00,0.306039,3.71579,2.3
1190,2013-04-05,00:00:00.00,0.0104362,3.50104,2.01
1191,2013-04-06,00:00:00.00,0.00627611,3.30708,1.95
1192,2013-04-07,00:00:00.00,0.000127893,3.13116,1.74
1193,2013-04-08,00:00:00.00,0.302374,2.97095,1.71
1194,2013-04-09,00:00:00.00,4.44984,2.95578,1.65
1195,2013-04-10,00:00:00.00,16.6598,5.5604,1.95
1196,2013-04-11,00:00:00.00,35.4894,14.913,52.1
1197,2013-04-12,00:00:00.00,12.8993,19.0128,45.8
1198,2013-04-13,00:00:00.00,20.025,19.8658,51.6
1199,2013-04-14,00:00:00.00,0.76358,20.4128,23.9
1200,2013-04-15,00:00:00.00,0.0243601,15.9283,8.98
1201,2013-04-16,00:00:00.00,0.0303057,13.378,5.25
1202,2013-04-17,00:00:00.00,4.93074,11.8276,4.43
1203,2013-04-18,00:00:00.00,0,10.6363,3.88
1204,2013-04-19,00:00:00.00,7.14048,9.92698,3.84
1205,2013-04-20,00:00:00.00,5.62097,9.75174,3.76
1206,2013-04-21,00:00:00.00,0.421528,9.02363,3.22
1207,2013-04-22,00:00:00.00,0.0277263,8.04269,2.47
1208,2013-04-23,00:00:00.00,2.51081e-05,7.23535,2.18
1209,2013-04-24,00:00:00.00,0.000140632,6.56061,1.98
1210,2013-04-25,00:00:00.00,16.1656,8.67418,2.63
1211,2013-04-26,00:00:00.00,3.1816,9.62614,3.68
1212,2013-04-27,00:00:00.00,0.032874,7.74456,3.11
1213,2013-04-28,00:00:00.00,0.000742454,6.9894,2.58
1214,2013-04-29,00:00:00.00,7.03425,6.78837,2.55
1215,2013-04-30,00:00:00.00,5.00912,6.85218,4.56
1216,2013-05-01,00:00:00.00,0.103026,6.47351,3.61
1217,2013-05-02,00:00:00.00,0.000721868,5.91754,2.74
1218,2013-05-03,00:00:00.00,0,5.44041,2.19
1219,2013-05-04,00:00:00.00,0,5.027,1.84
1220,2013-05-05,00:00:00.00,0,4.66575,1.58
1221,2013-05-06,00:00:00.00,0.000105661,4.34771,1.39
1222,2013-05-07,00:00:00.00,3.92509e-05,4.06582,1.25
1223,2013-05-08,00:00:00.00,0.000190929,3.81446,1.15
1224,2013-05-09,00:00:00.00,2.00079,3.5891,1.06
1225,2013-05-10,00:00:00.00,0.722997,3.38604,1.01
1226,2013-05-11,00:00:00.00,3.70559,3.21141,0.975
1227,2013-05-12,00:00:00.00,0.194402,3.05277,0.941
1228,2013-05-13,00:00:00.00,3.62816,2.96269,0.9
1229,2013-05-14,00:00:00.00,0.0306581,2.88067,0.856
1230,2013-05-15,00:00:00.00,0.460819,2.742,0.819
1231,2013-05-16,00:00:00.00,0.188745,2.61455,0.85
1232,2013-05-17,00:00:00.00,0.00888866,2.49708,0.772
1233,2013-05-18,00:00:00.00,0.000288284,2.3885,0.683
1234,2013-05-19,00:00:00.00,0.0500149,2.28787,0.647
1235,2013-05-20,00:00:00.00,0.0214738,2.19439,0.629
1236,2013-05-21,00:00:00.00,0.0528713,2.10735,0.61
1237,2013-05-22,00:00:00.00,0.826745,2.02613,0.575
1238,2013-05-23,00:00:00.00,0.487666,1.95019,0.55
1239,2013-05-24,00:00:00.00,1.4555,1.87906,0.539
1240,2013-05-25,00:00:00.00,2.83062,1.8233,0.548
1241,2013-05-26,00:00:00.00,6.96459e-05,1.77098,0.497
1242,2013-05-27,00:00:00.00,0,1.7108,0.479
1243,2013-05-28,00:00:00.00,0.00467696,1.65408,0.458
1244,2013-05-29,00:00:00.00,25.6845,5.5408,2.69
1245,2013-05-30,00:00:00.00,38.7659,15.0523,17.3
1246,2013-05-31,00:00:00.00,0.0295448,15.3481,4.56
1247,2013-06-01,00:00:00.00,0.0284812,9.46055,2.66
1248,2013-06-02,00:00:00.00,11.5097,9.4398,3.5
1249,2013-06-03,00:00:00.00,10.3521,10.3592,3.07
1250,2013-06-04,00:00:00.00,0.00856193,10.0604,2.34
1251,2013-06-05,00:00:00.00,0.000601641,8.88272,1.67
1252,2013-06-06,00:00:00.00,0.0248575,7.9283,1.34
1253,2013-06-07,00:00:00.00,0.382079,7.14097,1.15
1254,2013-06-08,00:00:00.00,1.51297,6.48167,1.09
1255,2013-06-09,00:00:00.00,0.0525665,5.92247,0.967
1256,2013-06-10,00:00:00.00,0.0013751,5.44288,0.858
1257,2013-06-11,00:00:00.00,22.1173,8.84033,1.13
1258,2013-06-12,00:00:00.00,5.22866,10.3113,2.09
1259,2013-06-13,00:00:00.00,5.24344,7.9023,1.75
1260,2013-06-14,00:00:00.00,22.9246,11.8106,12.7
1261,2013-06-15,00:00:00.00,2.96496,13.3639,8.11
1262,2013-06-16,00:00:00.00,0.00867521,10.0916,3.9
1263,2013-06-17,00:00:00.00,3.10004,8.90708,2.6
1264,2013-06-18,00:00:00.00,3.28829,7.9477,3.64
1265,2013-06-19,00:00:00.00,1.33071,7.15666,2.16
1266,2013-06-20,00:00:00.00,0.000399738,6.4945,1.56
1267,2013-06-21,00:00:00.00,0.00441713,5.93306,1.25
1268,2013-06-22,00:00:00.00,4.59801e-06,5.4517,1.05
1269,2013-06-23,00:00:00.00,0.0248588,5.03496,0.915
1270,2013-06-24,00:00:00.00,0.222123,4.6711,0.821
1271,2013-06-25,00:00:00.00,0.000496241,4.35097,0.721
1272,2013-06-26,00:00:00.00,1.15048,4.06741,0.652
1273,2013-06-27,00:00:00.00,2.06761,3.81471,0.628
1274,2013-06-28,00:00:00.00,11.6655,4.49522,0.949
1275,2013-06-29,00:00:00.00,18.0189,7.39043,4.81
1276,2013-06-30,00:00:00.00,3.21492,7.81011,9.8
1277,2013-07-01,00:00:00.00,0.0092909,5.8819,4.16
1278,2013-07-02,00:00:00.00,0.0528944,5.41131,2.56
1279,2013-07-03,00:00:00.00,0.0139739,5.00309,1.83
1280,2013-07-04,00:00:00.00,2.70866,4.64604,1.48
1281,2013-07-05,00:00:00.00,9.77339,4.93791,1.52
1282,2013-07-06,00:00:00.00,9.38138,5.57458,1.58
1283,2013-07-07,00:00:00.00,0.000410947,5.47786,1.57
1284,2013-07-08,00:00:00.00,13.7427,6.61835,3.5
1285,2013-07-09,00:00:00.00,1.15902,7.06431,2.78
1286,2013-07-10,00:00:00.00,6.70351,6.08499,2.15
1287,2013-07-11,00:00:00.00,11.7675,6.90643,2.51
1288,2013-07-12,00:00:00.00,0.00109228,7.11792,3.74
1289,2013-07-13,00:00:00.00,0.00735565,6.21875,2.02
1290,2013-07-14,00:00:00.00,0,5.70031,1.37
1291,2013-07-15,00:00:00.00,0.0125261,5.25333,1.09
1292,2013-07-16,00:00:00.00,0.00891466,4.86448,0.946
1293,2013-07-17,00:00:00.00,0.0794917,4.52347,0.819
1294,2013-07-18,00:00:00.00,0.738441,4.22229,0.744
1295,2013-07-19,00:00:00.00,0.0114878,3.95457,0.649
1296,2013-07-20,00:00:00.00,2.21641e-05,3.71522,0.611
1297,2013-07-21,00:00:00.00,30.7837,9.26218,1.42
1298,2013-07-22,00:00:00.00,0.0425387,11.2325,1.93
1299,2013-07-23,00:00:00.00,0.0625573,7.18286,1.08
1300,2013-07-24,00:00:00.00,1.05565,6.51955,0.826
1301,2013-07-25,00:00:00.00,0.230185,5.95699,0.71
1302,2013-07-26,00:00:00.00,0.00203779,5.47457,0.586
1303,2013-07-27,00:00:00.00,0.0985512,5.05683,0.532
1304,2013-07-28,00:00:00.00,4.69796,4.75964,0.537
1305,2013-07-29,00:00:00.00,13.024,6.04158,0.809
1306,2013-07-30,00:00:00.00,0.0800069,6.47648,0.946
1307,2013-07-31,00:00:00.00,0.0100142,5.31534,0.65
1308,2013-08-01,00:00:00.00,0.00805487,4.9196,0.551
1309,2013-08-02,00:00:00.00,24.071,9.01242,1.53
1310,2013-08-03,00:00:00.00,0.726339,10.5493,1.92
1311,2013-08-04,00:00:00.00,3.17034,7.42705,1.07
1312,2013-08-05,00:00:00.00,0.168357,6.72452,0.804
1313,2013-08-06,00:00:00.00,1.30399e-05,6.13113,0.661
1314,2013-08-07,00:00:00.00,0.421424,5.62408,0.575
1315,2013-08-08,00:00:00.00,0.754431,5.18639,0.529
1316,2013-08-09,00:00:00.00,9.7717,5.48475,0.484
1317,2013-08-10,00:00:00.00,2.08274e-06,5.60602,0.498
1318,2013-08-11,00:00:00.00,0.00931426,5.03339,0.442
1319,2013-08-12,00:00:00.00,4.567e-05,4.67243,0.395
1320,2013-08-13,00:00:00.00,0.616509,4.35454,0.382
1321,2013-08-14,00:00:00.00,4.38979,4.1509,0.383
1322,2013-08-15,00:00:00.00,0.512292,3.96976,0.327
1323,2013-08-16,00:00:00.00,0.000864401,3.72953,0.286
1324,2013-08-17,00:00:00.00,5.63143e-05,3.51362,0.267
1325,2013-08-18,00:00:00.00,0.000755789,3.31865,0.262
1326,2013-08-19,00:00:00.00,0.000754285,3.14181,0.249
1327,2013-08-20,00:00:00.00,0.00120354,2.98078,0.332
1328,2013-08-21,00:00:00.00,0.00847529,2.83362,0.258
1329,2013-08-22,00:00:00.00,0.175419,2.69867,0.264
1330,2013-08-23,00:00:00.00,1.0485,2.57454,0.261
1331,2013-08-24,00:00:00.00,0.0723977,2.46003,0.265
1332,2013-08-25,00:00:00.00,0.00504354,2.35409,0.243
1333,2013-08-26,00:00:00.00,0.000582084,2.25584,0.213
1334,2013-08-27,00:00:00.00,2.51506,2.1645,0.204
1335,2013-08-28,00:00:00.00,1.33444,2.0794,0.295
1336,2013-08-29,00:00:00.00,15.5264,3.82875,0.321
1337,2013-08-30,00:00:00.00,0.0632289,4.26844,0.321
1338,2013-08-31,00:00:00.00,0.136839,2.84842,0.255
1339,2013-09-01,00:00:00.00,1.10771,2.71535,0.227
1340,2013-09-02,00:00:00.00,0.442686,2.59269,0.239
1341,2013-09-03,00:00:00.00,0.00248428,2.47931,0.292
1342,2013-09-04,00:00:00.00,2.37991,2.37424,0.223
1343,2013-09-05,00:00:00.00,0.0530513,2.27664,0.216
1344,2013-09-06,00:00:00.00,0.0697212,2.18577,0.204
1345,2013-09-07,00:00:00.00,0.229587,2.10098,0.235
1346,2013-09-08,00:00:00.00,0.83358,2.02172,0.242
1347,2013-09-09,00:00:00.00,0.00725189,1.94748,0.242
1348,2013-09-10,00:00:00.00,0.166835,1.87781,0.237
1349,2013-09-11,00:00:00.00,0.882886,1.81233,0.241
1350,2013-09-12,00:00:00.00,1.41528,1.75069,0.253
1351,2013-09-13,00:00:00.00,18.3716,4.25011,0.366
1352,2013-09-14,00:00:00.00,0.00333309,4.83978,0.342
1353,2013-09-15,00:00:00.00,0.0145255,2.83194,0.208
1354,2013-09-16,00:00:00.00,0.600038,2.70091,0.179
1355,2013-09-17,00:00:00.00,0.717842,2.58001,0.182
1356,2013-09-18,00:00:00.00,0.182552,2.46816,0.236
1357,2013-09-19,00:00:00.00,0.00203303,2.36443,0.232
1358,2013-09-20,00:00:00.00,0.000339823,2.26799,0.195
1359,2013-09-21,00:00:00.00,4.75922,2.26278,0.236
1360,2013-09-22,00:00:00.00,65.8867,19.1013,2.9
1361,2013-09-23,00:00:00.00,0.823822,25.5277,3.38
1362,2013-09-24,00:00:00.00,0.00839307,13.9882,1.27
1363,2013-09-25,00:00:00.00,0.0123417,11.9354,0.753
1364,2013-09-26,00:00:00.00,9.27578e-09,10.3612,0.582
1365,2013-09-27,00:00:00.00,0.0060769,9.12012,0.446
1366,2013-09-28,00:00:00.00,0.00333621,8.11927,0.425
1367,2013-09-29,00:00:00.00,0.00380918,7.29704,0.381
1368,2013-09-30,00:00:00.00,0.00316262,6.61094,0.36
1369,2013-10-01,00:00:00.00,1.37034,6.03078,0.36
1370,2013-10-02,00:00:00.00,0.00530452,5.53453,0.35
1371,2013-10-03,00:00:00.00,0.00023651,5.10581,0.343
1372,2013-10-04,00:00:00.00,0.0154947,4.73216,0.288
1373,2013-10-05,00:00:00.00,12.3249,5.94735,0.397
1374,2013-10-06,00:00:00.00,3.16147,6.46668,0.745
1375,2013-10-07,00:00:00.00,2.25684,5.38292,0.954
1376,2013-10-08,00:00:00.00,41.4727,15.7235,17
1377,2013-10-09,00:00:00.00,0.101461,20.0229,5.15
1378,2013-10-10,00:00:00.00,0.00120012,12.7727,2.84
1379,2013-10-11,00:00:00.00,5.70115e-05,11.0101,1.9
1380,2013-10-12,00:00:00.00,3.34449e-06,9.63619,1.37
1381,2013-10-13,00:00:00.00,0.0191622,8.53852,1.04
1382,2013-10-14,00:00:00.00,4.8861,7.98194,1.01
1383,2013-10-15,00:00:00.00,4.02218e-05,7.52385,1.11
1384,2013-10-16,00:00:00.00,4.57045e-07,6.80289,0.977
1385,2013-10-17,00:00:00.00,7.93969,6.84459,1.47
1386,2013-10-18,00:00:00.00,7.47192,7.55385,2.11
1387,2013-10-19,00:00:00.00,0.442303,7.50373,2.54
1388,2013-10-20,00:00:00.00,8.28899,7.70693,1.98
1389,2013-10-21,00:00:00.00,0.19083,7.78377,2.88
1390,2013-10-22,00:00:00.00,5.25741,7.35585,2.12
1391,2013-10-23,00:00:00.00,3.00724,7.29729,2.93
1392,2013-10-24,00:00:00.00,0.365826,6.82238,2.45
1393,2013-10-25,00:00:00.00,0.283185,6.21425,1.71
1394,2013-10-26,00:00:00.00,5.22483,6.09327,2.78
1395,2013-10-27,00:00:00.00,7.36148,6.74175,2.5
1396,2013-10-28,00:00:00.00,0.412614,6.818,2.94
1397,2013-10-29,00:00:00.00,2.50079e-05,6.13171,2.21
1398,2013-10-30,00:00:00.00,0.0782094,5.62534,1.69
1399,2013-10-31,00:00:00.00,0.157279,5.18816,1.44
1400,2013-11-01,00:00:00.00,32.6999,12.6122,15.5
1401,2013-11-02,00:00:00.00,17.9926,19.8584,50.7
1402,2013-11-03,00:00:00.00,5.06444,17.8328,13.8
1403,2013-11-04,00:00:00.00,0.0324515,14.885,6.18
1404,2013-11-05,00:00:00.00,0.0033762,12.6081,4.47
1405,2013-11-06,00:00:00.00,0.00133091,10.8826,3.31
1406,2013-11-07,00:00:00.00,7.87059,10.5043,3.13
1407,2013-11-08,00:00:00.00,9.44667,11.5634,15.7
1408,2013-11-09,00:00:00.00,0.220059,11.4252,5.71
1409,2013-11-10,00:00:00.00,0.166003,9.95928,4.07
1410,2013-11-11,00:00:00.00,0.0712726,8.8002,3.09
1411,2013-11-12,00:00:00.00,4.02053,8.20124,2.52
1412,2013-11-13,00:00:00.00,0.987164,7.70994,3.05
1413,2013-11-14,00:00:00.00,0.953094,6.95903,2.72
1414,2013-11-15,00:00:00.00,9.20379e-05,6.32801,2.59
1415,2013-11-16,00:00:00.00,0,5.80442,2.23
1416,2013-11-17,00:00:00.00,0.000630415,5.35435,1.9
1417,2013-11-18,00:00:00.00,1.81967,5.01513,1.85
1418,2013-11-19,00:00:00.00,8.61661,5.79877,4.96
1419,2013-11-20,00:00:00.00,0.0304797,6.0635,3.3
1420,2013-11-21,00:00:00.00,0.000484289,5.2164,2.31
1421,2013-11-22,00:00:00.00,0.551596,4.83265,1.95
1422,2013-11-23,00:00:00.00,7.96672,5.46636,2.5
1423,2013-11-24,00:00:00.00,1.14133,5.70121,2.74
1424,2013-11-25,00:00:00.00,17.9571,4.93782,2.18
1425,2013-11-26,00:00:00.00,0.0208686,4.58919,2.05
1426,2013-11-27,00:00:00.00,0.910426,4.28154,2.01
1427,2013-11-28,00:00:00.00,0.557593,4.00831,2.19
1428,2013-11-29,00:00:00.00,2.90826,3.76421,2.19
1429,2013-11-30,00:00:00.00,6.66465,3.54498,1.84
1430,2013-12-01,00:00:00.00,0.00247765,3.34715,1.88
1431,2013-12-02,00:00:00.00,0.519019,3.16783,2.06
1432,2013-12-03,00:00:00.00,0.0470682,3.25366,2.54
1433,2013-12-04,00:00:00.00,0.127477,3.30154,3.3
1434,2013-12-05,00:00:00.00,0.694386,3.09685,4.28
1435,2013-12-06,00:00:00.00,2.91713,8.88395,18.4
1436,2013-12-07,00:00:00.00,0.0195111,10.8333,5.45
1437,2013-12-08,00:00:00.00,0.0816275,6.6042,3.54
1438,2013-12-09,00:00:00.00,0.0326076,6.0301,2.51
1439,2013-12-10,00:00:00.00,1.3514,5.54076,2.14
1440,2013-12-11,00:00:00.00,0.0462963,5.1175,1.64
1441,2013-12-12,00:00:00.00,0.61126,4.74581,1.39
1442,2013-12-13,00:00:00.00,0.0927549,4.41904,1.17
1443,2013-12-14,00:00:00.00,0.782914,4.12977,1.04
1444,2013-12-15,00:00:00.00,10.7834,3.87213,0.965
1445,2013-12-16,00:00:00.00,9.53706,3.64136,0.919
1446,2013-12-17,00:00:00.00,0.115292,3.43363,0.88
1447,2013-12-18,00:00:00.00,6.10004,3.24577,0.842
1448,2013-12-19,00:00:00.00,1.06665,3.07515,0.807
1449,2013-12-20,00:00:00.00,0.162093,2.91961,0.78
1450,2013-12-21,00:00:00.00,9.68295,3.52177,1.01
1451,2013-12-22,00:00:00.00,15.3951,11.2488,16.7
1452,2013-12-23,00:00:00.00,30.4439,28.1386,60.1
1453,2013-12-24,00:00:00.00,0.116087,29.9306,35.2
1454,2013-12-25,00:00:00.00,5.75125,19.7413,8.98
1455,2013-12-26,00:00:00.00,1.67793,16.1012,5.07
1456,2013-12-27,00:00:00.00,3.8911,13.5029,4.21
1457,2013-12-28,00:00:00.00,3.15784,11.5647,3.27
1458,2013-12-29,00:00:00.00,0.00267384,10.0693,2.87
1459,2013-12-30,00:00:00.00,0.00561,11.4961,2.86
1460,2013-12-31,00:00:00.00,0.444149,12.0724,2.73
1461,2014-01-01,00:00:00.00,2.85464,9.92604,2.09
1462,2014-01-02,00:00:00.00,1.16699,8.77323,1.64
1463,2014-01-03,00:00:00.00,4.84094,7.83735,1.34
1464,2014-01-04,00:00:00.00,0.398196,7.06419,1.23
1465,2014-01-05,00:00:00.00,0.0315964,6.41595,1.19
1466,2014-01-06,00:00:00.00,3.33245,5.90013,1.15
1467,2014-01-07,00:00:00.00,7.79997,5.45774,1.11
1468,2014-01-08,00:00:00.00,0.281108,5.04009,1.07
1469,2014-01-09,00:00:00.00,0.205236,4.67548,1.04
1470,2014-01-10,00:00:00.00,0.196839,4.35475,1.02
1471,2014-01-11,00:00:00.00,5.08113,4.11301,0.994
1472,2014-01-12,00:00:00.00,22.6463,8.48686,28.2
1473,2014-01-13,00:00:00.00,0.607188,10.039,32.7
1474,2014-01-14,00:00:00.00,0.0484904,6.79948,8.82
1475,2014-01-15,00:00:00.00,0.632769,6.19558,14
1476,2014-01-16,00:00:00.00,0.609968,5.6801,6.46
1477,2014-01-17,00:00:00.00,1.39516,5.23555,4.22
1478,2014-01-18,00:00:00.00,5.30448,4.89235,3.3
1479,2014-01-19,00:00:00.00,5.67145,4.59165,2.49
1480,2014-01-20,00:00:00.00,0.26928,4.28265,1.92
1481,2014-01-21,00:00:00.00,0.122077,4.00834,1.57
1482,2014-01-22,00:00:00.00,0.0215323,3.76339,1.37
1483,2014-01-23,00:00:00.00,0.488231,3.54349,1.26
1484,2014-01-24,00:00:00.00,1.75869,3.34512,1.18
1485,2014-01-25,00:00:00.00,0.62846,3.16538,1.13
1486,2014-01-26,00:00:00.00,17.358,3.00186,1.08
1487,2014-01-27,00:00:00.00,3.32093,2.85253,1.03
1488,2014-01-28,00:00:00.00,5.32717,2.7157,0.99
1489,2014-01-29,00:00:00.00,0.0333925,2.58991,0.982
1490,2014-01-30,00:00:00.00,0.0172137,2.47394,0.979
1491,2014-01-31,00:00:00.00,0.00604026,2.36672,0.983
1492,2014-02-01,00:00:00.00,0.430872,2.26733,1.05
1493,2014-02-02,00:00:00.00,7.34703,2.19681,1.17
1494,2014-02-03,00:00:00.00,4.63792,2.13131,1.65
1495,2014-02-04,00:00:00.00,0.0121365,2.04852,1.83
1496,2014-02-05,00:00:00.00,0.00681085,1.97115,1.7
1497,2014-02-06,00:00:00.00,16.6682,1.89871,1.57
1498,2014-02-07,00:00:00.00,0.946977,1.83076,1.44
1499,2014-02-08,00:00:00.00,0.731141,1.76692,1.32
1500,2014-02-09,00:00:00.00,0.740451,1.70684,1.19
1501,2014-02-10,00:00:00.00,6.89583,1.65021,1.09
1502,2014-02-11,00:00:00.00,0.328541,1.59675,1.03
1503,2014-02-12,00:00:00.00,0.0291965,1.54622,0.98
1504,2014-02-13,00:00:00.00,0.00402735,1.49838,0.929
1505,2014-02-14,00:00:00.00,0.00127117,1.45305,0.88
1506,2014-02-15,00:00:00.00,1.92741,1.41004,0.832
1507,2014-02-16,00:00:00.00,0.324644,1.36917,0.776
1508,2014-02-17,00:00:00.00,1.16018,1.33031,0.717
1509,2014-02-18,00:00:00.00,0.0256861,1.29331,0.676
1510,2014-02-19,00:00:00.00,10.2786,1.25805,0.647
1511,2014-02-20,00:00:00.00,0.0705425,1.22441,0.651
1512,2014-02-21,00:00:00.00,10.1617,1.3112,0.884
1513,2014-02-22,00:00:00.00,13.5372,2.9868,1.88
1514,2014-02-23,00:00:00.00,0.0021553,3.24076,4.88
1515,2014-02-24,00:00:00.00,2.13424e-05,1.8895,5.61
1516,2014-02-25,00:00:00.00,0.54917,1.82567,5
1517,2014-02-26,00:00:00.00,0.375387,1.76539,4.01
1518,2014-02-27,00:00:00.00,0.718384,1.70839,2.66
1519,2014-02-28,00:00:00.00,0.943928,1.65443,1.8
1520,2014-03-01,00:00:00.00,0.0443436,1.60329,1.38
1521,2014-03-02,00:00:00.00,0.173519,1.55476,1.22
1522,2014-03-03,00:00:00.00,5.83624,1.50866,1.1
1523,2014-03-04,00:00:00.00,0.00105354,1.46482,1.01
1524,2014-03-05,00:00:00.00,0.164329,1.42309,0.931
1525,2014-03-06,00:00:00.00,0.114564,1.38333,0.862
1526,2014-03-07,00:00:00.00,0.0152989,1.34542,0.804
1527,2014-03-08,00:00:00.00,0.000128854,1.30922,0.756
1528,2014-03-09,00:00:00.00,0.0257035,1.27464,0.717
1529,2014-03-10,00:00:00.00,0.00246876,1.24158,0.68
1530,2014-03-11,00:00:00.00,0.0175585,1.20994,0.742
1531,2014-03-12,00:00:00.00,0.00953131,4.77502,2.86
1532,2014-03-13,00:00:00.00,21.224,6.29209,15.8
1533,2014-03-14,00:00:00.00,0.0755338,3.70559,12.9
1534,2014-03-15,00:00:00.00,0.0493287,3.10237,10.8
1535,2014-03-16,00:00:00.00,0.700155,2.94871,21.5
1536,2014-03-17,00:00:00.00,0.0275445,2.80778,21.4
1537,2014-03-18,00:00:00.00,0.000726739,2.67811,9.39
1538,2014-03-19,00:00:00.00,0.00758191,2.55848,6.18
1539,2014-03-20,00:00:00.00,4.7494,2.56714,20.1
1540,2014-03-21,00:00:00.00,2.60298,4.14565,39.5
1541,2014-03-22,00:00:00.00,0.0446619,4.55882,14.5
1542,2014-03-23,00:00:00.00,0.719477,3.36642,15.5
1543,2014-03-24,00:00:00.00,0.0800046,3.18845,5.99
1544,2014-03-25,00:00:00.00,0.415541,3.02624,4.03
1545,2014-03-26,00:00:00.00,1.76326,2.87785,2.82
1546,2014-03-27,00:00:00.00,0.0341505,2.74166,2.12
1547,2014-03-28,00:00:00.00,0.756657,2.61628,1.93
1548,2014-03-29,00:00:00.00,4.83449,2.65038,11.4
1549,2014-03-30,00:00:00.00,0.0654765,2.68209,11.5
1550,2014-03-31,00:00:00.00,0.0631881,2.56177,7.77
1551,2014-04-01,00:00:00.00,0,6.70252,12.8
1552,2014-04-02,00:00:00.00,0.014231,20.8634,13.6
1553,2014-04-03,00:00:00.00,0,33.171,11.9
1554,2014-04-04,00:00:00.00,0.251144,31.7423,7.12
1555,2014-04-05,00:00:00.00,13.1428,35.683,13.2
1556,2014-04-06,00:00:00.00,0.339843,36.2879,19.6
1557,2014-04-07,00:00:00.00,0.006701,25.7622,6.32
1558,2014-04-08,00:00:00.00,3.99837,20.5932,5.87
1559,2014-04-09,00:00:00.00,11.0852,19.2286,25.1
1560,2014-04-10,00:00:00.00,0.0669523,17.8271,9.46
1561,2014-04-11,00:00:00.00,0.0520626,14.7525,5.28
1562,2014-04-12,00:00:00.00,2.78089,12.5645,4.87
1563,2014-04-13,00:00:00.00,0.00931472,10.9053,4.25
1564,2014-04-14,00:00:00.00,5.23127,9.87943,4.39
1565,2014-04-15,00:00:00.00,5.68587,9.43795,5.02
1566,2014-04-16,00:00:00.00,10.1261,9.00884,14.7
1567,2014-04-17,00:00:00.00,0.0570914,8.28601,7.37
1568,2014-04-18,00:00:00.00,0.00083511,7.43686,4.91
1569,2014-04-19,00:00:00.00,0.0158361,7.20876,3.97
1570,2014-04-20,00:00:00.00,0.000122532,7.01863,3.14
1571,2014-04-21,00:00:00.00,5.39083e-06,6.37928,2.61
1572,2014-04-22,00:00:00.00,0.000659942,5.83578,2.27
1573,2014-04-23,00:00:00.00,6.37152,5.69138,2.13
1574,2014-04-24,00:00:00.00,0.0110123,5.56752,2
1575,2014-04-25,00:00:00.00,0.00156151,5.13767,1.74
1576,2014-04-26,00:00:00.00,6.50351,5.10128,1.75
1577,2014-04-27,00:00:00.00,0.172074,5.07006,2.06
1578,2014-04-28,00:00:00.00,0.0135324,4.7047,1.79
1579,2014-04-29,00:00:00.00,0.00302636,4.38316,1.62
1580,2014-04-30,00:00:00.00,21.5607,7.99212,9.19
1581,2014-05-01,00:00:00.00,12.0315,10.9184,16.1
1582,2014-05-02,00:00:00.00,2.62303,9.14427,9.2
1583,2014-05-03,00:00:00.00,1.54797,7.78818,4.98
1584,2014-05-04,00:00:00.00,3.80526,7.16049,4.25
1585,2014-05-05,00:00:00.00,2.8985,6.676,4.79
1586,2014-05-06,00:00:00.00,0.0164945,6.13093,3.61
1587,2014-05-07,00:00:00.00,0.00109756,5.62368,2.84
1588,2014-05-08,00:00:00.00,1.18185,5.18585,2.31
1589,2014-05-09,00:00:00.00,1.11423,4.80456,2.01
1590,2014-05-10,00:00:00.00,0.0248902,4.46988,1.79
1591,2014-05-11,00:00:00.00,1.03513,4.17405,1.62
1592,2014-05-12,00:00:00.00,0.0256466,3.9109,1.4
1593,2014-05-13,00:00:00.00,1.57662,3.67549,1.3
1594,2014-05-14,00:00:00.00,10.4996,4.25398,1.38
1595,2014-05-15,00:00:00.00,10.9153,5.45768,1.74
1596,2014-05-16,00:00:00.00,21.5707,9.29401,10.2
1597,2014-05-17,00:00:00.00,0.0860745,10.2103,9.17
1598,2014-05-18,00:00:00.00,0.165144,7.42272,4.38
1599,2014-05-19,00:00:00.00,0.791875,6.72098,3.17
1600,2014-05-20,00:00:00.00,0.174798,6.12822,2.47
1601,2014-05-21,00:00:00.00,1.43831,5.62167,2.05
1602,2014-05-22,00:00:00.00,19.1277,8.35218,10.2
1603,2014-05-23,00:00:00.00,3.63597,9.41319,5.52
1604,2014-05-24,00:00:00.00,0.0159501,7.15224,3.58
1605,2014-05-25,00:00:00.00,0.000135278,6.49338,2.61
1606,2014-05-26,00:00:00.00,0,5.93434,2.03
1607,2014-05-27,00:00:00.00,0,5.45473,1.7
1608,2014-05-28,00:00:00.00,1.38916,5.0393,1.5
1609,2014-05-29,00:00:00.00,2.71049,4.6764,1.42
1610,2014-05-30,00:00:00.00,0.000891223,4.35698,1.19
1611,2014-05-31,00:00:00.00,0.000150054,4.07392,1.07
1612,2014-06-01,00:00:00.00,0.00111069,3.82157,0.972
1613,2014-06-02,00:00:00.00,0,3.59535,0.885
1614,2014-06-03,00:00:00.00,1.19824,3.39156,0.871
1615,2014-06-04,00:00:00.00,29.9289,8.64188,3.37
1616,2014-06-05,00:00:00.00,0,10.441,2.33
1617,2014-06-06,00:00:00.00,0.000320361,6.58464,1.57
1618,2014-06-07,00:00:00.00,0.0026248,6.01328,1.24
1619,2014-06-08,00:00:00.00,0,5.52373,1.05
1620,2014-06-09,00:00:00.00,1.56661,5.10015,0.963
1621,2014-06-10,00:00:00.00,0.00487196,4.73048,0.917
1622,2014-06-11,00:00:00.00,0.00568319,4.4054,0.807
1623,2014-06-12,00:00:00.00,0.464535,4.11755,0.746
1624,2014-06-13,00:00:00.00,16.0851,5.93919,1.36
1625,2014-06-14,00:00:00.00,0.842666,6.56147,0.988
1626,2014-06-15,00:00:00.00,0.00738101,5.03495,0.782
1627,2014-06-16,00:00:00.00,0.000119155,4.67485,0.689
1628,2014-06-17,00:00:00.00,0.450849,4.35761,0.644
1629,2014-06-18,00:00:00.00,0.0384599,4.07626,0.6
1630,2014-06-19,00:00:00.00,4.54425,3.8345,0.593
1631,2014-06-20,00:00:00.00,3.6988,3.6177,0.665
1632,2014-06-21,00:00:00.00,2.50996e-07,3.41308,0.547
1633,2014-06-22,00:00:00.00,0.000216049,3.22784,0.488
1634,2014-06-23,00:00:00.00,0.00523009,3.05946,0.449
1635,2014-06-24,00:00:00.00,0.524553,2.90584,0.423
1636,2014-06-25,00:00:00.00,15.358,4.49607,0.46
1637,2014-06-26,00:00:00.00,1.76896,4.96577,0.675
1638,2014-06-27,00:00:00.00,1.36962,3.6631,0.498
1639,2014-06-28,00:00:00.00,0.0773219,3.45603,0.577
1640,2014-06-29,00:00:00.00,0.0242386,3.26856,0.481
1641,2014-06-30,00:00:00.00,8.14842,3.33003,0.405
1642,2014-07-01,00:00:00.00,0.205109,3.37181,0.346
1643,2014-07-02,00:00:00.00,0.613277,3.17819,0.317
1644,2014-07-03,00:00:00.00,0.556645,3.01608,0.312
1645,2014-07-04,00:00:00.00,1.40876,2.86783,0.468
1646,2014-07-05,00:00:00.00,0.127297,2.73181,0.604
1647,2014-07-06,00:00:00.00,0.00747847,2.60663,0.378
1648,2014-07-07,00:00:00.00,0.0104766,2.49108,0.296
1649,2014-07-08,00:00:00.00,26.7342,6.7608,0.453
1650,2014-07-09,00:00:00.00,25.5257,13.0398,2.28
1651,2014-07-10,00:00:00.00,0.047505,11.9773,3.25
1652,2014-07-11,00:00:00.00,0.0074993,8.47827,1.2
1653,2014-07-12,00:00:00.00,0.00912051,7.59757,0.757
1654,2014-07-13,00:00:00.00,0.0110278,6.86628,0.571
1655,2014-07-14,00:00:00.00,2.65892,6.25049,0.508
1656,2014-07-15,00:00:00.00,0.111203,5.72567,0.46
1657,2014-07-16,00:00:00.00,5.60498,5.42544,0.5
1658,2014-07-17,00:00:00.00,0.0919857,5.16559,0.381
1659,2014-07-18,00:00:00.00,0.00408603,4.78706,0.415
1660,2014-07-19,00:00:00.00,0.245639,4.45465,0.335
1661,2014-07-20,00:00:00.00,1.87374,4.16071,0.472
1662,2014-07-21,00:00:00.00,8.23594,4.20616,0.894
1663,2014-07-22,00:00:00.00,0.0586737,4.24355,0.565
1664,2014-07-23,00:00:00.00,0,3.97071,0.413
1665,2014-07-24,00:00:00.00,29.955,9.48764,3.25
1666,2014-07-25,00:00:00.00,0.00161285,11.486,1.59
1667,2014-07-26,00:00:00.00,0,7.45627,0.809
1668,2014-07-27,00:00:00.00,0.0381617,6.74906,0.614
1669,2014-07-28,00:00:00.00,0.218696,6.15202,0.541
1670,2014-07-29,00:00:00.00,20.2998,9.20503,0.9
1671,2014-07-30,00:00:00.00,0.104498,10.4015,0.663
1672,2014-07-31,00:00:00.00,0.780066,7.84933,0.498
1673,2014-08-01,00:00:00.00,2.20067,7.07686,0.392
1674,2014-08-02,00:00:00.00,3.57067,6.42896,0.364
1675,2014-08-03,00:00:00.00,4.44797,5.92658,0.396
1676,2014-08-04,00:00:00.00,2.56328,5.49567,1.71
1677,2014-08-05,00:00:00.00,0.916347,5.07459,0.837
1678,2014-08-06,00:00:00.00,12.0068,5.89446,1.28
1679,2014-08-07,00:00:00.00,0.0452002,6.19779,1.76
1680,2014-08-08,00:00:00.00,0.0441761,5.27663,0.889
1681,2014-08-09,00:00:00.00,0.0121527,4.88542,0.648
1682,2014-08-10,00:00:00.00,2.69033e-06,4.54241,0.532
1683,2014-08-11,00:00:00.00,0,4.2395,0.464
1684,2014-08-12,00:00:00.00,4.70051,4.03415,0.447
1685,2014-08-13,00:00:00.00,12.8956,5.30606,1.71
1686,2014-08-14,00:00:00.00,0.26088,5.71605,1.19
1687,2014-08-15,00:00:00.00,0.0797183,4.62609,0.78
1688,2014-08-16,00:00:00.00,0.00153034,4.31499,0.627
1689,2014-08-17,00:00:00.00,0.83593,4.03878,0.506
1690,2014-08-18,00:00:00.00,2.04672,3.79211,0.494
1691,2014-08-19,00:00:00.00,6.42244e-05,3.57063,0.445
1692,2014-08-20,00:00:00.00,0.0498847,3.37081,0.381
1693,2014-08-21,00:00:00.00,6.30096,3.34916,0.529
1694,2014-08-22,00:00:00.00,3.53758,3.33175,0.61
1695,2014-08-23,00:00:00.00,0.0198682,3.15686,0.39
1696,2014-08-24,00:00:00.00,0.000294052,2.99571,0.4
1697,2014-08-25,00:00:00.00,0.00157794,2.84837,0.377
1698,2014-08-26,00:00:00.00,0.00113901,2.7132,0.323
1699,2014-08-27,00:00:00.00,0.0634803,2.5888,0.289
1700,2014-08-28,00:00:00.00,0.0216106,2.474,0.311
1701,2014-08-29,00:00:00.00,0.000612725,2.36776,0.282
1702,2014-08-30,00:00:00.00,1.0527e-05,2.26919,0.239
1703,2014-08-31,00:00:00.00,3.24653e-06,2.17753,0.244
1704,2014-09-01,00:00:00.00,0.0367742,2.0921,0.235
1705,2014-09-02,00:00:00.00,0.115576,2.01231,0.263
1706,2014-09-03,00:00:00.00,31.3435,7.44214,1.58
1707,2014-09-04,00:00:00.00,0.0683087,8.9853,1.47
1708,2014-09-05,00:00:00.00,4.33865e-06,4.87932,0.679
1709,2014-09-06,00:00:00.00,5.69464,4.72718,4.92
1710,2014-09-07,00:00:00.00,51.5244,18.4691,51.6
1711,2014-09-08,00:00:00.00,0.017251,24.161,6.2
1712,2014-09-09,00:00:00.00,0.000254027,14.8425,3.16
1713,2014-09-10,00:00:00.00,0.00421083,12.5756,1.94
1714,2014-09-11,00:00:00.00,22.44,15.9358,2.9
1715,2014-09-12,00:00:00.00,21.0696,22.6315,31
1716,2014-09-13,00:00:00.00,0.37537,21.7882,6.3
1717,2014-09-14,00:00:00.00,7.33434,18.0562,4.11
1718,2014-09-15,00:00:00.00,0.0278668,16.0456,3.36
1719,2014-09-16,00:00:00.00,0.131621,13.4642,2.35
1720,2014-09-17,00:00:00.00,2.60261,11.5868,1.94
1721,2014-09-18,00:00:00.00,2.65607e-07,10.1386,1.56
1722,2014-09-19,00:00:00.00,0.000158278,8.94136,1.31
1723,2014-09-20,00:00:00.00,0.000251993,7.97279,1.07
1724,2014-09-21,00:00:00.00,0.000304777,7.17497,1.02
1725,2014-09-22,00:00:00.00,7.95782,7.07552,1.09
1726,2014-09-23,00:00:00.00,0.438469,6.99361,1.09
1727,2014-09-24,00:00:00.00,4.99414e-07,6.35754,0.864
1728,2014-09-25,00:00:00.00,7.48582e-06,5.81668,0.765
1729,2014-09-26,00:00:00.00,0,5.35179,0.707
1730,2014-09-27,00:00:00.00,5.69646e-06,4.94844,0.662
1731,2014-09-28,00:00:00.00,0,4.59556,0.617
1732,2014-09-29,00:00:00.00,0,4.28456,0.568
1733,2014-09-30,00:00:00.00,0.00232707,4.00865,0.546
1734,2014-10-01,00:00:00.00,14.3235,5.79877,0.95
1735,2014-10-02,00:00:00.00,2.04543,6.40418,1.57
1736,2014-10-03,00:00:00.00,0.000683274,4.90628,1.14
1737,2014-10-04,00:00:00.00,16.8797,7.45455,1.56
1738,2014-10-05,00:00:00.00,10.1361,9.76542,9.13
1739,2014-10-06,00:00:00.00,0.0953562,8.55156,4.33
1740,2014-10-07,00:00:00.00,13.2997,9.63677,3.18
1741,2014-10-08,00:00:00.00,17.4653,13.9148,11.9
1742,2014-10-09,00:00:00.00,1.50479,14.1893,6.49
1743,2014-10-10,00:00:00.00,0.0110233,11.2661,4.1
1744,2014-10-11,00:00:00.00,8.56804e-05,9.83912,2.81
1745,2014-10-12,00:00:00.00,2.4965e-05,8.7031,2.1
1746,2014-10-13,00:00:00.00,2.12805e-05,7.77968,1.73
1747,2014-10-14,00:00:00.00,7.09585,7.61515,1.74
1748,2014-10-15,00:00:00.00,0.790028,7.47947,2
1749,2014-10-16,00:00:00.00,15.4064,9.52171,12.1
1750,2014-10-17,00:00:00.00,2.22552,10.4132,5.83
1751,2014-10-18,00:00:00.00,1.20516,8.39978,4.92
1752,2014-10-19,00:00:00.00,3.68893,7.79571,3.83
1753,2014-10-20,00:00:00.00,0.377007,7.29599,3.1
1754,2014-10-21,00:00:00.00,1.07359,6.61329,2.54
1755,2014-10-22,00:00:00.00,1.90073,6.08384,2.24
1756,2014-10-23,00:00:00.00,0.206936,5.63117,1.99
1757,2014-10-24,00:00:00.00,1.90356e-05,5.19199,1.85
1758,2014-10-25,00:00:00.00,9.80861e-05,4.80962,1.73
1759,2014-10-26,00:00:00.00,0.0213601,4.47406,1.62
1760,2014-10-27,00:00:00.00,0.00148537,4.17751,1.5
1761,2014-10-28,00:00:00.00,0.000149768,3.91376,1.36
1762,2014-10-29,00:00:00.00,1.66407,3.68234,1.27
1763,2014-10-30,00:00:00.00,0.0367242,3.47431,1.16
1764,2014-10-31,00:00:00.00,0.185409,3.28194,1.08
1765,2014-11-01,00:00:00.00,6.02279,3.53954,1.07
1766,2014-11-02,00:00:00.00,0.770974,3.6362,1.07
1767,2014-11-03,00:00:00.00,0.0188893,3.29297,0.969
1768,2014-11-04,00:00:00.00,0.0145599,3.11937,0.937
1769,2014-11-05,00:00:00.00,3.23687,3.07001,0.996
1770,2014-11-06,00:00:00.00,3.57204,3.16393,1.25
1771,2014-11-07,00:00:00.00,3.78014,3.3021,1.25
1772,2014-11-08,00:00:00.00,1.46692,3.31831,1.5
1773,2014-11-09,00:00:00.00,3.74253,3.33066,1.29
1774,2014-11-10,00:00:00.00,0.599391,3.34048,1.37
1775,2014-11-11,00:00:00.00,0.00552504,3.21404,1.29
1776,2014-11-12,00:00:00.00,0.000305058,3.09318,1.19
1777,2014-11-13,00:00:00.00,0.707646,2.98027,1.1
1778,2014-11-14,00:00:00.00,0.0747317,2.87456,0.976
1779,2014-11-15,00:00:00.00,0.139329,2.77542,0.928
1780,2014-11-16,00:00:00.00,0.314983,2.68226,0.863
1781,2014-11-17,00:00:00.00,1.26823,2.59459,0.815
1782,2014-11-18,00:00:00.00,11.386,2.94683,0.722
1783,2014-11-19,00:00:00.00,0.276438,2.97035,0.719
1784,2014-11-20,00:00:00.00,12.119,2.5579,0.525
1785,2014-11-21,00:00:00.00,5.66576,2.47778,0.61
1786,2014-11-22,00:00:00.00,0.390048,2.40205,0.61
1787,2014-11-23,00:00:00.00,2.97439,2.43751,0.991
1788,2014-11-24,00:00:00.00,5.02244,3.2027,12.1
1789,2014-11-25,00:00:00.00,28.987,20.8795,51.2
1790,2014-11-26,00:00:00.00,0.044186,26.679,19.2
1791,2014-11-27,00:00:00.00,0.000496701,14.4789,6.06
1792,2014-11-28,00:00:00.00,1.34463,12.6664,4.48
1793,2014-11-29,00:00:00.00,0.128853,11.2296,3.3
1794,2014-11-30,00:00:00.00,0.642101,10.065,2.72
1795,2014-12-01,00:00:00.00,0.0748325,9.10367,2.73
1796,2014-12-02,00:00:00.00,0.843457,8.50981,2.7
1797,2014-12-03,00:00:00.00,0.284321,7.9056,2.34
1798,2014-12-04,00:00:00.00,0.17283,7.17551,2.25
1799,2014-12-05,00:00:00.00,5.6586e-18,6.64661,2.05
1800,2014-12-06,00:00:00.00,0.00257361,6.18484,1.84
1801,2014-12-07,00:00:00.00,0.0375211,5.77849,1.71
1802,2014-12-08,00:00:00.00,0.00115968,5.41841,1.54
1803,2014-12-09,00:00:00.00,0.00302776,5.0973,1.44
1804,2014-12-10,00:00:00.00,0.273561,4.80933,1.48
1805,2014-12-11,00:00:00.00,0.160896,4.54975,1.42
1806,2014-12-12,00:00:00.00,0.066077,4.31467,1.26
1807,2014-12-13,00:00:00.00,0.0461656,4.10085,1.12
1808,2014-12-14,00:00:00.00,0.861861,3.90563,1.04
1809,2014-12-15,00:00:00.00,0.574218,3.72673,1.04
1810,2014-12-16,00:00:00.00,0.196336,3.5967,1.02
1811,2014-12-17,00:00:00.00,7.34697,4.86652,1.17
1812,2014-12-18,00:00:00.00,1.6444,5.31425,1.75
1813,2014-12-19,00:00:00.00,0.247357,4.20416,1.81
1814,2014-12-20,00:00:00.00,0.0051082,3.87092,1.53
1815,2014-12-21,00:00:00.00,0.00243785,3.69877,1.33
1816,2014-12-22,00:00:00.00,0.000393067,3.54005,1.22
1817,2014-12-23,00:00:00.00,0,3.39329,1.12
1818,2014-12-24,00:00:00.00,0.0241016,3.25722,1.1
1819,2014-12-25,00:00:00.00,8.36739,4.80335,1.45
1820,2014-12-26,00:00:00.00,5.841,6.3832,6.9
1821,2014-12-27,00:00:00.00,0.0141502,5.39173,4.15
1822,2014-12-28,00:00:00.00,0.0832853,4.32313,3.01
1823,2014-12-29,00:00:00.00,5.00332,5.03672,2.93
1824,2014-12-30,00:00:00.00,0.0615214,5.12002,2.65
1825,2014-12-31,00:00:00.00,0.0605885,4.27397,1.93
